example_id,word,example_jp,example_ko
2132,あっさり,あたりまえならば、なんとかかとか必ず苦情の持ち上がるべき英国風の小やかましい検疫もあっさり済んで放蕩者らしい血気盛りな検疫官は、船に来てから二時間そこそこできげんよく帰って行く事になった。,"당연하다면, 어떻게든 든든 꼭 불만의 들려야 할 영국풍의 섬뜩한 검역도 깨끗이 끝나 방탕자다운 혈기성한 검역관은, 배에 온 후 2시간 거기 힘들게 돌아가게 되었다."
2133,うっとり,化粧をすました葉子は長椅子にゆっくり腰をかけて、両足をまっすぐにそろえて長々と延ばしたまま、うっとりと思うともなく事務長の事を思っていた。,"화장을 훑어본 하코는 긴 의자에 천천히 허리를 걸고, 양 다리를 똑바로 갖추어 오랫동안 뻗은 채, 촉촉하게 생각하지 않고 사무장의 일을 생각하고 있었다."
2134,がっくり,そしてにやりとしながらがっくりと顔を上向きにはねて、床の間の一蝶のひどい偽い物を見やっていた。,그리고 가볍게 얼굴을 위쪽으로 튀기고 바닥 사이의 나비의 끔찍한 가짜를 보았다.
2135,がっしり,五十川女史が四角を思い出させるような頑丈な骨組みで、がっしりと正座に居直って、葉子を子供あしらいにしようとするのを見て取ると、葉子の心は逸り熱した。,"이토카와 여사가 사각을 생각나게 하는 튼튼한 골조로, 탄탄하게 정좌에 다시 고치고, 하자를 아이 다루려고 하는 것을 보고 잡자, 하코의 마음은 뜨거웠다."
2136,きっぱり,そして日ごろの柔和に似ず、傷ついた牡牛のように元どおりの生活を回復しようとひしめく良人や、中にはいっていろいろ言いなそうとした親類たちの言葉を、きっぱりとしりぞけてしまって、良人を釘店のだだっ広い住宅にたった一人残したまま、葉子ともに三人の娘を連れて、親佐は仙台に立ちのいてしまった。,"그리고 평소의 유화와 닮지 않고, 상처받은 황소처럼 원래의 생활을 회복하려고 노력하는 양인이나, 안에는 여러가지 말하지 않으려는 친척들의 말을 , 확실히 쫓아 버려, 양인을 못 가게의 단지 넓은 주택에 단 한 명 남긴 채, 하코 모두 세 명의 딸을 데리고, 친령은 센다이에 서서 버렸다."
2137,しとやかな,愛子がいつものように素直に立ち上がって、洟をすすりながら黙って床を取っている間に、葉子はおりおり往来のほうから振り返って、愛子のしとやかな足音や、綿を薄く入れた夏ぶとんの畳に触れるささやかな音を見入りでもするようにそのほうに目を定めた。,"아이코가 언제나처럼 솔직하게 일어서서, 사치를 미끄러지면서 침묵을 마루를 취하고 있는 사이에, 하코는 감싸고 왕래 쪽으로부터 되돌아보며, 아이코의 부드러운 발소리나, 면을 얇게 넣은 여름 튀김의 다다미에 접하는 사소한 소리를 보아도 하는 것처럼 눈을"
2138,しなやかな,その興奮してぶるぶる震えるしなやかな手を葉子は手欄ごとじっと押えた。,그 흥분하고 빙빙 떨리는 유연한 손을 하코는 수란마다 가만히 밀었다.
2139,しんなり,ちゃんとお写真をお飾りなすって、おやさしゅうござんすわね」葉子はしんなりと立ち上がってその写真の前に行った。,"제대로 사진을 장식하고, 굉장히 굉장한 느낌이네요. 하코는 순조롭게 일어서 그 사진 앞에 갔다."
2140,じめじめ,時雨らしく照ったり降ったりしていた雨の脚も、やがてじめじめと降り続いて、煮しめたようなきたない部屋の中は、ことさら湿りが強く来るように思えた。,"때 비 답게 빛나거나 내리던 비 다리도 곧 조용히 내려가고, 끓인 것 같은 끔찍한 방안은 말도 습기가 강하게 오는 것 같았다."
2141,せかせかと,そしてせかせかとあたりを見回したが、あわてながら眼窓のカーテンをしめきった。,"그리고 せせせか 근처를 둘러 보았지만, 맞대면서 안창의 커튼을 다듬었다."
2142,そわそわ,少し怪訝そうに葉子のいつになくそわそわした様子を見守る青年をそこに捨ておいたまま葉子は険しく細い階子段を降りた。,조금 괴물 그렇게 하코의 언제 없이 꺾인 모습을 지켜보는 청년을 거기에 버려둔 채 하코는 험하게 가는 층계단을 내렸다.
2143,たやすい,始めて遠い航海を試みる葉子にしては、それが不思議なくらいたやすい旅だった。,"시작해 먼 항해를 시도하는 하코로 해서는, 그것이 신기해지기 쉬운 여행이었다."
2144,だぶだぶ,だぶだぶのズボン一つで、節くれ立った厚みのある毛胸に一糸もつけない大男は、やおら人中から立ち上がると、ずかずか葉子に突きあたらんばかりにすれ違って、すれ違いざまに葉子の顔を孔のあくほどにらみつけて、聞くにたえない雑言を高々とののしって、自分の群れを笑わした。,"어리석은 바지 하나로, 쑥쑥 두꺼운 머리가있는 가슴에 한 실도 붙지 않는 큰 남자는 야오라 사람 중에서 일어나면 즈카즈카 하코에 찔러 찔러서 엇갈리고, 엇갈려 하마코의 얼굴을 구멍이 뚫을 정도로 들여다보고, 듣기에 어려움을 들었다."
2145,つくづく,そしてつくづく自分の心の変わりかたの激しさに驚かずにはいられなかった。,그리고 이어지는 자신의 마음의 변화의 격렬함에 놀라지 않고 있을 수 없었다.
2146,てっきり,「戸もあけてくれずに……」との岡の言葉から、てっきり鍵がかかっていると思っていた葉子にはそれが意外でもあり、あたりまえにも思えた。,「문도 열어주지 않고…
2147,はかない,白紙のようなはかない寂しさと、「裸になるならきれいさっぱり裸になって見せよう」という火のような反抗心とが、むちゃくちゃに葉子の胸を冷やしたり焼いたりした。,백지와 같은 쓸모 없는 외로움과 '알몸이 되면 예쁘게 깔끔하게 알몸이 되어 보여보자'는 불 같은 반항심이 엉망으로 하자의 가슴을 식히거나 굽거나 했다.
2148,ふらふら,葉子は思わずふらふらッと立ち上がろうとするのを、何気ない顔でじっとこらえた。,"하코는 무심코 흔들쭉하게 일어나려고 하는 것을, 아무렇지도 않은 얼굴로 가만히 참았다."
2149,めきめき,上野の音楽学校にはいってヴァイオリンのけいこを始めてから二か月ほどの間にめきめき上達して、教師や生徒の舌を巻かした時、ケーべル博士一人は渋い顔をした。,"우에노의 음악학교에는 바이올린의 케이코를 시작한 지 2개월 정도의 사이에 설레게 뛰어나 교사나 학생의 혀를 감았을 때, 케이벨 박사 한 명은 시끄러운 얼굴을 했다."
2150,ろくな,列車の中からはある限りの顔が二人を見迎え見送るので、青年が物慣れない処女のようにはにかんで、しかも自分ながら自分を怒っているのが葉子にはおもしろくながめやられた。,"열차 안에서는 어느 한 얼굴이 두 사람을 맞이해 보냈기 때문에, 청년이 익숙하지 않은 처녀처럼 어쨌든, 게다가 자신이면서 자신을 화내고 있는 것이 하코에게는 재미있고 매달렸다."
2151,一心に,葉子はその男から離れたい一心に、手に持った手鞄と包み物とを甲板の上にほうりなげて、若者の手をやさしく振りほどこうとして見たが無益だった。,"하코는 그 남자로부터 떠나고 싶은 일심에, 손에 들고 있는 손가락과 싸구려를 갑판 위에 엎드려, 젊은이의 손을 부드럽게 흔들 정도로 해 보았지만 무익했다."
2152,一部分,自分の財産となればなるべきものを一部分だけあてがわれて、黙って引っ込んでいる葉子ではなかった。,"자신의 재산이 되어야 하는 것을 일부분만 맞아, 묵묵히 끌어들이고 있는 하코는 아니었다."
2153,上陸,米国への上陸が禁ぜられているシナの苦力がここから上陸するのと、相当の荷役とで、船の内外は急に騒々しくなった。,"미국에의 상륙이 금지되고 있는 중국의 고력이 여기에서 상륙하는 것과, 상당한 하역으로, 배의 내외는 갑자기 시끄러워졌다."
2154,下す,その胸に書かれた「中将湯」という文字を、何げなしに一字ずつ読み下すと、彼女は突然私生児の定子の事を思い出した。,그 가슴에 쓰여진 '나카쇼유'라는 글자를 헷갈리지 않고 한자씩 읽으면서 그녀는 갑자기 사생아의 정자를 기억했다.
2155,不意,あまりの不意に細君は目を見張って顔をあげた。,너무 갑자기 호소군은 눈을 바라보며 얼굴을 들었다.
2156,世辞,が、田川夫妻が自分と反対の舷の籐椅子に腰かけて、世辞世辞しく近寄って来る同船者と何か戯談口でもきいているとひとりで決めると、安心でもしたように幻想はまたかの若者にかえって行った。,"하지만, 타가와 부부가 자신과 반대의 현의 등나무 의자에 앉고, 세사 세세하게 다가오는 동선자와 뭔가 연담구에서도 오고 있다고 혼자 결정하자, 안심도 한 것처럼 환상은 또 한 젊은이를 대신해 갔다."
2157,主権,倫理学者や、教育家や、家庭の主権者などもそのころから猜疑の目を見張って少女国を監視し出した。,윤리학자나 교육가나 가정 주권자 등도 그 무렵부터 아픔의 눈을 바라보며 소녀국을 ​​감시했다.
2158,久しい,鴎が群れをなして猫に似た声でなきながら、船のまわりを水に近くのどかに飛び回るのを見るのも、葉子には絶えて久しい物珍しさだった。,오리가 무리를 이루고 고양이를 닮은 목소리로 나오면서 배 주위를 물 근처의 어딘가로 날아다니는 것을 보는 것도 하코에게는 끊임없이 오랜 특이함이었다.
2159,乏しい,田川の威厳に乏しい目にも鋭い光がきらめいては消え、さらにきらめいて消えたのを見すまして、葉子は始めて田川夫人の目を迎えた。,"타가와의 위엄이 부족한 눈에도 날카로운 빛이 반짝반짝 사라졌고, 더욱 반짝반짝 사라진 것을 보면서, 하코는 시작해 타가와 부인의 눈을 맞았다."
2160,乗り出す,これを聞いた一座は、ことに外国人たちは、椅子から乗り出すようにして夫人を見た。,이를 들은 한 자리는 외국인들은 의자에서 나서도록 부인을 보았다.
2161,予想,この短い瞬間に、今までの出来事でいいかげん乱れていた心は、身の破滅がとうとう来てしまったのだというおそろしい予想に押しひしがれて、頭は氷で巻かれたように冷たく気うとくなった。,"이 짧은 순간에, 지금까지의 사건으로 좋게 흐트러져 있던 마음은, 몸의 파멸이 드디어 와 버렸다라고 하는 엄청난 예상에 밀려서, 머리는 얼음으로 감은 것처럼 차갑게 신경쓰게 되었다."
2162,予言,内田は熱心なキリスト教の伝道者として、憎む人からは蛇蝎のように憎まれるし、好きな人からは予言者のように崇拝されている天才肌の人だった。,"우치다는 열심한 기독교의 전도자로서 미워하는 사람으로부터는 뱀불처럼 미워하고, 좋아하는 사람으로부터는 예언자처럼 숭배되고 있는 천재 피부의 사람이었다."
2163,事業,キリスト教婦人同盟の事業に奔走し、社会では男まさりのしっかり者という評判を取り、家内では趣味の高いそして意志の弱い良人を全く無視して振る舞ったその母の最も深い隠れた弱点を、拇指と食指との間にちゃんと押えて、一歩もひけを取らなかったのも彼女である。,"그리스도 교부인 동맹의 사업에 분주해, 사회에서는 남자 바로 확고한 자라는 평판을 취해, 가내에서는 취미가 높은 그리고 의지가 약한 양인을 전혀 무시하고 행동한 그 어머니의 가장 깊은 숨겨진 약점을, 손가락과 식가지 사이에 제대로 잡아, 한걸음도"
2164,互い,葉子と古藤とは話の腰を折られて互いに不快な顔をしながら、手欄から下のほうをのぞいて見ると、すぐ目の下に、そのころ人の少し集まる所にはどこにでも顔を出す轟という剣舞の師匠だか撃剣の師匠だかする頑丈な男が、大きな五つ紋の黒羽織に白っぽい鰹魚縞の袴をはいて、桟橋の板を朴の木下駄で踏み鳴らしながら、ここを先途とわめいていた。,"하코와 고토와는 이야기의 허리를 꺾어 서로 불쾌한 얼굴을 하면서, 수란에서 아래쪽을 들여다 보면, 바로 눈 밑에, 그 당시 사람의 조금 모이는 곳에는 어디에라도 얼굴을 내는 굉 검무의 스승인가 격검의 스승인지 튼튼한 남자가, 큰 5문의 흑하오리에 하얀 가다랭이 줄무늬의 하카마를 씌우고, 부두의 판을 박의 나무 나막신으로 밟으면서, 여기를 선도로 흥분하고 있었다."
2165,些細な,こういうはめになった今、米国にいようが日本にいようが少しばかりの財産があろうが無かろうが、そんな事は些細な話だった。,"이런 탓이 된 지금, 미국에 가자 일본에 가자 조금만의 재산이 있을지 몰라도, 그런 일은 사소한 이야기였다."
2166,交渉,ただ一つこれらの群れからは全く没交渉な一団があった。,단 하나 이러한 무리로부터는 전혀 몰 교섭한 일단이 있었다.
2167,人一倍,日本人が着るといかにもいや味に見えるアメリカ風の背広も、さして取ってつけたようには見えないほど、太平洋を幾度も往来したらしい人たちで、どんな職業に従事しているのか、そういう見分けには人一倍鋭敏な観察力を持っている葉子にすら見当がつかなかった。,"일본인이 입으면 아무래도 아니 맛 보이는 미국풍의 배광도, 그렇게 취해 붙인 것처럼 보이지 않을 정도로, 태평양을 몇번이나 왕래한 것 같은 사람들로, 어떤 직업에 종사하고 있는지, 그러한 구별에는 사람 일배 예민한 관찰력을 가지고 있는 하코에게조차 볼 수 없었다."
2168,人体,青年の前に座を取っていた四十三四の脂ぎった商人体の男は、あたふたと立ち上がって自分の後ろのシェードをおろして、おりふし横ざしに葉子に照りつける朝の光線をさえぎった。,"청년 앞에 자리를 잡고 있던 434의 기름진 상인체의 남자는, 뚜껑과 일어서 자신의 뒤의 쉐이드를 내리고, 오리후시 거짓말에 하자에 비추는 아침의 광선을 막았다."
2169,人影,その目は小さくなった人影の中から乳母の姿を探り出そうとせず、一種のなつかしみを持つ横浜の市街を見納めにながめようとせず、凝然として小さくうずくまる若者ののらしい黒点を見つめていた。,"그 눈은 작아진 인영 속에서 유모의 모습을 찾아내려고 하지 않았고, 일종의 어색함을 지닌 요코하마의 시가를 꿰뚫어 쓰러뜨리려고 하지 않고, 응연적으로 작게 쑤시는 젊은이의 듯한 흑점을 바라보고 있었다."
2170,人情,木部の友人たちが葉子の不人情を怒って、木部のとめるのもきかずに、社会から葬ってしまえとひしめいているのを葉子は聞き知っていたから、ふだんならば一も二もなく父をかばって母に楯をつくべきところを、素直に母のするとおりになって、葉子は母と共に仙台に埋もれに行った。,"목부의 친구들이 하코의 불인정을 화내고, 목부의 멈추는 것도 없이, 사회로부터 장례해 버려 꽉 잡고 있는 것을 하코는 듣고 알고 있었기 때문에, 평소라면 아무렇지도 않게 아버지를 가리고 어머니에게 말을 붙여야 할 곳을, 솔직하게 어머니의 대로가 되어, 하코는."
2171,人柄,いかにも人柄に不似合いな下手な字体で、葉子がひょっとすると上陸を見合わせてそのまま帰るという事を聞いたが、もしそうなったら自分も断然帰朝する。,"아무래도 인품에 부적합한 서투른 자체로, 하코가 어쩌면 상륙을 맞춰 그대로 돌아간다는 것을 들었지만, 만약 그렇게 되면 자신도 단연 귀조한다."
2172,伝言,靴の先で甲板をこつこつとたたいて、うつむいてそれをながめながら、帯の間に手をさし込んで、木村への伝言を古藤はひとり言のように葉子にいった。,"신발 끝에서 갑판을 긁어내고, 엎질러서 그것을 붙잡으면서, 띠 사이에 손을 넣어, 기무라에의 전언을 고토는 한마디처럼 하코에게 갔다."
2173,余る,二週間に余る苦心の末にそれはあらかたでき上がった。,2주간 남은 고심의 끝에 그것은 미리 완성되었다.
2174,作戦,葉子の母が暴力では及ばないのを悟って、すかしつなだめつ、良人までを道具につかったり、木部の尊信する牧師を方便にしたりして、あらん限りの知力をしぼった懐柔策も、なんのかいもなく、冷静な思慮深い作戦計画を根気よく続ければ続けるほど、葉子は木部を後ろにかばいながら、健気にもか弱い女の手一つで戦った。,"하코의 어머니가 폭력으로는 미치지 못하는 것을 깨닫고, 희미하게 낯설고, 양인까지를 도구에 붙이거나, 목부의 존신하는 목사를 방편으로 하거나, 일관된 지력을 짜 그 회유책도, 어쩔 수 없이, 냉정한 사려깊은 작전 계획을 근기 좋게 계속할수록, 하코는 목부를 뒤로 찔리면서, 건강하게도 약한 여자의 손 하나로 싸웠다."
2175,作用,口から喉はあえぎたいほどにひからびて、岡の肩に乗せた手は、生理的な作用から冷たく堅くなっていた。,"입에서 목은 헐떡거릴 정도로 들쭉날쭉하고, 오카의 어깨에 실은 손은, 생리적인 작용으로부터 차갑고 단단해지고 있었다."
2176,依然,その鋭い小さな目は依然として葉子を見守っていた。,그 날카로운 작은 눈은 여전히 ​​하코를 지켜보고있었습니다.
2177,侮辱,今は車内の人が申し合わせて侮辱でもしているように葉子には思えた。,지금은 차내의 사람이 서로 맞물려 모욕에서도 하고 있는 것처럼 하코는 생각되었다.
2178,保障,この五十川女史のまあまあというような不思議なあいまいな切り盛りで、木村は、どこか不確実ではあるが、ともかく葉子を妻としうる保障を握ったのだった。,"이 이가가와 여사의 뭐 뭐라고 하는 이상한 모호한 절벽으로 키무라는 어딘가 불확실하지만, 어쨌든 하코를 아내로 할 수 있는 보장을 잡은 것이었다."
2179,信仰,早月母子が東京を去るとまもなく、ある新聞は早月ドクトルの女性に関するふしだらを書き立てて、それにつけての親佐の苦心と貞操とを吹聴したついでに、親佐が東京を去るようになったのは、熱烈な信仰から来る義憤と、愛児を父の悪感化から救おうとする母らしい努力に基づくものだ。,이른 달 모자가 도쿄를 떠나자 얼마 지나지 않아 한 신문은 이른 달 닥터의 여성에 관한 망설임을 써서 거기에 붙어 있는 친령의 고심과 정조를 청취한 뒤에 친령이 도쿄를 떠나게 된 것은 열렬한 신앙에서 오는 의분과 감정을 바탕으로 애화를 아버지.
2180,信者,二十五というそのころまで、熱心な信者で、清教徒風の誇りを唯一の立場としていた木部がこの初恋においてどれほど真剣になっていたかは想像する事ができる。,"이십오라는 그 무렵까지, 열심한 신자로, 청교도풍의 자랑을 유일한 입장으로 하고 있던 목부가 이 첫사랑에 있어서 얼마나 진지해지고 있었는지는 상상할 수 있다."
2181,個性,女学校や音楽学校で、葉子の強い個性に引きつけられて、理想の人ででもあるように近寄って来た少女たちは、葉子におどおどしい同性の恋をささげながら、葉子にinspireされて、われ知らず大胆な奔放な振る舞いをするようになった。,여학교와 음악학교에서 하코의 강한 개성에 끌려 이상적인 사람이기도 하게 다가온 소녀들은 하코에게 끔찍한 동성의 사랑을 바치면서 하코에게 inspire되어 모르게 대담한 분방한 행동을 하게 되었다.
2182,傾ける,葉子はそれに耳を傾けるような様子はしていたけれども、ほんとうはさして注意もせずに、ちょうど自分の目の前に、たくさんの見送り人に囲まれて、応接に暇もなげな田川法学博士の目じりの下がった顔と、その夫人のやせぎすな肩との描く微細な感情の表現を、批評家のような心で鋭くながめやっていた。,"하코는 그것에 귀를 기울이는 모습을 하고 있었지만, 정말로 주의도 하지 않고, 그냥 자신의 눈앞에, 많은 배송인에 둘러싸여, 가까이서도 여유로운 타가와 법학 박사의 눈길이 내린 얼굴과, 그 부인의 야세기스나 어깨와의 그리는 미세한 감정의 표현을, 비평가와 같은 마음으로 날카롭게 매달려 있었다."
2183,優越,横浜の桟橋につながれた絵島丸の甲板の上で、始めて猛獣のようなこの男を見た時から、稲妻のように鋭く葉子はこの男の優越を感受した。,"요코하마의 부두에 연결된 에지마마루의 갑판 위에서, 처음으로 맹수 같은 이 남자를 본 때부터 번개처럼 날카로운 하코는 이 남자의 우월을 감수했다."
2184,光沢,やや荒れ始めた三十男の皮膚の光沢は、神経的な青年の蒼白い膚の色となって、黒く光った軟らかい頭の毛がきわ立って白い額をなでている。,약간 거칠기 시작한 삼십남 피부의 광택은 신경적인 청년의 창백한 매끄러운 색이 되어 검게 빛나는 부드러운 머리카락이 활짝 서서 하얀 이마를 쓰다듬고 있다.
2185,入浴,そんな事を思うと葉子は悒鬱が生み出す反抗的な気分になって、湯をわかさせて入浴し、寝床をしかせ、最上等の三鞭酒を取りよせて、したたかそれを飲むと前後も知らず眠ってしまった。,"그런 일을 생각하자 하코는 기우가 낳는 반항적인 기분이 되어, 탕을 알게 하고 목욕하고, 잠자리를 얹고, 최상등의 삼채주를 받아들여, 혹시 그것을 마시면 전후도 모르고 잠들어 버렸다."
2186,公然,新橋で車夫が若奥様と呼んだのも、この事が出入りのものの間に公然と知れわたっていたからの事だった。,"신바시에서 차남이 젊은 부모님이라고 부른 것도, 이 일이 출입의 사이에 공공연하게 알려져 있었기 때문이었다."
2187,共鳴,同じ胎を借りてこの世に生まれ出た二人の胸には、ひたと共鳴する不思議な響きが潜んでいた。,같은 태를 빌려 이 세상에 태어난 두 사람의 가슴에는 히타와 공명하는 이상한 울림이 숨어 있었다.
2188,内部,その瞑想的な無邪気な態度が、葉子の内部的経験や苦悶と少しも縁が続いていないで、二人の間には金輸際理解が成り立ち得ないと思うと、彼女は特別に毛色の変わった自分の境界に、そっとうかがい寄ろうとする探偵をこの青年に見いだすように思って、その五分刈りにした地蔵頭までが顧みるにも足りない木のくずかなんぞのように見えた。,"그 명상적인 순진한 태도가 하코의 내부적 경험이나 고민과 조금도 인연이 이어지지 않고, 두 사람 사이에는 금수시 이해가 성립할 수 없다고 생각하면, 그녀는 특별히 모색이 변한 자 분의 경계에, 살짝 엿보려고 하는 탐정을 이 청년에게 찾아내도록(듯이) 생각해, 그 5분 깎은 지장두까지가 돌보는데도 부족한 나무의 찌그러짐 같은 것처럼 보였다."
2189,円滑な,五十川女史は日ごろの円滑な人ずれのした調子に似ず、何かひどく激昂した様子で、「わたしは亡くなった親佐さんのお考えはこうもあろうかと思った所を申したまでですから、それを葉子さんが悪いとおっしゃるなら、その上とやかく言いともないのですが、親佐さんは堅い昔風な信仰を持った方ですから、田島さんの塾は前からきらいでね……よろしゅうございましょう、そうなされば。,"이토카와 여사는 평소의 원활한 사람 어긋남의 음색과 닮아, 뭔가 심하게 격상한 모습으로, “나는 죽은 친사씨의 생각은 이럴까라고 생각한 곳을 말했기 때문에, 그것을 하코씨가 나쁘다고 말한다면, 그 위와 어쨌든 말할 것도 없습니다만, 친좌 씨는 단단한 옛 바람 같은 신앙을 가진 분이니까, 타지마 씨의 학원은 전부터 귀엽네요…"
2190,再び,そして、なんの感じも起こさないうちに、熟睡からちょっと驚かされた赤児が、またたわいなく眠りに落ちて行くように、再び夢ともうつつともない心に返って行った。,"그리고 아무런 느낌도 일어나지 않는 사이에, 숙면에서 조금 놀란 적아가, 또 부끄럽게 잠들어 가도록(듯이), 다시 꿈과 더불어 마음속으로 돌아갔다."
2191,冷淡な,古藤は冷淡な調子で、「そういったようでしたね」と答えながら、何か他の事でも考えているらしかった。,"고토는 냉담한 상태로, 「그런 것 같았어요」라고 대답하면서, 뭔가 다른 일이라도 생각하고 있는 것 같았다."
2192,冷酷な,事務長の顔は振り返った葉子の顔に息気のかかるほどの近さで、葉子を見入っていたが、葉子が与えた冷酷なひとみには目もくれぬまで狂わしく熱していた。,"사무장의 얼굴은 되돌아 본 하코의 얼굴에 숨이 막힐 정도로 가까워서 하코를 바라보고 있었지만, 하코가 준 냉혹한 눈동자에는 눈도 주지 않을 때까지 미치게 뜨겁다."
2193,処分,あとの事はわたしどもがたしかに引き受けたから心配は無用にして、身をしめて妹さん方のしめしにもなるほどの奮発を頼みます……えゝと、財産のほうの処分はわたしと田中さんとで間違いなく固めるし、愛子さんと貞世さんのお世話は、五十川さん、あなたにお願いしようじゃありませんか、御迷惑ですが。,"나머지는 우리가 분명히 맡았기 때문에 걱정은 무용하게 하고, 몸을 짓고 여동생 분들의 시시도 될 정도의 분발을 부탁합니다… … 에와 재산 처분은 나와 타나카 씨와 확실히 굳게 하고, 아이코 씨와 사다세 씨의 신세는, 이토카와 씨, 당신에게 부탁하잖아요, 죄송합니다만."
2194,処置,しかし実際の処置としては、くやしくても虫を殺して、自分を葉子まで引き下げるか、葉子を自分まで引き上げるよりしかたがなかった。,"그러나 실제의 처치로서는, 힘들어도 벌레를 죽이고, 자신을 하자까지 끌어내리거나, 하자를 자신까지 끌어 올리는 것보다 어쩔 수 없었다."
2195,分別,興録は事務長の意向を読んで取ると、分別ぶった顔をさし出して、「それに限りますよ。,"흥록은 사무장의 의향을 읽고 취하면, 분별한 얼굴을 내밀어, 「그것에 한해요."
2196,切ない,葉子は吸い取られるようにその響きに心を集めていたが、この子もやがては自分が通って来たような道を歩くのかと思うと、自分をあわれむとも妹をあわれむとも知れない切ない心に先だたれて、思わずぎゅっと貞世を抱きしめながら物をいおうとした。,"하코는 빨아들일 수 있도록 그 울림에 마음을 모으고 있었지만, 이 아이 곧은 자신이 다니던 길을 걸을까 생각하면, 자신을 곁들여도 여동생을 깨닫는다고도 모르는 애틋한 마음에 앞서서, 무심코 굉장히 정세를 안아주면서 물건을 가리려고 했다."
2197,利子,女子教育とか、家庭の薫陶とかいう事をおりあるごとに口にしていた親佐は、その言葉に対して虚偽という利子を払わねばならなかった。,"여자 교육이라든가, 가정의 가오루도 하는 일을 하고 있을 때마다 입으로 하고 있던 친령은, 그 말에 대해 허위라는 이자를 지불해야 했다."
2198,利益,葉子はもとより夫人のあわてたこの処置が夫人には致命的な不利益であり、自分には都合のいい仕合わせであるのを知っていたからだ。,"하코는 물론 부인이 얽힌 이 처치가 부인에게는 치명적인 불이익이며, 자신에게는 편리한 매칭임을 알고 있었기 때문이다."
2199,動的な,すでに自分が勝ち味になっているという自覚は、葉子に反動的な寛大な心を与えて、夫人が事務長を※にしようとしている事などはてんで問題にはしまいとした。,"벌써 자신이 승리로 되어 있다는 자각은, 하코에게 반동적인 관대한 마음을 주고, 부인이 사무장을 ※로 하려고 하고 있는 일 등은 천천히 문제에 빠져버렸다."
2200,勘定,殉情的なくせに恐ろしく勘定高いのがたまらなかった。,순정적인 주제에 무서워 계정 높은 것이 견딜 수 없었다.
2201,勝利,そして母に対する勝利の分捕り品として、木部は葉子一人のものとなった。,"그리고 어머니에 대한 승리의 분포품으로서, 목부는 하코 한 명의 것이 되었다."
2202,募る,木部の葉子に対する愛着が募れば募るほど、葉子は一生が暗くなりまさるように思った。,"기부의 하코에 대한 애착이 모을수록, 모모코는 평생이 어두워지는 것 같았다."
2203,勢力,ことに親佐が仙台支部長として働き出したキリスト教婦人同盟の運動は、その当時野火のような勢いで全国に広がり始めた赤十字社の勢力にもおさおさ劣らない程の盛況を呈した。,이에 친령이 센다이 지부장으로 일했던 그리스도교부인 동맹의 운동은 그 당시 야화와 같은 기세로 전국에 퍼지기 시작한 적십자사의 세력에도 뒤처지지 않을 정도의 성황을 보였다.
2204,勤まる,資本入らずで大役が勤まるんだ。,자본 들어가지 않고 대역이 근무한다.
2205,卑しい,開港場のがさつな卑しい調子は、すぐ葉子の神経にびりびりと感じて来た。,개항장이 얽힌 비유한 상태는 바로 하자의 신경에 느긋하게 느껴 왔다.
2206,単調な,そして自分のからだがずっと高まってやがてまた落ちて行くなと思わしいころに、窓に近い舷にざあっとあたって砕けて行く波濤が、単調な底力のある震動を船室に与えて、船はかすかに横にかしいだ。,"그리고 자신의 몸이 계속 높아져 곧 다시 떨어지지 말라고 생각할 무렵에, 창문에 가까운 현에 쑤시고 부서져 가는 물결이, 단조로운 저력이 있는 진동을 선실에 주어, 배는 희미하게 옆에 뻔하다."
2207,占領,葉子を確実に占領したという意識に裏書きされた木部は、今までおくびにも葉子に見せなかった女々しい弱点を露骨に現わし始めた。,"하자를 확실히 점령했다는 의식으로 뒷받침된 목부는, 지금까지 하도에도 하코에게 보여주지 못했던 여성스러운 약점을 노골적으로 드러내기 시작했다."
2208,去る,早月母子が東京を去るとまもなく、ある新聞は早月ドクトルの女性に関するふしだらを書き立てて、それにつけての親佐の苦心と貞操とを吹聴したついでに、親佐が東京を去るようになったのは、熱烈な信仰から来る義憤と、愛児を父の悪感化から救おうとする母らしい努力に基づくものだ。,이른 달 모자가 도쿄를 떠나자 얼마 지나지 않아 한 신문은 이른 달 닥터의 여성에 관한 망설임을 써서 거기에 붙어 있는 친령의 고심과 정조를 청취한 뒤에 친령이 도쿄를 떠나게 된 것은 열렬한 신앙에서 오는 의분과 감정을 바탕으로 애화를 아버지.
2209,反感,葉子自身が行き得ないほど葉子に対して反感を持っている永田が、あの単純なタクトのない古藤をどんなふうに扱ったろう。,"하코 자신이 갈 수 없을 정도로 하코에 대해 반감을 가지고 있는 나가타가, 그 단순한 택트가 없는 고토를 어떤 식으로 취급했을까."
2210,取り入れる,母は新しい型にわが子を取り入れることを心得てはいたが、それを取り扱う術は知らなかった。,"어머니는 새로운 형에 우리 아이를 도입하는 것을 마음껏 했지만, 그것을 취급하는 방법은 몰랐다."
2211,取り扱う,母は新しい型にわが子を取り入れることを心得てはいたが、それを取り扱う術は知らなかった。,"어머니는 새로운 형에 우리 아이를 도입하는 것을 마음껏 했지만, 그것을 취급하는 방법은 몰랐다."
2212,取り組む,思い入った決心を眉に集めて、日ごろの楽天的な性情にも似ず、運命と取り組むような真剣な顔つきで大事の結着を待つ木村の顔。,떠오른 결심을 눈썹에 모아 평소의 낙천적인 성정과 비슷하고 운명과 임하는 진지한 얼굴로 소중한 결착을 기다리는 기무라의 얼굴.
2213,同士,食堂の卓をはさんで向かい合う夫妻が他人同士のような顔をして互い互いにぬすみ見をするのを葉子がすばやく見て取った事などもあった。,식당의 탁을 끼고 마주하는 부부가 타인끼리 같은 얼굴을 하고 서로 서로 따뜻하게 보는 것을 하코가가 빠르게 보고 잡은 일도 있었다.
2214,同封,ときっぱり書いて、その金額だけの為替が同封してあった。,가끔 쓰고 그 금액만의 환율이 동봉되어 있었다.
2215,同居,両親を失ってからこの叔母夫婦と、六歳になる白痴の一人息子とが移って来て同居する事になったのだ。,부모를 잃고 나서 이 이모 부부와 6살이 되는 백치의 한 아들이 옮겨와 동거하게 된 것이다.
2216,同情,それを払いかねて木部が命限りにもがくのを見ると、葉子の心に純粋な同情と、男に対する無条件的な捨て身な態度が生まれ始めた。,"그것을 쫓아내기 위해 목부가 목숨을 잃는 것을 보면, 하코의 마음에 순수한 동정과 남자에 대한 무조건적인 버려진 태도가 태어나기 시작했다."
2217,同盟,そのころ女流キリスト教徒の先覚者として、キリスト教婦人同盟の副会長をしていた葉子の母は、木部の属していた新聞社の社長と親しい交際のあった関係から、ある日その社の従軍記者を自宅に招いて慰労の会食を催した。,"그 무렵 여류 기독교인의 선각자로서 그리스도교부인 동맹의 부회장을 하고 있던 하코의 어머니는, 목부가 속하고 있던 신문사의 사장과 친한 교제가 있던 관계로부터, 어느 날 그 사의 종군 기자를 집에 초대해 위로의 회식을 개최했다."
2218,名乗る,葉子がはいって行っても、彼らは格別自分たちの名前を名乗るでもなく、いちばん安楽な椅子に腰かけていた男が、それを葉子に譲って、自分は二つに折れるように小さくなって、すでに一人腰かけている寝台に曲がりこむと、一同はその様子に声を立てて笑ったが、すぐまた前どおり平気な顔をして勝手な口をきき始めた。,"하코가 가고 가도, 그들은 각별히 자신들의 이름을 자칭하는 것도 아니고, 가장 안락한 의자에 앉고 있던 남자가, 그것을 하코에게 양보해, 자신은 둘로 꺾이도록 작아져, 이미 혼자 앉고 있는 침대에 구부러지자, 일동은 그 모습에 목소리를 내며 웃었지만."
2219,名誉,早く身を堅めて地道に暮らさなければ母の名誉をけがす事になる。,빨리 몸을 굳히고 꾸준히 살지 않으면 어머니의 명예를 다치게 된다.
2220,吟味,「古藤さんに連れて行っていただいてあれを買った時は、ずいぶん吟味したつもりでしたけれども、船に来てから見ているうちにすぐあきてしまいましたの。,"“고토 씨에게 데려가 주셔서 저것을 사았을 때는, 상당히 음미했을 생각이었지만, 배에 와서 보고 있는 사이에 금방 포기해 버렸습니다."
2221,告げる,それともあすの船出の不吉を告げる何かの業かもしれない。,아니면 내일의 선출의 불길을 말하는 무언가의 일일지도 모른다.
2222,告白,それから普通の期間を過ぎて葉子は木部の子を分娩したが、もとよりその事を木部に知らせなかったばかりでなく、母にさえある他の男によって生んだ子だと告白した。,"그리고 평범한 기간이 지나서 하코는 목부의 아이를 분만했지만, 당연히 그 일을 목부에게 알리지 않았을 뿐만 아니라, 어머니에게도 다른 남자에 의해서 낳은 아이라고 고백했다."
2223,問う,そして恋というものを生来知らぬげな四十五六の醜い容貌の舎監は、葉子を監禁同様にして置いて、暇さえあればその帯の持ち主たるべき人の名を迫り問うた。,"그리고 사랑이라는 것을 태고 모르는 사십오육의 추악한 외모의 사감은 하코를 감금처럼 해두고, 여가만 있으면 그 띠의 소유해야 할 사람의 이름을 다가줬다."
2224,固める,あとの事はわたしどもがたしかに引き受けたから心配は無用にして、身をしめて妹さん方のしめしにもなるほどの奮発を頼みます……えゝと、財産のほうの処分はわたしと田中さんとで間違いなく固めるし、愛子さんと貞世さんのお世話は、五十川さん、あなたにお願いしようじゃありませんか、御迷惑ですが。,"나머지는 우리가 분명히 맡았기 때문에 걱정은 무용하게 하고, 몸을 짓고 여동생 분들의 시시도 될 정도의 분발을 부탁합니다… … 에와 재산 처분은 나와 타나카 씨와 확실히 굳게 하고, 아이코 씨와 사다세 씨의 신세는, 이토카와 씨, 당신에게 부탁하잖아요, 죄송합니다만."
2225,土俵,青年らしく土俵ぎわまで踏み込んで事業を楽しむという父に似た性格さえこましゃくれて見えた。,청년답게 츠바키 기와까지 밟아 사업을 즐긴다는 아버지를 닮은 성격조차 혼란스러워 보였다.
2226,圧迫,こっちから何か物をいいかけて、この苦しい圧迫を打ち破ろうと思ってもそれができなかった。,"이쪽에서 뭔가 물건을 좋게 걸고, 이 괴로운 압박을 깨고 싶어도 그것을 할 수 없었다."
2227,執着,葉子は不思議な心の執着から定子にはとうとう会わないでしまった。,하코는 이상한 마음의 집착에서 정자를 겨우 만나지 않았다.
2228,堂々と,二〇船の着いたその晩、田川夫妻は見舞いの言葉も別れの言葉も残さずに、おおぜいの出迎え人に囲まれて堂々と威儀を整えて上陸してしまった。,"두 배가 도착한 그날 밤, 타가와 부부는 편지의 말도 이별의 말도 남기지 않고, 대단한 마중에 둘러싸여 당당하게 위의를 정돈해 상륙해 버렸다."
2229,夕闇,それは夕闇の催した晩秋だった。,저녁의 접대한 늦가을이었다.
2230,大役,資本入らずで大役が勤まるんだ。,자본 들어가지 않고 대역이 근무한다.
2231,大急ぎ,葉子はきょう一日に目まぐるしいほどあるたくさんの用事をちょっと胸の中で数えて見て、大急ぎでそこらを片づけて、錠をおろすものには錠をおろし切って、雨戸を一枚繰って、そこからさし込む光で大きな手文庫からぎっしりつまった男文字の手紙を引き出すと風呂敷に包み込んだ。,"하코는 오늘 하루에 어지러울 정도로 많은 용사를 조금 가슴 속에서 세어 보고, 급하게 그곳을 정리하고, 자물쇠를 내리는 것에는 자물쇠를 내리고 자르고, 우도를 한 장 떼고, 거기에서 쏟아내는 빛으로 큰 손 문고에서 가득 담긴 남자 문자의 편지를."
2232,大柄,二人がてんでんに切符を出そうとする時、「若奥様、これをお忘れになりました」といいながら、羽被の紺の香いの高くするさっきの車夫が、薄い大柄なセルの膝掛けを肩にかけたままあわてたように追いかけて来て、オリーヴ色の絹ハンケチに包んだ小さな物を渡そうとした。,"두 사람이 텐덴에 표를 내려고 할 때, 「젊은 부인, 이것을 잊어 버렸습니다」라고 말하면서, 깃털의 감색의 향기의 높게 하는 아까의 차남이, 얇은 거친 셀의 무릎걸이를 어깨에 걸친 채 맞아 온 것처럼 쫓아오고, 올리브색의 실크 한케치."
2233,大柄な,二人がてんでんに切符を出そうとする時、「若奥様、これをお忘れになりました」といいながら、羽被の紺の香いの高くするさっきの車夫が、薄い大柄なセルの膝掛けを肩にかけたままあわてたように追いかけて来て、オリーヴ色の絹ハンケチに包んだ小さな物を渡そうとした。,"두 사람이 텐덴에 표를 내려고 할 때, 「젊은 부인, 이것을 잊어 버렸습니다」라고 말하면서, 깃털의 감색의 향기의 높게 하는 아까의 차남이, 얇은 거친 셀의 무릎걸이를 어깨에 걸친 채 맞아 온 것처럼 쫓아오고, 올리브색의 실크 한케치."
2234,大概,そのほかの船客も大概はすでに卓に向かっていた。,그 외의 선객도 대개는 이미 탁으로 향하고 있었다.
2235,大金,車夫はろくに見知りもないものに大金を渡して平気でいる女の顔を今さらのようにきょときょとと見やりながら空俥を引いて立ち去った。,차 남편은 몹시 낯선 것에 큰 돈을 건네주고 태연한 여자의 얼굴을 지금 굉장히 보고 보면서 공상을 당겨 떠났다.
2236,天才,それはちょうど日清戦争が終局を告げて、国民一般はだれかれの差別なく、この戦争に関係のあった事柄や人物やに事実以上の好奇心をそそられていたころであったが、木部は二十五という若い齢で、ある大新聞社の従軍記者になってシナに渡り、月並みな通信文の多い中に、きわだって観察の飛び離れた心力のゆらいだ文章を発表して、天才記者という名を博してめでたく凱旋したのであった。,"그것은 단지 닛신 전쟁이 종국을 말해, 국민 일반은 누구의 차별 없이, 이 전쟁에 관계가 있던 일이나 인물이나에 사실 이상의 호기심을 갖고 있었을 무렵이었지만, 목부는 25라고 하는 젊은 나이로 한 대신문사의 종군 기자가 되어 계피에 건너, 월등한 통신문이 많은 가운데, 깨끗이 관찰의 뛰어난 심력의 흔들린 문장을 발표해, 천재 기자라고 하는 이름을 박해 굉장히 개선한 것이었다."
2237,奮闘,「葉子さん、それは疑い過ぎというもんです」そして自分が米国に来てからなめ尽くした奮闘生活もつまりは葉子というものがあればこそできたので、もし葉子がそれに同情と鼓舞とを与えてくれなかったら、その瞬間に精も根も枯れ果ててしまうに違いないという事を繰り返し繰り返し熱心に説いた。,"「하코씨, 그것은 너무 의심이라고 하는 것입니다」그리고 자신이 미국에 와서 핥아 다한 분투 생활도 즉은 하코라는 것이 있으면야만 할 수 있었기 때문에, 만약 하코가 그것에 동정과 고무를 주지 않으면, 그 순간에 정도 뿌리도 시들어 버린다는 것을 반복해서 열"
2238,妥協,あすをも頼み難い命の夕闇にさまよいながら、切れ切れな言葉で葉子と最後の妥協を結ぼうとする病床の母――その顔は葉子の幻想を断ち切るほどの強さで現われ出た。,"내일을 부탁하기 어려운 생명의 황혼에 방황하면서, 끊어진 말로 하코와 마지막 타협을 맺으려는 병상의 어머니--그 얼굴은 하코의 환상을 끊을 정도의 힘으로 나타났다."
2239,妨げる,不思議なほどに緊張した葉子の心は、それらの世間話にはいささかの興味も持ち得ないで、むしろその無意味に近い言葉の数々を、自分の瞑想を妨げる騒音のようにうるさく思っていた。,"신기할 정도로 긴장한 하코의 마음은, 그 세간 이야기에는 약간의 흥미도 가질 수 없고, 오히려 그 무의미하게 가까운 말의 여러 가지를, 자신의 명상을 방해하는 소음처럼 시끄럽게 생각하고 있었다."
2240,妬む,そう思う間もあらせず、今度は親類の人たちが五六人ずつ、口々に小やかましく何かいって、あわれむような妬むような目つきを投げ与えながら、幻影のように葉子の目と記憶とから消えて行った。,"그렇게 생각하는 사이도 드러내지 않고, 이번에는 친척의 사람들이 56명씩, 입들에게 섬뜩하게 무언가를 가르쳐, 어울리는 듯한 질투하는 눈빛을 던져주면서 환영처럼 하코의 눈과 기억에서 사라져 갔다."
2241,始末,葉子はその朝暗いうちに床を離れて、蔵の陰になつた自分の小部屋にはいって、前々から片づけかけていた衣類の始末をし始めた。,"하코는 그 아침 어두운 사이에 바닥을 떠나, 창고 그늘에 얽힌 자신의 작은 방에 들어가서, 이전부터 정리하고 있던 의류의 시말을 하기 시작했다."
2242,威力,木村を勝手気ままにこづき回す威力を備えた自分はまただれに何者に勝手にされるのだろう。,기무라를 마음껏 돌리는 위력을 갖춘 자신은 또 누구에게 누군가에게 마음대로 될 것이다.
2243,嫉妬,葉子に対してかねてからある事では一種の敵意を持ってさえいるように見えるその母が、この事件に対して嫉妬とも思われるほど厳重な故障を持ち出したのは、不思議でないというべき境を通り越していた。,하코에 대해 일어난 일로는 일종의 적의를 갖고 있는 것처럼 보이는 그 어머니가 이 사건에 대해 질투라고도 생각될 정도로 엄중한 고장을 가져온 것은 이상하지 않다는 경계를 지나갔다.
2244,字体,いかにも人柄に不似合いな下手な字体で、葉子がひょっとすると上陸を見合わせてそのまま帰るという事を聞いたが、もしそうなったら自分も断然帰朝する。,"아무래도 인품에 부적합한 서투른 자체로, 하코가 어쩌면 상륙을 맞춰 그대로 돌아간다는 것을 들었지만, 만약 그렇게 되면 자신도 단연 귀조한다."
2245,安堵,そしてすぐぎょっとしてあたりを見回したが、われに返って自分一人きりなのに安堵して、いそいそと着物を着かえ始めた。,"그리고 곧 굉장히 근처를 둘러봤지만, 우리에게 돌아가서 자신 혼자인데 안도하고, 어리석은 기모노를 입기 시작했다."
2246,実業家,いまに見なさい木村という仁なりゃ、立派に成功して、第一流の実業家に成り上がるにきまっている。,"지금 보라 키무라라는 인이라, 훌륭하게 성공해, 제일류의 사업가로 떠오르고 있다."
2247,宣教,そのうち母がキリスト教婦人同盟の事業に関係して、たちまちのうちにその牛耳を握り、外国宣教師だとか、貴婦人だとかを引き入れて、政略がましく事業の拡張に奔走するようになると、内田はすぐきげんを損じて、早月親佐を責めて、キリストの精神を無視した俗悪な態度だといきまいたが、親佐がいっこうに取り合う様子がないので、両家の間は見る見る疎々しいものになってしまった。,"그 중 어머니가 그리스도교부인 동맹의 사업과 관련하여, 곧 그 귀를 잡고, 외국 선교사라든가, 귀부인이라든지를 끌어들이고, 정략이 잘 사업의 확장에 분주하게 되면, 우치다는 곧 키겐을 훼손해, 이른 달 친령을 비난하고, 그리스도의 정신을 무시한 속악한 태도라고 갔지만, 친령이 한결같이 어울리는 모습이 없기 때문에, 양가의 사이는 보는 보는 소소한 것이 되어 버렸다."
2248,宮殿,絵島丸が横浜の桟橋につながれている間から、人々の注意の中心となっていた田川夫人を、海気にあって息気をふき返した人魚のような葉子のかたわらにおいて見ると、身分、閲歴、学殖、年齢などといういかめしい資格が、かえって夫人を固い古ぼけた輪郭にはめこんで見せる結果になって、ただ神体のない空虚な宮殿のような空いかめしい興なさを感じさせるばかりだった。,"에지마마루가 요코하마의 부두에 연결되어 있는 사이로부터, 사람들의 주의의 중심이 되고 있던 타가와 부인을, 해기에 있어 숨을 되감은 인어와 같은 하자의 가까이에서 보면, 신분, 열력, 학식, 연령 등이라는 끔찍한 자격이 오히려 부인을 굳은 낡은 윤곽에 끼워 보이는 결과가 되어, 단지 신체가 없는 공허한 궁전과 같은 빈틈이 없는 흥미를 느끼게 할 뿐이었다."
2249,対等,案のじょう、田川夫人のこの譲歩は、夫人に何らかの同情なり尊敬なりが加えられる結果とならなかったばかりでなく、その勢力はますます下り坂になって、葉子はいつのまにか田川夫人と対等で物をいい合っても少しも不思議とは思わせないほどの高みに自分を持ち上げてしまっていた。,"방안으로, 타가와 부인의 이 양보는, 부인에게 어떠한 동정 존경이 더해지는 결과가 되지 않았을 뿐만 아니라, 그 세력은 점점 내리막길이 되어, 하코는 어느새 다가와 부인과 대등으로 물건을 좋게 맞아도 조금도 신기하다고 생각하지 못할 정도의 높이에 자신을."
2250,対話,あらかじめ申し合わせができていたらしく一同は待ち設けたようにうなずいて見せた）どうじゃろう葉子さん」葉子は乞食の嘆願を聞く女王のような心持ちで、○○局長といわれるこの男のいう事を聞いていたが、財産の事などはどうでもいいとして、妹たちの事が話題に上るとともに、五十川女史を向こうに回して詰問のような対話を始めた。,"미리 가입이 있었던 것 같아 일동은 기다렸던 것처럼 고개를 끄덕이고 보였다) 아무래도 하코코씨 말해지는 이 남자의 말을 듣고 있었지만, 재산의 일 등은 아무래도 좋다고, 여동생들의 일이 화제에 오르는 것과 동시에, 이가와카와 여사를 향해 돌려 막문과 같은 대화를 시작했다."
2251,崇拝,ことに日清戦役という、その当時の日本にしては絶大な背景を背負っているので、この年少記者はある人々からは英雄の一人とさえして崇拝された。,"일일 청전역이라는 그 당시의 일본으로서는 절대적인 배경을 짊어지고 있기 때문에, 이 연소 기자는 어떤 사람들로부터는 영웅의 한사람이라고 해도 숭배되었다."
2252,巣,葉子は事務長の広い胸に巣食うように丸まって少し震えていた。,하코는 사무장의 넓은 가슴에 둥지끼듯이 둥글게 조금 떨고 있었다.
2253,巧妙な,その鋭くなった批判力で見ると、自分と似よった姿なり性格なりを木部に見いだすという事は、自然が巧妙な皮肉をやっているようなものだった。,"그 날카로운 비판력으로 보면, 자신과 비슷한 모습이 되고 성격 나름을 목부에 찾아낸다는 것은 자연이 교묘한 아이러니를 하고 있는 것 같았다."
2254,市街,きのうの風が凪いでから、気温は急に夏らしい蒸し暑さに返って、横浜の市街は、疫病にかかって弱りきった労働者が、そぼふる雨の中にぐったりとあえいでいるように見えた。,"버섯의 바람이 몹시 기온은 갑자기 여름 같은 무더위에 돌아와 요코하마의 시가지는, 역병에 걸려 약해져 온 노동자가, 소보후루 비 속에 굉장히 헐떡이는 것처럼 보였다."
2255,弁解,流行おくれとなると値段の張ったものほどみっともないんですもの」しばらくしてから、「でもあのお金はあなた御入用ですわね」木村はあわてて弁解的に、「いゝえ、あれはどの道あなたに上げるつもりでいたんですから……」というのを葉子は耳にも入れないふうで、「ほんとにばかねわたしは……思いやりもなんにもない事を申し上げてしまって、どうしましょうねえ。,"유행이라면 가격이 늘어난 것만큼 확실하지 않습니다. ""잠시 후, ""그래도 그 돈은 너 입용이네"" 어쩌면 올릴 생각이었으니까…"
2256,引き上げる,しかし実際の処置としては、くやしくても虫を殺して、自分を葉子まで引き下げるか、葉子を自分まで引き上げるよりしかたがなかった。,"그러나 실제의 처치로서는, 힘들어도 벌레를 죽이고, 자신을 하자까지 끌어내리거나, 하자를 자신까지 끌어 올리는 것보다 어쩔 수 없었다."
2257,引き下げる,しかし実際の処置としては、くやしくても虫を殺して、自分を葉子まで引き下げるか、葉子を自分まで引き上げるよりしかたがなかった。,"그러나 실제의 처치로서는, 힘들어도 벌레를 죽이고, 자신을 하자까지 끌어내리거나, 하자를 자신까지 끌어 올리는 것보다 어쩔 수 없었다."
2258,引き取る,意地の弱い葉子の父だけは孫のかわいさからそっと赤ん坊を葉子の乳母の家に引き取るようにしてやった。,의지가 약한 하코의 아버지만은 손자의 귀여움으로부터 살짝 아기를 하코의 유모의 집에 끌어들이도록 했다.
2259,強制,やさしく、愛らしく、しおらしく、生まれたままの美しい好意と欲念との命ずるままに、おぼろげながら神というものを恋しかけた十二三歳ごろの葉子に、学校は祈祷と、節欲と、殺情とを強制的にたたき込もうとした。,"부드럽고, 사랑스럽고, 시끄럽고, 태어난 채로 아름다운 호의와 욕심과 목숨을 건대로, 울부짖으면서 하나님이라는 것을 사랑한 123세경의 하코에게, 학교는 기도와, 절욕과, 살정을 강제적으로 박으려고 했다."
2260,強烈な,このごろはことさらだれにもいわれないようなごたごたが家の内にあるもんですから、よけいむしゃくしゃしていて、ほんとうにわたしどうしたらいいかと思う事がありますの」意地も生地も内田の強烈な性格のために存分に打ち砕かれた細君は、上品な顔立てに中世紀の尼にでも見るような思いあきらめた表情を浮かべて、捨て身の生活のどん底にひそむさびしい不足をほのめかした。,"요즈음은 누구에게도 말할 수없는 것 같은 집이 집안에 있기 때문에, 괜찮아서, 정말로 내가 어떻게 하면 좋을까라고 생각하는 일이 있습니다」 논의 강렬한 성격 때문에 마음껏 깨진 미소군은, 품위있는 얼굴마음에 중세기의 니에게도 보는 것 같은 생각 포기한 표정을 띄워, 버림신의 생활의 밑바닥에 은근한 부족을 응시했다."
2261,弾力,葉子の手はもうめれんすの弾力のある軟らかい触感を感じていた。,하코의 손은 이미 깨끗한 탄력있는 부드러운 촉감을 느꼈다.
2262,征服,葉子はふとした出来心から古藤をおとしいれようとした目論見に失敗して、自分の征服力に対するかすかな失望と、存分の不快とを感じていた。,"하코는 문득 완성된 마음으로 고토를 얽히려고 했던 눈론에 실패하고, 자신의 정복력에 대한 희미한 실망과 마음의 불쾌함을 느끼고 있었다."
2263,従う,葉子はほんとうをいうと、必要に従うというほかに何をすればいいのかわからなかった。,하코는 정말 말하면 필요에 따라 한다는 것 외에 무엇을 해야할지 몰랐다.
2264,従事,彼らがどんな種類の人でどんな職業に従事しているかを知る者はなかった。,그들이 어떤 종류의 사람들이 어떤 직업에 종사하는지 아는 사람은 없었다.
2265,微妙,田川夫人は微妙な女の本能と直覚とで、じりじりと葉子の心のすみずみを探り回しているようだったが、ついにここぞという急所をつかんだらしく見えた。,"타가와 부인은 미묘한 여자의 본능과 직각으로, 조금씩 하코의 마음의 휩쓸기를 돌고 있는 것 같았지만, 마침내 여기라고 하는 급소를 잡은 것 같았다."
2266,微妙な,田川夫人は微妙な女の本能と直覚とで、じりじりと葉子の心のすみずみを探り回しているようだったが、ついにここぞという急所をつかんだらしく見えた。,"타가와 부인은 미묘한 여자의 본능과 직각으로, 조금씩 하코의 마음의 휩쓸기를 돌고 있는 것 같았지만, 마침내 여기라고 하는 급소를 잡은 것 같았다."
2267,心中,そして木部と別れて以来絶えて味わわなかったこの甘い情緒に自分からほだされおぼれて、心中でもする人のような、恋に身をまかせる心安さにひたりながら小机に突っ伏してしまった。,"그리고 목부와 헤어진 이후 끊임없이 맛보지 못했던 이 달콤한 정서에 자신으로부터 버려져 흘러내려, 마음속에서도 하는 사람과 같은, 사랑에 몸을 맡기는 마음가짐에 걸리면서 소책자에 엎드려 버렸다."
2268,心得,そして心得顔に次の部屋との間の襖をあける間に、葉子は手早く大きな銀貨を紙に包んで、「少しかげんが悪いし、またいろいろお世話になるだろうから」といいながら、それを女中に渡した。,"그리고 마음가짐 얼굴에 다음 방과의 사이를 씌우는 사이에, 하코는 빠르고 큰 은화를 종이에 싸서, 「조금 싸움이 나쁘고, 또 여러가지 신세를 질 것이니까」라고 말하면서, 그것을 여중에게 건네주었다."
2269,心構え,葉子は大それた謀反人の心で木村のcaressを受くべき身構え心構えを案じていた。,하코는 대단한 모반사의 마음으로 키무라의 caress를 받아야 하는 자세심을 자아내고 있었다.
2270,心細い,膝から下がふらつくのを葉子にすがって危うくささえながら、「結婚をなさるんですか……おめでとう……おめでとう……だがあなたが日本にいなくなると思うと……いたたまれないほど心細いんだ……わたしは……」もう声さえ続かなかった。,"무릎에서 아래가 흔들리는 것을 하코에게 쳐서 위태롭게조차 하면서, 「결혼을 하시나요… … 축하해… … 축하해…"
2271,忘却,その先には暗い忘却が待ち設けていた。,그 앞에는 어두운 망각이 기다리고 있었다.
2272,快い,ただ涼しい風がそよそよと鬢の毛をそよがして通るのを快いと思っていた。,단지 시원한 바람이 부드럽게 아가씨의 머리를 부드럽게 지나가는 것을 기쁘다고 생각하고 있었다.
2273,念頭,そこには十日ほど念頭から絶え果てていたようなものが海面から浅くもれ上がって続いていた。,거기에는 십일 정도 염두에서 끊어져 있던 것 같은 것이 해면에서 얕게 찢어져 계속되고 있었다.
2274,思い込む,葉子が気を落ち付けて、米国に着いてからの生活を考えてみると、こうあってこそと思い込むような生活には、木村はのけ物になるか、邪魔者になるほかはないようにも思えた。,"하코가 신경을 쓰고, 미국에 도착한 후의 생활을 생각해 보니, 이렇게 있어야만 생각하는 삶에는 키무라는 괴물이 되거나 방해자가 될 수밖에 없을 것 같았다."
2275,恋愛,そして十八の時木部孤※に対して、最初の恋愛らしい恋愛の情を傾けた時、葉子の心はもう処女の心ではなくなっていた。,"그리고 열여덟 때 키베 고에 대해서, 최초의 연애다운 연애의 정을 기울였을 때, 하코의 마음은 이제 처녀의 마음이 없어지고 있었다."
2276,恨む,そうして捨てられた多くの男は、葉子を恨むよりも自分たちの獣性を恥じるように見えた。,그렇게 버려진 많은 남자들은 하코를 원망하는 것보다 자신들의 수성을 부끄러워하는 것처럼 보였다.
2277,悩ましい,とにかく今までの狭い悩ましい過去と縁を切って、何の関りもない社会の中に乗り込むのはおもしろい。,"어쨌든 지금까지의 좁은 괴로운 과거와 인연을 자르고, 아무런 관련이 없는 사회 속에 탑승하는 것은 재미있다."
2278,情けない,木村は、葉子という女はどうしてこうむら気で上すべりがしてしまうのだろう、情けないというような表情を顔いちめんにみなぎらして、何かいうべき言葉を胸の中で整えているようだったが、急に思い捨てたというふうで、黙ったままでほっと深いため息をついた。,"기무라는 요시코라는 여자는 어째서 이런 느낌으로 위 미끄러짐이 되어버릴 것이다, 한심하다는 표정을 얼굴 한결같이 다듬어서 뭔가 해야 할 말을 가슴 속에서 정돈하고 있는 것 같았지만, 갑자기 버렸다는 식으로, 묵묵한 채로 깊은 한숨을 쉬었다."
2279,情熱,葉子は思いもかけず木部の火のような情熱に焼かれようとする自分を見いだす事がしばしばだった。,하코는 생각도 하지 않고 목부의 불 같은 열정에 구워지려는 자신을 찾아내는 것이 자주였다.
2280,情緒,葉子の控え目なしおらしい様子がいやが上にも人のうわさを引く種となって、葉子という名は、多才で、情緒の細やかな、美しい薄命児をだれにでも思い起こさせた。,"하코의 겸손한 듯한 모습이 아니가 위에도 사람의 소문을 끄는 씨가 되어, 하코라는 이름은, 다재로, 정서의 세세한, 아름다운 박명아를 누군가에게도 상기시켰다."
2281,惜しむ,自分の草履を始末しながら、葉子はすぐに二階の客間の模様を想像して、自分のために親戚や知人が寄って別れを惜しむというその席に顔を出すのが、自分自身をばかにしきったことのようにしか思われなかった。,"자신의 초신을 시말하면서 하코는 곧바로 2층의 손님 사이의 모양을 상상해, 자신을 위해서 친척이나 지인이 들려 이별을 아끼는 그 자리에 얼굴을 내는 것이, 자신을 바보 짓는 것처럼 밖에 생각되지 않았다."
2282,意向,興録は事務長の意向を読んで取ると、分別ぶった顔をさし出して、「それに限りますよ。,"흥록은 사무장의 의향을 읽고 취하면, 분별한 얼굴을 내밀어, 「그것에 한해요."
2283,意地,意地の弱い葉子の父だけは孫のかわいさからそっと赤ん坊を葉子の乳母の家に引き取るようにしてやった。,의지가 약한 하코의 아버지만은 손자의 귀여움으로부터 살짝 아기를 하코의 유모의 집에 끌어들이도록 했다.
2284,意気込み,でも古藤さんも手紙の上では一枚がた男を上げていますわね」木村の意気込みはしかしそんな事ではごまかされそうにはなかったので、葉子はめんどうくさくなって少し険しい顔になった。,"그렇지만 고토씨도 편지 위에서는 한 장 낳은 남자를 올리고 있어요」기무라의 자세는 하지만 그런 일로는 속임받을 것 같지 않았기 때문에, 하코는 귀찮게 되어 조금 험한 얼굴이 되었다."
2285,愚かな,暴力は愚かなこった。,폭력은 어리석었다.
2286,愛着,木部の葉子に対する愛着が募れば募るほど、葉子は一生が暗くなりまさるように思った。,키부의 하코에 대한 애착이 모을수록 모모는 하코는 평생이 어두워지는 것 같았다.
2287,慎む,性質が母親とどこか似すぎているためか、似たように見えて一調子違っているためか、それとも自分を慎むためであったか、はたの人にはわからなかったが、とにかく葉子はそんなはなやかな雰囲気に包まれながら、不思議なほど沈黙を守って、ろくろく晴れの座などには姿を現わさないでいた。,"성질이 어머니와 어딘가 비슷하기 때문인지, 비슷하게 보이고 일조자가 다르기 때문인지, 아니면 자신을 조심하기 때문이었는지, 누군가에게는 몰랐지만, 어쨌든 하코는 그렇게 유연한 분위기에 싸이면서, 신기할 정도로 침묵을 지키고, 여유롭게 맑은 자리 등."
2288,成熟,人々は木部が成熟した思想をひっさげて世の中に出て来る時の華々しさをうわさし合った。,사람들은 목부가 성숙한 사상을 끌어 세상에 나올 때의 화려함을 소문내었다.
2289,戦術,しかし同時に葉子は戦術家の冷静さをもって、実際問題を勘定に入れる事も忘れはしなかった。,그러나 동시에 하코는 전술가의 냉정함을 가지고 실제 문제를 계정에 넣는 것도 잊지 않았다.
2290,所在,懇意ずくらしく戸もたたかなかった興録もさすがにどぎまぎして、はいろうにも出ようにも所在に窮して、閾に片足を踏み入れたまま当惑そうに立っていた。,"간절히 어리석게 문도 두드리지 않았던 흥록도 과연 두근두근하고, 아무렇지도 않게 나오듯이 소재에 몰리고, 문턱에 한 발을 밟은 채 당황스럽게 서 있었다."
2291,手当,ただなんでもいいせっせと手当たり次第したくをしておかなければ、それだけの心尽くしを見せて置かなければ、目論見どおり首尾が運ばないように思ったので、一ぺん横になったものをまたむくむくと起き上がった。,"다만 뭐든지 괜찮은 수당을 받고 싶은 짓을 해두지 않으면, 그만큼의 마음 다짐을 보여 두지 않으면, 눈에 띄는 대로 성공이 나오지 않게 생각했기 때문에, 한 편에 누워진 것을 다시 뚫고 일어났다."
2292,打ち明ける,ところが検疫医がこれなんだ」事務長は朋輩にでも打ち明けるように、大きな食指を鍵形にまげて、たぐるような格好をして見せた。,"그런데 검역의가 이것이야."" 사무장은 주배에게도 털어놓듯이 큰 식지를 손가락 모양으로 휘감고, 흔들리는 모습을 보였다."
2293,打ち消す,今度こっちに来るにつけても、それは困って、ありったけのものを払ったりして、ようやく間に合わせたくらいだったもんですから……」なおいおうとするのを木村は忙しく打ち消すようにさえぎって、「それは充分わかっています」と顔を上げた拍子に涙のしずくがぽたりと鼻の先からズボンの上に落ちたのを見た。,"이번에 이쪽에 와서 붙여도, 그것은 곤란해져서, 있었던 것의 물건을 지불하거나 하고, 드디어 시간에 맞춘 정도였던 것이니까… 키무라는 바쁘게 무너뜨리듯이, 「그것은 충분히 알고 있습니다」라고 얼굴을 올린 박자에 눈물의 물방울과 코의 끝에서 바지 위에 떨어진 것을 보았다."
2294,扱う,若者はこの乱暴にかっとなって怒り狂ったが、その船員は小さな荷物でも扱うように、若者の胴のあたりを右わきにかいこんで、やすやすと舷梯を降りて行った。,"젊은이는 이 난폭하게 쏟아져 분노 미쳤지만, 그 선원은 작은 짐에서도 취급하도록(듯이), 젊은이의 몸통의 근처를 오른쪽 옆으로 찔러서, 용이하게 현장을 내려 갔다."
2295,承諾,結婚を承諾した以上はその良人に行きづまるのが女の人の当然な道ではないでしょうか。,결혼을 승낙한 이상은 그 양인에게 다가가는 것이 여자의 당연한 길이 아닐까요.
2296,折り返す,ごわっごわっと時々新聞を折り返す音だけが聞こえて、積み荷があらかた片付いた船室の夜は静かにふけて行った。,"와우와 왓와 때때로 신문을 되풀이하는 소리만 들려, 짐이 새겨진 정리된 선실의 밤은 조용히 뿌려 갔다."
2297,折れる,葉子がはいって行っても、彼らは格別自分たちの名前を名乗るでもなく、いちばん安楽な椅子に腰かけていた男が、それを葉子に譲って、自分は二つに折れるように小さくなって、すでに一人腰かけている寝台に曲がりこむと、一同はその様子に声を立てて笑ったが、すぐまた前どおり平気な顔をして勝手な口をきき始めた。,"하코가 가고 가도, 그들은 각별히 자신들의 이름을 자칭하는 것도 아니고, 가장 안락한 의자에 앉고 있던 남자가, 그것을 하코에게 양보해, 자신은 둘로 꺾이도록 작아져, 이미 혼자 앉고 있는 침대에 구부러지자, 일동은 그 모습에 목소리를 내며 웃었지만."
2298,抱く,しかし葉子を抱く手はきびしく震えこそすれ、ゆるみそうな様子は少しも見えなかった。,하지만 하코를 안는 손은 힘들게 떨려야 느슨해진 모습은 조금도 보이지 않았다.
2299,抵抗,窮屈な階子段をややよろよろしながらのぼって、重い戸をあけようとすると外気の抵抗がなかなか激しくって押しもどされようとした。,비좁은 층계단을 다소 부드럽게 하면서 올라 무거운 문을 열려고 하면 외기의 저항이 좀처럼 격렬해 밀려나가려고 했다.
2300,拒む,モンロー主義もその主張は初めのうちは、北米の独立諸州に対してヨーロッパの干渉を拒むというだけのものであったのです。,먼로주의도 그 주장은 처음에는 북미의 독립 제주에 대해서 유럽의 간섭을 거부한다는 것만이었습니다.
2301,拡張,そのうち母がキリスト教婦人同盟の事業に関係して、たちまちのうちにその牛耳を握り、外国宣教師だとか、貴婦人だとかを引き入れて、政略がましく事業の拡張に奔走するようになると、内田はすぐきげんを損じて、早月親佐を責めて、キリストの精神を無視した俗悪な態度だといきまいたが、親佐がいっこうに取り合う様子がないので、両家の間は見る見る疎々しいものになってしまった。,"그 중 어머니가 그리스도교부인 동맹의 사업과 관련하여, 곧 그 귀를 잡고, 외국 선교사라든가, 귀부인이라든지를 끌어들이고, 정략이 잘 사업의 확장에 분주하게 되면, 우치다는 곧 키겐을 훼손해, 이른 달 친령을 비난하고, 그리스도의 정신을 무시한 속악한 태도라고 갔지만, 친령이 한결같이 어울리는 모습이 없기 때문에, 양가의 사이는 보는 보는 소소한 것이 되어 버렸다."
2302,挑戦,それは底意地の悪い挑戦的な調子で震えていた。,그것은 바닥 의지의 나쁜 도전적인 음색으로 떨고 있었다.
2303,捕虜,しかし男が葉子の目の前で弱味を見せた瞬間に、葉子は驕慢な女王のように、その捕虜から面をそむけて、その出来事を悪夢のように忌みきらった。,"그러나 남자가 하코의 눈앞에서 약한 맛을 보인 순간에, 하코는 만만한 여왕처럼, 그 포로로부터 면을 비추고, 그 사건을 악몽처럼 흩뜨렸다."
2304,探る,物のない所に物を探るような心持ちで葉子は人力車を大塚のほうに走らした。,물건이 없는 곳에 물건을 찾는 마음으로 하코는 인력거를 오츠카 쪽으로 달렸다.
2305,控える,たまたま葉子の姉妹の内実を知って気の毒だと思っても、葉子ではというように手出しを控えるものばかりだった。,"우연히 하코의 자매의 내실을 알고 마음의 독이라고 생각해도, 하코는 그렇듯이 수출을 앞두는 것뿐이었다."
2306,推進,検疫官がその忙しい間にも何かしきりに物をいおうとした時、けたたましい汽笛が一抹の白煙を青空に揚げて鳴りはためき、船尾からはすさまじい推進機の震動が起こり始めた。,"검역관이 그 바쁜 사이에도 무언가 자꾸 물건을 가리려고 했을 때, 참담한 기피가 일말의 백연을 푸른 하늘에 튀겨 울려 퍼져 선미로부터는 엄청난 추진기의 진동이 일어나기 시작했다."
2307,描く,空想で木村を描く事は、木村と顔を見合わす時ほどの厭わしい思いを葉子に起こさせなかった。,공상으로 기무라를 그리는 것은 키무라와 얼굴을 맞대는 때만큼의 어색한 생각을 하코에게 일으키지 않았다.
2308,提供,そうした生活では葉子が自然に船客の注意の焦点となり、話題の提供者となったのは不思議もない。,"그러한 생활에서는 하코가 자연스럽게 선객의 주의의 초점이 되어, 화제의 제공자가 된 것은 이상하지 않다."
2309,握る,筆一本握る事もせずに朝から晩まで葉子に膠着し、感傷的なくせに恐ろしくわがままで、今日今日の生活にさえ事欠きながら、万事を葉子の肩になげかけてそれが当然な事でもあるような鈍感なお坊ちゃんじみた生活のしかたが葉子の鋭い神経をいらいらさせ出した。,"붓하나 붙잡는 일도 없이 아침부터 저녁까지 하코에게 교착하고, 감상적인 주제에 무섭게 몹시 채우고, 오늘 오늘의 생활조차도 부족하면서, 만사를 하코의 어깨에 올려 놓고 그것이 당연한 일이기도 한 둔감한 할머니 낳은 생활의 방법이 하자의 날카로운 신경을"
2310,揺らぐ,船の上下は最後のどよめきに揺らぐように見えた。,배의 상하는 마지막 어지럽게 흔들리는 것처럼 보였다.
2311,故意に,葉子を故意に威圧しようとたくらむわざとな改まりかたも見えた。,하코를 고의로 위압하려 했을 정도로 일부러 개정하는 방법도 보였다.
2312,断然,いかにも人柄に不似合いな下手な字体で、葉子がひょっとすると上陸を見合わせてそのまま帰るという事を聞いたが、もしそうなったら自分も断然帰朝する。,"아무래도 인품에 부적합한 서투른 자체로, 하코가 어쩌면 상륙을 맞춰 그대로 돌아간다는 것을 들었지만, 만약 그렇게 되면 자신도 단연 귀조한다."
2313,旅客,「葉子さん、あなたは私を見殺しにするんですか……見殺しにするん……」一〇始めての旅客も物慣れた旅客も、抜錨したばかりの船の甲板に立っては、落ち付いた心でいる事ができないようだった。,"「하코씨, 너는 나를 견살하게 하는 거야…"
2314,映る,そして飛び回りながら、髪をほごしにかかって、時々鏡に映る自分の顔を見やりながら、こらえきれないようにぬすみ笑いをした。,그리고 날아다니면서 머리카락을 먼지에 걸려 가끔 거울에 비치는 자신의 얼굴을 바라보며 참을 수 없도록 미소를 지었다.
2315,暴力,葉子の母が暴力では及ばないのを悟って、すかしつなだめつ、良人までを道具につかったり、木部の尊信する牧師を方便にしたりして、あらん限りの知力をしぼった懐柔策も、なんのかいもなく、冷静な思慮深い作戦計画を根気よく続ければ続けるほど、葉子は木部を後ろにかばいながら、健気にもか弱い女の手一つで戦った。,"하코의 어머니가 폭력으로는 미치지 못하는 것을 깨닫고, 희미하게 낯설고, 양인까지를 도구에 붙이거나, 목부의 존신하는 목사를 방편으로 하거나, 일관된 지력을 짜 그 회유책도, 어쩔 수 없이, 냉정한 사려깊은 작전 계획을 근기 좋게 계속할수록, 하코는 목부를 뒤로 찔리면서, 건강하게도 약한 여자의 손 하나로 싸웠다."
2316,望ましい,無条件的な服従という事も事務長に対してだけはただ望ましい事にばかり思えた。,무조건적인 복종이라고 하는 것도 사무장에 대해서만은 단지 바람직한 것만 생각했다.
2317,望む,放埒な、移り気な、想像も及ばぬパッションにのたうち回ってうめき悩むあの大海原――葉子は失われた楽園を慕い望むイヴのように、静かに小さくうねる水の皺を見やりながら、はるかな海の上の旅路を思いやった。,"방망스럽고, 기운찬, 상상도 미치지 않는 패션에 돌고 신음하는 고대해원――하코는 잃어버린 낙원을 몹시 바라보는 이브처럼, 조용히 작고 튀는 물의 주름을 보면서, 훨씬 바다 위의 여로를 배려했다."
2318,未練,内田は離縁した最初の妻が連れて行ってしまったたった一人の娘にいつまでも未練を持っているらしかった。,우치다는 이연한 최초의 아내가 데리고 가버린 단 한 딸에게 언제까지나 미련을 가지고 있었던 것 같았다.
2319,本体,葉子が食堂に現われて自分の視界にはいってくると、臆面もなくじっと目を定めてその顔を見やった後に、無頓着にスプーンを動かしながら、時々食卓の客を見回して気を配っていた事務長は、下くちびるを返して鬚の先を吸いながら、塩さびのした太い声で、「それからモンロー主義の本体は」と話の糸目を引っぱり出しておいて、まともに博士を打ち見やった。,"하코가 식당에 나타나 자신의 시야에 들어오면 겁쟁이도 없이 가만히 눈을 돌려 그 얼굴을 본 후 무성착하게 숟가락을 움직이면서 가끔 식탁의 손님을 둘러보고 신경을 쓰고 있었다 사무장은, 아래에 찢어짐을 돌려 우울의 끝을 피우면서, 소금 녹이 한 굵은 목소리로, 「그리고 먼로주의의 본체는」이라고 이야기의 실목을 끌어내 놓고, 제대로 박사를 쳐다봤다."
2320,本気,そして葉子に対する乗客の好奇心が衰え始めたころになって、彼は本気に葉子を見つめ始めたのだ。,"그리고 하코에 대한 승객의 호기심이 쇠퇴하기 시작했을 무렵, 그는 진심으로 하코를 응시하기 시작한 것이다."
2321,本能,女の本能が生まれて始めて芽をふき始めた。,여자의 본능이 태어나서 싹을 닦기 시작했다.
2322,枝,葉子も今まで続けていた回想の惰力に引かされて、思わずほほえみかけたのであったが、その瞬間燕返しに、見も知りもせぬ路傍の人に与えるような、冷刻な驕慢な光をそのひとみから射出したので、木部の微笑は哀れにも枝を離れた枯れ葉のように、二人の間をむなしくひらめいて消えてしまった。,"하코도 지금까지 계속하고 있던 회상의 위력에 끌려, 무심코 희미하게 걸었던 것이었지만, 그 순간 연반에, 보기도 모르는 길 근처의 사람에게 주는 것 같은 , 냉각한 충만한 빛을 그 사람으로부터 사출했기 때문에, 목부의 미소는 불쌍하게도 가지를 떠난 죽은 잎과 같이, 두 사람의 사이를 헛되게 비뚤어져 사라져 버렸다."
2323,根気,葉子の母が暴力では及ばないのを悟って、すかしつなだめつ、良人までを道具につかったり、木部の尊信する牧師を方便にしたりして、あらん限りの知力をしぼった懐柔策も、なんのかいもなく、冷静な思慮深い作戦計画を根気よく続ければ続けるほど、葉子は木部を後ろにかばいながら、健気にもか弱い女の手一つで戦った。,"하코의 어머니가 폭력으로는 미치지 못하는 것을 깨닫고, 희미하게 낯설고, 양인까지를 도구에 붙이거나, 목부의 존신하는 목사를 방편으로 하거나, 일관된 지력을 짜 그 회유책도, 어쩔 수 없이, 냉정한 사려깊은 작전 계획을 근기 좋게 계속할수록, 하코는 목부를 뒤로 찔리면서, 건강하게도 약한 여자의 손 하나로 싸웠다."
2324,権威,あなたが木村君の妻になると約束した以上は、僕のいう事にも権威があるはずだと思います。,"당신이 기무라군의 아내가 된다고 약속한 이상은, 내가 말하는 것에도 권위가 있을 것이라고 생각합니다."
2325,欲望,こんな不思議な、葉子にはあり得ない欲望すらが少しも不思議でなく受け入れられた。,"이런 신기한, 하코에게는 있을 수 없는 욕망조차 조금도 신기하지 않고 받아들여졌다."
2326,残酷な,今まで味わって来たすべての悲哀よりもさらに残酷な悲哀が、葉子の胸をかきむしって襲って来た。,지금까지 맛봐 온 모든 비애보다 더 잔혹한 비애가 하코의 가슴을 휘젓고 덮쳐왔다.
2327,気象,木村はそのくらいな事で葉子から手を引くようなはきはきした気象の男ではない。,키무라는 그 정도의 일로 하코로부터 손을 잡는 듯한 엽기한 기상의 남자가 아니다.
2328,求める,自分より年下で、しかも良人からさんざん悪評を投げられているはずの葉子に対してまで、すぐ心が砕けてしまって、張りのない言葉で同情を求めるかと思うと、葉子は自分の事のように歯がゆかった。,"자신보다 연하로, 게다가 양인으로부터 산잔 악평을 던져져야 할 하자에 대해서까지, 곧 마음이 부서져 버리지 않는 말로 동정을 요구할까라고 생각하자, 하코는 자신의 일과 같이 이가 낳았다."
2329,汽船,さらぬだにどこかじめじめするような船室には、きょうの雨のために蒸すような空気がこもっていて、汽船特有な西洋臭いにおいがことに強く鼻についた。,방울에 어딘가 비유하는 선실에는 오늘의 비 때문에 찐 같은 공기가 담겨있어 기선 특유의 서양 냄새 냄새에 강하게 코에 붙었다.
2330,沈む,日清戦争というものの光も太陽が西に沈むたびごとに減じて行った。,닛신전쟁이라는 것의 빛도 태양이 서쪽에 가라앉을 때마다 줄어들었다.
2331,沈黙,仙台における早月親佐はしばらくの間は深く沈黙を守っていたが、見る見る周囲に人を集めて華々しく活動をし始めた。,"센다이의 이른 달 친령은 한동안 깊게 침묵을 지키고 있었지만, 보는 주위에 사람을 모아 화려하게 활동을 하기 시작했다."
2332,沖,九底光りのする雲母色の雨雲が縫い目なしにどんよりと重く空いっぱいにはだかって、本牧の沖合いまで東京湾の海は物すごいような草色に、小さく波の立ち騒ぐ九月二十五日の午後であった。,"구저 빛나는 운모색의 비구름이 솔기 없이 왠지 무겁고 빈 가득 찼고, 혼모키의 앞바다까지 도쿄만의 바다는 굉장한 풀빛으로 작고 파도가 솟아오르는 9월 25일 오후였다."
2333,法学,葉子はそれに耳を傾けるような様子はしていたけれども、ほんとうはさして注意もせずに、ちょうど自分の目の前に、たくさんの見送り人に囲まれて、応接に暇もなげな田川法学博士の目じりの下がった顔と、その夫人のやせぎすな肩との描く微細な感情の表現を、批評家のような心で鋭くながめやっていた。,"하코는 그것에 귀를 기울이는 모습을 하고 있었지만, 정말로 주의도 하지 않고, 그냥 자신의 눈앞에, 많은 배송인에 둘러싸여, 가까이서도 여유로운 타가와 법학 박사의 눈길이 내린 얼굴과, 그 부인의 야세기스나 어깨와의 그리는 미세한 감정의 표현을, 비평가와 같은 마음으로 날카롭게 매달려 있었다."
2334,洋風,そして洋風の白い寝衣に着かえて、髪を長い編み下げにして寝床にはいった。,그리고 서양식 하얀 옷의 옷을 입고 머리카락을 긴 뜨개질로 하여 침대에 갔다.
2335,浅ましい,女よりも浅ましい熱情を鼻にかけて、今でも自分の運命に差し出がましく立ち入ろうとしている。,"여자보다 얕은 열정을 코에 걸어, 지금도 자신의 운명에 내보내는 것이 잘 들어가려고 하고 있다."
2336,浮かぶ,どうかしてこの大事な瀬戸を漕ぎぬけなければ浮かぶ瀬はない。,여하튼 이 소중한 세토를 젓지 않으면 떠오르는 세는 없다.
2337,海路,幾日の荒々しい海路からここに来て見ると、さすがにそこには人間の隠れ場らしい静かさがあった。,"일일의 거친 해로에서 이곳에 와서 보니, 과연 거기에는 인간의 은신처 같은 조용함이 있었다."
2338,混乱,事もなげに落ち付いた様子に見える博士の心の中に、軽い混乱が起こっているのを、葉子はすぐ見て取った。,"일도 아무렇지도 않게 침착한 모습으로 보이는 박사의 마음 속에, 가벼운 혼란이 일어나고 있는 것을, 하코는 곧 보고 잡았다."
2339,済ます,夕食を済ますと葉子はいつでも不満と失望とでいらいらしながら夜を迎えねばならなかった。,저녁을 마치자 하코는 언제든지 불만과 실망으로 짜증을 내며 밤을 맞아야 했다.
2340,渋い,その青年の単純な明らさまな心に、自分の笑顔の奥の苦い渋い色が見抜かれはしないかと、葉子は思わずたじろいだほどだった。,"그 청년의 단순한 밝은 마음에, 자신의 웃는 얼굴 안쪽의 쓴 떫은 색이 간파되지 않을까, 하코는 무심코 넋넉할 정도였다."
2341,源,砒石の用法を謬った患者が、その毒の恐ろしさを知りぬきながら、その力を借りなければ生きて行けないように、葉子は生の喜びの源を、まかり違えば、生そのものを虫ばむべき男というものに、求めずにはいられないディレンマに陥ってしまったのだ。,"호석의 용법을 저질렀던 환자가 그 독의 무서움을 모르면서 그 힘을 빌리지 않으면 살 수 없도록, 하코는 생의 기쁨의 근원을, 확실히 다르면, 생 그 자체를 벌어야 할 남자라고 하는 것에, 요구하지 못할 수 없는 딜레마에 빠져 버린 것이다."
2342,漁村,くずした崕の土で埋め立てをして造った、桟橋まで小さな漁村で、四角な箱に窓を明けたような、生々しい一色のペンキで塗り立てた二三階建ての家並みが、けわしい斜面に沿うて、高く低く立ち連なって、岡の上には水上げの風車が、青空に白い羽根をゆるゆる動かしながら、かったんこっとんとのんきらしく音を立てて回っていた。,쓰레기 똥의 흙으로 매립을 하여 만들어진 부두까지 작은 어촌에서 사각형 상자에 창문을 밝힌 것 같은 생생한 일색 페인트로 칠한 23층 건물의 집이 귀엽다 경사면을 따라 높게 낮게 서서 오카 위에는 수상 풍차가 푸른 하늘에 하얀 날개를 느슨하게 움직이면서 가볍게 푹신한 소리를 내고 돌고 있었다.
2343,無性に,葉子はうるさそうに頭の中にある手のようなもので無性に払いのけようと試みたがむだだった。,하코는 시끄럽게 머리 속에 있는 손같은 것으로 무성하게 털어내려고 했는데 했다.
2344,無意味,それを見ると、人はよく無意味な涙を流すものだと葉子は思った。,"그것을 보면, 사람은 잘 무의미한 눈물을 흘리는 것이라고 하코는 생각했다."
2345,無条件,それを払いかねて木部が命限りにもがくのを見ると、葉子の心に純粋な同情と、男に対する無条件的な捨て身な態度が生まれ始めた。,"그것을 쫓아내기 위해 목부가 목숨을 잃는 것을 보면, 하코의 마음에 순수한 동정과 남자에 대한 무조건적인 버려진 태도가 태어나기 시작했다."
2346,無知な,葉子は陥穽にかかった無知な獣を憫み笑うような微笑を口びるに浮かべながら、「そんな事がされますものかこの小さな船の中で。,하코는 함정에 걸린 무지한 짐승을 미워하는 듯한 미소를 짓는다.
2347,無邪気,始めのうちは葉子もそれを木部の詩人らしい無邪気さからだと思ってみた。,처음에는 하코도 그것을 그것을 목부의 시인다운 순진함 때문이라고 생각해 보았다.
2348,無関心,ことに葉子の心を深く傷つけたのは、事務長の物懶げな無関心な態度だった。,이에 하코의 마음을 깊게 상처 입은 것은 사무장의 어리석은 무관심한 태도였다.
2349,照らす,古綿に似た薄雲をもれる朝日の光が力弱くそれを照らすたびごとに、煮え切らない影と光の変化がかすかに山と海とをなでて通るばかりだ。,고면을 닮은 얇은 구름을 가진 아사히의 빛이 힘 약해 그것을 밝힐 때마다 끓이지 않는 그림자와 빛의 변화가 희미하게 산과 바다를 쓰다듬어 지나갈 뿐이다.
2350,熱意,木部の熱意が見る見る抑えがたく募り出したのはもちろんの事である。,목부의 열의가 보는 억압이 많이 모집한 것은 물론이다.
2351,牧師,葉子の母が暴力では及ばないのを悟って、すかしつなだめつ、良人までを道具につかったり、木部の尊信する牧師を方便にしたりして、あらん限りの知力をしぼった懐柔策も、なんのかいもなく、冷静な思慮深い作戦計画を根気よく続ければ続けるほど、葉子は木部を後ろにかばいながら、健気にもか弱い女の手一つで戦った。,"하코의 어머니가 폭력으로는 미치지 못하는 것을 깨닫고, 희미하게 낯설고, 양인까지를 도구에 붙이거나, 목부의 존신하는 목사를 방편으로 하거나, 일관된 지력을 짜 그 회유책도, 어쩔 수 없이, 냉정한 사려깊은 작전 계획을 근기 좋게 계속할수록, 하코는 목부를 뒤로 찔리면서, 건강하게도 약한 여자의 손 하나로 싸웠다."
2352,物事,二人が一緒になってから二か月目に、葉子は突然失踪して、父の親友で、いわゆる物事のよくわかる高山という医者の病室に閉じこもらしてもらって、三日ばかりは食う物も食わずに、浅ましくも男のために目のくらんだ自分の不覚を泣き悔やんだ。,"두 사람이 함께 되고 나서 2개월째에, 하코는 갑자기 실종하고, 아버지의 가장 친한 친구로, 이른바 사물의 잘 아는 다카야마라는 의사의 병실에 가두어 주어, 사흘만은 먹는 것도 먹지 않고, 얕아도 남자를 위해 눈이 부러진 자신의 불각을 울음."
2353,物好きな,食堂に現われる時の葉子の服装だけでも、退屈に倦じ果てた人々には、物好きな期待を与えた。,식당에 나타날 때의 하자의 복장만으로도 지루하게 과감한 사람들에게는 좋아하는 기대를 주었다.
2354,特有,さらぬだにどこかじめじめするような船室には、きょうの雨のために蒸すような空気がこもっていて、汽船特有な西洋臭いにおいがことに強く鼻についた。,방울에 어딘가 비유하는 선실에는 오늘의 비 때문에 찐 같은 공기가 담겨있어 기선 특유의 서양 냄새 냄새에 강하게 코에 붙었다.
2355,特権,擲身報国は官吏たるものの一特権だが、木村さんのようなまじめな信者にしこたま金を造ってもらわんじゃ、神の道を日本に伝え広げるにしてからが容易な事じゃありませんよ。,"철신보국은 관우타루의 일특권이지만, 기무라씨와 같은 진지한 신자에게 시코타마 돈을 만들어 주지 않으면, 신의 길을 일본에 전파 펼치게 하고 나서가 쉬운 일이 아니에요."
2356,犠牲,「いよいよお別れになったが、いつぞやお話しした田川の奥さんにおひきあわせしようからちょっと」葉子は五十川女史の親切ぶりの犠牲になるのを承知しつつ、一種の好奇心にひかされて、そのあとについて行こうとした。,"「드디어 이별이 되었지만, 언제나 이야기한 타가와의 부인에게 어울리자 조금」하자는 이가가와 여사의 친절한 희생이 되는 것을 인지하면서, 일종의 호기심에 걸려, 그 후에에 대해 가려고 했다."
2357,猛烈な,猛烈な胃痙攣を起こした患者が、モルヒネの注射を受けて、間歇的に起こる痛みのために無意識に顔をしかめながら、麻薬の恐ろしい力の下に、ただ昏々と奇怪な仮睡に陥り込むように、葉子の心は無理無体な努力で時々驚いたように乱れさわぎながら、たちまち物すごい沈滞の淵深く落ちて行くのだった。,"맹렬한 위 경련을 일으킨 환자가, 모르핀 주사를 받고, 간간히 일어나는 통증 때문에 무의식적으로 얼굴을 찡그리면서, 마약의 무서운 힘 아래에, 단지 혼란 라고 기괴한 가수에 빠지는 것처럼, 하코의 마음은 무리 무체한 노력으로 때때로 놀란 듯이 흐트러지면서, 금방 굉장히 침체의 깊숙히 떨어져 가는 것이었다."
2358,理屈,僕は心の底に起こるこんな働きをもしいて押しつぶして理屈一方に固まろうとは思いません。,나는 마음의 바닥에 일어나는 이런 일을 하고 밀어 넣고 이굴 한쪽에 굳어지자고는 생각하지 않습니다.
2359,生温い,なんだってこう生温いんでしょう。,어쩐지 이렇게 따뜻하겠지요.
2360,生理,口から喉はあえぎたいほどにひからびて、岡の肩に乗せた手は、生理的な作用から冷たく堅くなっていた。,"입에서 목은 헐떡거릴 정도로 들쭉날쭉하고, 오카의 어깨에 실은 손은, 생리적인 작용으로부터 차갑고 단단해지고 있었다."
2361,生臭い,その騒ぎの間に、一種生臭いような暖かい蒸気が甲板の人を取り巻いて、フォクスルのほうで、今までやかましく荷物をまき上げていた扛重機の音が突然やむと、かーんとするほど人々の耳はかえって遠くなった。,"그 시끄러운 사이에 일종의 냄새 같은 따뜻한 증기가 갑판 사람을 둘러싸고, 폭스르 쪽에서 지금까지 부드럽게 짐을 들고 있던 휴중기의 소리가 갑자기 멈추자, 어쩔수록 사람들의 귀는 오히려 멀어졌다."
2362,用法,砒石の用法を謬った患者が、その毒の恐ろしさを知りぬきながら、その力を借りなければ生きて行けないように、葉子は生の喜びの源を、まかり違えば、生そのものを虫ばむべき男というものに、求めずにはいられないディレンマに陥ってしまったのだ。,"호석의 용법을 저질렀던 환자가 그 독의 무서움을 모르면서 그 힘을 빌리지 않으면 살 수 없도록, 하코는 생의 기쁨의 근원을, 확실히 다르면, 생 그 자체를 벌어야 할 남자라고 하는 것에, 요구하지 못할 수 없는 딜레마에 빠져 버린 것이다."
2363,田舎,大八車が続けさまに田舎に向いて帰って行く小石川の夕暮れの中を、葉子は傘を杖にしながら思いにふけって歩いて行った。,"오하치차가 계속해서 시골로 돌아가는 고이시카와의 황혼 속을, 하코는 우산을 지팡이로 하면서 마음에 빠져 걸어갔다."
2364,由緒,そして葉子が久しぶりで汽車の中で出あった今は、妻子を里に返してしまって、ある由緒ある堂上華族の寄食者となって、これといってする仕事もなく、胸の中だけにはいろいろな空想を浮かべたり消したりして、とかく回想にふけりやすい日送りをしている時だった。,"그리고 하코가 오랜만에 기차 속에서 나온 지금은, 처자를 마을에 돌려 버려, 어느 유서 있는 도가미 화족의 기식자가 되어, 이것이라고 하는 일도 없고, 가슴 속에만는 여러가지 공상을 띄우거나 지우거나 하고, 어쨌든 회상에 빠지기 쉬운 일 보내기를 하고 있을 때."
2365,疎い,その代わり目と脳との間と覚しいあたりを、親しい人や疎い人が、何かわけもなくせわしそうに現われ出て、銘々いちばん深い印象を与えるような動作をしては消えて行った。,"그 대신 눈과 뇌와의 사이와 각성한 곳을, 친한 사람이나 희귀한 사람이, 아무것도 없이 설레게 나타나며, 명종 가장 깊은 인상을 주는 동작을 해서는 사라져 갔다."
2366,疑惑,少し眉根を寄せながら、手紙に読みふける木村の表情には、時々苦痛や疑惑やの色が往ったり来たりした。,"조금 눈썹을 들으면서, 편지에 읽는 기무라의 표정에는, 때때로 고통이나 의혹이나의 색이 왕래하거나 왔다."
2367,発言,見えるようですわね」と水を向けると、木村は始めて話の領分が自分のほうに移って来たように、顔色をなおしながら、事務長をそっちのけにした態度で、葉子に対しては自分が第一の発言権を持っているといわんばかりに、いろいろと話し出した。,"보이는 것 같네요”라고 물을 돌리면, 기무라는 시작해 이야기의 영분이 자신쪽으로 옮겨 온 것처럼, 안색을 계속하면서, 사무장을 그쪽으로 둔 태도로, 하코에게는 자신이 제일의 발언권을 가지고 있다고 말하자면, 여러가지 말했다."
2368,監視,木部はだんだん監視の目をもって葉子の一挙一動を注意するようになって来た。,목부는 점점 감시의 눈을 가지고 하자의 일거 일동을 주의하게 되어 왔다.
2369,目先,母が当惑して立った姿がはっきり目先に現われた。,어머니가 당황해 서는 모습이 분명 눈앞에 나타났다.
2370,矛盾,どうしてもはっきりと事務長の心を握るまでは……葉子は自分の心の矛盾に業を煮やしながら、自分をさげすみ果てたような絶望的な怒りの色を口びるのあたりに宿して、黙ったまま陰鬱に立っていた。,아무래도 확실히 사무장의 마음을 잡을 때까지는…
2371,破裂,破裂するような事務長の笑い声がまた聞こえて来た。,파열하는 사무장의 웃음이 다시 들려왔다.
2372,社交,その結果として葉子はたちまち船中の社交から葬られてしまった。,그 결과로 하코는 곧바로 선중의 사교로부터 장사되어 버렸다.
2373,祈る,どうか兄らの生活が最後の栄冠に至らん事を神に祈る」こんな文句が断片的に葉子の心にしみて行った。,어쩐지 형들의 삶이 마지막 영관에 이르는 일을 하나님께 기도한다” 이런 불평이 단편적으로 하코의 마음에 들여다봤다.
2374,種々,なんの因縁で……」葉子は自分をこう卑しみながらも、男の目を迎え慣れた媚びの色を知らず知らず上まぶたに集めて、それに応じようとする途端、日に向かって目を閉じた時に綾をなして乱れ飛ぶあの不思議な種々な色の光体、それに似たものが繚乱として心を取り囲んだ。,무슨 인연으로…
2375,穏やかな,海岸線に沿うてはるか遠くまで連続して見渡されるロッキーの山々はもうたっぷりと雪がかかって、穏やかな夕空に現われ慣れた雲の峰も、古綿のように形のくずれた色の寒い霰雲に変わって、人をおびやかす白いものが、今にも地を払って降りおろして来るかと思われた。,"해안선을 따라 훨씬 멀리까지 연속적으로 바라보는 록키 산들은 이미 듬뿍 눈이 걸리고, 온화한 저녁 하늘에 나타나는 익숙한 구름의 봉우리도, 낡은 듯한 모양의 찢어진 색의 추운 霰 구름으로 바뀌고, 사람을 유혹하는 하얀 것이, 지금도 땅을 지불"
2376,突く,男の誇りも何も忘れ果て、捨て果てて、葉子の前に誓いを立てている木村を、うまうま偽っているのだと思うと、葉子はさすがに針で突くような痛みを鋭く深く良心の一隅に感ぜずにはいられなかった。,"남자의 자부심도 아무것도 잊어버리고, 버리고, 하코의 앞에 맹세를 세우고 있는 키무라를, 잘 가짜라고 생각하면, 하코는 과연 바늘로 찌르는 것 같은 아픔을 날카롭고 깊게 양심의 한 구석에 느끼지 못했다."
2377,立ち去る,しばらくの間葉子はこの奇怪な心の動揺のために店を立ち去る事もしないでたたずんでいたが、ふとどうにでもなれという捨てばちな気になって元気を取り直しながら、いくらかの礼をしてそこを出た。,"잠시 동안 하바코는 이 기괴한 마음의 동요 때문에 가게를 떠나는 일도 하지 않고 접어들고 있었지만, 문득 아무래도 될 수 있다는 버림만한 신경이 쓰여 건강을 회복하면서, 약간의 예를 하고 거기를 나왔다."
2378,立場,二十五というそのころまで、熱心な信者で、清教徒風の誇りを唯一の立場としていた木部がこの初恋においてどれほど真剣になっていたかは想像する事ができる。,"이십오라는 그 무렵까지, 열심한 신자로, 청교도풍의 자랑을 유일한 입장으로 하고 있던 목부가 이 첫사랑에 있어서 얼마나 진지해지고 있었는지는 상상할 수 있다."
2379,端,結婚前までは葉子のほうから迫ってみたにも係わらず、崇高と見えるまでに極端な潔癖屋だった彼であったのに、思いもかけぬ貪婪な陋劣な情欲の持ち主で、しかもその欲求を貧弱な体質で表わそうとするのに出っくわすと、葉子は今まで自分でも気がつかずにいた自分を鏡で見せつけられたような不快を感ぜずにはいられなかった。,"결혼 전까지는 하코 쪽에서 다가와 보았음에도 불구하고, 숭고하다고 보이기까지 극단적인 결버릇이었던 그였는데, 생각도 못하는 탐욕스러운 진열한 정욕의 소유자로, 게다가 의 욕구를 빈약한 체질로 드러내려고 하는데 나오자, 하코는 지금까지 스스로도 눈치채지 못하고 있던 자신을 거울로 보여준 것 같은 불편함을 느끼지 못할 수 없었다."
2380,粋な,それを払いかねて木部が命限りにもがくのを見ると、葉子の心に純粋な同情と、男に対する無条件的な捨て身な態度が生まれ始めた。,"그것을 쫓아내기 위해 목부가 목숨을 잃는 것을 보면, 하코의 마음에 순수한 동정과 남자에 대한 무조건적인 버려진 태도가 태어나기 시작했다."
2381,紫,「なんにも考えていやしないが、陰になった崕の色が、あまりきれいだもんで……紫に見えるでしょう。,"「아무것도 생각해 치유하지 않지만, 그늘진 崕의 색이, 너무 예뻐서… … 보라색으로 보일 것입니다."
2382,紳士,この時突然けたたましい笑い声が、何か熱心に話し合っていた二人の中年の紳士の口から起こった。,이때 갑자기 참담한 웃음소리가 무언가 열심히 토론했던 두 명의 중년 신사의 입에서 일어났다.
2383,絶つ,寒気のために感覚の痲痺しかかった膝の関節はしいて曲げようとすると、筋を絶つほどの痛みを覚えた。,한기 때문에 감각이 흔들렸던 무릎 관절은 하고 굽히려고 하면 근육을 끊을 정도의 통증을 느꼈다.
2384,絶大な,ことに日清戦役という、その当時の日本にしては絶大な背景を背負っているので、この年少記者はある人々からは英雄の一人とさえして崇拝された。,"일일 청전역이라는 그 당시의 일본으로서는 절대적인 배경을 짊어지고 있기 때문에, 이 연소 기자는 어떤 사람들로부터는 영웅의 한사람이라고 해도 숭배되었다."
2385,絶望,鍵が合わないので、「糞っ」と後ろ向きになってつぶやく倉地の声が最後の宣告のように絶望的に低く部屋の中に響いた。,"열쇠가 맞지 않기 때문에, 「똥」이라고 뒤로 향해 중얼거린다 창지의 목소리가 마지막 선고와 같이 절망적으로 낮게 방안에 울렸다."
2386,締める,十五の時に、袴をひもで締める代わりに尾錠で締めるくふうをして、一時女学生界の流行を風靡したのも彼女である。,열 다섯 때 허리를 끈으로 묶는 대신 꼬리 자물쇠로 조이는 식으로 일시 여학생계의 유행을 풍미한 것도 그녀이다.
2387,繕う,田川博士はこのとっさの気まずい場面を繕うため何か言葉を入れてその不愉快な緊張をゆるめようとするらしかったが、夫人の悪意はせき立って募るばかりだった。,"타가와 박사는 이 순간의 어색한 장면을 솟기 위해 뭔가 말을 넣고 그 불쾌한 긴장을 풀어내려고 했지만, 부인의 악의는 설레게 모을 뿐이었다."
2388,群集,田川夫人は忙しく葉子から目を移して、群集に取っときの笑顔を見せながら、レースで笹縁を取ったハンケチを振らねばならなかった。,"타가와 부인은 바쁘게 하코에서 눈을 옮기고, 군집에 걸릴 때의 미소를 보이면서, 레이스로 사사연을 취한 한케치를 흔들어야 했다."
2389,義理,親しい間の人たちは別れの切なさに心がわくわくしてろくに口もきかず、義理一ぺんの見送り人は、ややともするとまわりに気が取られて見送るべき人を見失う。,"친한 사이의 사람들은 이별의 안타까움에 마음이 두근두근하고 몹시 입도 오지 않고, 요시이치페인의 배송인은, 조금도하면 주위에 신경이 쓰여 배워야 할 사람을 잃는다."
2390,翻す,帰ろうと思っている葉子の下心をおぼろげながら見て取って、それを翻す事はできないとあきらめていた。,"돌아가려고 하고 있는 하코의 하심을 울부짖으면서 보고, 그것을 뒤집을 수는 없다고 포기하고 있었다."
2391,聖書,ある時聖書の講義の講座でそっと机の下で仕事を続けていると、運悪くも教師に見つけられた。,"어느 때 성경 강의 강좌에서 부드럽게 책상 아래에서 일을 계속하고 있으면, 운 나쁘게도 교사에게 찾아냈다."
2392,肉体,心よりも肉体のほうがよけいに定子のいる所にひき付けられるようにさえ思えた。,마음보다 육체 쪽이 굳이 정자가 있는 곳에 사로잡히는 것 같았다.
2393,脅かす,どんな秘密が潜んでいるかだれも知る人のないその内部は、船中では機関室よりも危険な一区域と見なされていただけに、その入り口さえが一種人を脅かすような薄気味わるさを持っていた。,"어떤 비밀이 숨어 있는지 아무도 아는 사람이 없는 그 내부는, 선중에서는 기관실보다 위험한 한 구역으로 간주되어 받았을 뿐, 그 입구마저가 일종인을 위협하는 듯한 희미함을 가지고 있었다."
2394,腐敗,薄暗い腐敗した空気は蒸れ上がるように人を襲って、陰の中にうようよとうごめく群れの中からは太く錆びた声が投げかわされた。,"희미한 부패한 공기는 찐듯이 사람을 덮쳤고, 그늘 속에 어슬렁거리는 무리 중에서는 굵고 녹슨 목소리가 던져졌다."
2395,臆病な,あの自信のない臆病な男に自分はさっき媚びを見せようとしたのだ。,그 자신이 없는 겁쟁이 남자에게 자신은 조금 최음을 보려고 한 것이다.
2396,自尊心,自分もあんな事を想い、あんな事をいうのかと思うと、葉子の自尊心は思う存分に傷つけられた。,"자신도 그런 일을 생각해, 그런 일을 말할까라고 생각하자, 하코의 자존심은 마음껏 상처받았다."
2397,自己,事務長が自己の勢力範囲から離れてしまった事も不快の一つだった。,사무장이 자기의 세력범위에서 벗어난 것도 불편의 하나였다.
2398,良い・よし,自分の事すら次の瞬間には取りとめもないものを、他人の事――それはよし自分の血を分けた大切な独子であろうとも――などを考えるだけがばかな事だと思った。,"자신의 일조차 다음 순간에는 빼놓을 수 없는 것을, 타인의 일――그것은 좋아 자신의 피를 나눈 소중한 독자일지라도――등을 생각하는 것만이 어리석은 일이라고 생각했다."
2399,良心,あの自由らしく見える女の生活、男と立ち並んで自分を立てて行く事のできる女の生活……古い良心が自分の心をさいなむたびに、葉子は外国人の良心というものを見たく思った。,"그 자유롭게 보이는 여자의 생활, 남자와 나란히 자신을 세워 갈 수 있는 여자의 생활…"
2400,色彩,青白い皮膚に嵌め込まれたその紅さを、色彩に敏感な葉子は見のがす事ができなかった。,청백색 피부에 갇힌 그 붉은 색을 색채에 민감한 하자는 보지 못했다.
2401,芝居,役者下手なために、せっかくの芝居が芝居にならずにしまった事を物足らなく思った。,배우 서투른 때문에 모처럼의 연극이 연극이 되지 않고 버린 것을 부족하게 생각했다.
2402,芽,女の本能が生まれて始めて芽をふき始めた。,여자의 본능이 태어나서 싹이 터지기 시작했다.
2403,英雄,ことに日清戦役という、その当時の日本にしては絶大な背景を背負っているので、この年少記者はある人々からは英雄の一人とさえして崇拝された。,"일일 청전역이라는 그 당시의 일본으로서는 절대적인 배경을 짊어지고 있기 때문에, 이 연소 기자는 어떤 사람들로부터는 영웅의 한사람이라고 해도 숭배되었다."
2404,華奢な,十九でいながら十七にも十六にも見れば見られるような華奢な可憐な姿をした葉子が、慎みの中にも才走った面影を見せて、二人の妹と共に給仕に立った。,"19이면서 17도 16도 보면 볼 수 있는 화려한 가련한 모습을 한 하코가, 조심스럽게도 재달린 모습을 보여 두 명의 여동생과 함께 급사에 섰다."
2405,葛藤,死にかけた蛇ののたうち回るのを見やる蛇使いのように、葉子は冷ややかにあざ笑いながら、夫人の心の葛藤を見やっていた。,"죽은 뱀 가운데 돌리는 것을 보는 뱀사처럼, 하코는 서늘하게 멍하니 웃으면서 부인의 마음의 갈등을 보았다."
2406,融通,モンローの宣言は立派に文字になって残っているけれども、法律というわけではなし、文章も融通がきくようにできているので、取りようによっては、どうにでも伸縮する事ができるのです。,"먼로의 선언은 훌륭하게 문자가 되어 남아 있지만, 법률이라는 것은 아니고, 문장도 융통성이 있게 되어 있으므로, 취하기에 따라서는, 아무래도 신축할 수 있습니다."
2407,衆議院,衆議院議員の候補に立ってもみたり、純文学に指を染めてもみたり、旅僧のような放浪生活も送ったり、妻を持ち子を成し、酒にふけり、雑誌の発行も企てた。,중의원 의원 후보에 서서 보거나 순문학에 손가락을 물들여 보거나 여승과 같은 방랑생활도 보내거나 아내를 들고 술에 빠져 잡지 발행도 기획했다.
2408,衣類,葉子はその朝暗いうちに床を離れて、蔵の陰になつた自分の小部屋にはいって、前々から片づけかけていた衣類の始末をし始めた。,"하코는 그 아침 어두운 사이에 바닥을 떠나, 창고 그늘에 얽힌 자신의 작은 방에 들어가서, 이전부터 정리하고 있던 의류의 시말을 하기 시작했다."
2409,裸,妹だって裸でお嫁入りもできまいといわれれば、わたし立派に木村の妻になって御覧にいれます。,"여동생도 벌거벗고 신부들이도 할 수 없다고 하면, 나 훌륭하게 키무라의 아내가 되어 보러 갈 수 있습니다."
2410,要領,斎藤と呼ばれた、ワシントン公使館赴任の外交官補は、まっ赤になって、今まで葉子に向けていた目を大急ぎで博士のほうにそらして見たが、質問の要領をはっきり捕えそこねて、さらに赤くなって術ない身ぶりをした。,"사이토라고 불렸던 워싱턴 공사관 부임의 외교관보는 빨갛게 되어 지금까지 하코를 향하고 있던 눈을 급하게 박사 쪽으로 돌려보았는데, 질문의 요령을 확실히 잡아서 더욱 붉어져서 수술을 하지 않았다."
2411,見合わせる,葉子はそのくせ、船客と顔を見合わせるのが不快でならなかったので、事務長に頼んで船橋に上げてもらった。,"하코는 그 주제, 선객과 얼굴을 맞대는 것이 불쾌하지 않았기 때문에, 사무장에게 부탁해 후나바시에 올려 주었다."
2412,見失う,親しい間の人たちは別れの切なさに心がわくわくしてろくに口もきかず、義理一ぺんの見送り人は、ややともするとまわりに気が取られて見送るべき人を見失う。,"친한 사이의 사람들은 이별의 안타까움에 마음이 두근두근하고 몹시 입도 오지 않고, 요시이치페인의 배송인은, 조금도하면 주위에 신경이 쓰여 배워야 할 사람을 잃는다."
2413,見渡す,おっかぶさって来るかと見上くれば、目のまわるほど遠のいて見え、遠いと思って見れば、今にも頭を包みそうに近く逼ってる鋼色の沈黙した大空が、際限もない羽をたれたように、同じ暗色の海原に続く所から波がわいて、闇の中をのたうちまろびながら、見渡す限りわめき騒いでいる。,"아무쪼록 와줄까 봐 보면, 눈이 돌릴 정도로 멀어져 보이고, 멀다고 생각해 보면, 지금도 머리를 감싸듯이 가까이 날아가고 있는 강색의 침묵한 하늘이, 무한한 날개를 기울인 것처럼, 같은 암색의 해원에 이어지는 곳에서 파도가 뚫려, 어둠 속에서"
2414,見送る,列車の中からはある限りの顔が二人を見迎え見送るので、青年が物慣れない処女のようにはにかんで、しかも自分ながら自分を怒っているのが葉子にはおもしろくながめやられた。,"열차 안에서는 어느 한 얼굴이 두 사람을 맞이해 보냈기 때문에, 청년이 익숙하지 않은 처녀처럼 어쨌든, 게다가 자신이면서 자신을 화내고 있는 것이 하코에게는 재밌다."
2415,見違える,青灰色によごれていた雲そのものすらが見違えるように白く軽くなって美しい笹縁をつけていた。,청회색으로 얽혀 있던 구름 그 자체조차 보기 좋게 하얗고 가벼워져 아름다운 대나무를 붙이고 있었다.
2416,解剖,そして解剖刀のような日ごろの批判力は鉛のように鈍ってしまった。,그리고 해부도 같은 평소의 비판력은 납처럼 둔해져 버렸다.
2417,訪れる,この木部がたびたび葉子の家を訪れるようになった。,이 목부가 자주 하코의 집을 방문하게 되었다.
2418,試み,藍の地に簡単に白で模様を抜くだけならさしたる事でもないが、葉子は他人のまだしなかった試みを加えようとして、模様の周囲に藍と白とを組み合わせにした小さな笹縁のようなものを浮き上げて編み込んだり、ひどく伸び縮みがして模様が歪形にならないように、目立たないようにカタン糸を編み込んで見たりした。,"남쪽의 땅에 간단하게 흰색으로 무늬를 뽑을 뿐이라면 하는 것도 아니지만, 하코는 타인의 아직 하지 않았던 시도를 더하려고 하고, 무늬의 주위에 쪽과 흰색을 조합으로 한 작은 대나무 같은 것을 떠올려 뜨개질 하거나 심하게 늘어져 보이지 않게, 무늬가 왜곡되지 않게."
2419,試みる,始めて遠い航海を試みる葉子にしては、それが不思議なくらいたやすい旅だった。,"시작해 먼 항해를 시도하는 하코로 해서는, 그것이 신기해지기 쉬운 여행이었다."
2420,誇る,玄関にはいろいろの足駄や靴がならべてあったが、流行を作ろう、少なくとも流行に遅れまいというはなやかな心を誇るらしい履物といっては一つも見当たらなかった。,"현관에는 여러가지 소용돌이와 신발이 늘어서 있었지만, 유행을 만들자, 적어도 유행에 늦지 않는다고 하는 유연한 마음을 자랑하는 것 같은 신발이라고 해도 하나도 보이지 않았다."
2421,認める,そして少しひがんだ者たちは自分の愚を認めるよりも葉子を年不相当にませた女と見るほうが勝手だったから。,그리고 조금 왜곡된 사람들은 자신의 어리석음을 인정하는 것보다 하자를 연부상당하게 한 여자라고 보는 편이 마음이었으니까.
2422,語る,岡はさすがに育ちだけに事務長と葉子との間のいきさつを想像に任せて、はしたなく木村に語る事はしなかったらしい。,"오카는 과연 자란 만큼 사무장과 하코 사이의 인사를 상상에 맡기고, 하지 않고 기무라에게 말하는 것은 하지 않았던 것 같다."
2423,調和,それと入れ代わりに、帽子、上着、ズボン、ネクタイ、靴などの調和の少しも取れていないくせに、むやみに気取った洋装をした非番の下級船員たちが、ぬれた傘を光らしながら駆けこんで来た。,"그것과 넣는 대신 모자, 겉옷, 바지, 넥타이, 신발 등의 조화의 조금도 잡히지 않은 주제에, 함부로 기취한 양장을 한 비번의 하급 선원들이, 젖은 우산을 빛나면서 달려왔다."
2424,諸君,『諸君』とかなんとかいって大手を振り立ててしゃべっているのを、肝心の禁酒会員たちはあっけに取られて、黙ったまま引きさがって見ているんですから、見物人がわいわいとおもしろがってたかっているのも全くもっともですわ。,"『제군』이라든가 어쨌든 대기업을 휘두르고 말하고 있는 것을, 중요한 금주 회원들은 어리석게 잡히고, 조용히 끌어당겨 보고 있으니까, 구경꾼이 귀엽고 재밌고 싶어하는 것도 전혀 가장 좋네요."
2425,貧弱な,結婚前までは葉子のほうから迫ってみたにも係わらず、崇高と見えるまでに極端な潔癖屋だった彼であったのに、思いもかけぬ貪婪な陋劣な情欲の持ち主で、しかもその欲求を貧弱な体質で表わそうとするのに出っくわすと、葉子は今まで自分でも気がつかずにいた自分を鏡で見せつけられたような不快を感ぜずにはいられなかった。,"결혼 전까지는 하코 쪽에서 다가와 보았음에도 불구하고, 숭고하다고 보이기까지 극단적인 결버릇이었던 그였는데, 생각도 못하는 탐욕스러운 진열한 정욕의 소유자로, 게다가 의 욕구를 빈약한 체질로 드러내려고 하는데 나오자, 하코는 지금까지 스스로도 눈치채지 못하고 있던 자신을 거울로 보여준 것 같은 불편함을 느끼지 못할 수 없었다."
2426,貨幣,だれにも貧乏らしいけしきは露ほども見せないでいながら、葉子は始終貨幣一枚一枚の重さを計って支払いするような注意をしていた。,"누구에게도 가난한 것 같은 징계는 이슬만큼도 보이지 않고 있으면서, 하코는 시종화폐 한 장 한 장의 무게를 잰 지불하는 주의를 하고 있었다."
2427,資格,絵島丸が横浜の桟橋につながれている間から、人々の注意の中心となっていた田川夫人を、海気にあって息気をふき返した人魚のような葉子のかたわらにおいて見ると、身分、閲歴、学殖、年齢などといういかめしい資格が、かえって夫人を固い古ぼけた輪郭にはめこんで見せる結果になって、ただ神体のない空虚な宮殿のような空いかめしい興なさを感じさせるばかりだった。,"에지마마루가 요코하마의 부두에 연결되어 있는 사이로부터, 사람들의 주의의 중심이 되고 있던 타가와 부인을, 해기에 있어 숨을 되감은 인어와 같은 하자의 가까이에서 보면, 신분, 열력, 학식, 연령 등이라는 끔찍한 자격이 오히려 부인을 굳은 낡은 윤곽에 끼워 보이는 결과가 되어, 단지 신체가 없는 공허한 궁전과 같은 빈틈이 없는 흥미를 느끼게 할 뿐이었다."
2428,質素な,そしていろいろな風聞が、清教徒風に質素な早月の佗住居の周囲を霞のように取り巻き始めた。,그리고 여러가지 풍문이 청교도풍에 질소한 이른 달 혜주주변을 서리처럼 둘러싸기 시작했다.
2429,赴任,斎藤と呼ばれた、ワシントン公使館赴任の外交官補は、まっ赤になって、今まで葉子に向けていた目を大急ぎで博士のほうにそらして見たが、質問の要領をはっきり捕えそこねて、さらに赤くなって術ない身ぶりをした。,"사이토라고 불렸던 워싱턴 공사관 부임의 외교관보는 빨갛게 되어 지금까지 하코를 향하고 있던 눈을 급하게 박사 쪽으로 돌려보았는데, 질문의 요령을 확실히 잡아서 더욱 붉어져서 수술을 하지 않았다."
2430,軽蔑,……なら余の部屋もついでに見せておもらいしましょうかしらん」女中はもう葉子には軽蔑の色は見せなかった。,… … 그렇다면 여유로운 방도 드디어 보여주도록 하겠습니다」 여중은 이미 하코에게는 경멸의 색은 보이지 않았다.
2431,輝く,そうやって気を静めようと目をつぶっているうちに、まつ毛を通し袖を通して木部の顔とことにその輝く小さな両眼とがまざまざと想像に浮かび上がって来た。,"그렇게 신경을 쓰러뜨리려고 눈을 부시고 있는 사이에, 속눈썹을 통해 소매를 통해서 목부의 얼굴과 그 빛나는 작은 양안이 곧바로 상상에 떠오르고 왔다."
2432,農地,そして水夫のような仕事にはとても役に立たないから、幸いオークランドに小農地を持ってとにかく暮らしを立てている甥を尋ねて厄介になる事になったので、礼かたがた暇乞いに来たというのだった。,"그리고 미즈오와 같은 일에는 매우 도움이 되지 않기 때문에 다행히 오클랜드에 소농지를 들고 어쨌든 생활을 세우고 있는 조카를 물어 귀찮게 되게 되었기 때문에, 예뻐하는 여유로움에 왔다는 것이었다."
2433,返答,「僕は飲みません」「おやなぜ」「飲みたくないから飲まないんです」この角ばった返答は男を手もなくあやし慣れている葉子にも意外だった。,「나는 마시지 않는다」 「아저 왜」 「마시고 싶지 않기 때문에 마시지 않습니다」
2434,迫る,しかし葉子も勢いに乗って追い迫るような事はしなかった。,그러나 하코도 기세를 타고 몰두하는 일은 하지 않았다.
2435,退学,それを聞くと「そうでございますか」と無造作にいいながら、ヴァイオリンを窓の外にほうりなげて、そのまま学校を退学してしまったのも彼女である。,"그것을 들으면 ""그렇습니까?""라고 무조작에 좋으면서, 바이올린을 창 밖으로 향하게 하고, 그대로 학교를 퇴학해 버린 것도 그녀이다."
2436,連中,そこからだんだん細く糸のようにつながれて若い留学生とか学者とかいう連中が陣を取り、それからまただんだん太くつながれて、葉子と少年少女らの群れがいた。,"거기에서 점점 가늘게 실처럼 연결되어 젊은 유학생이라든지 학자라든가 연중이 진을 잡고, 그리고 다시 점점 굵게 연결되어, 하코와 소년 소녀들의 무리가 있었다."
2437,進行,汽車は徐々に進行をゆるめていた。,기차는 서서히 진행을 풀고 있었다.
2438,運命,そして運命は不思議ないたずらをするものだ。,그리고 운명은 신기한 장난을 하는 것이다.
2439,遠ざかる,船に乗った当座は、しばらくの間は忘れるようにこの不快な痛みから遠ざかる事ができて、幾年ぶりかで申し所のない健康のよろこびを味わったのだったが、近ごろはまただんだん痛みが激しくなるようになって来ていた。,"배를 타던 당좌는 잠시 잊을 수 있도록 이 불쾌한 통증에서 멀어질 수 있어 수년 만에 신청이 없는 건강의 여유를 느꼈지만, 최근에는 또 점점 통증이 심해지게 되어 왔다."
2440,遮断,地上の生活からすっかり遮断された船の中には、ごく小さな事でも目新しい事件の起こる事のみが待ち設けられていた。,지상의 생활에서 완전히 차단된 배 중에는 극히 작은 것에서도 새로운 사건이 일어나는 일만 기다리고 있었다.
2441,郷土,ことに東京生まれといってもいいくらい都慣れた言葉や身のこなしの間に、ふと東北の郷土の香いをかぎ出した時にはかんで捨てたいような反感に襲われた。,"일에 도쿄 태생이라고 해도 좋을 정도로 친숙한 말이나 몸짓의 사이에, 문득 동북의 향토의 향기를 내밀었을 때에는 감으로 버리고 싶은 반감에 습격당했다."
2442,配置,松が自然に美しく配置されて生え茂った岩がかった岸がすぐ目の先に見えて、海はいかにも入り江らしく可憐なさざ波をつらね、その上を絵島丸は機関の動悸を打ちながら徐かに走っていた。,"소나무가 자연스럽게 아름답게 배치되어 낳은 바위가 달린 해안이 바로 눈앞에 보이고, 바다는 아무리 들어가는 것 같고 가련한 잔물결을 끌고, 그 위에를 에지마마루는 기관의 동계를 치면서 서서히 달리고 있었다."
2443,鈍感な,筆一本握る事もせずに朝から晩まで葉子に膠着し、感傷的なくせに恐ろしくわがままで、今日今日の生活にさえ事欠きながら、万事を葉子の肩になげかけてそれが当然な事でもあるような鈍感なお坊ちゃんじみた生活のしかたが葉子の鋭い神経をいらいらさせ出した。,"붓 한 개 잡는 일도 하지 않고 아침부터 저녁까지 하코에게 교착하고, 감상적인 주제에 무섭게 몹시 채우고, 오늘 오늘의 생활조차도 부족하면서, 만사를 하코의 어깨에 올려 놓고 그것이 당연한 일이기도 한 둔감한 멍하니 보인 생활의 방법이 하자의 날카로운 신경을"
2444,錯覚,それにたたずんでいるのに足が爪先からだんだんに冷えて行って、やがて膝から下は知覚を失い始めたので、気分は妙に上ずって来て、葉子の幼い時からの癖である夢ともうつつとも知れない音楽的な錯覚に陥って行った。,"거기에 묻고 있는데 발이 발끝에서 점점 식어가고, 이윽고 무릎에서 아래는 지각을 잃기 시작했기 때문에, 기분은 묘하게 올라와, 하코의 어릴 때부터의 버릇인 꿈과 더불어 알 수 없는 음악적인 착각에 빠져 갔다."
2445,隣,古藤が隣座にいるのさえ、一種の苦痛だった。,고토가 이웃에 있는 것조차 일종의 고통이었다.
2446,雑貨,背水の陣と自分でもいっているように、亡父の財産をありったけ金に代えて、手っ払いに日本の雑貨を買い入れて、こちらから通知書一つ出せば、いつでも日本から送ってよこすばかりにしてあるものの、手もとにはいささかの銭も残ってはいなかった。,"배수의 진과 스스로도 말하고 있듯이, 망부의 재산을 있던 돈을 대신해, 수수께끼에 일본의 잡화를 매입해, 이쪽으로부터 통지서 하나 내면, 언제라도 일본으로부터 보내서 굉장히 하고 있지만, 손바닥에는 약간의 동전도 남아 있지 않았다."
2447,青春,女にしてもみまほしいかの華車な青春の姿がどうかするといとしい思い出となって、葉子の心のすみに潜むようになった。,"여자로 해도 미마 희망의 화차인 청춘의 모습이 어떨까라고 하는 추억이 되어, 하코의 마음의 속에 잠잠하게 되었다."
2448,面会,木部が狂気のようになって、ようやく葉子の隠れ場所を見つけて会いに来た時は、葉子は冷静な態度でしらじらしく面会した。,목부가 광기처럼 되어 마침내 하코의 숨은 곳을 찾아 만나러 왔을 때는 하코는 냉정한 태도로 부드럽게 면회했다.
2449,面目,男一匹なりゃどこにころがり込んだからって、――そんな経験もおもしろいくらいのものですが、これんばかりじゃあなたが足りなかろうと思うと、面目もないんです。,"남자 한마리라면 어디에 몰려들었으니까,――그런 경험도 재미있을 정도의 것입니다만, 이것만으로는 당신이 부족하자고 생각하면, 면목도 없습니다."
2450,革命,葉子の多感な心は、自分でも知らない革命的ともいうべき衝動のためにあてもなく揺ぎ始めた。,"하코의 다감한 마음은, 스스로도 모르는 혁명적이라고도 할 충동 때문에 엄청나게 흔들리기 시작했다."
2451,預金,葉子は抜け毛の丸めたのや、巻煙草の袋のちぎれたのが散らばって箒の目一つない自分の家の前を目をつぶって駆けぬけたいほどの思いをして、ついそばの日本銀行にはいってありったけの預金を引き出した。,"하코는 탈모가 둥글게 되었는데, 권연초 봉투의 찢어진 것이 흩어져서 빗자루의 눈 하나 없는 자신의 집 앞을 눈을 감고 달려가고 싶을 정도의 생각을 하고, 꼼꼼한 일본은행에 들어가 있던 돈의 예금을 꺼냈다."
2452,顧みる,その瞑想的な無邪気な態度が、葉子の内部的経験や苦悶と少しも縁が続いていないで、二人の間には金輸際理解が成り立ち得ないと思うと、彼女は特別に毛色の変わった自分の境界に、そっとうかがい寄ろうとする探偵をこの青年に見いだすように思って、その五分刈りにした地蔵頭までが顧みるにも足りない木のくずかなんぞのように見えた。,"그 명상적인 순진한 태도가 하코의 내부적 경험이나 고민과 조금도 인연이 이어지지 않고, 두 사람 사이에는 금수시 이해가 성립할 수 없다고 생각하면, 그녀는 특별히 모색이 변한 자 분의 경계에, 살짝 엿보려고 하는 탐정을 이 청년에게 찾아내도록(듯이) 생각해, 그 5분 깎은 지장두까지가 돌보는데도 부족한 나무의 찌그러짐 같은 것처럼 보였다."
2453,風俗,和服よりもはるかに洋服に適した葉子は、そこの交際社会でも風俗では米国人を笑わせない事ができる。,"일본 옷보다 훨씬 옷에 적합한 하코는, 거기의 교제 사회에서도 풍속에서는 미국인을 웃게 하지 못할 수 있다."
2454,風車,くずした崕の土で埋め立てをして造った、桟橋まで小さな漁村で、四角な箱に窓を明けたような、生々しい一色のペンキで塗り立てた二三階建ての家並みが、けわしい斜面に沿うて、高く低く立ち連なって、岡の上には水上げの風車が、青空に白い羽根をゆるゆる動かしながら、かったんこっとんとのんきらしく音を立てて回っていた。,쓰레기 똥의 흙으로 매립을 하여 만들어진 부두까지 작은 어촌에서 사각형 상자에 창문을 밝힌 것 같은 생생한 일색 페인트로 칠한 23층 건물의 집이 귀엽다 경사면을 따라 높게 낮게 서서 오카 위에는 수상 풍차가 푸른 하늘에 하얀 날개를 느슨하게 움직이면서 가볍게 푹신한 소리를 내고 돌고 있었다.
2455,飽きる,葉子の心はただ渾沌と暗く固まった物のまわりを飽きる事もなく幾度も幾度も左から右に、右から左に回っていた。,"하코의 마음은 단지 혼돈과 어둡고 굳어진 물건의 주위를 질리지 않고 몇번이나 몇번이나 왼쪽에서 오른쪽으로, 오른쪽에서 왼쪽으로 돌고 있었다."
2456,骨董品,父の書斎道具や骨董品は蔵書と一緒に糶売りをされたが、売り上げ代はとうとう葉子の手にははいらなかった。,"아버지의 서재 도구와 골동품은 장서와 함께 매도를 받았지만, 매출대는 드디어 하코의 손에는 필요하지 않았다."
2457,魂,二葉子は木部が魂を打ちこんだ初恋の的だった。,후타바코는 목부가 영혼을 쳤던 첫사랑의 적이었다.
2458,くっきり,雪におおわれた野は雷電峠のふもとのほうへ爪先上がりに広がって、おりから晴れ気味になった雲間を漏れる日の光が、地面の陰ひなたを銀と藍とでくっきりといろどっている。,"눈에 덮인 들판은 뇌전 고개의 기슭 쪽으로 발톱 위로 퍼져 있어, 오리에서 맑은 기운이 된 구름 사이를 새는 햇빛이, 지면의 그늘 히나타를 은과 남쪽으로 뚜렷하게 다양하게 하고 있다."
2459,ぼろぼろ,春立った時節とは言いながら一日寒空に、切り株の上にさらされていたので、飯粒は一粒一粒ぼろぼろに固くなって、持った手の中からこぼれ落ちる。,봄에 서있는 시절이라고는 말하면서 하루 한 하늘에 그루터기에 노출되어 있었기 때문에 쌀알은 한 알 한 덩어리로 굳어지고 들고 손에서 흘러내린다.
2460,めいめい,漁夫たちは力強い鈍さをもって、互いに今まで立ち尽くしていた所を歩み離れてめいめいの持ち場につく。,"어부들은 강력한 둔함을 가지고, 서로 지금까지 서서 있던 곳을 걸어 멀어서 현기증의 들판에 붙는다."
2461,一気に,灰色からねずみ色に、ねずみ色から墨色にぼかされた大きな紙を目の前にかけて、上から下へと一気に視線を落として行く時に感ずるような速さで、昼の光は夜の闇に変わって行こうとしていた。,"회색에서 쥐색으로, 쥐색에서 먹색으로 흐려진 큰 종이를 눈앞에 걸고, 위에서 아래로 단번에 시선을 떨어뜨려 갈 때에 느껴지는 속도로, 낮의 빛은 밤의 어둠으로 바뀌어 가려고 하고 있었다."
2462,不景気,汗水が凝り固まってできたような銀行の貯金は、その銀行が不景気のあおりを食って破産したために、水の泡になってしまった。,땀수가 굳어지고 생긴 듯한 은행의 저금은 그 은행이 불경기의 속을 먹고 파산했기 때문에 물의 거품이 되어 버렸다.
2463,丘,ニセコアンの丘陵の裂け目からまっしぐらにこの高原の畑地を目がけて吹きおろして来る風は、割合に粒の大きい軽やかな初冬の雪片をあおり立てあおり立て横ざまに舞い飛ばした。,니세코안의 구릉의 찢어짐으로부터 확실히 이 고원의 밭을 눈에 띄게 불어 오는 바람은 비율에 알갱이가 큰 경쾌한 초겨울의 눈송이를 엎드려 놓고 옆으로 날아갔다.
2464,丘陵,ニセコアンの丘陵の裂け目からまっしぐらにこの高原の畑地を目がけて吹きおろして来る風は、割合に粒の大きい軽やかな初冬の雪片をあおり立てあおり立て横ざまに舞い飛ばした。,니세코안의 구릉의 찢어짐으로부터 확실히 이 고원의 밭을 눈에 띄게 불어 오는 바람은 비율에 알갱이가 큰 경쾌한 초겨울의 눈송이를 엎드려 놓고 옆으로 날아갔다.
2465,会心,「くだらない出来がこれほどなら、会心の作というのはたいしたものでしょうね」とかなんとか。,"「부끄러운 일이 이 정도라면, 회심의 작품이라고 하는 것은 대단한 것이지요」라든가 어떻게든."
2466,傾斜,いろいろな光度といろいろな光彩でちりばめられた無数の星々の間に、冬の空の誇りなる参宿が、微妙な傾斜をもって三つならんで、何かの凶徴のようにひときわぎらぎらと光っていた。,다양한 광도와 다양한 광채로 박혀진 무수한 별들 사이에 겨울 하늘의 자랑스러운 참숙이 미묘한 경사를 가지고 세가지로 되어 무언가의 흉징처럼 한층 빛나고 있었다.
2467,努める,日光と雲との明暗にいろどられた雪の重なりには、熱愛をもって見きわめようと努める人々にのみ説き明かされる貴いなぞが潜めてあった。,햇빛과 구름과의 명암에 여러가지 눈이 겹치는 데는 열애를 갖고 바라보려고 노력하는 사람들에게만 밝혀지는 귀한 수수께끼가 숨어 있었다.
2468,励ます,君は励ます言葉も慰める言葉も知らなかった。,너는 격려하는 말도 위로하는 말도 몰랐다.
2469,勇ましい,なんとも言えない勇ましい新しい力――上げ潮のように、腹のどん底からむらむらとわき出して来る新しい力を感じて、君は「さあ来い」と言わんばかりに、艪をひしげるほど押しつかんだ。,"정말 말할 수 없는 용감한 새로운 힘――올리기 조수처럼, 배의 밑바닥에서 부드럽게 튀어나오는 새로운 힘을 느끼고, 너는 「자아오라」라고 말할 뿐, 배를 꽉 잡을 정도로 잡았다."
2470,勤勉な,もし彼に独自の道を切り開いて行く天稟がないのなら、どうか正直な勤勉な凡人として一生を終わってくれ。,"만약 그에게 독자적인 길을 열어 가는 천련이 없다면, 어쩐지 정직한 근면한 범인으로서 평생을 끝내 줘."
2471,危機,心の中に起こったそんな危機の中で、私は捨て身になって、見も知らぬ新しい世界に乗り出す事を余儀なくされた。,"마음 속에 일어난 그런 위기 속에서, 나는 버려 몸이 되어, 모르는 새로운 세계에 나설 것을 강요당했다."
2472,反響,遠い山のほうからその汽笛の音はかすかに反響になって、二重にも三重にも聞こえて来た。,"먼 산 쪽에서 그 기피의 소리는 희미하게 반향이 되어, 이중에도 삼중에도 들려왔다."
2473,同感,私の鈍い頭にも同感というものの力がどのくらい働きうるかを私は自分でためしてみたいのだ。,나의 둔한 머리에도 동감이라는 것의 힘이 얼마나 일할 수 있는지를 나는 스스로 위해 하고 싶은 것이다.
2474,味わう,しかしながら狐疑は待ちかまえていたように、君が満足の心を充分味わう暇もなく、足もとから押し寄せて来て君を不安にする。,"그러나 여의는 기다리고 있던 것처럼, 너가 만족의 마음을 충분히 맛볼 틈도 없고, 발밑에서 밀려와 너를 불안하게 한다."
2475,圧倒,地球の北端――そこでは人の生活が、荒くれた自然の威力に圧倒されて、痩地におとされた雑草の種のように弱々しく頭をもたげてい、人類の活動の中心からは見のがされるほど隔たった地球の北端の一つの地角に、今、一つのすぐれた魂は悩んでいるのだ。,"지구의 북단――거기에서는 사람의 생활이, 거칠어진 자연의 위력에 압도되어, 슬리퍼에 취해진 잡초의 씨처럼 약하게 머리를 갖고 있어, 인류의 활동의 중심으로부터는 볼 수 있을 만큼 멀어진 지구의 북단의 하나의 지각에, 지금, 하나의 뛰어난 영혼은 고민하고 있다"
2476,地獄,彼らがそれを意識せず、生きるという事はすべてこうしたものだとあきらめをつけて、疑いもせず、不平も言わず、自分のために、自分の養わなければならない親や妻や子のために、毎日毎日板子一枚の下は地獄のような境界に身を放げ出して、せっせと骨身を惜しまず働く姿はほんとうに悲壮だ。,"그들이 그것을 의식하지 않고, 살아가는 것은 모두 이런 것이라고 포기하고, 의심하지 않고, 불평도 말하지 않고, 자신을 위해서, 자신이 기르지 않으면 안 되는 부모나 아내나 아이를 위해서, 매일 매일 판자 한 장 아래는 지옥과 같은 경계에 몸을 던지며, 시끄럽게 뼈."
2477,天地,突然、ど、ど、ど‥‥という音が――運動が（そういう場合、音と運動との区別はない）天地に起こった。,"갑자기, 어딘가, 어딘가‥‥라는 소리가――운동이(그런 경우, 소리와 운동과의 구별은 없다) 천지에 일어났다."
2478,契約,建網に損じの有る無し、網をおろす場所の海底の模様、大釜を据えるべき位置、桟橋の改造、薪炭の買い入れ、米塩の運搬、仲買い人との契約、肥料会社との交渉‥‥そのほか鰊漁の始まる前に漁場の持ち主がしておかなければならない事は有り余るほどあるのだ。,"건망에 손해가 있는 없음, 그물을 떨어뜨리는 장소의 해저의 모양, 가마솥을 설치해야 할 위치, 부두의 개조, 장탄의 매입, 미소금의 운반, 중매인과의 계약, 비료회사와의 협상‥‥그 외 어깨가 시작되기 전에는 어장의 소유자가 하고 있다."
2479,奪う,だれだったか何かの雑誌で『愛は奪う』というものを書いて、人間が物を愛するのはその物を強奪るだと言っていたようだが、おら山を見ていると、そんな気は起こしたくも起こらないね。,"누구였는지 뭔가의 잡지에서 『사랑은 빼앗는다』라는 것을 쓰고, 인간이 물건을 사랑하는 것은 그 물건을 강탈한다고 말했던 것 같지만, 어머니 산을 보고 있으면, 그런 마음은 일으키고 싶어도 일어나지 않네."
2480,定める,「おも舵っ」「右にかわすだってえば」「右だ‥‥右だぞっ」「帆綱をしめろやっ」「友船は見えねえかよう、いたらくっつけやーい」どう吹こうとためらっていたような疾風がやがてしっかり方向を定めると、これまでただあてもなく立ち騒いでいたらしく見える三角波は、だんだんと丘陵のような紆濤に変わって行った。,"""오타타"" ""오른쪽으로 바꿔라면"" ""오른다‥‥오른다"" ""돛을 치자"" 그런 질풍이 이윽고 제대로 방향을 정하자, 지금까지 단지 굉장히 떠들썩하고 있었던 것처럼 보이는 삼각파는, 점점 구릉과 같은 유황으로 바뀌어 갔다."
2481,尊い・貴い,「だれも気もつかず注意も払わない地球のすみっこで、尊い一つの魂が母胎を破り出ようとして苦しんでいる」私はそう思ったのだ。,"“아무도 신경쓰지 않고 주의도 하지 않는 지구의 속눈썹으로, 하나의 소중한 영혼이 모태를 찢어내려고 괴로워하고 있다” 나는 그렇게 생각한 것이다."
2482,導く,そして彼らが彼らの導くような生活をするのは道理があると合点がゆく。,그리고 그들이 그들이 인도하는 삶을 사는 것은 도리가 있다고 합점이 간다.
2483,居住,そして雲が空を動くたびごとに、山は居住まいを直したかのように姿を変える。,그리고 구름이 하늘을 움직일 때마다 산은 거주지를 고친 것처럼 모습을 바꾼다.
2484,山腹,山脚は海の中に、山頂は雲の中に、山腹は雪の中にもみにもまれながら、決して動かないものが始めて君たちの前に現われたのだ。,"산각은 바다 속에, 산 정상은 구름 속에, 산복은 눈 속에 전나무에 빠지면서, 결코 움직이지 않는 것이 시작되어 너희들 앞에 나타난 것이다."
2485,崩壊,いつのまにか元どおりな崩壊したようなさびしい表情に満たされて涯もなく君の周囲に広がっていた。,언젠가 원래대로 붕괴한 듯한 녹슨 표정으로 채워져 평생 없이 너의 주위에 퍼져 있었다.
2486,平常,どうすればこの苦しさこのさびしさから救われるのだろう」平常のこの考えがＫと向かい合っても頭から離れないので、君は思わず「親父にも兄貴にもすまない」と言ってしまったのだ。,"어떻게 하면 이 괴로움 이 녹슬지에서 구원받을 것이다"" 평상의 이 생각이 K와 마주해도 머리에서 떠나지 않기 때문에, 너는 무심코 ""아버지에게도 형님에게도 미안하다""고 말해 버린 것이다."
2487,広大な,なんという広大なおごそかな景色だ。,무슨 광대한 굉장한 경치다.
2488,微塵,私の庭下駄に踏まれた落ち葉はかわいた音をたてて微塵に押しひしゃがれた。,나의 정원 나막신에 밟힌 낙엽은 귀찮은 소리를 내어 미진하게 밀려났다.
2489,忍耐,ましてや彼らがこの目ざましいけなげな生活を、やむを得ぬ、苦しい、しかし当然な正しい生活として、誇りもなく、矯飾もなく、不平もなく、素直に受け取り、軛にかかった輓牛のような柔順な忍耐と覚悟とをもって、勇ましく迎え入れている、その姿を見ると、君は人間の運命のはかなさと美しさとに同時に胸をしめ上げられる。,"하물며 그들이 이 눈부신 괴로운 생활을, 부득이한, 괴롭지만, 당연한 올바른 생활로서, 자랑도 없고, 교식도 없고, 불평도 없고, 솔직하게 받아, 엄청나게 걸린 황소와 같은 유순한 인내와 각오를 가지고 용감하게 맞이하고 있는 그 모습을 보면, 너는 인간의 운명의 은혜와 아름다움에 동시에 가슴을 다듬어진다."
2490,成就,しかしいったんその企図が頭をもたげたが最後、君は魅入られた者のように、もがき苦しみながらも、じりじりとそれを成就するためには、すべてを犠牲にしても悔いないような心になって行くのだ、その恐ろしい企図とは自殺する事なのだ。,"그러나 일단 그 기도가 고개를 돌렸지만 마지막으로, 너는 매료된 자처럼, 괴롭힘을 당하면서도, 꾸준히 그것을 성취하기 위해서는, 모든 것을 희생해도 회개하지 않는 마음이 되어 가는 것이다, 그 무서운 기도와는 자살하는 일이다."
2491,所有,また落葉松の幹の表皮からあすこここにのぞき出している針葉の一本をも見のがさずに、愛撫し理解しようとする、スケッチ帳で想像されるような鋭敏な神経の所有者らしい姿はどこにあるのだろう。,"또 낙엽송의 줄기의 표피로부터 아스코 여기에 들여다 보고 있는 침엽의 한 개도 보지 않고, 애무해 이해하려고 하는, 스케치장에서 상상되는 듯한 예민한 신경의 소유자다운 모습은 어디에 있을 것이다."
2492,打ち込む,模範船からすぐ引き上げろという信号がかかったので、今までも気づかいながら仕事を続けていた漁船は、打ち込み打ち込む波濤と戦いながら配縄をたくし上げにかかったけれども、吹き始めた暴風は一秒ごとに募るばかりで、船頭はやむなく配縄を切って捨てさせなければならなくなった。,"모범선에서 바로 끌어올리라는 신호가 걸렸기 때문에, 지금까지도 눈치채면서 일을 계속하고 있던 어선은, 박아 치는 파도와 싸우면서 배나무를 치고 올리기에 걸렸지만, 불기 시작한 폭풍은 1초마다 모집만 하고, 선두는 어쩔 수 없이 배너를 자르고 버리게 한다."
2493,打撃,家から火事を出すとか、家から出さないまでも類焼の災難にあうとか、持ち船が沈んでしまうとか、働き盛りの兄上が死病に取りつかれるとか、鰊の群来がすっかりはずれるとか、ワク船が流されるとか、いろいろに想像されるこれらの不幸の一つだけに出くわしても、君の家にとっては、足腰の立たない打撃となるのだ。,"집에서 화재를 내거나 집에서 나오지 않을 때까지 류 야키의 재난에 빠지거나, 소지품이 가라 앉거나, 일하는 형제가 사병에 사로 잡히거나, 떡의 군중이 걸리지 않거나, 우주선이 흘러나가거나, 여러가지 상상되는 이러한 불행의 하나만을 만나도, 너의 집에 있어서는, 발바닥이 서지 않는 타격이 되는 것이다."
2494,拒絶,新しい生活の芽が周囲の拒絶をも無みして、そろそろと芽ぐみかけていた。,"새로운 생활의 싹이 주위의 거절도 없고, 슬슬 싹트고 있었다."
2495,捕獲,こうして岩内じゅうの漁夫たちが一生懸命に捕獲して来た魚はまたたくうちにさらわれてしまって、墨のように煙突から煙を吐く怪物のような会社の製造所へと運ばれて行く。,이렇게 해서 이와우치 준의 어부들이 열심히 포획해 온 물고기는 또 굉장히 노출되어 먹과 같이 굴뚝에서 연기를 토하는 괴물 같은 회사의 제조소로 옮겨 간다.
2496,据える,建網に損じの有る無し、網をおろす場所の海底の模様、大釜を据えるべき位置、桟橋の改造、薪炭の買い入れ、米塩の運搬、仲買い人との契約、肥料会社との交渉‥‥そのほか鰊漁の始まる前に漁場の持ち主がしておかなければならない事は有り余るほどあるのだ。,"건망에 손해가 있는 없음, 그물을 떨어뜨리는 장소의 해저의 모양, 가마솥을 설치해야 할 위치, 부두의 개조, 장탄의 매입, 미소금의 운반, 중매인과의 계약, 비료회사와의 협상‥‥그 외 어깨가 시작되기 전에는 어장의 소유자가 하고 있다."
2497,採掘,硫黄採掘場の風景画もとうとう私の手もとには届いて来なかった。,유황 채굴장의 풍경화도 드디어 제 손에 들어오지 않았다.
2498,暴れる,海の上はただ狂い暴れる風と雪と波ばかりだ。,바다 위는 단지 미친 날뛰는 바람과 눈과 물결뿐이다.
2499,暴風,模範船からすぐ引き上げろという信号がかかったので、今までも気づかいながら仕事を続けていた漁船は、打ち込み打ち込む波濤と戦いながら配縄をたくし上げにかかったけれども、吹き始めた暴風は一秒ごとに募るばかりで、船頭はやむなく配縄を切って捨てさせなければならなくなった。,"모범선에서 바로 끌어올리라는 신호가 걸렸기 때문에, 지금까지도 눈치채면서 일을 계속하고 있던 어선은, 박아 치는 파도와 싸우면서 배나무를 치고 올리기에 걸렸지만, 불기 시작한 폭풍은 1초마다 모집만 하고, 선두는 어쩔 수 없이 배너를 자르고 버리게 한다."
2500,模範,模範船（港内に四五艘あるのだが、船も大きいし、それに老練な漁夫が乗り込んでいて、他の船にかけ引き進退の合図をする）の船頭が頭をあつめて相談をし始める。,모범선(항구에 45종이 있는데 배도 크고 거기에 노련한 어부가 탑승하고 있어 다른 배에 걸려서 진퇴의 신호를 한다)의 선두가 머리를 모아 상담을 하기 시작한다.
2501,樹木,そしてどれにも山と樹木ばかりが描かれてあった。,그리고 아무도 산과 수목만이 그려져 있었다.
2502,比重,ざぶり‥‥ざぶり‥‥寒気のために比重の高くなった海の水は、凍りかかった油のような重さで、物すごいインド藍の底のほうに、雲間を漏れる日光で鈍く光る配縄の餌をのみ込んで行く。,자부리‥‥자부리‥‥한기 때문에 비중이 높아진 바다의 물은 얼어붙은 기름과 같은 무게로 굉장한 인도 남쪽 바닥쪽에 구름을 흘리는 햇빛으로 둔하게 빛나는 배나무의 먹이를 담아 간다.
2503,没頭,明鯛から鱈、鱈から鰊、鰊から烏賊というように、四季絶える事のない忙しい漁撈の仕事にたずさわりながら、君は一年じゅうかの北海の荒波や激しい気候と戦って、さびしい漁夫の生活に没頭しなければならなかった。,"明鯛에서 鱈, 鱈에서 鰊, 鰊에서 烏賊 등, 사계절 끊이지 않는 바쁜 어림의 일에 부딪치면서, 너는 일년 중 북해의 황제와 격렬한 기후와 싸워, 녹슨 어부의 생활에 몰두해야 했다."
2504,沸騰,胆振の分水嶺から分かれて西南をさす一連の山波が、地平から力強く伸び上がってだんだん高くなりながら、岩内の南方へ走って来ると、そこに図らずも陸の果てがあったので、突然水ぎわに走りよった奔馬が、そろえた前脚を踏み立てて、思わず平頸を高くそびやかしたように、山は急にそそり立って、沸騰せんばかりに天を摩している。,"담진의 분수령에서 나뉘어 서남을 가리키는 일련의 야마나미가, 지평으로부터 힘차게 뻗어 점점 높아지면서, 이와우치의 남쪽으로 달려 오면, 거기에 도모하지 않고도 육지의 끝이 있다 그러므로 갑자기 물이 뻗어 달렸던 분마가 갖추어진 앞다리를 밟고 무심코 평경을 높이 우뚝 솟은 것처럼 산은 갑자기 솟아오르고 끓는 듯한 하늘을 닦고 있다."
2505,泥沼,君の父上と兄上と妹とが気をそろえて水入らずにせっせと働くにも係わらず、そろそろと泥沼の中にめいり込むような家運の衰勢をどうする事もできなかった。,"너의 아버지와 형상과 여동생이 신경을 갖고 물에 들어가지 않고 조심스럽게 일하는 것에도 불구하고, 슬슬 늪 속에 몰입하는 가운의 쇠세를 어떻게 할 수도 없었다."
2506,消息,その後君からは一度か二度問い合わせか何かの手紙が来たきりでぱったり消息が途絶えてしまった。,그 후 너에게서는 한 번이나 두번 문의인지 뭔가 편지가 온 듯이 빠지거나 소식이 끊어져 버렸다.
2507,淡い,北西の風が東に回るにつれて、単色に堅く凍りついていた雲が、蒸されるようにもやもやとくずれ出して、淡いながら暖かい色の晴れ雲に変わって行く。,북서쪽의 바람이 동쪽으로 돌면서 단색으로 단단히 얼어붙던 구름이 찐듯이 다소 어긋나고 밝고 따뜻한 색의 맑은 구름으로 변해 간다.
2508,漂う,艫を波のほうへ向ける事も得しないで、力なく漂う船の前まで来ると、波の山は、いきなり、獲物に襲いかかる猛獣のように思いきり背延びをした。,"활을 물결쪽으로 향하는 것도 얻지 않고, 힘 없이 떠다니는 배 앞까지 오자 파도의 산은 갑자기 먹이에 습격하는 맹수처럼 마음껏 등을 돌렸다."
2509,熱湯,山すその岩壁に打ちつけた波は、煮えくりかえった熱湯をぶちつけたように、湯げのような白沫を五丈も六丈も高く飛ばして、反りを打ちながら海の中にどっとくずれ込む。,"산의 그 암벽에 박은 파도는 끓인 따뜻한 온수를 부딪힌 것처럼, 온수와 같은 백말을 오장도 육장도 높게 날려, 휨을 치면서 바다 속으로 쭉 어긋나게 한다."
2510,物体,樹木モドウモ物体感ニトボシク思ワレマス。,수목 모도모 물체감 니트보식 생각 와레마스.
2511,独自,もし彼に独自の道を切り開いて行く天稟がないのなら、どうか正直な勤勉な凡人として一生を終わってくれ。,"만약 그에게 독자적인 길을 열어 가는 천련이 없다면, 어쩐지 정직한 근면한 범인으로서 평생을 끝내 줘."
2512,生かす,しかし自然と抱き合い、自然を絵の上に生かすという事は、君の住む所では君一人だけが知っている喜びであり悲しみであるのだ。,그러나 자연과 껴안고 자연을 그림 위에 살린다는 것은 네가 사는 곳에서는 너 혼자만 아는 기쁨이며 슬픔이다.
2513,生死,生死の瀬戸ぎわにはまり込んでいる人々の本能は恐ろしいほど敏捷な働きをする。,생사의 세토 기와에 빠져들고 있는 사람들의 본능은 무서울 정도로 민첩한 일을 한다.
2514,生計,軒を並べて住みなしていると、どこの家にもそれ相当な生計が立てられているようだけれども、一軒一軒に立ち入ってみると、このごろの岩内の町には鼻を酸くしなければならないような事がそこいらじゅうにまくしあがっていた。,"처마를 나란히 살고 있으면, 어느 집에도 그에 상당한 생계가 세워져 있는 것 같지만, 1채 1채에 들어가 보면 요즈음의 이와우치의 마을에는 코를 산산이 해야 하는 것들이 그곳에 가까워지고 있었다."
2515,産物,海産物会社の印袢天を着たり、犬の皮か何かを裏につけた外套を深々と羽織ったりした男たちが、右往左往に走りまわるそのあたりを目がけて、君の兄上が手慣れたさばきでさっと艫綱を投げると、それがすぐ幾十人もの男女の手で引っぱられる。,"해산물회사의 인조천을 입거나 개의 가죽이나 무언가를 뒤에 붙인 외투를 깊게 겉옷을 입거나 한 남자들이, 우왕좌왕으로 달리는 주위를 눈에 띄고, 너의 형상이 익숙한 심판으로 휙 줄줄을 던지면, 그것이 바로 수십명의 남자."
2516,用紙,コトシノ七月カラ始メテ画用紙ヲトジテ画帖ヲ作リ、鉛筆デ（モノ）ニ向カッテミマシタ。,코토시노 칠월 카라시 메테화 용지
2517,疑う,すぐ次の瞬間に来ると、君はしかし私を疑うような、自分を冷笑うような冷ややかな表情をして、しばらくの間私と絵とを等分に見くらべていたが、ふいと庭のほうへ顔をそむけてしまった。,"곧 다음 순간에 오자, 너는 그러나 나를 의심하는, 자신을 냉소하는 듯한 서리가 내린 표정을 하고, 잠시 나와 그림을 등분에 보고 있었지만, 후레와 정원쪽으로 얼굴을 쏟아버렸다."
2518,直感,自分が文学者であるだけに、私は他人の書いた文字の中にも真実と虚偽とを直感するかなり鋭い能力が発達している。,"내가 문학자인 만큼, 나는 타인이 쓴 문자 안에도 진실과 허위를 직감하는 꽤 날카로운 능력이 발달하고 있다."
2519,真実,自分が文学者であるだけに、私は他人の書いた文字の中にも真実と虚偽とを直感するかなり鋭い能力が発達している。,"내가 문학자인 만큼, 나는 타인이 쓴 문자 안에도 진실과 허위를 직감하는 꽤 날카로운 능력이 발달하고 있다."
2520,破産,汗水が凝り固まってできたような銀行の貯金は、その銀行が不景気のあおりを食って破産したために、水の泡になってしまった。,땀수가 굳어져서 생긴 듯한 은행의 저금은 그 은행이 불경기의 그대로를 먹고 파산했기 때문에 물의 거품이 되어 버렸다.
2521,神秘,夕方に近づくにつれて、やや煙り始めた空気の中に、声も立てずに粛然とそびえているその姿には、くんでもくんでも尽きない平明な神秘が宿っている。,저녁에 가까워짐에 따라 약간 연기가 시작된 공기 속에 목소리도 내지 않고 숙연하게 우뚝 솟은 그 모습에는 군도 군도 다 없는 평명한 신비가 가득하다.
2522,空腹,それでも夕飯という声を聞き、戸のすきから漏れる焼きざかなのにおいをかぐと、君は急に空腹を感じだした。,그래도 저녁이라고 하는 목소리를 듣고 문의 틈에서 새는 구운 냄새를 맡으면 너는 갑자기 배고프다고 느꼈다.
2523,素朴な,すっかり頭巾をかぶって、十二分に身じたくをしてから出かけたらいいだろうとみんなが寄って勧めたけれども、君は素朴なはばかりから帽子もかぶらずに、重々しい口調で別れの挨拶をすますと、ガラス戸を引きあけて戸外に出た。,"완전히 두건을 쓰고, 십이분에 몸을 익히고 싶다고 나가면 좋겠다고 모두가 들러 권했지만, 너는 소박한 겉으로 모자도 쓰지 않고, 중대한 어조로 이별의 인사를 하면 유리 문을 끌고 문에 나왔다."
2524,絶える,明鯛から鱈、鱈から鰊、鰊から烏賊というように、四季絶える事のない忙しい漁撈の仕事にたずさわりながら、君は一年じゅうかの北海の荒波や激しい気候と戦って、さびしい漁夫の生活に没頭しなければならなかった。,"明鯛에서 鱈, 鱈에서 鰊, 鰊에서 烏賊 등, 사계절 끊이지 않는 바쁜 어림의 일에 부딪히면서, 너는 일년 중 북해의 거친 파도와 격렬한 기후와 싸워 녹슨 어부의 생활에 몰두해야 했다."
2525,総合,君の談話や手紙を総合した僕のこれまでの想像は謬っていない事を僕に信ぜしめる。,너의 담화나 편지를 종합한 나의 지금까지의 상상은 궁금하지 않은 것을 나에게 믿는다.
2526,群衆,船が波の上に乗った時には、波打ちぎわに集まって何か騒ぎ立てている群衆が見やられるまでになった。,배가 파도 위에 올라갔을 때에는 물결치기 모여서 무언가 떠들썩한 군중이 보일 때까지 되었다.
2527,翼,どこからともなく海鳥の群れが、白く長い翼に羽音を立てて風を切りながら、船の上に現われて来る。,어디서나 해조의 무리가 하얗고 긴 날개에 날개를 내고 바람을 자르면서 배 위에 나타난다.
2528,老いる,この季節になると長く地の上を領していた冬が老いる。,이 계절이 되면 오랫동안 땅 위를 맡고 있던 겨울이 늙다.
2529,草花,日ゴロ愛惜シタ樹木ヤ草花ナドガ、イツトハナク落葉シテシマッテイル。,"날 고로 아쉬운 시타 나무 야초 꽃 나도가, 이츠토 하나낙 낙엽 시테시마테일."
2530,荒れる,吹き荒れる風すらがそのためにさえぎりとめられて、船の周囲には気味の悪い静かさが満ち広がった。,날아가는 바람조차도 그를 위해서라도 꽉 찼다.
2531,荒廃,無際限なただ一つの荒廃――その中に君だけが呼吸を続けている、それがたまらぬほどさびしく恐ろしい事に思いなされる荒廃が君の上下四方に広がっている。,"무제한 단지 하나의 황폐 - 그 안에 너만이 호흡을 계속하고 있는, 그것이 참을 수 없을 정도로 끔찍하고 무서운 일로 생각되는 황폐가 너의 상하 사방에 퍼지고 있다."
2532,覆す,それが一方の舷に取りついて力をこめればまた顛覆するにきまっている。,그것이 한 현에 붙어서 힘을 담으면 다시 뒤덮을 것입니다.
2533,見落とす,海の中から生まれて来たような老漁夫の、皺にたたまれた鋭い眼は、雲一片の徴をさえ見落とすまいと注意しながら、顔には木彫のような深い落ち付きを見せている。,바다 속에서 태어난 듯한 노 어부의 주름에 접힌 날카로운 눈은 구름 한 조각의 징조조차 간과 현기증을 주의하면서 얼굴에는 목조 같은 깊은 떨어짐을 보이고 있다.
2534,視覚,大きな男の姿が部屋からのっそりと消えて行くのを、視覚のはずれに感じて、都会から久しぶりで来て見ると、物でも人でも大きくゆったりしているのに今さらながら一種の圧迫をさえ感ずるのだった。,"큰 남자의 모습이 방에서 살짝 사라져 가는 것을, 시각의 어긋남에 느끼고, 도시에서 오랜만에 와서 보면, 물건이라도 사람이라도 크게 느긋하게 하고 있는데 지금 와서 일종의 압박을마저 느끼는 것이었다."
2535,視野,君はまざまざと私の想像の視野に現われ出て来て、見るように君の生活とその周囲とを私に見せてくれる。,"너는 얼마 안되고 내 상상의 시야에 나타나 나오고, 보듯이 너의 생활과 그 주위를 나에게 보여준다."
2536,言い切る,専門家でもない私が、五六枚の絵を見ただけで、その少年の未来の運命全体をどうして大胆にも決定的に言い切る事ができよう。,전문가도 아닌 내가 오육장의 그림을 본 것만으로 그 소년의 미래의 운명 전체를 어떻게 대담하게도 결정적으로 단언할 수 있을 것이다.
2537,誤る,君の兄上は帆綱を握って、舵座にいる父上の合図どおりに帆の上げ下げを誤るまいと一心になっている。,"너의 형상은 범강을 붙잡고, 조타자에 있는 아버지의 신호대로 돛의 올리거나 내리는 것을 잘못하겠다고 일심하게 되어 있다."
2538,警戒,赤と白との二つの球は、危険警戒を標示する信号だ。,빨간색과 흰색의 두 구는 위험 경계를 표시하는 신호다.
2539,象徴,向こうに見える山はそのまま寛大と希望とを象徴するような一つの生きた塊的であるのに、君のスケッチ帳に縮め込まれた同じものの姿は、なんの表情も持たない線と面との集まりとより君の目には見えない。,"저쪽에 보이는 산은 그대로 관대함과 희망을 상징하는 하나의 살아있는 덩어리인데, 너의 스케치장으로 좁혀진 같은 것의 모습은, 어떠한 표정도 갖지 않는 선과 면과의 모임보다 너의 눈에는 보이지 않는다."
2540,農場,札幌での用事を済まして農場に行く前に、私は岩内にあてて君に手紙を出しておいた。,"삿포로에서의 용사를 마치고 농장에 가기 전에, 나는 이와우치에 대고 너에게 편지를 내놓았다."
2541,退く,やがて兄上と嫂とが次の部屋に退くと、囲炉裏のそばには、君と君の妹だけが残るのだ。,"이윽고 형상과 루가 다음 방으로 물러나면, 난로 뒤에는 너와 너의 여동생만이 남는 것이다."
2542,退ける,自分を憐れむともＫを憐れむとも知れない哀情がこみ上げて、Ｋの手を取り上げてなでてみたい衝動を幾度も感じながら、女々しさを退けるようにむずかゆい手を腕の所で堅く組む。,"자신을 자비해도 K를 자비한다고도 모르는 애정이 쏟아져, K의 손을 들고 쓰다듬고 싶은 충동을 몇번이나 느끼면서, 여자들을 물리치도록 어려운 손을 팔 곳에서 단단히 짜낸다."
2543,運搬,建網に損じの有る無し、網をおろす場所の海底の模様、大釜を据えるべき位置、桟橋の改造、薪炭の買い入れ、米塩の運搬、仲買い人との契約、肥料会社との交渉‥‥そのほか鰊漁の始まる前に漁場の持ち主がしておかなければならない事は有り余るほどあるのだ。,"건망에 손해가 있는 없음, 그물을 떨어뜨리는 장소의 해저의 모양, 가마솥을 설치해야 할 위치, 부두의 개조, 장탄의 매입, 미소금의 운반, 중매인과의 계약, 비료회사와의 협상‥‥그 외 어깨가 시작되기 전에는 어장의 소유자가 하고 있다."
2544,鉢,東西南北は一つの鉢の中ですりまぜたように渾沌としてしまった。,동서남북은 하나의 화분 속에서 섞인 것처럼 혼돈으로 버렸다.
2545,領土,自然の暴威をせき止めるために人間が苦心して創り上げたこのみじめな家屋という領土がもろく小さく私の周囲にながめやられた。,자연의 폭력을 멈추기 위해 인간이 고심하고 만들어낸 이 낯선 가옥이라는 영토가 부드럽고 작고 내 주위에 끌려갔다.
2546,高原,ニセコアンの丘陵の裂け目からまっしぐらにこの高原の畑地を目がけて吹きおろして来る風は、割合に粒の大きい軽やかな初冬の雪片をあおり立てあおり立て横ざまに舞い飛ばした。,니세코안의 구릉의 찢어짐으로부터 확실히 이 고원의 밭을 눈에 띄게 불어 오는 바람은 비율에 알갱이가 큰 경쾌한 초겨울의 눈송이를 엎드려 놓고 옆으로 날아갔다.
2547,一変,科学的な立場から愛を説こうとする愛己主義者は、自己保存の一変態と見るべき種族保存の本能なるものによってこの難題に当ろうとしている。,과학적인 입장에서 사랑을 설설하려는 애기주의자는 자기보존의 일변태로 볼 종족보존의 본능이 되는 것에 의해 이 난제에 부딪히려 하고 있다.
2548,上位,何故なら、私は本能的生活を智的生活の上位に置こうと思うからだ。,왜냐하면 나는 본능적 생활을 지적 생활의 상위에 두려고 하기 때문이다.
2549,不当な,若し価値をもってそれを定めるのが不当ならば、より尊い生活である。,젊은 가치로 그것을 정하는 것이 부당하다면 더 존중한 생활이다.
2550,不服,然しながら智的生活が本能的生活によって指導されねばならぬということについては不服を有つ人がないとはいえない。,그러나 지적 생활이 본능적 생활에 의해 지도되어야 한다는 것에 대해서는 불복을 가진 사람이 없다고는 말할 수 없다.
2551,両極,相反して見ゆる二つの極の間に彷徨うために、内部に必然的に起る不安を得ようとも、それに忍んで両極を恐れることなく掴まねばならぬ。,"상반되어 보이는 두 극 사이에 방황하기 위해, 내부에 필연적으로 일어나는 불안을 얻으려고 해도, 그것에 들러 양극을 두려워하지 않고 잡아야 한다."
2552,主体,私自身がこの事実を知る主体である以上、この私の生命は何といっても私のものだ。,"나 자신이 이 사실을 아는 주체인 이상, 이 나의 생명은 뭐니뭐니해도 나의 것이다."
2553,主題,×何故に恋愛が屡※芸術の主題となるか。,× 왜 연애가 병 ※예술의 주제가 될까.
2554,予感,私はかかる試みをする始めから、何かどうしてもその境遇では満足し得ない予感を持ち、そしてそれがいつでも事実になって現われた。,"난 그렇게 시도를 시작부터, 뭔가 아무래도 그 처지에 만족할 수없는 예감을 가지고, 그리고 그것이 언제든지 사실이되어 나타났다."
2555,享受,それは思想の提供者を空しく働かせ、享受者を空しく苦しめる。,그것은 아이디어 공급자를 비워서 작동하고 향수를 비워 괴롭힌다.
2556,人民,国家の組織が無反省にそのまま人民によって肯定せられていた時代には、この神人関係の概念もまた無反省に受取られることが出来たろう。,국가의 조직이 무반성에 그대로 인민에 의해 긍정되고 있던 시대에는 이 신인관계의 개념도 무반성에 받아들일 수 있었을 것이다.
2557,任務,然しそれは決して性的任務の常道ではない。,그러나 그것은 결코 성적 임무의 정상이 아니다.
2558,伝説,私はお前が従う為めに結果される思想なり言説なり行為なりが、仮りに外界の伝説、習慣、教訓と衝突矛盾を惹き起すことがあろうとも、お前は決して心を乱して、私を疑うようなことをしてはならぬ。,"나는 너가 따르기 위해서 결과되는 사상이자 언설이 되고 행위가 되지만, 만일 외계의 전설, 습관, 교훈과 충돌 모순을 야기할 수 있더라도, 너는 결코 마음을 흐트러뜨려 나를 의심하는 일을 해서는 안 된다."
2559,伴う,そしてそんな浮薄なことをする結果として、不可避的に心の中に惹き起される不愉快な感じを、お前は努力に伴う自らの感じと強いて思いこんだ。,"그리고 그런 부끄러운 일을 하는 결과로서, 불가피하게 마음속에 끌리는 불쾌한 느낌을, 너는 노력에 따른 스스로의 느낌이라고 강하게 생각했다."
2560,体力,女性は多くを失ったとしても、体力に失ったほどには脳力に失っていない。,여성은 많은 것을 잃어도 체력에 잃을 정도로 뇌력에 잃지 않았다.
2561,体裁,これほど体裁のいい外貌と、内容の空虚な実質とを併合した心の状態が外にあろうか。,이렇게 체재의 좋은 외모와 내용의 공허한 실질을 병합한 마음의 상태가 밖일까.
2562,体験,私はその時読者の忍耐の弱さを不満に思うよりも私自身の体験の不十分さを悲しむ外はない。,나는 그때 독자의 인내의 약점을 불만스럽게 생각하는 것보다 나 자신의 체험의 불충분함을 슬퍼하는 밖은 없다.
2563,余地,どうしてそこに疑いの余地などがあろう。,왜 거기에 의심의 여지가 있을 것이다.
2564,依頼,かかる言葉に依頼して私はどうして私自身を誤りなく云い現わすことが出来よう。,그러한 말에 의뢰해서 나는 왜 나 자신을 잘못 하여 운명 나타낼 수 있을 것이다.
2565,侵す,その動向を満足する為めに人類は道徳的努力を伴う苦痛を侵すことを意としない。,그 동향을 만족시키기 위해 인류는 도덕적 노력을 수반하는 고통을 침범하는 것을 의도하지 않는다.
2566,便宜,然し私は自分の便宜の為めに仮りにそれを愛と名づける。,그러나 나는 내 편의를 위해 가끔 그것을 사랑이라고 부른다.
2567,保護,男性はこの習慣に依頼して自己の強権を保護され、女性はまたこの制度の庇護によってその生存を保障される。,"남성은 이 습관에 의뢰하여 자기의 강권을 보호되고, 여성은 또한 이 제도의 비호에 의해 그 생존을 보장받는다."
2568,働きかける,又或る時は外界の刺戟を待たずに、私の生命が或る已むなき内的の力に動かされて外界に働きかける。,"또 어떤 때에는 외계의 자극을 기다리지 않고, 내 생명이 어느 뛰어내리지 않는 내적의 힘으로 움직여서 외계에 작용한다."
2569,元来,赤青黄は元来白によって統一さるべき仮象であるからである。,붉은 푸른 노랑은 원래 백색에 의해 통일되어야 할 가상이기 때문이다.
2570,元素,水を考えようとする場合に、それを水素と酸素とに分解して、どれ程綿密に二つの元素を研究したところが、何の役にも立たないだろう。,"물을 생각하려고 할 때, 그것을 수소와 산소로 분해하여 어느 정도 면밀히 두 개의 원소를 연구한 곳이 아무런 도움이 되지 않을 것이다."
2571,充実,そこにある強い充実の味と人間らしさとは私を牽きつけるに十分である。,거기에 있는 강한 충실한 맛과 인간다움은 나를 견인하기에 충분하다.
2572,共存,この一見矛盾した二つの心的傾向の共存は、私をいらだたせかつ不幸にする。,이 겉보기에 모순된 두 가지 심적 경향의 공존은 나를 짜증내고 불행하게 만든다.
2573,再現,既に現われ終ったものはどれほど優れたものであろうとも、それを現在にも未来にも再現することは出来ない。,"이미 나타난 끝은 얼마든지 뛰어난 것이라도, 그것을 현재에도 미래에도 재현할 수 없다."
2574,出現,それは野獣にはない、人間にのみ見る偽善の出現だ。,그것은 야수에는 없는 인간에게만 보는 위선의 출현이다.
2575,分子,偽善者なる私の眼には、自ら教会の中の偽善の分子が見え透いてしまった。,위선자가 되는 내 눈에는 스스로 교회 안의 위선의 분자가 보이게 비쳐버렸다.
2576,分担,だから私が男女関係の或る狂いといったのは、男女が分担すべき生殖現象の狂いを指すことになる。,"그러므로 내가 남녀관계의 한 광란이라고 하는 것은, 남녀가 분담해야 할 생식현상의 광란을 가리키게 된다."
2577,分散,若し然しその人の個性がその事があったために分散し、精神が糜爛し、肉慾が昂進したとするならば、もうその人に於て本能の統合は破れてしまったのだ。,젊어 그 사람의 개성이 그 일이 있었기 때문에 분산되어 정신이 붕괴하고 육욕이 혼진했다면 이미 그 사람에게 본능의 통합은 찢어 버린 것이다.
2578,分業,お前の手は、お前の頭は、お前の職業は、いかに分業的な事柄にわたって行こうとも、お前は常にそれをお前の個性なる私に繋いでいるからだ。,"너의 손은, 너의 머리는, 너의 직업은, 어떻게 분업적인 것에 걸쳐 가려고 해도, 너는 항상 그것을 너의 개성이 되는 나에게 연결하고 있기 때문이다."
2579,分裂,この野獣の過去にまでの帰還は、また本能の分裂が結果するところのもので、人間を人間としての荘厳の座から引きおろすものではないか。,"이 야수의 과거에까지의 귀환은, 또 본능의 분열이 결과하는 곳의 것으로, 인간을 인간으로서의 장엄의 자리로부터 끌어내리는 것이 아닐까."
2580,到達,或る人は私の最後の到達を私の卑屈がさせた業だというだろう。,어떤 사람은 나의 마지막 도달을 나의 비굴한 업이라고 할 것이다.
2581,創造,眼前の緊張からゆるんで、単に未来を空想することが何で未来の創造に塵ほどの益にもなり得よう。,"눈앞의 긴장으로부터 느슨해져, 단순히 미래를 공상하는 것이 무엇으로 미래의 창조에 먼지 정도의 이익이 될 수도 있다."
2582,功績,今までのお前の名誉と、功績と、誇りとの凡てを捨てて私に立ち帰れ。,지금까지의 너의 명예와 공적과 자랑과의 범죄를 버리고 나에게 돌아가라.
2583,加える,そこに何等かの執着をつなぎ、葛藤を加えるのは、要するに下根粗笨な外面的見断に支配されての迷妄に過ぎない。,거기에 몇 가지 집착을 이어 갈등을 가하는 것은 요컨대 하근 거친 외면적 전망에 지배된 미망에 불과하다.
2584,動力,頭脳もまた生活の大きな原動力となり得べき時代に到達した。,두뇌도 삶의 큰 원동력이 될 수 있는 시대에 도달했다.
2585,動向,何等の意味に於てであれ、外界の刺戟に対して自己をよりよくして行こうという動向は道徳とはいえないだろうか。,"어떤 의미에서라도, 외계의 자극에 대해 자기를 더 잘 해 가자는 동향은 도덕이라고는 할 수 없을까."
2586,動機,利と愛との両語が自明的に示すが如く、利は行為或は結果を現わす言葉で、愛は動機或は原因を現わす言葉であるからだ。,"리와 사랑의 양어가 자명하게 나타내듯이, 리는 행위 혹은 결과를 나타내는 단어로, 사랑은 동기 혹은 원인을 나타내는 단어이기 때문이다."
2587,化合,氏が凡ての虚偽と堕落とに飽満した基督旧教の中にありながら、根ざし深く潜在する尊い要素に自分のけだかさを化合させて、巌のように堅く立つその態度は、私を驚かせ羨ませる。,"씨가 범죄의 허위와 타락에 질만한 기독 구교 속에 있으면서, 뿌리깊고 잠재하는 소중한 요소에 자신의 참담함을 섞어, 휘장처럼 굳게 서는 그 태도는 나를 놀라게 부러워한다."
2588,十字路,しかも両者は一度は相失う程に分れ別れても、何時かは何処かで十字路頭にふと出遇うのではないだろうか。,"게다가 양자는 한번은 상실할 정도로 나뉘어져도, 몇시인가는 어디에서 십자로두에 문득 나오는 것은 아닐까."
2589,単独,かの単独にしては何等の意味もなき音声、それを組合せてその中に愛を宿らせる仕事はいかに楽しくも快いことであろうぞ。,"의 단독으로는 아무런 의미도 없는 음성, 그것을 조합해 그 안에 사랑을 담게 하는 일은 얼마나 즐겁고도 즐거운 일일 것이다."
2590,原則,即ち生物学の自己保存の原則を極めて安価に査定して、それを愛己の本能と結び付けたものではなかったろうか。,"즉 생물학의 자기 보존의 원칙을 극히 저렴하게 사정해, 그것을 애기의 본능과 결부한 것이 아니었을까."
2591,厳しい,私に取って已み難き要求なる個性の表現の為めに、あらゆる有縁の個性と私のそれとを結び付けようとする厳しい欲求の為めに、私は敢えて私から出発して歩み出して行こう。,"나에게 걸리기 힘들어 요구되는 개성의 표현을 위해서, 모든 유연한 개성과 나의 그것과 연계하려고 하는 어려운 욕망을 위해서, 나는 굳이 나로부터 출발해 걸어 나가자."
2592,及ぶ,然し凡ての生存は、それが本能の及ぶだけ純粋なる表現である場合に最も真であるという大事な要件が許されるならば、本能的生活は私にとって智的生活よりもより価値ある生活である。,"그러나 범죄의 생존은 그것이 본능의 만큼 순수한 표현이라면 가장 참이라는 중요한 요건이 허용된다면, 본능적 생활은 나에게 지적 생활보다 더 가치있는 생활이다."
2593,反射,或る時は外界の刺戟に対して反射的に意識を動かして生活している。,어떤 때는 외계의 자극에 대해 반사적으로 의식을 움직여 생활하고 있다.
2594,受け入れる,外界の刺戟をそのまま受け入れる生活を仮りに習性的生活（habituallife）と呼ぶ。,외계의 자극을 그대로 받아들이는 생활을 일시적으로 습성적 생활(habituallife)이라고 부른다.
2595,名称,義人、偽善者、罪人、そうした名称が可なり判然区別されて、それがびしびしと人にあてはめられる社会から私が離れて行ったのは、結局悪いことではなかったと私は今でも思っている。,"의인, 위선자, 죄인, 그러한 명칭이 가능하게 판연 구별되고, 그것이 흩어져서 사람에게 맞는 사회에서 내가 떠나간 것은 결국 나쁜 것이 아니었다고 나는 지금도 생각하고 있다."
2596,向上,しかし人間そのものの向上がどれ程彼女――人間の不断の無視にかかわらず――によって運ばれたかを知っているから。,그러나 인간 그 자체의 향상이 얼마나 그녀――인간의 불단의 무시에 관계없이――에 의해 옮겨졌는지를 알고 있기 때문에.
2597,君主,そこの校長は自分が一度も少年の時期を潜りぬけた経験を持たぬような鹿爪らしい顔をして、君主の恩、父母の恩、先生の恩、境遇の恩、この四恩の尊さ難有さを繰返し繰返し説いて聞かせた。,"거기 교장은 자신이 한 번도 소년의 시기를 잠복한 경험을 갖지 못하는 사슴발톱 같은 얼굴을 하고, 군주의 은, 부모의 은, 선생의 은, 처지의 은, 이 사은의 존중 어려움을 반복해서 반복해서 들려줬다."
2598,否む,誰がこの否む可らざる目前の事実に驚異せずにはいられよう。,누가 이 부정할 수 없는 눈앞의 사실에 경이하지 않고 있을 수 있다.
2599,味覚,感覚の中でも、実生活に縁の近い触覚若しくは味覚などに依るよりも、非功利的な機能を多量に有する視覚聴覚の如きに依ろうとする。,"감각 중에서도, 실생활에 인연이 가까운 촉각 혹은 미각 등에 의하는 것보다, 비공리적인 기능을 다량으로 가지는 시각 청각과 같이 의존하려고 한다."
2600,営む,若しそこに越えることの出来ない溝渠があるというならば、私は寧ろ社会生活を破壊して、かの孤棲生活を営む獅子や禿鷹の習性に依ろう。,"젊고 거기에 넘을 수 없는 도랑거리가 있다고 한다면, 나는 허무하게 사회생활을 파괴하고, 의 고거생활을 영위하는 사자와 대머리의 습성에 의존하자."
2601,嗜好,それは女性に能力がないというよりは、それらのものが凡てその根柢に於て男性の嗜好を満足するように作られているが故に、それを産出するのもまたおのずから男性の手によってなされるのを適当とするだけのことだ。,"그것은 여성에게 능력이 없다는 것보다는, 그 것들이 범하고 그 뿌리에 있어서 남성의 기호를 만족하도록 만들어져 있지만 그렇게 해서, 그것을 산출하는 것도 또 없이 남성의 손에 의해 이루어지는 것을 적당으로 할 뿐이다."
2602,回顧,緩慢な、回顧的な生活にのみ囲繞されている地上の生活に於て、私はその最も純粋に近い現われを、相愛の極、健全な愛人の間に結ばれる抱擁に於て見出だすことが出来ると思う。,"느린 회고적인 생활에만 둘러싸여 있는 지상의 생활에 있어서, 나는 그 가장 순수하게 가까운 나타나를 상애의 극, 건전한 애인 사이에 묶인 포옹에서 찾아낼 수 있다고 생각한다."
2603,囲む,そして岸辺との摩擦によって私を囲む水も私自身も、中流の水にはおくれがちに流れ下る。,"그리고 해안과의 마찰에 의해 나를 둘러싸는 물도 나 자신도, 중류의 물에는 흔들리기 쉽다."
2604,固定,然しそれが或る期間固定していて、私の生活の努力がその内容を充実し得ない間は、それはどこまでも、知識として又道徳として厳存する。,"그러나 그것이 일정 기간 고정되어 있고, 나의 삶의 노력이 그 내용을 충실하지 못하는 동안은, 어디까지나, 지식으로서 또 도덕으로서 엄존한다."
2605,埋める,人の前に私を私以上に立派に見せようとする虚妄な心は有り余るほど持っていたけれども、そこに埋めることの出来ない苦痛をも全く失ってはいなかった。,"사람 앞에 나를 나 이상으로 훌륭하게 보려고 하는 허망한 마음은 너무 남았지만, 거기에 묻을 수 없는 고통을 전혀 잃지 않았다."
2606,基調,そして現在をも未来をも能うべくんば過去という基調によって導こうとする。,그리고 현재를 미래를 능가하기 위해 과거라는 기조로 인도하려 한다.
2607,報酬,だから若し私がこの種の生活にのみ安住して、社会が規定した知識と道徳とに依拠していたならば、恐らく社会から最上の報酬を与えられるだろう。,그러니까 젊고 내가 이런 종류의 생활에만 안주하고 사회가 규정한 지식과 도덕에 의거했다면 아마도 사회로부터 최상의 보상을 줄 수 있을 것이다.
2608,壊す,けれどもその実質をよく考えてみると、それは他の星の世界と同じ実質であり、その中に潜む力は一瞬時にして、地殻を思いのままに破壊することも出来、新たに地表を生み出すことも出来るのだ。,"하지만 그 실질을 잘 생각해 보면, 그것은 다른 별의 세계와 같은 실질이며, 그 안에 숨어있는 힘은 순식간에 지각을 마음대로 파괴할 수도 있고, 새롭게 지표를 만들어낼 수도 있다."
2609,外観,若し人がその自覚を逆用して、肉にまで至る愛の要求のない場合に、単に外観的に観察された野獣の本能に走ったならば、それは明かに人間の有する本能の全体的な活動ということが出来ない。,"젊은이가 그 자각을 역용하고, 육에까지 이르는 사랑의 요구가 없는 경우에, 단순히 외관적으로 관찰된 야수의 본능으로 달렸다면, 그것은 명백하게 인간이 가지는 본능의 전체적인 활동이라고 할 수 없다."
2610,多様な,何という多趣多様な生活の相だろう。,뭐라고 하는 다취 다양한 생활의 상일 것이다.
2611,大自然,ホイットマンが「アダムの子等」に於て、性慾を歌い、大自然の雄々しい裸かな姿を髣髴させるような瞬間を讃美したことに何んの不思議があろう。,휘트먼이 '아담의 아이들'에 있어서 성욕을 부르며 대자연의 웅장한 벌거벗은 모습을 능숙하게 하는 순간을 칭찬한 것에 무슨 이상한 일이 있을 것이다.
2612,天国,霊と肉、天国と地獄、天使と悪魔、それから何、それから何……対立した観念を持ち出さなければ何んだか安心が出来ない、そのくせ観念が対立していると何んだか安心が出来ない、両天秤にかけられたような、底のない空虚に浮んでいるような不安がお前を襲って来るのだ。,"영과 육, 천국과 지옥, 천사와 악마, 그리고 무엇, 그리고 무엇…"
2613,失墜,そして何故に現在の宗教がその権威を失墜してしまったか。,그리고 왜 현재의 종교가 그 권위를 실추해 버렸는가.
2614,好ましい,即ち生命の緊張が一番好ましいものに思われる。,즉 생명의 긴장이 가장 바람직한 것으로 보인다.
2615,孤独な,孤独な者は自分の掌を見つめることにすら、熱い涙をさそわれるのではないか。,외로운 자는 자신의 손바닥을 바라보는 것조차도 뜨거운 눈물을 처분하는 것이 아닐까.
2616,実質,これほど体裁のいい外貌と、内容の空虚な実質とを併合した心の状態が外にあろうか。,이렇게 체재의 좋은 외모와 내용의 공허한 실질을 병합한 마음의 상태가 밖일까.
2617,実践,現代の政治も、教育も、学術も、産業も、大体に於てはこの智的生活の強調と実践とにその目標をおいている。,"현대의 정치도, 교육도, 학술도, 산업도, 대체로는 이 지적 생활의 강조와 실천에 그 목표를 두고 있다."
2618,宿命,果てしのない迷執にさまよわねばならぬ人の宿命であって見れば、各※の瞬間をただ楽しんで生きる外に残される何事があろうぞとその人達はいう。,"끝이 없는 미집에 방황해야 하는 사람의 숙명이라 보면, 각 ※의 순간을 그저 즐기고 사는 밖에 남겨지는 무슨 일이 있을 거라고 그 사람들은 말한다."
2619,展望,私は新たなる展望から展望へと進み行くことが出来ない。,나는 새로운 전망에서 전망으로 나아갈 수 없다.
2620,崩れる,若し自然にあの絢爛な多種多様があり、独り人間界にそれがなかったならば、宇宙の美と真とはその時に崩れるといってもいいだろう。,"젊은 자연스럽게 그 찬란한 다종다양이 있어, 혼자 인간계에 그것이 없었다면, 우주의 아름다움과 진은 그때 무너진다고 해도 좋을 것이다."
2621,巧みな,非常に巧みな、そして狡猾な仮面の下に隠れた功利主義としか思われない。,매우 능숙하고 교활한 가면 아래에 숨은 공리주의라고 밖에 보이지 않는다.
2622,幾多,だから少し綿密な観察者は、智と情との間に、情と意志との間に、又意志と智との間に、判然とはその何れにも従わせることの出来ない幾多の心的活動を発見するだろう。,"그러므로 조금 면밀한 관찰자는 지와 정 사이에, 정과 의지 사이에, 또 의지와 지 사이에, 판연과는 그 어느 것도 따를 수 없는 수많은 심적 활동을 발견할 것이다."
2623,弁護,又お前の信仰の虚偽を発かれようとすると「主よ主よというもの悉く天国に入るにあらず、吾が天に在す神の旨に遵るもののみなり」といってお前を弁護したではないか。,"또 너의 신앙의 허위를 풀려고 하면 “주여 주여라는 것 깨달은 천국에 들어가는 것 외에, 고가 하늘에 있는 신의 뜻에 따르는 것 뿐”이라고 해 너를 변호한 것은 아닐까."
2624,強いる,経験する私と経験を強いる外界とがあって知識は生れ出る。,경험하는 저와 경험을 강한 외계가 있고 지식은 태어난다.
2625,形態,習性及び形態の保存に固着してカリバンのように固有の生活にしがみ附こうとする生物を或る神秘な力が鞭ちつつ、分化から分化へと飛躍させて来た。,습성 및 형태의 보존에 고착하여 칼리반처럼 고유한 생활에 몰두하고자 하는 생물을 어떤 신비한 힘이 채집하면서 분화에서 분화로 도약시켜 왔다.
2626,彷徨う,相反して見ゆる二つの極の間に彷徨うために、内部に必然的に起る不安を得ようとも、それに忍んで両極を恐れることなく掴まねばならぬ。,"상반되어 보이는 두 극 사이에 방황하기 위해, 내부에 필연적으로 일어나는 불안을 얻으려고 해도, 그것에 들러 양극을 두려워하지 않고 잡아야 한다."
2627,復活,復活していたろうか。,부활하고 있었을까.
2628,微量,若しそれが純であるならば、誠実は微量であっても事足りる。,젊고 순수하다면 성실은 미량이라도 부족하다.
2629,必然,相反して見ゆる二つの極の間に彷徨うために、内部に必然的に起る不安を得ようとも、それに忍んで両極を恐れることなく掴まねばならぬ。,"상반되어 보이는 두 극 사이에 방황하기 위해, 내부에 필연적으로 일어나는 불안을 얻으려고 해도, 그것에 들러 양극을 두려워하지 않고 잡아야 한다."
2630,忠実な,陽の照る時には、彼の忠実な伴侶はその影であるだろう。,"양이 빛날 때, 그의 충실한 반려는 그 그림자일 것이다."
2631,成り立つ,その言葉の後ろに安んじて巣喰うべき暗示の座が成り立つだろうかとそれを私は恐れる。,그 말의 뒤에 싸게 둥글게 해야 할 암시의 자리가 성립될까라고 그것을 나는 두려워한다.
2632,成長,その姿は無機物の結晶に起る成長らしい現象とは多くの点に於て相違していた。,그 모습은 무기물의 결정에 일어나는 성장스러운 현상과는 많은 점에서 차이가 있었다.
2633,承認,私の存在の確実な承認は各※の現在に於てのみ与えられる。,나의 존재의 확실한 승인은 각 ※의 현재에 대해서만 주어진다.
2634,把握,私には生命に対する生命自身の把握という事が一番尊く思われる。,나에게는 생명에 대한 생명 자신의 파악이라는 것이 가장 존중하게 생각된다.
2635,抑制,社会の最大の要求なる平安の為めに、進歩と創造の衝動を抑制すべきであるか。,사회의 가장 큰 요구되는 평안을 위해 진보와 창조의 충동을 억제해야 하는가?
2636,抑圧,この本能を抑圧する必要のある、若しくは抑圧すべき道徳の上に成り立たねばならぬとの主張の上に据えられた人類の集団生活には見遁すことの出来ないうそがある。,이 본능을 억압할 필요가 있거나 억압해야 할 도덕 위에 성립되어야 한다는 주장 위에 놓여진 인류의 집단생활에는 볼 수 없는 거짓말이 있다.
2637,投入,かくて愛の本能に従って、私は他を私の中に同化し、他に愛せらるることによって、私は他の中に投入し、私と他とは巻絹の経緯の如く、そこにおのずから美しい生活の紋様を織りなして行くのだ。,"그러므로 사랑의 본능에 따라, 나는 다른 사람을 나 안에 동화하고, 다른 사람에게 사랑하게 함으로써, 나는 다른 사람 안에 투입하고, 나와 다른 사람과는 권 실크의 경위와 같이, 거기에 저절로 아름다운 생활의 문양을 짜내 가는 것이다."
2638,抗議,私はこの抗議を肯じよう。,나는 이 항의를 긍지하자.
2639,抽象,この問題を私がこのように抽象的に申し出ると異存のある人はないようだ。,이 문제를 내가 이렇게 추상적으로 제출하면 이존이 있는 사람은 없는 것 같다.
2640,持続,外界との接触から自由であることの出来ない私の個性は、縦令自主的な生活を導きつつあっても、常に外界に対し何等かの角度を保ってその存在を持続しなければならない。,외계와의 접촉에서 자유로울 수 없는 나의 개성은 종령 자주적인 생활을 이끌고 있어도 항상 외계에 대하여 몇 가지 각도를 유지하고 그 존재를 지속해야 한다.
2641,接触,だから私は私の属していた団体を退くと共に、それまで指導を受けていた先輩達との直接の接触からも遠ざかり始めた。,"그러니까 나는 나의 속해 있던 단체를 물리치고, 그때까지 지도를 받고 있던 선배들과의 직접적인 접촉으로부터도 멀어지기 시작했다."
2642,撤回,そしてエマアソンがその撤回を強要した時、敢然として耳を傾けなかった理由が如何に明白であるよ。,"그리고 에머애슨이 그 철회를 강요했을 때, 감히 듣지 못한 이유가 얼마나 분명해."
2643,改良,私はかくの如き妥協的な改良説を一番恐れなければならない。,나는 그렇듯 타협적인 개량설을 가장 두려워해야 한다.
2644,放射,実際愛するものの心理と行為との特徴は放射することであり与えることだ。,실제로 사랑하는 것의 심리와 행위의 특징은 방사하는 것이고 주는 것이다.
2645,敗北,それは或る時には勝利で、或る時には敗北であるであろう。,그것은 때때로 승리적이고 어떤 때에는 패배일 것이다.
2646,教訓,私はお前が従う為めに結果される思想なり言説なり行為なりが、仮りに外界の伝説、習慣、教訓と衝突矛盾を惹き起すことがあろうとも、お前は決して心を乱して、私を疑うようなことをしてはならぬ。,"나는 너가 따르기 위해서 결과되는 사상이자 언설이 되고 행위가 되지만, 만일 외계의 전설, 습관, 교훈과 충돌 모순을 야기할 수 있더라도, 너는 결코 마음을 흐트러뜨려 나를 의심하는 일을 해서는 안 된다."
2647,断つ,或る時は神を見出だし得んためには、自分の生命を好んで断つのを意としなかった。,어떤 때에는 하나님을 발견하고 얻기 위해서는 자신의 생명을 선호하고 거절하는 것을 의도하지 않았다.
2648,断言,若しそういう人があるなら、私は明かにそれが誤謬であるのを自分の経験から断言することが出来る。,"젊다고 하는 사람이 있다면, 나는 명확하게 그것이 잘못인 것을 자신의 경험으로부터 단언할 수 있다."
2649,施す,若し愛が片務的に動いた場合に、愛するということを恩恵を施すという如く考えている人には、愛するという行為に一種の自己満足を感ずるが故に、愛する人の受ける心の豊かさは二倍になると主張するなら、それは愛の作用を没我的でなければならぬと強言する愛他主義者としてはあるまじきことだといわねばならぬ。,젊은 사랑이 편무적으로 움직일 때 사랑한다는 것을 혜택을 준다고 생각하는 사람에게는 사랑한다는 행위에 일종의 자기만족을 느끼지만 그러므로 사랑하는 사람이 받는 마음의 풍요로움이 두 배가 된다고 주장한다면 그것은 사랑의 작용을 몰아내야 한다고 강언하는 애타주의자이다.
2650,明瞭な,然しそこに出来上った結果はその政治家の肖像でもなく、民衆の投影でもなく、粗雑な不明瞭な重ね写真に過ぎない。,"그러나 거기에 완성된 결과는 그 정치가의 초상도 아니고, 민중의 투영도 아니고, 조잡한 불명료한 중첩 사진에 지나지 않는다."
2651,是正,智的生活が習性的生活を是正する時には、私は智的生活に従って習性的生活を導かねばならぬ。,지적생활이 습성적생활을 시정할 때에는 나는 지적생활에 따라 습성적생활을 이끌어야 한다.
2652,普遍,私の経験は狭く貧しくして、とてもそんな普遍的な訴えをなし得ないことを私はよく知っている。,"나의 경험은 좁고 가난하게 하고, 아주 그런 보편적인 호소를 할 수 없다는 것을 나는 잘 알고 있다."
2653,暗示,私は已むを得ず言葉に潜む暗示により多くの頼みをかけなければならない。,나는 끊임없이 말에 숨어 있는 암시에 더 많은 것을 요구해야 한다.
2654,有機,地球が造られた始めにはそこに痕跡すら有機物は存在しなかった。,지구가 만들어지기 시작하면 거기에 흔적조차 유기물은 존재하지 않았다.
2655,未知,縦令蔑ろにしたところが、実際に於て過去は私の中に滲み透り、未来は私の現在を未知の世界に導いて行く。,"종령 멸치로 했는데, 실제로 과거는 나 안에 퍼져, 미래는 나의 현재를 미지의 세계로 이끌어 간다."
2656,本質,然し偽善者とは弱いということばかりがその本質ではない。,그러나 위선자와는 약하다는 것만이 그 본질이 아니다.
2657,栄える,かのフェニックスが火に焼かれても、再び若々しい存在に甦って、絶えず両翼を大空に向って張るように、この精進努力の生活は人類がなお地上の王なる左券として、長くこの世に栄えるだろう。,"의 피닉스가 불에 구워져도, 다시 젊음의 존재에 되살아나고, 끊임없이 양날개를 대공을 향해 치는 것처럼, 이 정진 노력의 생활은 인류가 여전히 지상의 왕인 좌권으로서, 오랫동안 이 세상에 번영할 것이다."
2658,根拠,これらの外面的な情実から、家族は国家の柱石、資本主義の根拠地となっている。,"이러한 외면적인 정실로부터 가족은 국가의 기둥, 자본주의의 근거지가 되고 있다."
2659,根本,科学に、従って科学的研究に絶大の価値をおこうとする現代にあっては、帰納法の根本的欠陥は往々無反省に閑却される。,과학에 따라서 과학적 연구에 절대적인 가치를 추구하는 현대에 있어서는 귀납법의 근본적 결함은 흔히 무반성에 한각된다.
2660,極める,その異同を見極めるだけにでも女性の中から天才の出現するのは最も望まるべきことだ。,그 이동을 파악하는 것만으로도 여성 가운데서 천재의 출현하는 것이 가장 바람직할 것이다.
2661,構える,彼は頑丈な石窟に身を託する事も、幽邃な深林にその住居を構えることも出来ない。,"그는 튼튼한 석굴에 몸을 맡기는 것도, 유저한 심림에 그 주거를 세울 수도 없다."
2662,様式,だから今の程度の人類生活の様式下にあっては、個人的の飛躍的動向を無視圧迫しても、智的生活の確立を希望する。,그러므로 지금 정도의 인류생활의 양식 아래에서는 개인적의 비약적 동향을 무시압박해도 지적생활의 확립을 희망한다.
2663,模倣,然しながら形象の模倣再現から這入ったこの芸術は永くその伝統から遁れ出ることが出来ないで、その色その面を形の奴婢にのみ充てていた。,"그러나 형상의 모방 재현에서 기어 들어간 이 예술은 오랫동안 그 전통에서 거슬러 올라갈 수 없었고, 그 색 그 면을 형태의 노예에게만 충당하고 있었다."
2664,模索,不完全な人間は一気にその普遍不易の道徳の根元を把握しがたい為めに、模索の結果として誤ってその一部を彼等の規準とするに過ぎぬ。,불완전한 인간은 단번에 그 보편불이의 도덕의 근원을 파악하기 어렵기 때문에 모색의 결과로서 실수로 그 일부를 그들의 표준으로 하는 것에 지나지 않는다.
2665,権力,×権力と輿論とは智的生活の所産である。,×권력과 혼론은 지적생활의 소산이다.
2666,機能,駝鳥が一つの機能の働きだけを隠すことによって、全体を隠し得たと思いこむのと反対に、私は一つの機能だけを働かすことによって、私の全体を働かしていると信ずることが屡※ある。,"駝鳥가 하나의 기능의 일만을 숨기는 것에 의해서, 전체를 숨길 수 있었다고 생각하는 것과 반대로, 나는 하나의 기능만을 일함으로써, 나의 전체를 일하고 있다고 믿는 것이 ※다."
2667,欠く,これまでお前が、自分を或る外界の型に篏める必要から、強いて不用のものと見て、切り捨ててしまったお前の部分は、今は本当の価値を回復して、お前に取ってはやはり必要欠くべからざる要素となった。,지금까지 네가 자신을 어떤 외계의 형태에 머물 필요가 있기 때문에 강하고 쓸모없는 것으로 보고 잘라버린 너의 부분은 지금은 진정한 가치를 회복하고 너에게 잡아 역시 필요 없어서는 안되는 요소가 되었다.
2668,欺く,そしてお前自身を欺くことによって他人をまで欺いていた。,그리고 너 자신을 속임으로써 타인을까지 속이고 있었다.
2669,殺人,然しクルーソーはやがてフライデーを殺人者から救い出した。,그러나 크루소는 결국 금요일을 살인자로부터 구출했습니다.
2670,流出,お前の個性は分化拡張して、しかも稀薄な内容になって、中心から外部へ散漫に流出してしまった。,"너의 개성은 분화 확장해, 게다가 희박한 내용이 되어, 중심으로부터 외부에 산만하게 유출해 버렸다."
2671,混同,私はこの橋梁即ち手段を実在そのものと混同することが出来ないのだ。,나는 이 교량 즉 수단을 실재 그 자체와 혼동할 수 없다.
2672,滅びる,この一事が見過されていたなら教育の本義はその瞬間に滅びるのみならず、それは却って有害になる。,"이 일이 간과되었다면 교육의 본의는 그 순간에 멸망될 뿐만 아니라, 그것은 오히려 유해해진다."
2673,潔い,愛したものの死ほど心安い潔い死はない。,사랑했지만 죽을 정도로 싸고 깨끗한 죽음은 없다.
2674,煩雑な,かかる生活を有するが為めに私の日常生活はどれ程煩雑な葛藤から救われているか知れない。,그러한 삶이 있기 때문에 나의 일상 생활은 얼마나 번잡한 갈등에서 구원 받고 있는지 모른다.
2675,燃焼,燃焼の生活とか白熱の生命とかいう言葉は紙と筆とをもってこそ表わし得ようけれども、私の実際の生活の上には容易に来てくれることがない。,"연소의 생활이라든지 백열의 생명이란 말은 종이와 붓을 써야만 표현할 수 있을지라도, 내 실제의 생활 위에는 쉽게 와 주는 일이 없다."
2676,物足りない,人のすることを自分もして見なければ、何か物足りないような淋しさから、お前は宗教というものにも指を染めて見たのだ。,사람이 하는 것을 자신도 보지 않으면 무언가 부족한 듯한 음란함으로 너는 종교라는 것에도 손가락을 물들여 본 것이다.
2677,犯す,私達の発した言葉は私達が針ほどの誤謬を犯すや否や、すぐに刃を反えして私達に切ってかかる。,"우리가 발한 말은 우리가 바늘 정도의 잘못을 저지르자마자, 곧바로 칼날을 거꾸로 저희에게 잘라 걸린다."
2678,独創,権威と独創とは本能的生活の所産である。,권위와 독창은 본능적 생활의 소산이다.
2679,獲得,即ち過去に対しては感情の自由を獲得し、未来に対しては意志の自由を主張し、現在の中にのみ必然の規範を立しようとするものだ。,즉 과거에 대해서는 감정의 자유를 획득하고 미래에 대해서는 의지의 자유를 주장하고 현재 안에만 필연적인 규범을 세우려는 것이다.
2680,理論,憎愛の二極を撥無して、陰陽を統合した太極というような形の愛、それは理論的に考えて見られぬでもないことではあるが、かくの如きものが果して私達人間の生活を築き上げてゆく上になくてはならぬ重大問題だろうか。,"증오의 2극을 발무하고, 음양을 통합한 태극이라고 하는 형태의 사랑, 그것은 이론적으로 생각해 볼 수 없는 것도 아니지만, 과 같은 것이 과연 우리 인간의 생활을 구축해 가는 위에 없어야 하는 중대 문제일까."
2681,田園,例えばここに或る田園がある。,예를 들어 여기에 특정 시골이 있습니다.
2682,異性,同性間の愛にあっては本能は分裂して、精神的（若し同性間に異性関係の仮想が成立しなければ）という一方面にのみ表現される。,"동성간의 사랑에 있어서는 본능은 분열하고, 정신적(젊은 동성간에 이성관계의 가상이 성립하지 않으면)라고 하는 일방면에만 표현된다."
2683,発揮,これまで外界に征服されて甘んじていた個性はその独自性を発揮して、外界を相手取って挑戦する。,그동안 외계에 정복되어 달콤했던 개성은 그 독자성을 발휘해 외계를 상대로 도전한다.
2684,発生,努力せんとする私とその対象たる外界があって道徳は発生する。,노력하지 않는 나와 그 대상인 외계가 있어 도덕은 발생한다.
2685,相互,愛が与えることによって二倍するという現象は、愛するものと愛せられたるものとの間に愛が相互的に成り立った場合に限るのだ。,사랑이 주어 두 배한다는 현상은 사랑하는 것과 사랑받는 것 사이에 사랑이 상호적으로 이루어진 경우에 한한다.
2686,真理,沽ろうとした瞬間に美徳が美徳でなくなるという第一義的な真理を本能の如く知っているのは彼女だ。,가려고 한 순간에 미덕이 미덕이 아니게 된다는 제일의적인 진리를 본능처럼 알고 있는 것은 그녀다.
2687,真相,然し概念的に物事を考える習慣に縛られている私達は、愛という重大な問題を考察する時にも、極めて習慣的な外面的な概念に捕えられて、その真相とは往々にして対角線的にかけへだたった結論に達していることはないだろうか。,그러나 개념적으로 사물을 생각하는 습관에 묶여 있는 우리는 사랑이라는 중대한 문제를 고찰할 때에도 지극히 습관적인 외면적인 개념에 사로잡혀 그 진상과는 흔히 대각선적으로 걸어가는 결론에 이르고 있는 것은 아닐까.
2688,着色,私達はこの時代的着色から躍進しなければならぬと私は思う。,우리는 이 시대적 착색으로부터 약진해야 한다고 생각한다.
2689,破壊,けれどもその実質をよく考えてみると、それは他の星の世界と同じ実質であり、その中に潜む力は一瞬時にして、地殻を思いのままに破壊することも出来、新たに地表を生み出すことも出来るのだ。,"하지만 그 실질을 잘 생각해 보면, 그것은 다른 별의 세계와 같은 실질이며, 그 안에 숨어있는 힘은 순식간에 지각을 마음대로 파괴할 수도 있고, 새롭게 지표를 만들어낼 수도 있다."
2690,破棄,平安は既存の事体の調節的持続であり、進歩は既存の事体の建設的破棄である。,"헤이안은 기존의 사물의 조절적 지속이며, 진보는 기존의 사체의 건설적 파기이다."
2691,確信,だからお前は安んじて、確信をもって、お前の道を選べばいいのだ。,"그러니까 너는 싸고, 확신을 가지고, 너의 길을 선택하면 좋다."
2692,確定,この問題の決定的批判なしには、神に対する悟りも、道徳律の確定も、科学の基礎も、人間の立場も凡て不安定となるだろう。,이 문제의 결정적 비판 없이는 하나님에 대한 깨달음도 도덕율의 확정도 과학의 기초도 인간의 입장도 범하여 불안정해질 것이다.
2693,確立,だから今の程度の人類生活の様式下にあっては、個人的の飛躍的動向を無視圧迫しても、智的生活の確立を希望する。,그러므로 지금 정도의 인류생활의 양식 아래에서는 개인적의 비약적 동향을 무시압박해도 지적생활의 확립을 희망한다.
2694,神殿,私は今その神殿に徐ろに進みよったように思う。,나는 지금 그 성전에 서서히 나아간 것처럼 생각한다.
2695,移る,生存競争は個性から始まって始めて階級争闘に移るのだ。,생존경쟁은 개성으로 시작해 시작해 계급 쟁투로 옮기는 것이다.
2696,空間,そして或る世界が――時間と空間をさえ撥無するほどの拡がりを持った或る世界が――個性の中にしっかりと建立される。,그리고 어떤 세계가 - 시간과 공간을 조차 발무할 정도의 확산을 가진 어떤 세계가 - 개성 속에 제대로 건립된다.
2697,窮乏,人は屡※いう、基督は有らゆるものを犠牲に供し、救世主たるの義務の故に、凡ての迫害と窮乏とを甘受し、十字架の死をさえ敢えて堪え忍んだ。,"사람은 병 ※ 말하자면, 기독은 유일한 것을 희생하고, 구세주인의 의무 때문에 범죄의 박해와 궁핍을 감수하고 십자가의 죽음을 감히 참아 참았다."
2698,立法,立法の主体は稍※移動したかも知れない。,입법의 주체는 稍※이동했을지도 모른다.
2699,築く,多くの人は省察をここに限り、愛の体験を十分に噛みしめて見ることをせずに、逸早くこの観念を受け入れ、その上に各自の人生観を築く。,"많은 사람들은 성찰을 여기에 한하여 사랑의 체험을 충분히 씹어 보지 않고, 일찍 이 관념을 받아들이고, 그 위에 각자의 인생관을 쌓는다."
2700,精巧な,或は又精巧な機械といってもよい。,또는 정교한 기계라고 할 수 있습니다.
2701,細胞,有機物の発生に次いで単細胞の生物が現われ出た。,유기물의 발생에 이어 단일 세포 생물이 나타났다.
2702,経緯,かくて愛の本能に従って、私は他を私の中に同化し、他に愛せらるることによって、私は他の中に投入し、私と他とは巻絹の経緯の如く、そこにおのずから美しい生活の紋様を織りなして行くのだ。,"그러므로 사랑의 본능에 따라, 나는 다른 사람을 나 안에 동화하고, 다른 사람에게 사랑하게 함으로써, 나는 다른 사람 안에 투입하고, 나와 다른 사람과는 권 실크의 경위와 같이, 거기에 저절로 아름다운 생활의 문양을 짜내 가는 것이다."
2703,結合,愛なき男女の結合を強制することは、そのまま生活の堕落である。,사랑없는 남녀의 결합을 강제하는 것은 그대로 생활의 타락이다.
2704,結晶,その姿は無機物の結晶に起る成長らしい現象とは多くの点に於て相違していた。,그 모습은 무기물의 결정에 일어나는 성장스러운 현상과는 많은 점에서 차이가 있었다.
2705,統率,それは生活の全部を統率するために、人間によって約束された規範であるからだ。,그것은 삶의 전부를 통율하기 위해 인간이 약속한 규범이기 때문이다.
2706,維持,何故ならば人間の社会は生きた人間に依ってのみ造り上げられ、維持され、存続され、発達させられるからだ。,왜냐하면 인간의 사회는 살아있는 인간에 의해서만 만들어지고 유지되고 존속되고 발달시킬 수 있기 때문이다.
2707,綴る,散文を綴る人は前者であり、詩に行く人は後者である。,산문을 철자하는 사람은 전자이고 시에 가는 사람은 후자이다.
2708,綿密な,だから少し綿密な観察者は、智と情との間に、情と意志との間に、又意志と智との間に、判然とはその何れにも従わせることの出来ない幾多の心的活動を発見するだろう。,"그러므로 조금 면밀한 관찰자는 지와 정 사이에, 정과 의지 사이에, 또 의지와 지 사이에, 판연과는 그 어느 것도 따를 수 없는 수많은 심적 활동을 발견할 것이다."
2709,美術,美術の世界に於て、未来派の人々が企図するところも、またこの音楽の聖境に対する一路の憧憬でないといえようか。,"미술의 세계에서 미래파 사람들이 기도하는 곳도, 또 이 음악의 성경에 대한 일로의 동경이 아니라고 할 수 있을까."
2710,聴覚,感覚の中でも、実生活に縁の近い触覚若しくは味覚などに依るよりも、非功利的な機能を多量に有する視覚聴覚の如きに依ろうとする。,"감각 중에서도, 실생활에 인연이 가까운 촉각 혹은 미각 등에 의하는 것보다, 비공리적인 기능을 다량으로 가지는 시각 청각과 같이 의존하려고 한다."
2711,自ら,偽善者なる私の眼には、自ら教会の中の偽善の分子が見え透いてしまった。,위선자가 되는 나의 눈에는 스스로 교회 안의 위선의 분자가 보이게 비쳐버렸다.
2712,自主,外界との接触から自由であることの出来ない私の個性は、縦令自主的な生活を導きつつあっても、常に外界に対し何等かの角度を保ってその存在を持続しなければならない。,외계와의 접촉으로부터 자유로울 수 없는 나의 개성은 종령 자주적인 생활을 이끌고 있어도 항상 외계에 대하여 몇 가지 각도를 유지하고 그 존재를 지속해야 한다.
2713,至る,若し人がその自覚を逆用して、肉にまで至る愛の要求のない場合に、単に外観的に観察された野獣の本能に走ったならば、それは明かに人間の有する本能の全体的な活動ということが出来ない。,"젊은이가 그 자각을 역용하고, 육에까지 이르는 사랑의 요구가 없는 경우에, 단순히 외관적으로 관찰된 야수의 본능으로 달렸다면, 그것은 명백하게 인간이 가지는 본능의 전체적인 활동이라고 할 수 없다."
2714,苗,その結果それが枯れ果てたら、花屋は遠慮なくその幹を切り倒して他の苗木を植えるだろうから。,"그 결과 그것이 시들고 끝나면, 꽃집은 사양없이 그 줄기를 잘라내어 다른 묘목을 심을 것이다."
2715,華やかな,ロマンティシストの快く華やかな想像も私にはない。,로맨티 시스트의 쾌적하고 화려한 상상도 나에게는 없다.
2716,著しい,そして動物中に行われる現状打破の本能を際立って著しいものと認めたのではなかったろうか。,그리고 동물 중에 행해지는 현상 타파의 본능을 두드러지게 현저한 것으로 인정한 것은 아니었을까.
2717,虚ろな,私は遊離した状態に在る過去を現在と対立させて、その比較の上に個性の座位を造ろうとする虚ろな企てには厭き果てたのだ。,나는 유리한 상태에 있는 과거를 현재와 대립시켜 그 비교 위에 개성의 자리를 만들려고 하는 허허한 기획에는 굳어진 것이다.
2718,見地,けれども未来派の傾向を全然斥けらるべきものだと主張する人に対しては、私は以上の見地からこの派の傾向の可能性を申し出ることが出来はしないかと思っている。,"그러나 미래파의 경향을 전혀 척척해야 할 것이라고 주장하는 사람에 대해서는, 나는 이상의 관점에서 이 파의 경향의 가능성을 제기할 수는 없을까 생각하고 있다."
2719,規定,だから若し私がこの種の生活にのみ安住して、社会が規定した知識と道徳とに依拠していたならば、恐らく社会から最上の報酬を与えられるだろう。,그러니까 젊고 내가 이런 종류의 생활에만 안주하고 사회가 규정한 지식과 도덕에 의거했다면 아마도 사회로부터 최상의 보상을 줄 수 있을 것이다.
2720,規範,即ち過去に対しては感情の自由を獲得し、未来に対しては意志の自由を主張し、現在の中にのみ必然の規範を立しようとするものだ。,즉 과거에 대해서는 감정의 자유를 획득하고 미래에 대해서는 의지의 자유를 주장하고 현재 안에만 필연적인 규범을 세우려는 것이다.
2721,記述,帰納法は記述にのみ役立つ。,귀납법은 설명에만 유용합니다.
2722,訴える,若し謂うところの芸術家のみが創造を司り、他はこれに与らないものだとするなら、どうして芸術品が一般の人に訴えることが出来よう。,젊고 우울한 곳의 예술가만이 창조를 맡고 다른 사람은 이에 걸리지 않는 것이라면 왜 예술품이 일반인에게 호소할 수 있을 것이다.
2723,証拠,一部分であるが故に、それは外界の事情によっては修正の必要を生ずるだろうけれども、それは直ちに徹底的に道徳そのものの変易性を証拠立てるものにはならない。,"일부이기 때문에, 그것은 외계의 사정에 따라서는 수정의 필요를 일으킬 것이다."
2724,証言,それはこの境界が基督自身のものではなく、私達凡下の衆もまた同じ道を歩み得ることを、彼自身が証言してくれたのだ。,"그것은 이 경계가 기독 자신의 것이 아니고, 우리 범하의 중도 또한 같은 길을 걸을 수 있다는 것을, 그 자신이 증언해 준 것이다."
2725,認識,この認識を誇るべきにせよ、恥ずべきにせよ、私はごまかしておくことが出来ない。,"이 인식을 자랑해야 하든, 부끄러워하든, 나는 속임수를 둘 수 없다."
2726,説く,（以下十余行内務省の注意により抹殺）私はこの本質から出発した社会生活改造の法式を説くことはしまいと思う。,(이하 10여행 내무성의 주의에 의해 말살) 나는 이 본질로부터 출발한 사회생활 개조의 법식을 설득하는 것은 버리겠다고 생각한다.
2727,読者,二私の言おうとする事が読者に十分の理解を与え得なくはないかと恐れる。,2 나의 말하고자 하는 것이 독자에게 충분한 이해를 줄 수 없을까 두려워한다.
2728,貫く,私達を貫く本能の力強さ。,저희를 관통하는 본능의 힘.
2729,貴族,神の信仰とは強者のみが与かり得る貴族の団欒だ。,하나님의 신앙이란 강자만이 받을 수 있는 귀족의 단관이다.
2730,躍進,私の個性は或る已みがたい力に促されて、新たなる存在へ躍進しようとする。,나의 개성은 어떤 맹목적인 힘에 촉구되어 새로운 존재로 약진하려고 한다.
2731,軌道,即ち知識も道徳も既存の経験に基いて組み立てられたもので、それがそのまま役立つためには、私の生活が同一軌道を繰り返し繰り返し往来するのを一番便利とする。,"즉 지식도 도덕도 기존의 경험에 근거해 조립된 것으로, 그것이 그대로 도움이 되기 위해서는, 나의 생활이 동일한 궤도를 반복해서 반복 왕래하는 것을 가장 편리하게 한다."
2732,転換,百八十度角の方向転換はない。,180도 각도의 방향 전환은 없다.
2733,迅速な,然し私の生長は、お前が思う程迅速なものではない。,그러나 내 생장은 네가 생각하는 것처럼 빠르지 않다.
2734,迫害,同時に、人間の本能の中から野獣と共通な部分を理智的に引き離して、純霊というような境地を捏造しようとするのは、明かに本能に対する謂れのない迫害である。,동시에 인간의 본능 가운데서 야수와 공통된 부분을 이지적으로 떼어내고 순령이라는 경지를 날조하려고 하는 것은 명백히 본능에 대한 우울 없는 박해이다.
2735,追い求める,私はその上に、私の個性の全要求を満足し、しかもその満足が同時によいことであるべき生活を追い求めるだろう。,"나는 게다가 나의 개성의 모든 요구를 만족하고, 게다가 그 만족이 동시에 좋다는 삶을 추구할 것이다."
2736,逃す,その誠実を取り逃すな。,그 성실을 놓치지 마라.
2737,途上,私は自分が極めて低い生活途上に立っているものであることをよく知りぬいている。,나는 내가 매우 낮은 생활 도중에 서 있는 것임을 잘 모르고 있다.
2738,進展,凡ての行為が義務でなく遊戯であらねばならぬとの要求が真に感ぜられた時、人間の生活がこれから如何に進展せねばならぬかの示唆は適確に与えられるのだ。,"범죄의 행위가 의무가 아니고 유희여야 한다는 요구가 진정으로 느껴졌을 때, 인간의 생활이 앞으로 어떻게 진전해야 하는지의 시사는 적확하게 주어지는 것이다."
2739,遂げる,お前が私の全要求に応じた時に於てのみ私は生長を遂げるであろう。,네가 나의 모든 요구에 응했을 때만 나는 생장을 이룰 것이다.
2740,遂行,例えば個性の要求の結果が一見肉に属する慾の遂行のように思われる時があっても、それをお前が今まで考えていたように、簡単に肉慾の遂行とのみ見てはならぬ。,"예를 들면 개성의 요구의 결과가 겉보기 고기에 속하는 혜의 수행처럼 보일 때가 있어도, 그것을 너가 지금까지 생각하고 있던 것처럼, 간단하게 육습의 수행이라고만 봐서는 안 된다."
2741,達する,生活そのものが目的に達する手段ではないが故に無目的といったのである。,생활 자체가 목적에 이르는 수단이 아니기 때문에 무목적이라고 한다.
2742,達成,この緩慢な生活が一面に成り立つことによって、私達は他面に、必要な方面、緊張した生活の欲求を感じ、それを達成することが出来る。,"이 느린 생활이 일면에 성립함으로써, 우리는 다른 면에, 필요한 방면, 긴장된 생활의 욕망을 느끼고 그것을 달성할 수 있다."
2743,遮る,意志の欲求を認め、その意志の欲求が必然的であるのを認め、本能的境地に置かれた意志は本能そのものであって、それを遮る何者もないことを知ったなら、私達のいう意志の自由はそのまま肯定せられなければならぬ。,"의지의 욕구를 인정하고 그 의지의 욕구가 필연적임을 인정하고 본능적 경지에 놓인 의지는 본능 그 자체이며, 그것을 차단할 아무도 없다는 것을 알았다면 우리의 의지의 자유는 그대로 긍정되어야 한다."
2744,部門,然るに専門家となるということは、自分を人間生活の或る一部門に売り渡すことでもある。,물론 전문가가 된다는 것은 자신을 인간 생활의 일부 부문에 팔아 넘기기도 한다.
2745,重複,私は徒らな重複を避けなければならない。,나는 학생들의 중복을 피해야 한다.
2746,錯誤,そこから彼の超人の哲学は生れ出たが、そしてそれは強い人に恰好な背景を与える結果にはなったが、それを解して彼が強かったからだと思うのは大きな錯誤といわねばならぬ。,"거기에서 그의 초인의 철학은 태어났지만, 그것은 강한 사람에게 사랑스러운 배경을 주는 결과가 되었지만, 그것을 풀어 그가 강했기 때문이라고 생각하는 것은 큰 착오라고 말해야 한다."
2747,鑑賞,若しそれらを掴むのが不可能のことならば、公平な観察者鑑賞者となって、両極の持味を髣髴して死のう。,"젊고 그들을 잡는 것이 불가능한 것이라면, 공평한 관찰자 감상자가 되어 양극의 맛을 쫓아 죽는다."
2748,阻止,そしてそれは当事者なる政治家その人の一生を無価値にし、民衆全体の進歩を阻止し、事業そのものは、段々人間の生活から分離して、遂には生活途上の用もない瓦礫となって、徒らに人類進歩の妨げになるだろう。,"그리고 그것은 당사자가 되는 정치가 그 사람의 일생을 무가치로 하고, 민중 전체의 진보를 저지해, 사업 그 자체는, 점차 인간의 생활로부터 분리해, 결국 생활 도상의 용도도 없는 잔해가 되어, 학생들에게 인류 진보의 방해가 될 것이다."
2749,限る,愛が与えることによって二倍するという現象は、愛するものと愛せられたるものとの間に愛が相互的に成り立った場合に限るのだ。,사랑이 주어 두 배한다는 현상은 사랑하는 것과 사랑받는 것 사이에 사랑이 상호적으로 이루어진 경우에 한한다.
2750,階級,愛はかくの如き階級を経て最も明かに自己を表現する。,사랑은 이처럼 계급을 거쳐 가장 밝게 자기를 표현한다.
2751,静止,千態万様の相に分れて、地殻は目まぐるしい変化を現じてはいるが、畢竟そこに見出されるものは、静止であり、結果であり、死に近づきつつあるものであり、奥行のない現象である。,"천태만양의 위상으로 나뉘어 지각은 눈부신 변화를 나타내고는 있지만, 축거 거기에서 발견되는 것은 정지하고, 결과이며, 죽음에 가까워지고 있는 것이며, 깊이가 없는 현상이다."
2752,驚異,誰がこの否む可らざる目前の事実に驚異せずにはいられよう。,누가 이 부정할 수 없는 눈앞의 사실에 경이하지 않고 있을 수 있다.
2753,名残,私の友達のＭと私と妹とはお名残だといって海水浴にゆくことにしました。,나의 친구의 M과 나와 여동생은 유명하다고 해수욕에 가기로 했습니다.
2754,呼びかける,私の顔が見えると妹は後の方からあらん限りの声をしぼって「兄さん来てよ……もう沈む……苦しい」と呼びかけるのです。,"나의 얼굴이 보이면 여동생은 나중에 아마 한 목소리를 흘려 ""형님 와줘…"
2755,遥かな,それにしても友達のＭは何所に行ってしまったのだろうと思って、私は若者のそばに立ちながらあたりを見廻すと、遥かな砂山の所をお婆様を助けながら駈け下りて来るのでした。,"그렇다고 해도 친구의 M은 몇 곳에 가 버렸을 것이라고 생각해, 나는 젊은이의 곁에 서면서 근처를 둘러보면, 하루카 모래산의 곳을 할머니를 도우면서 숙이고 내려오는 것이었습니다."
2756,高まる,波が高まると妹の姿が見えなくなったその時の事を思うと、今でも私の胸は動悸がして、空恐ろしい気持ちになります。,"파도가 높아지면 여동생의 모습이 보이지 않게 된 그때의 일을 생각하면, 지금도 내 가슴은 동계가 되어, 공포한 기분이 됩니다."
2757,一帯,「それは早田からお聞きのことかもしれんが、おっしゃった値段は松沢農場に望み手があって折り合った値段で、村一帯の標準にはならんのですよ。,"「그것은 하야다로부터 듣는 것일지도 모릅니다만, 말씀하신 가격은 마쓰자와 농장에 바라보는 사람이 있어 접은 가격으로, 마을 일대의 표준에는 되지 않습니다."
2758,不備,監督に対してあらゆる質問を発しながら、帳簿の不備を詰って、自分で紙を取りあげて計算しなおしたりした。,감독에 대해 모든 질문을 내면서 장부의 미비를 막고 스스로 종이를 꺼내 다시 계산하기도 했다.
2759,交える,小作人たちと自分とが、本当に人間らしい気持ちで互いに膝を交えることができようとは、夢にも彼は望み得なかったのだ。,소작인들과 자신이 정말 인간다운 마음으로 서로 무릎을 꿇을 수 있게 되면 꿈에도 그는 바랄 수 없었던 것이다.
2760,備わる,いったい監査役というものが単に員に備わるというような役目なのか、それとも実際上の威力を営利事業のうえに持っているものなのかさえ本当に彼にははっきりしていなかった。,"도대체 감사역이라는 것이 단순히 직원에게 갖추어지는 역할인지, 아니면 실제 위력을 영리사업에 갖고 있는 것일지도 정말 그에게는 분명하지 않았다."
2761,催す,監督も懐旧の情を催すらしく、人のいい微笑を口のはたに浮かべて、「ほんとにそうでした」と気のなさそうな合槌を打っていた。,"감독도 회구의 정을 개최하는 것 같고, 사람의 좋은 미소를 입안에 띄워, 「정말로 그랬습니다」라고 신경이 쓰이는 듯한 망치를 치고 있었다."
2762,出世,それに俺しには道楽という道楽も別段あるではなし、一家が暮らして行くのにはもったいないほどの出世をしたといってもいいのだ。,"게다가 나에게는 도락이라는 도락도 별로 있을 수 없고, 일가가 살아가기에는 아까울 정도의 출세를 했다고 해도 좋다."
2763,土木,農場は父のものだが、開墾は全部矢部という土木業者に請負わしてあるので、早田はいわば矢部の手で入れた監督に当たるのだ。,"농장은 아버지의 것이지만, 개간은 전부 야베라는 토목업체에 청부하고 있으므로, 하야다는 이른바 야베의 손으로 넣은 감독에 해당하는 것이다."
2764,展開,けれどもこれから展開されるだろう場面の不愉快さを想像することによって、彼の心はどっちかというと暗くされがちだった。,하지만 앞으로 전개될 장면의 불쾌함을 상상함으로써 그의 마음은 어느 쪽이라면 어두워지기 쉽다.
2765,換算,彼は矢部の眼の前に自分の愚かしさを暴露するのを感じつつも、たどたどしく百二十七町を段に換算して、それに四段歩を加え始めた。,"그는 야베의 눈 앞에 자신의 어리석음을 폭로하는 것을 느끼면서도, 따뜻하게 127초를 단으로 환산해, 거기에 4단보를 더하기 시작했다."
2766,業者,農場は父のものだが、開墾は全部矢部という土木業者に請負わしてあるので、早田はいわば矢部の手で入れた監督に当たるのだ。,"농장은 아버지의 것이지만, 개간은 전부 야베라는 토목업체에 청부하고 있으므로, 하야다는 이른바 야베의 손으로 넣은 감독에 해당하는 것이다."
2767,決意,「よしやり抜くぞ」という決意が鉄丸のように彼の胸の底に沈むのを覚えた。,'좋은 걸 빼앗겠다'는 결의가 철환처럼 가슴의 바닥에 가라앉는 것을 기억했다.
2768,相場,昨夜早田と話をした時、聞きただしてみると、この辺の土地の売買は思いのほか安いものですよ」父は例の手帳を取り出して、最近売買の行なわれた地所の価格を披露しにかかると、矢部はその言葉を奪うようにだいたいの相場を自分のほうから切り出した。,"어젯밤 하야다와 이야기를 들었을 때, 물어보면, 이 근처의 토지의 매매는 생각외로 싼 것입니다」"
2769,精算,そして今年になって、農場がようやく成墾したので、明日は矢部もこの農場に出向いて来て、すっかり精算をしようというわけになっているのだ。,"그리고 올해가 되어, 농장이 드디어 성후했기 때문에, 내일은 야베도 이 농장에 향해 와, 완전히 정산을 하려고 하는 것이 되고 있는 것이다."
2770,細心,何処までも謹恪で細心な、そのくせ商売人らしい打算に疎い父の性格が、あまりに痛々しく生粋の商人の前にさらけ出されようとするのが剣呑にも気の毒にも思われた。,"어디까지나 근사하고 세심한, 그 쿠세 장사인다운 타산에 희미한 아버지의 성격이, 너무 고통스럽고 순수한 상인의 앞에 드러내려고 하는 것이 검술에도 마음의 독에도 생각되었다."
2771,経過,「事業の経過はだいたい得心が行きました。,“사업의 경과는 대체로 득점이 갔습니다.
2772,規約,それは彼が小作人の一人一人を招いて、その口から監督に対する訴訟と、農場の規約に関する希望とを聞き取っておく役廻りで、昨夜寝る時に父が彼に命令した仕事だった。,그것은 그가 소작인의 한사람 한사람을 초대하고 그 입에서 감독에 대한 소송과 농장의 규약에 관한 희망을 듣는 역할로 어제 밤 잠을 잘 때 아버지가 그에게 명령한 일이었다.
2773,訂正,それではこの件はこれでいいのですな」と附け足して、あとから訂正なぞはさせないぞという気勢を示したが、矢部はたじろぐ風も見せずに平気なものだった。,"그러면 이 건은 이것으로 좋을 것입니다」라고 부족해, 나중에 정정 수수께끼는 하지 않을 거라는 기세를 나타냈지만, 야베는 설레는 바람도 보이지 않고 태연한 것이었다."
2774,訴訟,それは彼が小作人の一人一人を招いて、その口から監督に対する訴訟と、農場の規約に関する希望とを聞き取っておく役廻りで、昨夜寝る時に父が彼に命令した仕事だった。,그것은 그가 소작인의 한사람 한사람을 초대하고 그 입에서 감독에 대한 소송과 농장의 규약에 관한 희망을 듣는 역할로 어제 밤 잠을 잘 때 아버지가 그에게 명령한 일이었다.
2775,野生,彼は野生になったティモシーの茎を抜き取って、その根もとのやわらかい甘味を噛みしめなどしながら父のあとに続いた。,그는 야생이 된 티모시의 줄기를 뽑아 그 뿌리 아래의 부드러운 단맛을 씹어서 아버지 뒤를 이었다.
2776,閉口,酔うといつでも大肌ぬぎになって、すわったままひとり角力を取って見せたものだったが、どうした癖か、唇を締めておいて、ぷっぷっと唾を霧のように吹き出すのには閉口した」そんなことをおおげさに言いだして父は高笑いをした。,"술에 취하면 언제라도 큰 피부를 흘리고, 흠뻑 혼자 각력을 취해 보여준 것이었지만, 어떻게 된 버릇인가, 입술을 조여 두고, 침을 안개처럼 뿜어내는데는 닫혔다” 그런 일을 고마워 아버지는 고웃음을 했다."
2777,領地,「おい早田」老人は今は眼の下に見わたされる自分の領地の一区域を眺めまわしながら、見向きもせずに監督の名を呼んだ。,'어이하야다' 노인은 지금은 눈 밑에 보이는 자신의 영지의 한 구역을 바라보면서 전망도 하지 않고 감독의 이름을 불렀다.
2778,飲み込む,監督は、質問の意味を飲み込むことができると礑たと答えに窮したりした。,감독은 질문의 의미를 삼킬 수 있다고 답했다고 대답에 몰두하기도 했다.
2779,馬鹿馬鹿しい,始めから先方に腹を立てさすつもりで談判をするなどというのは、馬鹿馬鹿しいくらい私にはいやな気持ちです」彼は思い切ってここまで突っ込んだ。,처음부터 앞으로 화를 내려고 하는 담판을 하는 등은 어리석은 정도로 나에게는 싫은 기분입니다.” 그는 과감히 여기까지 돌진했다.
2780,驚嘆,いわば公私の区別とでもいうものをこれほど露骨にさらけ出して見せる父の気持ちを、彼はなぜか不快に思いながらも驚嘆せずにはいられなかった。,"이른바 공내의 구별이라고도 하는 것을 이만큼 노골에 드러내 보이는 아버지의 기분을, 그는 왠지 불쾌하게 생각하면서도 경탄하지 않고는 있을 수 없었다."
2781,ずるずる,彼れは女のたぶさを掴んで道の上をずるずる引張って行った。,그는 여자의 어리석음을 잡고 길 위를 어긋나게 끌어당겼다.
2782,ひしひし,餓えと寒さがひしひしと答え出してがたがた身をふるわしながら、挨拶一つせずにさっさと別れて歩き出した。,아기와 추위가 한결같이 대답해 나가서 몸을 흔들면서 인사 하나하지 않고 빨리 헤어져 걸어 나갔다.
2783,ぶかぶか,低味の畦道に敷ならべたスリッパ材はぶかぶかと水のために浮き上って、その間から真菰が長く延びて出た。,"낮은 맛의 기도에 깔린 슬리퍼재는 푹신푹신과 물 때문에 떠오르고, 그 사이에서 진주가 오랫동안 뻗어 나왔다."
2784,三味線,市街地にも種物商や肥料商が入込んで、たった一軒の曖昧屋からは夜ごとに三味線の遠音が響くようになった。,시가지에도 종물상이나 비료상이 들어서 단 한 채의 애매집에서는 밤마다 샤미센의 원음이 울리게 되었다.
2785,仕業,広岡の馬を躓かしたのは間接ながら笠井の娘の仕業だった。,히로오카의 말을 주저한 것은 간접하면서 가사이의 딸의 작업이었다.
2786,仕様,「こんなに亜麻をつけては仕様がねえでねえか。,「이렇게 아마를 붙여서는 사양이 헤이어?
2787,償う,春先きの長雨を償うように雨は一滴も降らなかった。,봄날의 장비를 보상하듯 비는 한 방울도 내리지 않았다.
2788,加わる,競馬に加わる若い者はその妙齢な娘の前で手柄を見せようと争った。,경마에 참가하는 젊은이들은 그 묘령한 딸 앞에서 수술을 보이려고 싸웠다.
2789,労力,果敢ない労力に句点をうって、鍬の先きが日の加減でぎらっぎらっと光った。,"과감한 노력에 구점을 받고, 괭이의 앞이 날의 가감으로 깜짝 빛났다."
2790,勤労,妻の勤労のお蔭で一冬分の燃料にも差支ない準備は出来た。,아내의 근로 담배로 한겨울 연료에도 차지하지 않는 준비는 가능했다.
2791,勧誘,彼らは農家の戸別訪問をして糧秣廠よりも遙かに高価に引受けると勧誘した。,이들은 농가의 호별 방문을 하고 양식창보다 훨씬 고가로 맡을 것을 권유했다.
2792,回送,昼になっても荷の回送はなかった。,낮이 되어도 짐의 회송은 없었다.
2793,土台,汝れが困ると俺らが困るとは困りようが土台ちがわい。,여의가 곤란하면 우리가 곤란하다고는 곤란할 듯이 토대 차이가 난다.
2794,小銭,「俺ら銭こ一文も持たねえからちょっぴり借りたいだが」赤坊の事を思うと、急に小銭がほしくなって、彼れがこういい出すと、帳場は呆れたように彼れの顔を見詰めた、――こいつは馬鹿な面をしているくせに油断のならない横紙破りだと思いながら。,"「우리 돈코 일문도 갖고 있으니까 조금 빌리고 싶지만」 아기의 일을 생각하면, 갑자기 동전을 원하고, 그 누가 이렇게 좋게 내면, 장장은 어리석은 듯 그 얼굴을 응시했다."
2795,工面,来年の種子さえ工面のしようのないのは今から知れ切っていた。,내년의 씨앗조차 공면의 시도가 없는 것은 지금부터 알려졌다.
2796,布巾,仁右衛門はだらんと下げた右手に斧をぶらさげたまま、妻は雑巾のように汚い布巾を胸の所に押しあてたまま、憚るように顔を見合せて突立っていた。,"히토에몬은 부드럽게 내린 오른손에 도끼를 매달린 채, 아내는 잡건처럼 더러운 포건을 가슴 곳에 밀어붙인 채, 솟아오르듯 얼굴을 맞대고 돌입하고 있었다."
2797,懸賞,場主の松川は少からざる懸賞までした。,장주의 마츠카와는 조금 늦은 경품까지 했다.
2798,手配,二人は仕事の手配もきめずに働いた。,두 사람은 일 준비도 힘들게 일했다.
2799,控除,彼らは案の定燕麦売揚代金の中から厳密に小作料を控除された。,그들은 안의 정연 보리 매양 대금 중에서 엄밀히 소작료를 공제되었다.
2800,昂奮,彼れは闇の中に突っ立ちながら焼くような昂奮のためによろめいた。,그분은 어둠 속에 찔러서 굽는 듯한 혐오를 받으셨습니다.
2801,水田,旱魃に饑饉なしといい慣わしたのは水田の多い内地の事で、畑ばかりのＫ村なぞは雨の多い方はまだ仕やすいとしたものだが、その年の長雨には溜息を漏さない農民はなかった。,"旱魃에 饑饉 없이 좋은 익숙한 것은 논이 많은 내지의 일로, 밭만의 K 마을 수수께끼는 비가 많은 분은 아직 섬세하다고 한 것이지만, 그 해의 장비에는 한숨을 새지 않는 농민은 없었다."
2802,決勝,三、四軒の農場の主人たちは決勝点の所に一段高く桟敷をしつらえてそこから見物した。,"셋째, 4채의 농장 주인들은 결승점 곳에 한층 높게 부두를 꽂아 거기에서 구경했다."
2803,漏らす,な」仁右衛門は黒い地平線をすかして見ながら、耳に手を置き添えて笠井の言葉を聞き漏らすまいとした。,"나」히토에몬은 검은 수평선을 쳐서 보면서, 귀에 손을 곁들여 가사이의 말을 듣고 헛소리했다."
2804,燃料,妻の勤労のお蔭で一冬分の燃料にも差支ない準備は出来た。,아내의 근로 담배로 한겨울 연료에도 차지하지 않는 준비는 가능했다.
2805,畜生,「汝ゃ乞食か盗賊か畜生か。,"""여우 거지 또는 도적 또는 축생?"""
2806,耕作,少し高い所からは何処までも見渡される広い平坦な耕作地の上で二人は巣に帰り損ねた二匹の蟻のようにきりきりと働いた。,조금 높은 곳에서는 어디까지나 바라보이는 넓은 평탄한 경작지 위에서 두 사람은 둥지로 돌아가지 못한 두 마리의 개미처럼 깔끔하게 일했다.
2807,薄れる,仰向けになって鋼線のような脚を伸したり縮めたりして藻掻く様は命の薄れるもののように見えた。,고향으로 되어 강선과 같은 다리를 늘리거나 줄이거나 해 조류 긁는 모습은 생명이 희미해지는 것처럼 보였다.
2808,観衆,「危ねえ」――観衆は一度に固唾を飲んだ。,「위해」―― 관중은 한 번에 고침을 마셨다.
2809,跡地,畑が枯れて跡地には何んだって出来はしねえぞ。,밭이 시들어 흔적에는 뭐라고 할 수 없어.
2810,軽減,彼れは場主と一喧嘩して笠井の仕遂せなかった小作料の軽減を実行させ、自分も農場にいつづき、小作者の感情をも柔らげて少しは自分を居心地よくしようと思ったのだ。,"그는 장주와 일싸워 가사이의 완수할 수 없었던 소작료의 경감을 실행시켜, 자신도 농장에 언제나, 소작자의 감정을 부드럽게 해 조금은 자신을 아늑하게 하려고 생각한 것이다."
2811,逃げ出す,殴りつけられる時するように腕をまげて目八分の所にやって、逃げ出す事もし得ないでいた。,"때릴 수 있을 듯 팔을 감아 눈 8분의 곳에 하고, 도망치는 일도 할 수 없었다."
2812,運送,運送店の前にはもう二台の馬力があって、脚をつまだてるようにしょんぼりと立つ輓馬の鬣は、幾本かの鞭を下げたように雨によれて、その先きから水滴が絶えず落ちていた。,"운송점 앞에는 또 2대의 마력이 있었고, 다리를 붙잡고 있듯이 쭉쭉 서 있는 혼마의 귀는 몇개의 채찍을 낮춘 것처럼 비에 따라 그 앞에서 물방울이 끊임없이 떨어지고 있었다."
2813,邸宅,農場の事務所から想像していたのとは話にならないほどちがった宏大な邸宅だった。,농장 사무소에서 상상했던 것은 이야기가 되지 않을 정도로 틀린 히로시대 저택이었다.
2814,鉱山,仁右衛門（これから彼れという代りに仁右衛門と呼ぼう）は固より明盲だったが、農場でも漁場でも鉱山でも飯を食うためにはそういう紙の端に盲判を押さなければならないという事は心得ていた。,"니우에몬(지금부터 그렇다고 대신 인우에몬이라고 부르자)은 굳건히 명맹이었지만, 농장에서도 어장에서도 광산에서도 밥을 먹기 위해서는 그런 종이의 끝에 맹판을 눌러야 한다는 것은 마음가짐이었다."
2815,陰気な,聞くに堪えないような若者どもの馬鹿話も自然と陰気な気分に押えつけられて、動ともすると、沈黙と欠伸が拡がった。,"듣기에 참을 수 없는 젊은이들의 어리석은 이야기도 자연스럽고 음란한 기분에 빠져들고, 움직이면 침묵과 결신이 퍼졌다."
2816,霜,跡は小屋も畑も霜のために白茶けた鈍い狐色だった。,흔적은 오두막도 밭도 서리를 위해 찻잔을 띤 둔한 여우였다.
2817,びっしょり,ぼくたちをおくとすぐまた出かけて行った橋本のおじさんが、びっしょりぬれてどろだらけになって、人ちがいするほど顔がよごれて帰って来たころには、夜がすっかり明けはなれて、ぼくの家の所からは黒いけむりと白いけむりとが別々になって、よじれ合いながらもくもくと立ち上っていた。,"나를 떠나자마자 또 나가서 갔던 하시모토의 아저씨가 흠뻑 젖어 가득 찼고, 혼잡할 정도로 얼굴이 흔들리고 돌아왔을 무렵에는, 밤이 완전히 새벽은 되어, 나의 집 곳에서는 검게 뭉쳐서 하얀 모습이 따로따랐다."
2818,大雨,どこからどこまで大雨のあとのようにびしょびしょなので、ぞうりがすぐ重くなって足のうらが気味悪くぬれてしまった。,"어디에서 어디까지 폭우 후와 같이 비비쇼쇼이므로, 조우리가 곧 무거워져 다리의 우라가 기분 나쁘게 젖어 버렸다."
2819,駆ける,その乞食の人はどんなことがあっても駆けるということをしないで、ぼろを引きずったまま、のそりのそりと歩いていたから、それにとらえられる気づかいはなかったけれども、遠くの方からぼくたちのにげるのを見ながら、牛のような声でおどかすことがあった。,"그 거지의 사람은 어떤 일이 있어도 달린다고 하는 일을 하지 않고, 허벅지를 끌어당긴 채, 썰매의 썰매와 걷고 있었기 때문에, 거기에 잡힐 수 있는 눈치채는 없었지만, 먼 쪽으로부터 우리의 괴롭힘을 보면서, 소와 같은 목소리로 흥분하는 것이 있었다."
2820,市場,このジャンとピエールとは初めの間は市場などに行って、あわれな声を出して自分のかたわを売りものにして一銭二銭の合力を願っていましたが、人々があわれがって親切をするのをいい事にしてだんだん増長しました。,"이 장과 피에르와는 처음 사이에는 시장 등에 가서, 저런 목소리를 내고 자신의 분을 팔아서 1전2전의 합력을 바라고 있었습니다만, 사람들이 저희가 친절을 하는 것을 좋은 일로 해서 점차 증가했습니다."
2821,賛美,町の人々は大きな声で賛美の歌をうたいはじめました。,마을 사람들은 큰 목소리로 찬양의 노래를 원하기 시작했습니다.
2822,達者な,足の達者な人でも登れないような所に、このかたわ者が命がけで登るというのですから、中には変だと思う人もありましたが、そういう人にはピエールはいつでも悲しげな顔をしてこう答えました。,"다리의 달인인 사람이라도 올라갈 수 없는 곳에, 이 분이 목숨을 걸어 올라간다고 하기 때문에, 안에는 이상하다고 생각하는 사람도 있었습니다만, 그러한 사람에게는 피에르는 언제나 슬픈 얼굴을 해 이렇게 대답했습니다."
2823,重宝な,ジャンがいうには、「こうしていればかたわも重宝なものだ。,"쟝이 말하기에는, “이렇게 하고 있으면 분도 편리한 것이다."
2824,ちょくちょく,イフヒムといがみ合った様な噂もちょくちょく聞くから、貢ぐのは野郎じゃ無くって、これはてっきり外に出来たなとそう思ったんだ。,"이프힘과 어울리는 듯한 소문도 조금 듣기 때문에, 공헌하는 것은 놈이 아니고, 이것은 확실히 밖에 생겼다고 생각했다."
2825,再生,何うも女ってものは老者の再生だぜ。,아무도 여자라는 것은 노인의 재생이다.
2826,制裁,人間が法律を作れりゃあ、虫だって作れる筈だ」と云ったのを想い出して、虫の法律的制裁が今日こそ公然と行われるんだと思った。,인간이 법률을 만들 수 있다면 벌레라도 만들 수 있을 것”이라고 말한 것을 떠올리며 벌레의 법률적 제재가 오늘이야말로 공공연히 이루어질 거라고 생각했다.
2827,大事件,今日一日で仕事が打切りになると云う事も、一つの大なる期待ではあったが、軈て現われ来るべき大事件は若い好奇心と敵愾心とを極端に煽り立てて、私は勇士を乘せて戦場に駆け出そうとする牡馬の様に、暗闇の中で眼を輝かした。,"오늘 하루에 일이 중단이 된다고 말하는 것도 하나의 큰 기대였지만, 얼마 지나지 않아 나타나야 할 큰 사건은 젊은 호기심과 적 우심을 극단적으로 부추기고, 나는 용사를 솟아 전장으로 뛰어내려고 하는 마마처럼, 암흑중."
2828,待ち遠しい,而してヤコフ・イリイッチが更に語を次いだのは、三十秒にも足らぬ短い間であったが、それが恐ろしい様な、待ち遠しい様な長さであった。,"그러므로 야코프 일리이치가 한층 더 말을 뒤따른 것은 30초에도 부족한 짧은 기간이었지만, 그것이 무서운 듯한, 기다린 것 같은 길이였다."
2829,感慨,ヤコフ・イリイッチはイフヒムの言った事を繰返して居るのか、己れの感慨を漏らすのか解らぬ程、熱烈な調子になって居た。,"야코프 일리이치는 이프힘이 말한 것을 반복해 있을 것인지, 자신의 감개를 새는지 알 수 없을 정도로 열렬한 상태가 되어 있었다."
2830,手近な,丁度私が其の不調和なヤコフ・イリイッチの面構えから眼を外らして、手近な海を見下しながら、草の緑の水が徐ろに高くなり低くなり、黒ペンキの半分剥げた吃水を嘗めて、ちゃぶりちゃぶりとやるのが、何かエジプト人でも奏で相な、階律の単調な音楽を聞く様だと思って居ると、睡いのか。,"정확히 내가 그 부조화한 야코프 일리이치의 면에서 눈을 벗어나, 가까운 바다를 내려다 보면서, 잔디의 녹색 물이 서서히 높아지고 낮아지고, 검은 페인트 의 절반 벗긴 먼지를 물리며, 삐걱거리는 듯이 하는 것이, 뭔가 이집트인이라도 연주로 어울리는, 계율의 단조로운 음악을 듣는 것 같다고 생각해 있으면, 잠인가."
2831,旦那,「旦那、お前さん手合は余り虫が宜過ぎまさあ。,"""남편, 너 손잡이는 너무 벌레가 잘못 됐어."
2832,民族,※本作品中には、身体的・精神的資質、職業、地域、階層、民族などに関する不適切な表現が見られます。,"※본 작품 중에는, 신체적·정신적 자질, 직업, 지역, 계층, 민족 등에 관한 부적절한 표현을 볼 수 있습니다."
2833,決断,あり相で居て、色気と決断は全然無しよ、あるものは慾気ばかりだ。,"있어 상으로 있어, 성적 매력과 결단은 전혀 없어, 어떤 것은 간기만이다."
2834,眼球,夢も見た事の無え己れにゃ、一晩中ぽかんと眼球をむいて居る苦しみったら無えや。,"꿈도 본 적이 없어 스스로야, 하룻밤 안에 포칸과 안구를 벗고 있는 괴로워하면 없어."
2835,補足,野郎が有難い事を云ったってかんかん虫手合いは鼾をかくばかりで全然補足になら無えってんで、工場長開けた事を思いつきやがった、女ならよかろうてんだとよ。,"노로가 고맙다는 것을 감추었다고 간질 벌레 손잡이는 냄새를 가득 뿐 전혀 보충이라면 없어서, 공장장 열린 것을 생각해 버린, 여자라면 괜찮다고 하고."
2836,警部,己れっちらの境涯では、四辻に突っ立って、警部が来ると手を挙げたり、娘が通ると尻を横目で睨んだりして、一日三界お目出度い顔をしてござる様な、そんな呑気な真似は出来ません。,"스스로의 경애에서는, 사츠구에 돌입해, 경부가 오면 손을 들거나, 딸이 지나가면 엉덩이를 옆눈으로 노려보거나, 하루 삼계 눈부신 얼굴을 해 잡는 것 같은, 그런 삼키한 흉내는 할 수 없습니다."
2837,階層,※本作品中には、身体的・精神的資質、職業、地域、階層、民族などに関する不適切な表現が見られます。,"※본 작품 중에는, 신체적·정신적 자질, 직업, 지역, 계층, 민족 등에 관한 부적절한 표현을 볼 수 있습니다."
2838,再建,その頃にフランシス――この間まで第一の生活の先頭に立って雄々しくも第二の世界に盾をついたフランシス――が百姓の服を着て、子供らに狂人と罵られながらも、聖ダミヤノ寺院の再建勧進にアッシジの街に現われ出した。,"그 무렵에 프란시스――그동안 제1의 생활의 선두에 서서 웅장하게도 제2의 세계에 방패를 붙인 프란시스――가 백성의 옷을 입고, 아이들에게 광인과 매혹되면서도, 성 다미야노 사원의 재건 권진에 아시시의 거리에 나타났다."
2839,厳かな,眼の下には夢で見たとおりのルフィノ寺院が暁闇の中に厳かな姿を見せていた。,눈 밑에는 꿈에서 본 대로의 루피노 사원이 어둠 속에 엄격한 모습을 보이고 있었다.
2840,合唱,寝しずまった町並を、張りのある男声の合唱が鳴りひびくと、無頓着な無恥な高笑いがそれに続いた。,"잠들지 못한 거리를, 장난이 있는 남자성의 합창이 울려 퍼지면, 무성착한 무치한 고웃음이 거기에 계속되었다."
2841,感触,胸から下の肢体は感触を失ったかと思うほどこわばって、その存在を思う事にすら、消え入るばかりの羞恥を覚えた。,"가슴에서 아래의 지체는 감촉을 잃었을까 생각할 정도로 굳어서, 그 존재를 생각하는 것조차도, 사라질 뿐의 수치를 기억했다."
2842,慕う,女猫を慕う男猫の思い入ったような啼声が時折り聞こえる外には、クララの部屋の時計の重子が静かに下りて歯車をきしらせる音ばかりがした。,"여자 고양이를 당황하는 남자 고양이의 생각이 들어간 것 같은 목소리가 때때로 들리는 밖에는, 클라라의 방의 시계의 시게코가 조용히 내려 톱니바퀴를 끄는 소리뿐이었다."
2843,縁談,クララの父母は僧正の言葉をフォルテブラッチョ家との縁談と取ったのだろう、笑みかまけながら挨拶の辞儀をした。,클라라의 부모는 승정의 말을 포르테 브라쵸쵸가와의 인담과 잡았을 것이다.
2844,繁盛,その世界に何故渇仰の眼を向け出したか、クララ自身も分らなかったが、当時ペルジヤの町に対して勝利を得て独立と繁盛との誇りに賑やか立ったアッシジの辻を、豪奢の市民に立ち交りながら、「平和を求めよ而して永遠の平和あれ」と叫んで歩く名もない乞食の姿を彼女は何んとなく考え深く眺めないではいられなかった。,"그 세계에 왜 갈증의 눈을 향해 냈는지, 클라라 자신도 알지 못했지만, 당시 페르지야의 마을에 대해 승리를 얻어 독립과 번성의 자랑에 활기찬 아시시의 츠지를 , 호녀의 시민과 어우러지면서, 「평화를 찾아라 이끌어 영원의 평화 있어」라고 외쳐 걷는 이름도 없는 거지의 모습을 그녀는 왠지 생각하고 깊게 바라보지 말아야 했다."
2845,華々しい,やがて百人の処女の喉から華々しい頌歌が起った。,이윽고 백인의 처녀의 목에서 화려한 송가가 일어났다.
2846,免れる,父は、私が農学を研究していたものだから、私の発展させていくべき仕事の緒口をここに定めておくつもりであり、また私たち兄弟の中に、不幸に遭遇して身動きのできなくなったものができたら、この農場にころがり込むことによって、とにかく餓死だけは免れることができようとの、親の慈悲心から、この農場の経営を決心したらしく見えます。,"아버지는 내가 농학을 연구하고 있었기 때문에 내가 발전시켜 나가야 할 일의 오구치를 여기에 정해 둘 예정이며, 또 우리 형제 속에 불행을 만나고 움직일 수 없어 된 것이 생기면, 이 농장에 넘어가는 것에 의해, 어쨌든 아사만은 면할 수 있다고 하는, 부모의 자비심으로부터, 이 농장의 경영을 결심한 것처럼 보입니다."
2847,採用,けれどもこれら巨細にわたった施設に関しては、札幌農科大学経済部に依頼し、具体案を作製してもらうことになっていますから、それができ上がった時、諸君がそれを研究して、適当だと思ったらそれを採用されたなら、少なからず実際の上に便利でしょう。,"하지만 이러한 거세에 걸친 시설에 관해서는, 삿포로 농과대학 경제부에 의뢰해, 구체적안을 제작해 주게 되기 때문에, 그것이 완성되었을 때, 제군이 그것을 연구해, 적당하다고 생각하면 그것을 채용되었다면, 적지 않고 실제의 위에 편리하겠지요."
2848,施設,けれどもこれら巨細にわたった施設に関しては、札幌農科大学経済部に依頼し、具体案を作製してもらうことになっていますから、それができ上がった時、諸君がそれを研究して、適当だと思ったらそれを採用されたなら、少なからず実際の上に便利でしょう。,"그러나 이러한 거세에 걸친 시설에 관해서는, 삿포로 농과대학 경제부에 의뢰해, 구체안을 제작해 주게 되기 때문에, 그것이 완성되었을 때, 제군이 그것을 연구해, 적당하다고 생각하면 그것을 채용되었다면, 적지 않고 실제의 위에 편리하겠지요."
2849,沿岸,爾来諸君はこの農場を貫通する川の沿岸に堀立小屋を営み、あらゆる艱難と戦って、この土地を開拓し、ついに今日のような美しい農作地を見るに至りました。,"아오이 제군은 이 농장을 관통하는 강의 연안에 호리타치 오두막을 경영해, 모든 정난과 싸워, 이 땅을 개척해, 드디어 오늘과 같은 아름다운 농작지를 볼에 이르렀습니다."
2850,物資,食料品はもとよりすべての物資は東倶知安から馬の背で運んで来ねばならぬ交通不便のところでした。,식료품은 물론 모든 물자는 동경지안에서 말의 등으로 옮겨 와야 하는 교통 불편의 곳이었습니다.
2851,資金,この土地の開墾については資金を必要としたことに疑いはありません。,이 토지의 개척에 대해서는 자금이 필요했던 것에 의심은 없습니다.
2852,返済,ただし正確にいうと、私の徴集した小作料のうち過剰の分をも諸君に返済せねば無償ということができぬのですが、それはこの際勘弁していただくことにしたいと思います。,"다만 정확하게 말하면, 내가 징집한 소작료 중 과잉의 분도 제군에게 갚지 않으면 무상이라고 할 수 없습니다만, 그것은 이 때 용서해 주시기로 하고 싶습니다."
2853,運用,つまり今後の諸君のこの土地における生活は、諸君が組織する自由な組合というような形になると思いますが、その運用には相当の習練が必要です。,"즉 향후 제군의 이 토지에서의 생활은 제군이 조직하는 자유로운 조합이라고 하는 형태가 된다고 생각합니다만, 그 운용에는 상당한 습련이 필요합니다."
2854,開拓,爾来諸君はこの農場を貫通する川の沿岸に堀立小屋を営み、あらゆる艱難と戦って、この土地を開拓し、ついに今日のような美しい農作地を見るに至りました。,"아오이 제군은 이 농장을 관통하는 강의 연안에 호리타치 오두막을 경영해, 모든 정난과 싸워, 이 땅을 개척해, 드디어 오늘과 같은 아름다운 농작지를 볼에 이르렀습니다."
2855,いやいや,いやいや思いもかけぬといえば、荒物屋の、あの老婆。,"아니 아니 생각도 걸리지 않는다고 하면, 황물가의, 그 노파."
2856,乱れる,死んだは、活きたは、本宅の主人へ電報を、と蜘蛛手に座敷へ散り乱れるのを、騒ぐまい、騒ぐまい。,"죽은, 살았다는, 본택의 주인에게 전보를, 라고 거미수에 다다미방에 흩날리는 것을, 시끄럽게, 시끄럽다."
2857,仏像,二つ目の浜の石屋が方へ、暮方仏像をあつらえに往った帰りを、厭な、不気味な、忌わしい、婆のあらもの屋の前が通りたくなさに、ちょうど満潮を漕げたから、海松布の流れる岩の上を、船で帰って来たせいであろう。,"두 번째 해변의 이시야가 쪽으로, 생활방불상을 모아 왕래한 돌아오는 길을, 어리석은, 소름 끼치는, 바쁜, 할머니의 가게 앞이 지나치지 않게, 딱 만조를 젓았기 때문에, 해송포가 흐르는 바위 위를, 배로 돌아왔기 때문이겠지"
2858,仰ぐ,」――と肩がすくんで、裳わなわな、瞳を据えて恐々仰ぐ、天井の高い事。,"」――라고 어깨가 흠뻑 빠져서, 헛소리나, 눈동자를 두고 무서워하는 천장이 높은 일."
2859,保養,ひしひしと花ふだの響がするのを、保養の場所と大目に見ても、好いこととは思わなかったが、時にこそよれ頼母しい。,"히시히시와 꽃 후다의 울림이 하는 것을, 보양의 장소와 크게 보아도, 좋아하는 것이라고는 생각하지 않았지만, 때때로 의뢰 어머니."
2860,傾く,波を渡るか、宙を行くか、白き鵞鳥の片翼、朝風に傾く帆かげや、白衣、水紅色、水浅葱、ちらちらと波に漏れて、夫人と廉平が彳める、岩山の根の巌に近く、忘るるばかりに漕ぐ蒼空。,"물결을 건너거나, 공중을 가거나, 하얀 가시새의 편익, 아침 바람에 기울이는 돛이나, 백의, 수홍색, 물 얕은 파, 깜빡거리며 물결에 새어, 부인과 료헤이가 떠오르는, 이와야마의 뿌리의 휘장에 가까워, 잊을 만큼 젓는 창공."
2861,叶う,心弱くて叶うまじ、と廉平はやや屹としたものいいで、「飛んだ事を！,"마음 약하고 실현 우마지, 라고 히라히라는 약간 빽빽한 것 좋고, 「날아간 것을!"
2862,固まる,」と今更ながら畚を覗くと、冷い磯の香がして、ざらざらと隅に固まるものあり、方丈記に曰く、ごうなは小さき貝を好む。,"」라고 지금 게다가 반을 들여다보면, 차가운 이소의 향이 있어, 거칠게 구석에 굳어지는 것이 있어, 방장기에 엎드려, 고우는 작은 조개를 좋아한다."
2863,垣根,髪の根は髷ながら、笄ながら、がッくりと肩に崩れて、早や五足ばかり、釣られ工合に、手水鉢を、裏の垣根へ誘われ行く。,"머리카락의 뿌리는 어지럽고, 어리석은 채, 쭉쭉 어깨에 무너져, 일찍이나 오족만, 잡혀 공합에, 손수 그릇을, 뒤의 울타리에 초대되어 간다."
2864,大方,大方また毛虫でしょう、大丈夫、毛虫は追駈けては来ませんから。,"대체로 애벌레일 것입니다, 괜찮아요, 애벌레는 추구해 오지 않으니까요."
2865,実家,三十という年に近いこの年になりますまで、少い折から何一つ苦労ということは知りませんで、悲しい事も、辛い事もついぞ覚えはありません、まだ実家には両親も達者で居ます身の上ですもの。,"삼십이라는 해에 가까운 이 해가 될 때까지, 조금 접기로부터 무엇 하나 고생이라고 하는 것은 모르고, 슬픈 일도, 괴로운 일도 붙어 기억은 없습니다."
2866,平たい,そして、すいたらしいッてね、私の手首を熟と握って、真黄色な、平たい、小さな顔を振上げて、じろじろと見詰めたの。,"그리고 굉장한 것 같아, 내 손목을 익게 잡고, 진황색, 평평하고, 작은 얼굴을 흔들어, 가만히 응시했다."
2867,庇う,」歩を移すのに引添うて、身体で庇うがごとくにしつつ、「ほんとに驚いたんですか。,"'걸음을 옮기는데 인용해, 몸으로 망설이는 듯이 하면서,'정말로 놀랐습니까."
2868,志す,志す人があって、この川ぞいの三股へ、石地蔵が建つというわいの。,"뜻하는 사람이 있어, 이 강조의 미사타에, 이시지조가 세워진다고 하는 것의."
2869,操る,穉い方は、両手に舷に掴まりながら、これも裸の肩で躍って、だぶりだぶりだぶりだぶりと同一処にもう一艘、渚に纜った親船らしい、艪を操る児の丈より高い、他の舷へ波を浴びせて、ヤッシッシ。,"사냥하는 쪽은, 양손에 현에 잡히면서, 이것도 알몸의 어깨로 뛰어들어, 흠뻑 빠져 짙은 덩어리와 같은 곳에 또 한 척, 나기사에 모인 친선다운, 배를 조종하는 아이의 길이보다 높은, 다른 현에 파도를 받게 하고, 야시시."
2870,新築,この路を去る十二三町、停車場寄の海岸に、石垣高く松を繞らし、廊下で繋いで三棟に分けた、門には新築の長屋があって、手車の車夫の控える身上。,"이 길을 떠나는 123초, 정차장 근처의 해안에, 이시가키 높이 소나무를 거들어, 복도로 연결해 3동으로 나눈, 문에는 신축의 나가야가 있어, 손차의 차부가 삼키는 신상."
2871,浜辺,浜辺は煮えて賑かに、町は寂しい樹蔭の細道、たらたら坂を下りて来た、前途は石垣から折曲る、しばらくここに窪んだ処、ちょうどその寺の苔蒸した青黒い段の下、小溝があって、しぼまぬ月草、紺青の空が漏れ透くかと、露もはらはらとこぼれ咲いて、藪は自然の寺の垣。,"해변은 끓여서 활기차게, 마을은 외로운 나무 울퉁불퉁한 길, 타라타라자카를 내려왔다. 절의 이끼 찐 푸른 검은 계단 아래, 작은 그루브가 있고, 어지러운 월초, 푸른 하늘이 새어 흐르는지, 이슬도 허벅지 쏟아져 피고, 번개는 자연의 절의 울타리."
2872,褒美,伯父さんが、また褒美をやるわ。,"백부씨가, 또 포상을 할게."
2873,人手,毎夜の如く、内井戸の釣瓶の、人手を借らず鳴ったのも聞く……轆轤が軋んで、ギイと云うと、キリキリと二つばかり井戸縄の擦合う音して、少須して、トンと幽かに水に響く。,"매일 밤과 같이, 내우물의 낚시병의, 손을 빌리지 않고 울린 것도 듣는다…"
2874,凄まじい,」「あ、また降るよ……」凄まじい霰の音、八方から乱打つや、大屋根の石もからからと転げそうで、雲の渦く影が入って、洋燈の笠が暗くなった。,"""아, 또 내릴게……"""
2875,凝る,……霰が降れば思が凝る。,…… 잠이 내리면 생각이 뻔하다.
2876,同志,――その頃、風をなして行われた試験間際に徹夜の勉強、終夜と称えて、気の合った同志が夜あかしに演習をする、なまけものの節季仕事と云うのである。,"――그 무렵, 바람을 이루고 행해진 시험 직전에 철야의 공부, 밤낮이라고 기리며, 기분이 맞는 동지가 밤새끼에 연습을 하는, 어째서의 절기 일이라고 말하는 것이다."
2877,噴出,鼬が覘くような、鼠が匍匐ったような、切って填めた菱の実が、ト、べっかっこをして、ぺろりと黒い舌を吐くような、いや、念の入った、雑多な隙間、破れ穴が、寒さにきりきりと歯を噛んで、呼吸を詰めて、うむと堪えて凍着くが、古家の煤にむせると、時々遣切れなくなって、潜めた嚔、ハッと噴出しそうで不気味な真夜中。,"鼬가 망설이는 듯한, 쥐가 匍匐った 같은, 잘라 넣은 마름의 열매가, 토, 뺨을 하고, 페로리와 검은 혀를 토하는 것 같은, 아니, 염의 들어간, 잡다한 틈, 찢어진 구멍이, 추위에 깔끔하게 치아를 씹고, 호흡을 채우고, 음부 견디고 얼어붙지만, 고가의 그을음에 얽히면, 가끔 끊어지지 않게 되어, 숨어있는 낭, 핏과 분출할 것 같고 소름 끼치는 한밤중."
2878,悲鳴,却説、大雷の後の稀有なる悲鳴を聞いた夜、客が蔀を開けようとした時の人々の顔は……年月を長く経ても眼前見るような、いずれも石を以て刻みなした如きものであった。,"각설, 대뢰 후의 희귀한 비명을 들은 밤, 손님이 잔을 열려고 했을 때의 사람들의 얼굴은…"
2879,染みる,却って、日を経るに従って、物語を聞きさした如く、床しく、可懐しく、身に染みるようになったのである。,"거기서 날이 지나면서 이야기를 들었던 것처럼, 마루, 가 그리워, 몸에 스며들게 된 것이다."
2880,清らかな,白菊の咲く頃、大屋根へ出て、棟瓦をひらりと跨いで、高く、高く、雲の白きが、微に動いて、瑠璃色に澄渡った空を仰ぐ時は、あの、夕立の夜を思出す……そして、美しく清らかな母の懐にある幼児の身にあこがれた。,"백국의 피는 무렵, 대지붕에 나와, 동 기와를 펼쳐서, 높고, 높고, 구름의 하얀 빛이, 미세하게 움직여, 푸른 색으로 맑은 하늘을 떠날 때는, 저, 저립의 밤을 생각한다…"
2881,砕く,雲は暗かろう……水はもの凄く白かろう……空の所々に颯と薬研のようなひびが入って、霰はその中から、銀河の珠を砕くが如く迸る。,구름은 어둡다……물은 굉장히 하얗게 하자…
2882,不興,……と詰寄る泰助の袂を曳きて、医師は不興気に、「これさ、物を言わしちゃ悪いというのに。,"…… 라고 들러오는 태조의 모조를 예언하고, 의사는 불흥기로, 「이것, 물건을 말해버려 나쁘다고 하는데."
2883,出血,と出血休まざる小指の血にて、我掌の汚れたるにぞ、かっぷと唾を吐き懸けて、下枝の袖にて押拭い、高田と連立ち急がわしく、人形室に赴きぬ。,"와 출혈 쉬지 않는 새끼손가락의 피로, 가장의 더러워져서, 칫솔과 침을 뱉어, 시모에의 소매에서 닦아, 타카다와 연립 서두르고, 인형실에 가라앉지 않는다."
2884,単身,この血の跡を慕い行かばその行先を突留め得べきが、単身にては気味悪しと、一まず家に立帰りて、近隣の壮佼の究竟なるを四人ばかり語らいぬ。,"이 피의 흔적을 당황하면 그 목적지를 돌려 받을 수 있어야 하지만, 단신에서는 기분 나쁘고, 일단 집에 돌아가서, 인근의 장려의 궁리되는 것을 네 명만 말하지 않는다."
2885,名高い,と名乗るを聞きて病人は嬉しげに倉瀬の手を握り、「貴下が、貴下があの名高い……倉瀬様。,"라고 자칭하는 것을 듣고 병인은 기쁘게 쿠라세의 손을 잡고, 「귀하가, 당신이 그 유명하다… … 쿠라세님."
2886,命中,十五火に入る虫短銃の筒口に濃き煙の立つと同時に泰助が魂消る末期の絶叫、第三発は命中せり。,"15화에 들어가는 벌레 단총의 통구에 진한 연기가 서 있는 것과 동시에 태조가 영혼 사라지는 말기의 절규, 제3발은 명중할 수 있다."
2887,天下,足許の明るい内に、さらけ出してお謝罪をしろと、居丈高に詰寄れば、「こりゃ可笑い、お政府に税を差上げて、天下晴れての宿屋なら、他人の妻でも妾でも、泊めてはならぬ道理は無い。,"발허가 밝은 안에 드러내고 사과를 하자고 튼튼하게 막히면 ""이거 웃어, 정부에 세금을 올리고 천하 맑은 여관이라면 타인의 아내라도 녀석이라도 묵지 말아야 할 도리는 없다."
2888,履歴,人品が好くって、痩っこけて、心配のありそうな、身分のある人が落魄たらしい、こういう顔色の男には、得て奇妙な履歴があるものです。,"인품이 좋아서, 마르고, 걱정이 있을 것 같은, 신분이 있는 사람이 낙하한 것 같다, 이런 안색의 남자에게는, 얻어 기묘한 이력이 있는 것입니다."
2889,工夫,何とか工夫をして引摺り出そうと思ってる内に、泰助めが出懸ける様だから、早速跡を跟けて、まんまと首尾よくぶっちめる処を、さんざんにぶっちめられたのだ。,"어떻게든 궁리를 하고 끌어내려고 생각하고 있는 가운데, 태조가 나올 수 있는 것 같으니까, 조속히 흔적을 뛰어넘어, 만마와 성공적으로 쏟아지는 처를, 잔잔하게 박힌 것이었다."
2890,廃止,「ええ、縁起でもねえ廃止てくれ。,"""그래, 길조라도 이봐 폐지해줘."
2891,慌てる,時しも廊下を蹈鳴して、得三の帰る様子に、かの男少し慌てる色ありしが、人形を傍へずらして柱に寄せ、被は取れて顔も形もあからさまなる、下枝を人形の跡へ突立せ、「声を立てるな。,"때때로 복도를 걷고, 세이조가 돌아가는 모습에, 의 남자 조금 당황하는 색이 있지만, 인형을 옆으로 밀어 기둥에 대고, 피는 잡히고 얼굴도 형태도 모르는, 밑 가지를 인형의 자취에 돌립해, 「소리를 내지 말라."
2892,指図,うん八蔵帰ったか、それその死骸の面を見いと、指図に八蔵心得て叢中より泰助を引摺り出し、「おや、此奴あ探偵だ。,"응 팔장 돌아갔는지, 그것 그 시체의 면을 보면, 오더에 팔장 마음 얻어 총중보다 태조를 끌어내, “아, 츠노노아 탐정이다."
2893,放棄,「その事なら放棄ときな、おれが方寸にある事だ。,"「그 일이라면 포기할 때나, 우리가 방향에 있는 일이다."
2894,日夜,日夜折檻をせらるると聞けば、責苦にや疲れけん、呼吸も苦しげに見ゆるぞかし。,"낮과 밤에 새장을 얹는다고 들으면, 책고나 피곤, 호흡도 고통스럽게 간절히 엿볼 수 있다."
2895,暗殺,「月夜に暗殺、馬鹿々々しい、と打笑いつつ泰助は曲者の顔を視めて、「おや、此奴は病院へ来た奴だ。,"“달밤에 암살, 바보같다, 라고 웃으며 타이스케는 곡자의 얼굴을 보고, “아, 이노는 병원에 온 녀석이다."
2896,末期,十五火に入る虫短銃の筒口に濃き煙の立つと同時に泰助が魂消る末期の絶叫、第三発は命中せり。,"15화에 들어가는 벌레 단총의 통구에 진한 연기가 서 있는 것과 동시에 태조가 영혼 사라지는 말기의 절규, 제3발은 명중할 수 있다."
2897,本性,淑母死して七七日の忌も果てざるに、得三は忠実の仮面を脱ぎて、ようやく虎狼の本性を顕したり。,"숙모 죽어 칠칠일의 헛소리도 끝낼 수 없는데, 세이조는 충실한 가면을 벗고, 드디어 호랑이의 본성을 드러내거나."
2898,本音,八蔵は本音を吐き、「おい、可加減に巫山戯ておけ。,"하치조는 본심을 내뱉고, 「어이, 가가감히 무야마 희생해라."
2899,正体,今に見ろ、一番正体を現してやるから。,"지금 보아, 제일 정체를 보여주니까."
2900,歩む,黒髪颯と夜風に乱して白き衣服を着けたるが、月明りにて画けるごとく、南をさして歩むがごとし。,"검은 머리카락과 밤바람에 흐트러져 하얀 옷을 입었지만, 달빛으로 화할 수 있도록 남쪽을 가리키고 걷는다."
2901,気質,顔も気質も汝に肖て、やっぱり我の言うことを聞かなかったから、毒を飲まして得三が殺したのだ。,얼굴도 기질도 땀에 쏟아져 역시 내 말을 듣지 않았으니까 독을 마셔서 세이조가 죽인 것이다.
2902,汚らわしい,と嘲弄されて切歯をなし、「ええ汚らわしい、聞とうござんせぬ。,"라고 조롱당해 절치를 하고, 「네 더러운, 듣고 어색하다."
2903,無言,声高しと押止めて、眼を見合わせ少時無言、この時一番鶏の声あり。,"목소리를 높이고, 눈을 마주보고 조금 무언, 이때 가장 닭의 목소리가."
2904,狙い,さしったりと身を交せば、狙い外れて発奮を打ち路傍の岩を真二つ。,"바르고 몸을 섞으면, 노리지 않고 발분을 치고 길가의 바위를 두 사람."
2905,省く,入用る雑用を省くと唱え、八蔵といえる悪僕一人を留め置きて、その余の奴僕は尽く暇を取らせ、素性も知れざる一人の老婆を、飯炊として雇い入れつ。,"입용하는 잡용을 생략하면 노래하고, 팔장이라고 할 수 있는 악인 한사람을 두고, 그 여의 녀석은 다할 여유를 취해, 소성도 모르는 한 명의 노파를, 밥 밥으로서 고용 넣는다."
2906,禁物,「金時ここにおいてか幽霊が大禁物。,“금시 여기에 있을까 유령이 대금물.
2907,素早い,と呼ばわれば、八蔵もまた何とかしけむ、「ええ、と吃驚身を飜がえして、外へ遁出し雲を霞、遁がすものかと銀平は門口まで追懸け出で、前途を見渡し独言、「素早い、野郎だ。,"라고 불리면, 하치조도 또 어떻게든 씹는다, 「그래, 와 놀라움을 굶주리고, 밖으로 흩어져 구름을 서리로, 끓는 것일까 하고 은평은 문구까지 추진해, 전도를 바라보며 독언, 「빠른, 야로다."
2908,経歴,屹と心を取直し、丈に伸びたる夏草を露けき袖にて押分け押分けなお奥深く踏入りて忍び込むべき処もやと、彼方此方を経歴るに、驚くばかり広大なる建物の内に、住む人少なければ、燈の影も外へ洩れず。,"함정과 마음을 고치고, 길게 뻗은 여름 잔디를 드러내고 소매로 밀어내고 깊숙히 밟아 들어가야 할 곳도, 그분의 길을 경력하는데, 놀라울 정도로 광대한 건물 안에, 사는 사람 적으면, 등의 그림자도 밖에 누설하지 않고."
2909,絞る,はっと思うに毒や利きけむ、心身たちまち悩乱して、腸絞る苦しさにさては毒をば飲まされたり。,"몹시 생각에 독이나 낫다, 심신들 마을 고생하고, 장 짜내는 괴로움에 대해서는 독을 마시거나."
2910,職務,探偵の身にしては、賞牌ともいいつべき名誉の創痕なれど、衆に知らるる目標となりて、職務上不便を感ずること尠からざる由を喞てども、巧なる化粧にて塗抹すを常とせり。,"탐정의 몸으로는, 상패라고도 좋다 명예의 창흔이지만, 중에게 알게 되는 목표가 되어, 직무상 불편을 느끼는 것 위장에서 까다로운 유를 듣고도, 교묘한 화장으로 도말을 상처."
2911,見込み,泰助は一人残りて、死人の呼吸を吹返さんとする間際には、秘密を唸り出す事もやあらんと待構うれば、医師の見込みは過たず、ややありて死骸は少しずつの呼吸を始め、やがて幽に眼を開き、糸よりもなお声細く、「ああ、これが現世の見納かなあ。,"태조는 혼자 남아, 죽은 사람의 호흡을 되돌아 보는 사이 때에는, 비밀을 설레는 일도 다소 기다리면, 의사의 전망은 지나지 않고, 조금 있어 사해는 조금씩의 호흡을 시작해, 결국 유치하게 눈을 뜨고, 실보다 목소리,"
2912,退治,東京の何とやら館の壮士が、大勢でこの前の寺へ避暑に来てでございますが、その風説を聞いて、一番妖物退治をしてやろうというので、小雨の降る夜二人連で出掛けました。,"도쿄의 어쨌든 관의 장사가, 대세로 이전의 절에 피서에 와 있습니다만, 그 풍설을 듣고, 제일 요물 퇴치를 해 하려고 하기 때문에, 비가 내리는 밤 2인연으로 나갔습니다."
2913,配慮,「はい、お聞き下さいまし、と言わんとするを医師は制して、「物を言ったり、配慮をしては、身体のために好くない。,"「네, 들으세요, 라고 말하고 싶다고 의사는 제제하고, 「물건을 말하거나 배려를 해서는, 신체를 위해서 좋아하지 않는다."
2914,鉄棒,とたんに鉄棒空に躍って頭を目懸けて曳！,갑자기 철봉 하늘로 뛰어 머리를 눈에 띄게 예리!
2915,閑静な,こはこのままに去し難しと、泰助は亭主に打向い、「どこか閑静な処へ寝さして、まあまあ気を落着かしてやるが可い。,"이것은 이대로 떠나기 어려워, 태조는 정주에게 타향해, “어딘가 한적한 처에 잠들어, 뭐 그렇게 마음을 낙착시켜 주지만 좋다."
2916,騒動,がたぴしという物音は皿鉢飛んだ騒動なり。,가타 피시라는 소리는 접시 화분 날아간 소동이.
2917,主人公,主人公の名の糸七は「縷紅新草」のそれとひとしく、点景に赤蜻蛉のあらわるる事もまた相似たり。,"주인공의 이름의 실칠은 「현홍신초」의 그것과 혼자서, 점경에 아카모리의 나타나는 일도 유사하거나."
2918,人格,こうしたどの話、いずれの場合にも、あってしかるべき、冒険の功名と、武勇の勝利がともなわない、熱海のこの按摩さんは一種の人格しゃと言ってもいい、学んでしかるべしだ。,"이런 어떤 이야기, 어느 경우에도, 있어야 할 모험의 공명과 무용의 승리가 따로 없는 아타미의 이 안마씨는 일종의 인격이라고 말해도 좋다는 것을 배워야 한다."
2919,待望,況や待望の雨となると、長屋近間の茗荷畠や、水車なんぞでは気分が出ないとまだ古のままだった番町へのして清水谷へ入り擬宝珠のついた弁慶橋で、一振柳を胸にたぐって、ギクリとなって……ああ、逢いたい。,"상황이나 대망의 비가 되면, 나가야 근처의 모하하타나, 수차 따위로는 기분이 나오지 않으면 아직 낡았던 번마치로 하고 기요미즈야에 들어가 의보주가 붙은 벤케이바시에서, 일진 버드나무를 가슴에 두르고, 기쿠리가 되어… … 아, 만나고 싶다."
2920,掲載,昭和十四年七月号中央公論掲載の、「縷紅新草」は、先生の生前発表せられし最後のものにして、その完成に尽くされし努力は既に疾を内に潜めいたる先生の肉体をいたむる事深く、その後再び机に対われしこと無かりしという。,"쇼와 14년 7월호 중앙공론 게재의, 「현홍신초」는, 선생님의 생전 발표되어 마지막 것으로 하고, 그 완성에 다해져 노력은 이미 질병을 안에 숨어 있는 선생님의 육체를 먹는 일 깊게, 그 후 다시 책상에 대항하는 일 없음이라고 한다."
2921,本名,やや年下だけれど心置かれぬ友だちに、――ようから、本名俳名も――谷活東というのが居た。,"다소 연하이지만 마음 놓치지 않는 친구에게, ――그래서, 본명 배우명도――다니 활동이라고 하는 것이 있었다."
2922,無論,や、一人でない、銀杏返しの中背なのが、添並んでと見送ったのは、按摩さんの話にくッつけた幻覚で、無論唯一人、中背などというよりは、すっとすらりと背が高い、そして、気高く、姿に威がある。,"야, 혼자가 아닌, 은행의 중배인 것이, 곁들여서 배웅한 것은, 사루마씨의 이야기에 붙인 환각으로, 무론 유일한, 중배 등이라기보다는, 쑥스럽게 키가 크고, 고귀하고, 모습에 위협이 있다."
2923,身近な,……村方の人らしい、鳴きながらの蛙よりは、泥鼈を抱いていそうな、雫の垂る、雨蓑を深く着た、蓑だといって、すぐに笠とは限らない、古帽子だか手拭だか煤けですっぱりと頭を包んだから目鼻も分らず、雨脚は濁らぬが古ぼけた形で一濡れになって顕われたのが、――道巾は狭い、身近な女二人に擦違おうとして、ぎょッとしたように退ると立直って提灯を持直した。,"무라카타의 사람인 것 같다, 울리면서의 조개보다는, 진흙을 안고 있을 것 같은, 물방울이 늘어지는, 우물을 깊게 입은, 녹이다라고 해, 곧바로 가사라고는 할 수 없는, 옛 모자이든 손수건이나 매끈하게 가득 머리를 감싸 그래서 눈 코도 모르고, 비 다리는 흐리지 않지만 낡은 형태로 한 젖어져 드러난 것이, ――도건은 좁고, 친밀한 여자 두 사람에게 엇갈리려고 하고, 듯한 물러나자 재단하여 제등을 다시 했다."
2924,遠方,遠方の小さい幽な茅屋を包んだ一むら竹の奥深く、山はその麓なりに咲込んだ映山紅に且つ半ば濃い陽炎のかかったのも里親しき護摩の燃ゆる姿であった。,먼 곳의 작은 유령의 가게를 감싼 이치무라 대나무의 깊고 산은 그 기슭 나름에 피어 온 에이야마 홍에 한편 중반 진한 양염이 걸린 것도 마을 친한 호마의 불타는 모습이었다.
2925,顕著な,唯、糸七の遠い雪国のその小提灯の幽霊の※※う場所が小玉小路、断然話によそえて拵えたのではない、とすると、蛙に因んで顕著なる奇遇である。,"유이, 일곱의 먼 설국의 그 소제등의 유령의 ※※우 장소가 오다마 코지, 단연 이야기에 의해서 싹 싣는 것이 아니다, 라고 하면, 조개에 기인하여 현저한 기우이다."
2926,かねがね,私が今日こちらへ泊って、翌朝お参をするッてことは、かねがね話をしていたから、大方旅行先から落合って来たことと思ったのに、まあ、お前、どうしたというのだろうね。,"내가 오늘 이쪽에 묵고, 다음날 아침 참배를 한다는 것은, 카네가네 이야기를 하고 있었기 때문에, 오히려 여행처로부터 낙합해 왔다고 생각했는데, 뭐, 너, 어떻게 했다는 것일까."
2927,げっそり,」静に放すと、取られていた手がげっそり痩せて、着た服が広くなって、胸もぶわぶわと皺が見えるに、屹と目を※る肩に垂れて、渦いて、不思議や、己が身は白髪になった、時に燦然として身の内の宝玉は、四辺を照して、星のごとく輝いたのである。,"""조용히 놓으면, 잡혀 있던 손이 가볍게 마른, 입은 옷이 넓어져, 가슴도 푹신하고 주름이 보이는데, 함정과 눈을 ※ 어깨에 늘어져, 소용돌이치고, 신기하고, 자신이 몸은 백발이 된, 때로 찬연하게 몸 속의 보옥은, 사변을."
2928,一様に,その姿の優しいこと、気高いこと、尊いこと、清いこと、この水に向うて立ちますと、人膚が背後から皮を透して透いて見えます位、急にも流れず、淀みもしませず、浪の立つ、瀬というものもござりませぬから、色も、蒼くも見えず、白くも見えず、緑の淵にもなりませず、一様に、真の水色というのでござりましょ。,"그 모습의 상냥한 것, 고상한 것, 소중한 것, 깨끗한 것, 이 물을 향해 서 있으면, 인매가 배후로부터 가죽을 투과해 비쳐 보입니다 정도, 갑자기도 흐르지 않고, 뜸도 하지 않고, 낭이 서, 세라는 것도 거칠지 않기 때문에, 색도, 푸른 것도 보이지 않고, 하얗게도 보이지 않고, 녹색의 연도도 되지 않고, 균일하게, 진정한 하늘색이므로 조잡합시다."
2929,交わす,さて心がら鬼のごとき目を※くと、余り強く面を圧していた、ためであろう、襖一重の座敷で、二人ばかりの女中と言葉を交わす夫人の声が、遠く聞えて、遥に且つ幽に、しかも細く、耳の端について、震えるよう。,"그런데 마음껏 귀신의 눈길을 ※그러면, 너무 강하게 면을 압박하고 있었기 때문에, 잠일 중의 다다미에서, 2명만의 여중과 말을 나누는 부인의 목소리가, 멀리 들을 수 있고, 하루카 그리고 유령에, 게다가 가늘고, 귀의 끝에 대해서, 떨리자."
2930,後退,手持不沙汰に、後退にヒョイと立って、ぼんやりとして襖がくれ、「御免なさいまし。,"手持不沙汰에, 후퇴에 효이와 서서, 희미하게 襖가 주어, 「어면 주세요."
2931,忍ぶ,手入をしない囲なぞの荒れたのを、そのまま押入に遣っているのであろう、身を忍ぶのは誂えたようであるが。,"수입을 하지 않는 둘레의 거친 것을, 그대로 압입에 보내고 있을 것이다, 몸을 맡기는 것은 굉장한 것 같지만."
2932,所持,お名札をと申しますと、生憎所持せぬ、とかようにおっしゃいまする、もっともな、あなた様お着が晩うござりましたで、かれこれ十二時。,"이름표를 라고 하면, 미워 소지할 수 없는, 라든지 같이 말씀하신, 가장인, 당신님 옷이 밤 잔뜩 들었으니까, 이 12시."
2933,洪水,しかもその火鉢といわず、臼といわず、枕といわず、行燈といわず、一斉に絶えず微に揺いで、国が洪水に滅ぶる時、呼吸のあるは悉く死して、かかる者のみ漾う風情、ただソヨとの風もないのである。,"게다가 그 화로라고 말하지 않고, 우스꽝스럽지 않고, 베개라고 하지 않고, 행등이라고 하지 않고, 일제히 끊임없이 미소하게 흔들리고, 나라가 홍수에 멸망할 때, 호흡이 있는 것은 깨끗하게 죽어, 걸리는 사람만 쏟아지는 풍정, 단지 소요와의 바람도 없는 것이다."
2934,設立,岐阜県××町、――里見稲子、二十七、と宿帳に控えたが、あえて誌すまでもない、岐阜の病院の里見といえば、家族雇人一同神のごとくに崇拝する、かつて当家の主人が、難病を治した名医、且つ近頃三由屋が、株式で伊勢の津に設立した、銀行の株主であるから。,"기후현××마을, ――사토미 이나코, 27, 라고 숙장에 앞두었지만, 굳이 잡기까지도 없는, 기후의 병원의 사토미라고 하면, 가족 고인 일동신처럼 숭배하는, 과거 당가의 주인이, 난치병을 치료한 명의, 또한 요즈음 미유야."
2935,凶作,奥州筋近来の凶作にこの寺も大破に及び、住持となりても食物乏しければ僧も不住、明寺となり、本尊だに何方へ取納めしにや寺には見えず、庭は草深く、誠に狐梟のすみかというも余あり。,"오슈스지 근래의 흉작에 이 절도 대파에 그리고, 주지가 되어도 음식 부족하면 승려도 불주, 명사가 되어, 본존이라면 어느 쪽으로 납치하든지 절에는 보이지 않고, 정원은 잔뜩 깊고, 정말로 여우의 스미카라고 하는 것도 남다."
2936,城下,城下金沢より約三里、第一の建場にて、両側の茶店軒を並べ、件のあんころ餅を鬻ぐ……伊勢に名高き、赤福餅、草津のおなじ姥ヶ餅、相似たる類のものなり。,"성시 가나자와보다 약 산리, 제1의 건장에서, 양측의 다점 처마를 나란히 하고, 건의 앙코로 떡을 마시는…"
2937,怠る,知ることの浅く、尋ぬること怠るか、はたそれ詣ずる人の少きにや、諸国の寺院に、夫人を安置し勧請するものを聞くこと稀なり。,"아는 것이 얕고, 묻는 게 게으르거나, 혹은 흩어지는 사람의 조금이나, 나라의 사원에, 부인을 안치해 권청하는 것을 듣는 드물게."
2938,憩い,いつぞやらん、その松任より、源平島、水島、手取川を越えて、山に入る、辰口という小さな温泉に行きて帰るさ、件の茶屋に憩いて、児心に、ふと見たる、帳場にはあらず、奥の別なる小さき部屋に、黒髪の乱れたる、若き、色の白き、痩せたる女、差俯向きて床の上に起直りていたり。,"언제든지, 그 송임보다, 겐헤이지마, 미즈시마, 테토리 강을 넘어, 산에 들어가는, 타츠구치라는 작은 온천에 가서 돌아가자, 건의 찻집에 휴식하고, 아심에, 문득 보이는, 장장에는 없고, 안쪽의 별개의 작은 방에, 흑발의 흐트러진, 젊고, 색깔의 하얀, 마른 여자, 차분을 향해 바닥 위에 되돌아가거나."
2939,製法,されど、小児等も不便なり、活計の術を教うるなりとて、すなわち餡の製法を伝えつ。,"하지만, 소아등도 불편해져, 활계의 수술을 가르치게 되고, 즉 팥의 제법을 전한다."
2940,ぶらぶら,電話で、新道の一茶屋へ、宮歳の消息を聞合せると、ぶらぶら病で寝ていたが、昨日急に、変が変って世を去った。,"전화로, 신도의 찻집에, 미야세의 소식을 들으면, 매달려 병으로 자고 있었지만, 어제 갑자기, 이상이 바뀌어 세상을 떠났다."
2941,指揮,」「指揮は受けねえ。,"""지휘는 받지 않아."
2942,放出,何処にも白粉の影は見えず、下宿屋の二階から放出した書生らしいが、京阪地にも東京にも人の知った、巽辰吉と云う名題の俳優。,"어디에도 백가루의 그림자는 보이지 않고, 시모주쿠야의 2층에서 방출한 서생인 것 같지만, 게이한지에도 도쿄에도 사람이 알았던, 타츠키요시라고 말하는 명제의 배우."
2943,街道,夫女巌へ行くものの、通りがかりの街道から、この模様を視めたら、それも名所の数には洩れまい。,"부녀간에 가지만, 거리가 가는 가도에서, 이 모양을 보면, 그것도 명소의 수에는 빠져들지 않는다."
2944,きらびやかな,」豆府屋の親仁が、売声をやめて、このきらびやかな一行に見惚れた体で、背後に廻ったり、横に出たり、ついて離れて歩行くのが、この時一度後へ退った。,'두부야의 친진이 매성을 그만두고 이 반짝반짝 한줄로 바라보던 몸으로 배후에 돌아가거나 옆으로 나가거나 멀리 걷는 것이 이때 한번 뒤로 물러났다.
2945,すんなり,帯の錦は堆い、が、膝もすんなりと、着流しの肩が細い。,"띠의 금은 퇴색하지만, 무릎도 순조롭게, 착류의 어깨가 가늘다."
2946,促す,酒でも催促するようで癪だからこっちからは出向かずと――塾では先生にお目には掛るが、月府、弁持、久須利、荷高の面々が列している。,"술이라도 촉구하는 것 같아 떡이니까 이쪽으로는 나가지 않고--학원에서는 선생님에게 눈에는 걸리지만, 월부, 변지, 쿠스리, 짐의 면면이 줄고 있다."
2947,凌ぐ,すっぽりと被るのが、寒さを凌ぐより、半分は見得で、帽子の有無では約二割方、仕立上りの値が違う。,"푹 빠지는 것이, 추위를 능가하는 것보다, 절반은 눈에 띄고, 모자의 유무로는 약 2할방, 완성의 값이 다르다."
2948,助手,お職人が念のために、分け目を熟と瞻ると、奴、いや、少年の助手が、肩から足の上まで刷毛を掛ける。,"장인이 만약을 위해, 몫을 숙이라고 엿보면, 녀석, 아니, 소년의 조수가, 어깨로부터 다리 위까지 브러쉬를 걸린다."
2949,勤務,年紀はお京より三つ四つ姉さんだし、勤務が勤務だし、世馴れて身の動作も柔かく、内輪の裡にもおのずから世の中つい通り――ここは大衆としようか――大衆向の艶を含んで、胸も腰もふっくらしている。,"연기는 교토보다 세 네 언니이고, 근무가 근무이고, 친숙해져 몸의 동작도 부드럽고, 내륜의 밑에도 언제나 세상 가는 대로――여기는 대중으로 할까――대중향의 광택을 포함해, 가슴도 허리도 통통하고 있다."
2950,古代,「乱杭、歯くそ隠の鉄漿をつけて、どうだい、その状で、全国の女子の服装を改良しようの、音楽を古代に回すの、美術をどうのと、鼻の尖で議論をして、舌で世間を嘗めやがる。,"“난 말뚝, 칫솔질 숨겨진 철장을 붙이고, 어쩐지, 그 모양으로, 전국의 여자의 복장을 개량하자, 음악을 고대로 돌리는 것, 미술을 어떻게 하고, 코의 첨단으로 논의를 하고, 혀로 세간을 속이는다."
2951,合間,で、拭布を掛けたなり台所へ突出すと、押入続きに腰窓が低い、上の棚に立掛けた小さな姿見で、顔を映して、襟を、もう一息掻合わせ、ちょっと縮れて癖はあるが、髪結も世辞ばかりでない、似合った丸髷で、さて店へ出た段取だったが……――遠くの橋を牛車でも通るように、かたんかたんと、三崎座の昼芝居の、つけを打つのが合間に聞え、囃の音がシャラシャラと路地裏の大溝へ響く。,"그래서, 닦아낸 후 부엌으로 돌출하면, 밀어 넣어 계속 허리 창이 낮은, 위의 선반에 세운 작은 모습으로 얼굴을 비추고, 칼라를, 또 한숨 긁어 맞추고, 조금 줄어들어 버릇은 있지만, 머리결도 아첨뿐이 아니다. 맞은 마루로, 그런데 가게에 나온 단취였지만…"
2952,名実,肩書の分限に依って職を求むれば、速に玄関を構えて、新夫人にかしずかるべき処を、僻して作家を志し、名は早く聞えはするが、名実あい合わず、砕いて言えば収入が少いから、かくの始末。,"견서의 분한에 따라 직업을 구하면, 신속하게 현관을 짓고, 신부인에게 얽혀야 하는 처를, 갈아서 작가를 뜻하고, 이름은 빨리 들리지는 않지만, 명실 어울리지 않고, 부서져 말하면 수입이 적기 때문에, 굉장한 시말."
2953,呆れる,つけられた方は、呆れるより、いきなり撲るべき蹴倒し方だったが、傍に、ほんのりしている丸髷ゆえか、主人の錆びた鋲のような眼色に恐怖をなしたか、気の毒な学生は、端銭を衣兜に捻込んだ。,"붙여진 쪽은, 어슬렁거리는 것보다, 갑자기 뿌려야 하는 차도하는 방법이었지만, 옆에, 희미하고 있는 마루이기 때문인지, 주인의 녹슬은 압정과 같은 안색에 공포를 했는지, 기분이 깊은 학생은, 단전을 의투에 쏟았다."
2954,大家,大家が家賃の催促でも済んだものを、馬鹿の智慧は後からで、お京のとりなしの純真さに、つい、事実をあからさまに、達引だの、いや矢ぶみだの、あさましく聞きはしないか、と、舌がたちまち縮んで咽喉へ声の詰る処へ。,"대가가 집세의 최촉에서도 끝난 것을, 바보의 지혜는 나중에, 교토의 소중한 순진함에, 드디어, 사실을 분명히, 달인이지만, 아니 야부미다, 방황하게 듣지 않을까, 라고 혀가 곧바로 목구멍에 목소리."
2955,大衆,年紀はお京より三つ四つ姉さんだし、勤務が勤務だし、世馴れて身の動作も柔かく、内輪の裡にもおのずから世の中つい通り――ここは大衆としようか――大衆向の艶を含んで、胸も腰もふっくらしている。,"연기는 교토보다 세 네 언니이고, 근무가 근무이고, 친숙해져 몸의 동작도 부드럽고, 내륜의 밑에도 언제나 세상 가는 대로――여기는 대중으로 할까――대중향의 광택을 포함해, 가슴도 허리도 통통하고 있다."
2956,安っぽい,安っぽいばかりか、稚気が過ぎよう。,"싸구려만, 치유가 지나자."
2957,家来,――「お傘を」――家来どもが居並んだ処だと、この言は殿様に通ずるんだ、それ、麻裃か、黒羽二重お袴で、すっと翳す、姿は好いね。,"――「우산을」――집 내가 늘어선 곳이라면, 이 말은 덴님에게 다니는 거야, 그것, 마예인가, 쿠로바 이중 하천으로, 쭉 뿜는, 모습은 좋아해."
2958,当人,）「絵だけ描いていれぱ、当人も世間も助かるものを、紫の太緒を胸高々と、紋緞子の袴を引摺って、他が油断をしようものなら、白襟を重ねて出やがる。,") 「그림만 그려 있어, 당인도 세간도 살아가는 것을, 보라색의 타오를 가슴높이와, 문무리코의 하카마를 끌어당겨, 다른 사람이 방심을 하자면, 흰색 칼라를 거듭해 나간다."
2959,待遇,……氷月と云う汁粉屋の裏垣根に近づいた時、……秋は七草で待遇したろう、枯尾花に白い風が立って、雪が一捲き頭巾を吹きなぐると、紋の名入の緋葉がちらちらと空に舞った。,"빙월과 말하는 즙가루 가방에 가까워졌을 때, 가을은 나나쿠사에서 대우했고, 고미꽃에 하얀 바람이 서서 눈이 뚝뚝 솟아오르면, 문의 이름이 들어간 주엽이 깜짝 놀랐다."
2960,念願,もの言わず念願する、娘の唇の微に動くように見えるから。,무언가를 염원하는 딸의 입술의 미세하게 움직이는 것처럼 보이기 때문에.
2961,所得,両方がこう意気込んでは、青麟輩に――断って置くが、意地にも我慢にも、所得は違うが――彼等に対して、いやしくも、糸七、弦光二人掛りのようで癪に障る。,"양쪽이 이렇게 의기로 하면, 아오린배에--거절해 두지만, 의지에도 참아도, 소득은 다르지만--그들에 대해서, 싫어도, 실칠, 현광 둘이 걸리는 것처럼 배에 걸린다."
2962,手軽な,客引に使った中年増でもなければ、手軽な妾が世間体を繕っているのでもない。,객인에 사용한 중년 증가도 아니면 간편한 녀석이 세간체를 솟고 있는 것도 아니다.
2963,手際,どこか場末の床店が、指の尖で、密とクリームを扱いて掌で広げて息で伸ばして、ちょんぼりと髯剃あとへ塗る手際などとは格別の沙汰で、しかもその場末より高くない。,"어딘가 장말의 상점이, 손가락의 첨단으로, 조밀함과 크림을 취급해 손바닥으로 펼쳐 숨으로 뻗어, 흠뻑과 면도 후에 바르는 수제등과는 각별한 사태로, 게다가 그 장말보다 높지 않다."
2964,抜かす,坂下の酒屋の小僧なら、そのまま腰を抜かす処を、学海先生、杖の手に気を入れて、再び大音に、「頼む。,"사카시타의 술집의 코승이라면, 그대로 허리를 빼는 처를, 학해 선생님, 지팡이의 손에 신경을 쓰고, 다시 큰 소리에, 「부탁한다."
2965,抱える,」うむと唸って、徳利を枕にごろんとなると、辷った徳利が勃然と起き、弦光の頸窪はころんと辷って、畳の縁で頭を抱える。,"""우무라고 삼키고, 덕리를 베개에 쏟아지면, 욕한 덕리가 발연히 일어나, 현광의 목구멍은 흘러넘치고, 다다미의 인연으로 머리를 안는다."
2966,描写,ただしこれは如実の描写に過ぎない。,다만 이것은 여실의 묘사에 지나지 않는다.
2967,星座,かつて文壇の梁山泊と称えられた硯友社、その星座の各員が陣を構え、塞頭高らかに、我楽多文庫の旗を飜した、編輯所があって、心織筆耕の花を咲かせ、綾なす霞を靉靆かせた。,"한때 문단의 양산박이라고 칭해진 료우샤, 그 별자리의 각원이 진을 짓고, 색두 높게, 가라쿠타 문고의 깃발을 굶주린, 편배소가 있어, 심직필경의 꽃을 피우고, 능숙한 카스미를 매화시켰다."
2968,未開,十六時に、伏拝むのに合せた袖口の、雪に未開紅の風情だったのを、ひらりと一咲き咲かせて立って、ちょっとおくれ毛を直した顔を見ると、これは月村一雪、――中洲のお京であった。,"16시에, 복배하는 데 맞춘 소맷부리의, 눈에 미개홍의 풍정이었던 것을, 히라리와 한 피어 피어 서서, 조금 쉬고 머리를 고친 얼굴을 보면, 이것은 츠키무라 카즈유키, ――나카스의 교이었다."
2969,本領,あたかも、髑髏と、竹如意と、横笛とが、あるいは燃え、あるいは光り、あるいは照らして、各々自家識見の象徴を示せるごとくに、そういえば――影は尖って一番長い、豆府屋の唐人笠も、この時その本領を発揮した。,마치 髑髏과 竹如意과 横笛가 혹은 불타거나 빛나는 빛을 비추어 각각 자가식의 상징을 보여줄 수 있도록 그렇게 말하면――그림자는 뾰족하고 가장 긴 두부야의 당인 가사도 이때 그 본령을 발휘했다.
2970,枯渇,……情流既に枯渇して、今はただ金慾、野を燎く髯だからね。,"…… 정류 이미 고갈하고, 지금은 단지 김공, 들판을 꿰뚫는 족이니까."
2971,極楽,女房がまた、背筋や袖をしなり、くなり、自由に揉まれながら、どうだい頬辺と膝へ、道士、逸人の面を附着けたままで、口絵の色っぽい処を見せる、ゆうぜんが溢出るなぞは、地獄変相、極楽、いや天国変態の図だ。,"여방이 또, 등줄이나 소매를 하고, 구워져, 자유롭게 비비면서, 아무래도 뺨변과 무릎에, 도사, 일인의 면을 부착한 채로, 입화의 색다른 처를 보이는, 유젠이 넘치는 수수께끼는, 지옥 변상, 극락, 아니 천국 변태의 그림"
2972,楽譜,爪垢で楽譜を汚して、万葉、古今を、あの臭い息で笛で吹くんだ。,"손톱으로 악보를 더럽히고, 만엽, 고지금을, 그 냄새 숨으로 피리로 불었다."
2973,歯科,一つ髪でも洗って来ようと、最近人に教えられ、いくらか馴染になった、有楽町辺の大石造館十三階、地階の床屋へ行くと、お帽子お外套というも極りの悪い代ものが釦で棚へ入って、「お目金、」と四度半が手近な手函へ据る、歯科のほかでは知らなかった、椅子がぜんまいでギギイと巻上る……といった勢。,"한발이라도 씻어오려고 최근 사람들에게 가르쳐 얼마간 친숙해진 유라쿠쵸의 오이시조칸 13층, 지층 이발사로 가면 모자 외투라고 하는 것도 극히 악 거대한 물건이 버튼으로 선반에 들어가, 「눈금,」이라고 4번 반이 가까운 손바닥에 거는, 치과 외에서는 몰랐던, 의자가 태엽으로 기기이와 권상한다……라고 하는 세상."
2974,滞る,こんなのは月賦が必ず滞る。,이런 건 월부가 반드시 머무른다.
2975,用品,なかなかもって、アテナ洋墨や、日用品の唐墨の、筆、ペンなどでは追っつきそうに思われぬ。,"좀처럼, 아테나 양묵이나, 일용품의 당묵의, 붓, 펜 등에서는 따라잡을 것 같지 않다."
2976,資産,……というのは羽織袴です――弁持も私も、銀行は同一取引の資産家だから、出掛けに、捨利で一着に及んだ礼服を、返りがけに質屋の店さきで、腰を掛けながら引剥ぐと、江戸川べりの冬空に――いいかね――青山から、歩行で一度中の橋手前の銀行へ寄ったんだ。,"……라고 하는 것은 하오리카마입니다――변지도 나도, 은행은 동일 거래의 자산가이기 때문에, 외출에, 버리는 일착에 미친 예복을, 되돌아가게 전당포의 가게까지, 허리를 걸면서 벗겨내면, 에도가와베리의 겨울 하늘에――좋을까――아오야마로부터, 보행으로 한 번 중의 다리"
2977,込める,それを汚すようだから、雁首で吹溜めの吸殻を隅の方へ掻こうとすると、頑固な鉄が、脇明の板じめ縮緬、緋の長襦袢に危く触ろうとするから、吃驚して引込める時、引っかけて灰が立った。,"그것을 더럽히는 것 같기 때문에, 참목으로 불어 모은 꽁초를 구석구석에 긁으려고 하면, 완고한 철이, 겨드랑이의 판자 축축, 주름의 장 襦袢를 위태롭게 하려고 하기 때문에, 놀라서 끌어들일 때, 걸어 재가 서 있었다."
2978,除外,」「そいつは、そいつは不可い……」「なぜだよ、どうもお伽堂というのは、糸的の知合からはじまった事らしいのに、妙に自分を除外して、荷高ばかりを廻しているし、第一、中洲がだね、二三度、その店へ行きながら、糸的のうわさなぞをしないらしいのは、おかしいじゃないか。,"""""그 녀석은 그 녀석은 불가능…"
2979,がっちり,この途端に颯と瞼を赤うしたが、竈の前を横ッちょに、かたかたと下駄の音で、亭主の膝を斜交いに、帳場の銭箱へがっちりと手を入れる。,"이 순간에 고래와 눈꺼풀을 붉게 했지만, 쫓기의 앞을 가로질러, 따뜻함과 나막신의 소리로, 정주의 무릎을 비스듬히, 장장의 동전 상자에 단단히 손을 넣는다."
2980,兼ねる,ははあ、夫婦二人のこの店、気の毒千万、御亭が出前持を兼ねると見えたり。,"하하아, 부부 두 명의 이 가게, 마음의 독천만, 미테이가 출전지를 겸한다고 보거나."
2981,分際,……按摩の分際で、宗家の、宗の字、この道の、本山が凄じい。,"……사루마의 분간으로, 종가의, 종의 글자, 이 길의, 혼야마가 굉장하다."
2982,名手,土佐の名手が画いたような、紅い調は立田川、月の裏皮、表皮。,"토사의 명수가 그린 것 같은, 홍조는 다테다가와, 달의 뒷피, 표피."
2983,崩す,対手の節の隙間を切って、伸縮みを緊めつ、緩めつ、声の重味を刎上げて、咽喉の呼吸を突崩す。,"상대의 절의 틈을 자르고, 신축성을 긴장시키고, 느슨하게 하고, 목소리의 무거움을 깎아, 인후의 호흡을 돌붕한다."
2984,怯える,向後どこへか呼ばれた時は、怯えるなよ。,향후 어디로 불렀을 때는 겁먹지 마라.
2985,本場,……東京の本場から、誰も来て怯かされた。,…… 도쿄의 본고장에서 아무도 와서 겁을 먹었다.
2986,本文,片手に蝙蝠傘を支きながら、「さて……悦びのあまり名物の焼蛤に酒汲みかわして、……と本文にある処さ、旅籠屋へ着の前に、停車場前の茶店か何かで、一本傾けて参ろうかな。,"한손에 蝙蝠 우산을 지지하면서, 「그런데…"
2987,相応,月の影には相応しい、真黒な外套の、痩せた身体にちと広過ぎるを緩く着て、焦茶色の中折帽、真新しいはさて可いが、馴れない天窓に山を立てて、鍔をしっくりと耳へ被さるばかり深く嵌めた、あまつさえ、風に取られまいための留紐を、ぶらりと皺びた頬へ下げた工合が、時世なれば、道中、笠も載せられず、と断念めた風に見える。,"달의 그림자에는 어울리는, 진검색의 외투의, 마른 신체에 너무 넓게를 느슨하게 입고, 초갈색의 중절모, 브랜드의 새는 굉장히 좋지만, 익숙하지 않은 채광창에 산을 세워, 칼을 제대로 귀에 갇혀 깊게 끼워 넣은, 아마츠마, 바람에 잡히기 위한 끈을, 흔들린 뺨에 낮춘 공합이, 시세가 되면, 도중, 가사도 싣지 않고, 라고 단념한 바람으로 보인다."
2988,睨む,行年その時六十歳を、三つと刻んだはおかしいが、数え年のサバを算んで、私が代理に宿帳をつける時は、天地人とか何んとか言って、禅の問答をするように、指を三本、ひょいと出してギロリと睨む……五十七歳とかけと云うのさ。,"행년 그때 60세를, 3개로 새긴 것은 이상하지만, 세기의 고등어를 낳고, 내가 대리에 숙장을 붙일 때는, 천지인이라든가 어쩐지 말해, 선의 문답을 하도록(듯이), 손가락을 3개, 비틀어 내고 뻔뻔스럽게 노려라…"
2989,砕ける,兄哥は、しっかり起直って、「いや、手をやすめず遣ってくれ、あわれと思って静に……よしんば徐と揉まれた処で、私は五体が砕ける思いだ。,"형 철은, 확실히 일어나, 「아니, 손을 용이하게 보내 주고, 저희라고 생각해 조용히…"
2990,立方,」「は、いかにも師匠が魔でなくては、その立方は習われぬわ。,"""은, 아무래도 스승이 마가 아니면, 그 입방은 배울 수 없어."
2991,納得,」と小父者納得した顔して頷く。,라고 어린 아버지 납득한 얼굴로 끄덕인다.
2992,貝殻,咽喉は裂け、舌は凍って、潮を浴びた裙から冷え通って、正体がなくなる処を、貝殻で引掻かれて、やっと船で正気が付くのは、灯もない、何の船やら、あの、まあ、鬼の支いた棒見るような帆柱の下から、皮の硬い大な手が出て、引掴んで抱込みます。,"인후는 찢어지고, 혀는 얼고, 조수를 받은 죤에서 차가워져, 정체가 없어지는 처를, 조개로 긁어져, 드디어 배로 정기가 붙는 것은 , 빛도 없다, 어떤 배라든지, 그, 뭐, 악마가 지지한 막대기 보는 돛 기둥 아래에서, 가죽의 단단한 큰 손이 나와, 잡아 안아줍니다."
2993,預ける,姉さんも、手放すのは可哀相や言って下さいましたけれど、……周囲の人が承知しませず、……この桑名の島屋とは、行かいはせぬ遠い中でも、姉さんの縁続きでござんすから、預けるつもりで寄越されましたの。,"언니도, 놓는 것은 불쌍하다고 말해 주셨습니다만,……주위의 사람이 알지 못하고,…"
2994,ありありと,といった次第で、雪の神様が、黒雲の中を、大な袖を開いて、虚空を飛行なさる姿が、遠くのその日向の路に、螽斯ほどの小さな旅のものに、ありありと拝まれます。,"라고 하는 대로, 눈의 하나님이, 흑운 속을, 큰 소매를 열고, 허공을 비행하는 모습이, 멀리의 그 히나타의 길에, 느긋한 정도의 작은 여행의 것에, 있어 있어 숭배됩니다."
2995,切開,ここに手段があります、天が命ずるにあらず、地が教うるにあらず、人の知れるにあらず、ただ何ものの考慮とも分らない手段である……すなわち小刀をもって革鞄を切開く事なのです。,"여기에 수단이 있습니다, 하늘이 목숨을 받지 않고, 땅이 가르치지 않고, 사람이 알지 못하고, 단지 아무것도 고려할 수 없는 수단이다…"
2996,打開,すっぱり、打開けてお出しなせえまし。,"깔끔하게, 열어서 내놓을 수 없어."
2997,決行,（決行なさい、縫子。,"(결행하십시오, 봉자."
2998,甘える,）否々をして、頭をふって甘える肩を、先生が抱いて退けようとするなり、くるりとうしろ向きになって、前髪をひしと胸に当てました。,") 부부를 하고, 머리를 덮고 달게 하는 어깨를, 선생님이 안고 물러나려고 되어, 빙글빙글 뒤쪽으로 향해, 앞머리를 갈고 가슴에 맞았습니다."
2999,用件,用意）」と聞きも済まさず、若い紳士は、斜に衝と開いて、身構えて、（何、私信を見た上、用件を御承知になりましたな。,"준비)」라고 듣는 일도 끝나지 않고, 젊은 신사는, 비스듬히 충과 열어, 몸 짓고, (무엇, 나신을 본 후에, 용건을 아시게 되었습니다."
3000,砂利,私の偏執と自我と自尊と嫉妬のために、詮ずるに烈しい恋のために、――三年の間、夜に、日に、短銃を持たせられた、血を絞り、肉を刻み、骨を砂利にするような拷掠に、よくもこの手が、鉄にも鉛にもなりませんでした。,"나의 편집과 자아와 자존과 질투를 위해서, 시끄럽게 열렬한 사랑 때문에, ――3년 동안, 밤에, 날에, 단총을 갖게 된, 피를 짜내고, 고기를 자르고, 뼈를 자갈로 하는 고구마에, 잘도 이 손이, 철에도 납도 되지 않습니다."
3001,考慮,ここに手段があります、天が命ずるにあらず、地が教うるにあらず、人の知れるにあらず、ただ何ものの考慮とも分らない手段である……すなわち小刀をもって革鞄を切開く事なのです。,"여기에 수단이 있습니다, 하늘이 목숨을 받지 않고, 땅이 가르치지 않고, 사람이 알지 못하고, 단지 아무것도 고려할 수 없는 수단이다…"
3002,肝心な,けれども、肝心な雪女郎と山姫が長襦袢で顕れたようなお話で、少くとも御覧の方はさきをお急ぎ下さるであろうと思う、で、簡単にその次第を申上げる。,"하지만, 중요한 눈녀와 야마히메가 나가요시로 나타난 듯한 이야기로, 조금이라도 보시는 분은 아까를 서둘러 주실 것이라고 생각한다."
3003,自我,私の偏執と自我と自尊と嫉妬のために、詮ずるに烈しい恋のために、――三年の間、夜に、日に、短銃を持たせられた、血を絞り、肉を刻み、骨を砂利にするような拷掠に、よくもこの手が、鉄にも鉛にもなりませんでした。,"나의 편집과 자아와 자존과 질투를 위해서, 시끄럽게 열렬한 사랑 때문에, ――3년 동안, 밤에, 날에, 단총을 갖게 된, 피를 짜내고, 고기를 자르고, 뼈를 자갈로 하는 고구마에, 잘도 이 손이, 철에도 납도 되지 않습니다."
3004,襲う,この動物は、風の腥い夜に、空を飛んで人を襲うと聞いた……暴風雨の沖には、海坊主にも化るであろう。,이 동물은 바람의 촉촉한 밤에 하늘을 날아 사람을 덮친다고 들었다.
3005,修復,黄金無垢の金具、高蒔絵の、貴重な仏壇の修復をするのに、家に預ってあったのが火になった。,"황금 무구의 쇠장식, 다카마키의, 귀중한 불단의 수복을 하는데, 집에 맡겼던 것이 불이 되었다."
3006,名産,二畠一帯、真桑瓜が名産で、この水あるがためか、巨石の瓜は銀色だと言う……瓜畠がずッと続いて、やがて蓮池になる……それからは皆青田で。,"니하타 일대, 마쿠와가 명산으로, 이 물이 있기 때문인지, 거석의 슌은 은색이라고 말한다…"
3007,憩う,暑さに憩うだけだったら、清水にも瓜にも気兼のある、茶店の近所でなくっても、求むれば、別なる松の下蔭もあったろう。,"더위에 휴식할 뿐이라면, 시미즈에도 늪에도 겸손한, 차점의 이웃이 아니어도, 구하면, 다른 소나무의 하울도 있었을 것이다."
3008,率いる,……年増分が先へ立ったが、いずれも日蔭を便るので、捩れた洗濯もののように、その濡れるほどの汗に、裾も振もよれよれになりながら、妙に一列に列を造った体は、率いるものがあって、一からげに、縄尻でも取っていそうで、浅間しいまであわれに見える。,"……년 증분이 먼저 서 있었지만, 모두 햇볕을 편하게 하므로, 비틀린 세탁 것처럼, 그 젖을 정도의 땀에, 옷자락도 진도에 의거가 되면서, 묘하게 일렬로 줄을 만든 몸은, 이끄는 것이 있어, 처음부터, 조지리에서도 취하고 있을 것 같아, 얕은 때까지 우연히"
3009,貴重な,黄金無垢の金具、高蒔絵の、貴重な仏壇の修復をするのに、家に預ってあったのが火になった。,"황금 무구의 쇠장식, 다카마키의, 귀중한 불단의 수복을 하는데, 집에 맡겼던 것이 불이 되었다."
3010,内心,あなたが作ったのかと、内心私は彼女の残酷さに舌を巻きながら尋ねて見ると、それは大学の医科の小使が作ってくれたというのである。,"당신이 만든 것인지, 내심 나는 그녀의 잔인함에 혀를 감고 묻고 보면, 그것은 대학의 의과의 소사가 만들어 주었다고 하는 것이다."
3011,妥当,その全き悲しみのために、この結末の妥当であるかどうかということさえ、私にとっては問題ではなくなってしまう。,"그 전 슬픔 때문에, 이 결말의 타당한가 아닌가 하는 것조차, 나에게 있어서는 문제가 없어져 버린다."
3012,滑稽な,その破れた箇所には、また巧妙な補片が当っていて、まったくそれは、創造説を信じる人にとっても進化論を信じる人にとっても、不可思議な、滑稽な耳たるを失わない。,"그 찢어진 개소에는, 또 교묘한 보편이 맞고, 전혀 그것은, 창조설을 믿는 사람에게도 진화론을 믿는 사람에게도, 불가사의하고, 활기찬 귀를 잃지 않는다."
3013,無神経,そして女というものの、そんなことにかけての、無神経さや残酷さを、今更のように憎み出した。,"그리고 여자라고 하는데, 그런 일에 걸친, 무신경과 잔혹함을 지금처럼 미워했다."
3014,落下,「落下」から常に自分を守ってくれていた爪がもはやないからである。,「낙하」로부터 항상 자신을 지켜주고 있던 손톱이 더 이상 없기 때문이다.
3015,ぺこぺこ,女が坐って盆をすすめると客のような男がぺこぺこ頭を下げているのが見えた。,여자가 앉고 분을 추진하자 손님 같은 남자가 페코코코코 머리를 낮추고 있는 것이 보였다.
3016,偽る,生島には自分の愛情のなさを彼女に偽る必要など少しもなかった。,이쿠시마에는 자신의 애정이 없는 것을 그녀에게 거짓할 필요 등 조금도 없었다.
3017,衝撃,彼の心は一時に鋭い衝撃をうけた。,그의 마음은 한때 날카로운 충격을 받았다.
3018,風習,彼は古代の希臘の風習を心のなかに思い出していた。,그는 고대의 희소한 풍습을 마음 속에 기억하고 있었다.
3019,徒歩,川向うの道を徒歩や車が通っていた。,강향의 길을 도보나 차가 다니고 있었다.
3020,気流,ややしばらく凝視っているうちに、彼の心の裡のなにかがその梢に棲り、高い気流のなかで小さい葉と共に揺れ青い枝と共に撓んでいるのが感じられた。,"다소 잠시 동안 응시하고 있는 동안, 그의 마음의 옷자락의 무엇인가가 그 배에 서서, 높은 기류 속에서 작은 잎과 함께 흔들리고 푸른 가지와 함께 휘어지고 있는 것이 느껴졌다."
3021,立体,観念もまたそこで立体的な形をとっていた。,관념도 거기서 입체적인 형태를 취하고 있었다.
3022,紡績,比叡山――それを背景にして、紡績工場の煙突が煙を立登らせていた。,"히에이산――그것을 배경으로 하여, 방적공장의 굴뚝이 연기를 오르고 있었다."
3023,自転,荒神橋には自転車が通り、パラソルや馬力が動いていた。,아라진바시에는 자전거가 지나 파라솔이나 마력이 움직이고 있었다.
3024,結核,そんな既に結核に冒されてしまったような風景でもなければ、思いあがった詩人めかした海でもない。,"그런 이미 결핵에 휩쓸려 버린 것 같은 풍경도 아니면, 떠오른 시인이 돌보는 바다도 아니다."
3025,記載,」の記載が、本文末にあります。,"」의 기재가, 본문말에 있습니다."
3026,趣旨,ただ地図を見てではこんな空想は浮かばないから、必要欠くべからざるという功績だけはあるが……多分そんな趣旨だったね。,"단지 지도를 봐서는 이런 공상은 떠오르지 않기 때문에, 필요 없어서는 안 된다는 공적만은 있지만… … 아마 그런 취지였지."
3027,対抗,彼は虚無に対抗している。,그는 허무에 대항하고 있다.
3028,意図,重圧する畏怖の下に、黙々と憐れな人間の意図を衛っている。,중압하는 두려움 밑에 묵묵히 자비로운 인간의 의도를 지키고 있다.
3029,氾濫,これは豪雨のときに氾濫する虞れの多い溪の水からこの温泉を守る防壁で、片側はその壁、片側は崖の壁で、その上に人々が衣服を脱いだり一服したりする三十畳敷くらいの木造建築がとりつけてあった。,"이것은 호우 때 범람하는 우울한 많은 물에서 이 온천을 지키는 방벽으로, 한쪽은 그 벽, 한쪽은 절벽의 벽으로, 그 위에 사람들이 의복을 벗거나 일복하거나 하는 삼십 다다미 정도의 목조 건축이 설치되어 있었다."
3030,起点,そしてその乗合自動車のやって来る起点は、ちょうどまたこの溪の下流のＫ川が半町ほどの幅になって流れているこの半島の入口の温泉地なのだった。,"그리고 그 승합자동차가 오는 기점은, 정확히 또 이 흘러내리는 하류의 K강이 반정 정도의 폭이 되어 흐르고 있는 이 반도의 입구의 온천지였다."
3031,まるっきり,また私の耳も日によってはまるっきり無感覚のことがあった。,또 나의 귀도 날에 따라서는 확실히 무감각이 있었다.
3032,冷気,私が目ざしてゆくのは杉林の間からいつも氷室から来るような冷気が径へ通っているところだった。,내가 눈에 띄는 것은 스기린 사이에서 언제나 빙실에서 오는 냉기가 지름에 다니는 곳이었다.
3033,岩石,また径の縁には赤土の露出が雨滴にたたかれて、ちょうど風化作用に骨立った岩石そっくりの恰好になっているところがあった。,"또 지름의 가장자리에는 적토의 노출이 빗방울에 접혀, 정확히 풍화 작용에 골립한 암석과 똑같은 자세가 되어 있는 곳이 있었다."
3034,家畜,演奏者の白い十本の指があるときは泡を噛んで進んでゆく波頭のように、あるときは戯れ合っている家畜のように鍵盤に挑みかかっていた。,"연주자의 흰 10개의 손가락이 있을 때는 거품을 씹어 나가는 파도처럼, 어느 때는 놀고 있는 가축처럼 건반에 도전하고 있었다."
3035,積む,回数を積むにつれて私は会場にも、周囲の聴衆の頭や横顔の恰好にも慣れて、教室へ出るような親しさを感じた。,"횟수를 쌓으면서 나는 회장에도, 주위의 청중의 머리나 옆모습의 호호에도 익숙해져, 교실에 나오는 것 같은 친숙함을 느꼈다."
3036,窒息,ふとその完全な窒息に眼覚めたとき、愕然と私はしたのだ。,"문득 그 완전한 질식에 눈을 떴을 때, 어리석게 나는 했던 것이다."
3037,ぼつぼつ,そして、「ほんとうにいったい何をしていたんです」というようなことから、Ｋ君はぼつぼつそのことを説き明かしてくれました。,"그리고, 「정말로 도대체 무엇을 하고 있었습니다」라고 하는 것으로부터, K군은 흐릿해 그 것을 설명해 주었습니다."
3038,墜落,Ｋ君はそれを墜落と呼んでいました。,K군은 그것을 추락이라고 부르고 있었습니다.
3039,客観,またそれが客観的に最上であるにしたところで、どんな根拠でそうなのか、それは非常に深遠なことと思います。,"또 그것이 객관적으로 최상으로 했던 곳에서, 어떤 근거로 그런지, 그것은 매우 심원한 것이라고 생각합니다."
3040,対面,その奇異な初対面の夜から、私達は毎日訪ね合ったり、一緒に散歩したりするようになりました。,그 기이한 첫 대면의 밤부터 우리는 매일 방문하거나 함께 산책하게 되었습니다.
3041,欠ける,月が欠けるに随って、Ｋ君もあんな夜更けに海へ出ることはなくなりました。,"달이 부족함에 따라, K군도 그런 밤새 바다에 나오는 일은 없어졌습니다."
3042,満月,それはいつ頃だったか、私がＮへ行ってはじめての満月の晩です。,"그것은 언제였는지, 내가 N에 가서 처음 보름달의 밤입니다."
3043,中断,今度は私の一望の下に、余儀ないところで中断されていた彼らの求愛がencoreされるのである。,"지금 나의 일망의 밑에, 불필요한 곳에 중단된 그들의 구애가 encore되기 때문이다."
3044,体格,君は見たところ、立派な体格を持っているのだから、心を入れかえて奮闘さえすれば、一人前の人間に成れぬことはない。,너는 보았을 때 훌륭한 체격을 가지고 있기 때문에 마음을 돌려서 분투만 하면 혼자 인간이 될 수 없다.
3045,化石,彼のすべての感情が、その瞬間動作を止めて心のうちで化石してしまったように思えた。,그의 모든 감정이 그 순간 동작을 멈추고 마음 속에서 화석해 버린 것 같았다.
3046,原書,またその頃の青木は、教室の出入りに、きっと教科書以外の分厚な原書を持っていた。,"또 그 무렵의 아오키는, 교실의 출입에, 반드시 교과서 이외의 분후한 원서를 가지고 있었다."
3047,反発,彼はその威圧を意識すると、全身の力をもって反発せねばならぬと思った。,그는 그 위압을 의식하면 전신의 힘으로 반발해야 한다고 생각했다.
3048,増進,こうして、多くの人々から認められるにつけて、青木の自信と傲慢とは、正比例して増進していった。,이렇게 많은 사람들이 인정받을수록 아오키의 자신감과 오만은 정비례하여 증진해 나갔다.
3049,失脚,しかも、今自分はかなり得意な、自信のある位置にたち、青木は、数年前失脚したまま、田舎に埋れていたはずだのに、その青木の声から、ある種の威圧を受けるのが不快だった。,"게다가 지금 자신은 꽤 자랑스럽고, 자신있는 위치에, 아오키는, 수년 전 실각한 채, 시골에 묻혀 있었을 것인데, 그 아오키의 목소리로부터, 어떤 종류의 위압을 받는 것이 불쾌했다."
3050,好感,彼は青木に対するすべての好感情を失い、満身を彼に対する憎悪と侮蔑とで、埋めてしまった。,그는 아오키에 대한 모든 호감정을 잃고 만신을 그에 대한 증오와 모멸로 가득 채웠다.
3051,布告,それはある意味の宣戦布告に近かった。,그것은 어떤 의미의 선전 포고에 가까웠다.
3052,志望,雄吉が、初めて青木の威圧を感じたのは、高等学校に入学した一年の初めで、なんでも哲学志望の者のみに、課せられる数学の時であった。,"유키치가, 처음으로 아오키의 위압을 느낀 것은, 고등학교에 입학한 일년의 초로, 무엇이든 철학 지망의 사람에게만, 부과되는 수학의 때였다."
3053,戦闘,雄吉は、身体にも心にも、すっかり戦闘準備を整えて、青木の近よるのを待った。,"유키치는, 신체에도 마음에도, 전투 준비를 갖추어, 아오키의 가까이 되기를 기다렸다."
3054,整然と,その前金として矢部さんが貰ってくれたんだ」と、青木の答は、整然として一糸も乱れていなかった。,그 전금으로 야베 씨가 받았어요.”라고 아오키의 답은 정연하게 일실도 흐트러지지 않았다.
3055,武装,彼の心全体が、その扉をことごとく閉じて、武装してしまったという方が、いちばんこの時の心持を、いい現しているかも知れなかった。,그의 마음 전체가 그 문을 모두 닫고 무장해 버렸다는 것이 가장 이때의 마음을 좋게 드러낼지도 몰랐다.
3056,比例,杉本教授が生徒としての青木を尊重する度合と正比例して、雄吉の青木に対する尊敬も、深くなっていった。,"스기모토 교수가 학생으로서의 아오키를 존중하는 정도와 정비례하여, 유요시의 아오키에 대한 존경도 깊어졌다."
3057,没落,「俺は貴様の恩人だぞ、貴様の没落を救ってやった恩人だぞ。,"""나는 너의 은인이야, 네 몰락을 구해준 은인이야."
3058,無断,友人の品物を無断で持ち出すやら、金を借り倒すやら大変だ。,친구의 물건을 무단으로 꺼내면 돈을 빌려 쓰러뜨리면 힘들다.
3059,無礼な,すると、青木は、何を無礼な質問をと、いったように例のごとく高飛車に、「なんだってそんなことをきく必要があるんだ。,"그러자, 아오키는 무엇을 무례한 질문을 하고, 말했듯이 예처럼 고비차에, 「어째서 그런 일을 해야 할 거야."
3060,独占,それと反対に、近藤家から与えられる恩典の大部分は青木が独占した。,그와는 반대로 콘도가로부터 주어지는 은혜의 대부분은 아오키가 독점했다.
3061,登校,雄吉は、その翌日その吉報をもたらして、いそいそとして登校した。,"유키치는, 그 다음날 그 길보를 가져오고, 어른으로 등교했다."
3062,督促,雄吉は堪らなくなって、二、三度督促の手紙を出した。,"유키치는 참을 수 없게 되어, 두, 세번 독촉의 편지를 냈다."
3063,紛失,最初その小切手が、俺の手文庫から紛失しているのを発見した時、俺は女中か何かの出来心かと思っていた。,"처음 그 수표가 내 손 문고에서 분실하고 있는 것을 발견했을 때, 나는 여중인가 무언가의 궁금하다고 생각하고 있었다."
3064,著書,僕が矢部さんと共同でベルグソンの著書を片端から翻訳することになったんだよ。,내가 야베 씨와 공동으로 벨그슨의 저서를 한쪽 끝에서 번역하게 된 거야.
3065,補う,が、その苦痛と不快とに堪えたために、彼は今ではその打撃をことごとく補うことができた。,"하지만, 그 고통과 불쾌함에 참았기 때문에, 그는 지금은 그 타격을 모두 보충할 수 있었다."
3066,送金,さすがに雄吉との別離を惜しんだ青木は、「もう僕も、大学生なんだから、月に十円や十五円の内職をすることは、なんでもないことだから、僕が働いて月十円は必ず君に送金する。,"과연 유키요시와의 별리를 아쉬운 아오키는, ""이제 저도 대학생이니까, 달에 10엔이나 15엔의 내직을 하는 것은, 아무것도 아니기 때문에, 제가 일하고 월 10엔은 반드시 너에게 송금한다."
3067,いい加減な,数年前、ショオを読破してショオに傾倒し、ショオがいかなる社会主義者よりもマルクスを理解していたことなどを感心していたから、社会科学の方面についての読書などもいい加減なプロ文学者などよりも、もっと深いところまで進んでいたように思う。,"몇 년 전, 쇼오를 독파해 쇼오에 경도해, 쇼오가 어떠한 사회주의자보다도 마르크스를 이해하고 있었던 것 등을 감탄하고 있었기 때문에, 사회 과학의 방면에 대한 독서 등도 좋은 가감한 프로 문학자 등보다, 보다 깊은 곳까지 진행되고 있었던 것 같다."
3068,きまり悪い,僕はその眼付きが気になったが、前にも言った通り芥川に顔を会わすのが、きまり悪いので、その当時用事はたいてい人を通じて、済ませていた。,"나는 그 눈부신이 신경이 쓰였지만, 전에도 말했듯이 아쿠타가와를 얼굴을 만나는 것이, 나쁘기 때문에, 그 당시 용사는 대부분 사람을 통해서, 끝내고 있었다."
3069,不在,僕は、芥川が僕の不在中に来たときは、その翌日には、きっと彼を訪ねることにしていたのだが、芥川の来訪を全然知らなかった僕は、忙しさに取りまぎれて、とうとう彼を訪ねなかったのである。,"나는, 아쿠타가와가 나의 부재중에 왔을 때는, 그 다음날에는, 분명 그를 방문하기로 하고 있었는데, 아쿠타가와의 내방을 전혀 몰랐던 나는, 바쁜 것에 빠져, 드디어 그를 방문하지 않았던 것이다."
3070,分配,私が、文芸家協会云々のことに反対すると、彼はそれなら今後、印税はあの中に入れてある各作家に分配すると言い出したのである。,내가 문예가 협회 운명에 반대하자 그는 그렇다면 앞으로 인세는 그 안에 담고 있는 각 작가에게 분배한다고 말한 것이다.
3071,協会,芥川は、堪らなかったと見え、「今後あの本の印税は全部文芸家協会に寄付するようにしたい」と、私に言った。,"아쿠타가와는 견디지 못한 것으로 보이고 ""향후 그 책의 인세는 전부 문예가 협회에 기부하고 싶다""고 나에게 말했다."
3072,占める,作家としての彼が、文学史的にいかなる位置を占めるかは、公平なる第三者の判断に委すとして、僕などでも次のことは言えると思う。,작가로서 그가 문학사적으로 어떠한 위치를 차지하는지는 공평한 제3자의 판단에 맡기겠다고 해서 나 등에서도 다음은 말할 수 있다고 생각한다.
3073,報いる,その好意に報いるため、また永久にこの人を記念したいから、「侏儒の言葉」欄は、死後も本誌のつづく限り、存続させたいと思う。,"그 호의에 보답하기 위해서, 또 영구적으로 이 사람을 기념하고 싶기 때문에, 「비유의 말」란은, 사후도 본지의 계속되는 한, 존속시키고 싶다."
3074,多忙な,最近一、二年は、自分がいよいよ俗事にたずさわり、多忙なので月に一度くらいしか会わなかった。,"최근 한, 2년은, 자신이 드디어 속사에 묻어, 바빠서 달에 한 번 정도 밖에 만나지 않았다."
3075,座談会,この前も「文藝春秋座談会」の席上で二度会ったが、二度とも他に人がありしみじみした話はしなかった。,"얼마 전에도 '문예춘추좌담회' 자리에서 두 번 만났지만, 두번 다다른 사람이 흔들린 이야기는 하지 않았다."
3076,憤慨,自分は何かに憤慨すると、すぐ速達を飛ばすので、一時「菊池の速達」として、知友間に知られたが、芥川だけには一度もこの速達を出したことがない。,"자신은 무언가에 분개하자마자 속달을 날리기 때문에 한때 '기쿠치의 속달'로서 치토모 사이에 알려졌지만, 아쿠타가와에만 한 번도 이 속달을 내놓은 적이 없다."
3077,故人,文壇人およびその他の人で故人に多少とも隔意の人があったならば、故人のこの気持ちを掬んで、この際釈然としてもらいたいと思う。,"문단인 및 그 밖의 사람으로 고인에게 다소 격의의 사람이 있었다면, 고인의 이 기분을 파괴하고, 이 때 석연으로 받고 싶다."
3078,発病,その上、家族関係の方にも、義兄の自殺、頼みにしていた夫人の令弟の発病など、いろいろ不幸がつづいていた。,"게다가 가족 관계 쪽에도, 형제의 자살, 부탁하고 있던 부인의 영제의 발병 등, 여러가지 불행이 계속되고 있었다."
3079,直面,その上、「小学生全集」があんなにゴタゴタを起し、芥川にはまったく気の毒で芥川と直面することが、少しきまり悪かったので、座談会が了った後も、僕は出席者を同車して送る必要もあり、芥川と残って話す機会を作ろうとしなかった。,"게다가 '초등학생 전집'이 그렇게 고타고타를 일으키며, 아쿠타가와에는 전혀 기분이 좋고 아쿠타가와와 직면하는 것이 조금 좋지 않았기 때문에 좌담회가 끝난 후에도 나는 참석자를 동차해 보낼 필요도 있어, 아쿠타가와와 남아 말할 기회를 만들려고 하지 않았다."
3080,設ける,大町桂月氏を記念するために、「桂月」という雑誌さえあるのだから、本誌一、二頁の「侏儒の言葉欄」を設けるのは、適宜なことだと思う。,"오마치 카츠키씨를 기념하기 위해서, 「카츠라즈키」라고 하는 잡지조차 있기 때문에, 본지 1, 2쪽의 「비유의 말란」을 마련하는 것은, 적당한 일이라고 생각한다."
3081,貧乏な,中には、「我々貧乏な作家の作品を集めて、一人で儲けるとはけしからん。,그 중에는 “우리 가난한 작가의 작품을 모아 혼자서 돈을 벌 수 있다고 낯설다.
3082,適宜,大町桂月氏を記念するために、「桂月」という雑誌さえあるのだから、本誌一、二頁の「侏儒の言葉欄」を設けるのは、適宜なことだと思う。,"오마치 가쓰라즈키씨를 기념하기 위해서, 「카츠라즈키」라고 하는 잡지조차 있기 때문에, 본지 1, 2쪽의 「비유의 말란」을 마련하는 것은, 적절한 일이라고 생각한다."
3083,野党,と、いって我々は我々で久米、佐野、松岡などといっしょに野党として、暴れ廻っていたが、僕は芥川とは交際しなかった。,"라고 말해 우리는 우리로 쿠메, 사노, 마츠오카 등과 함께 야당으로서 날뛰고 돌아갔지만, 나는 아쿠타가와와는 교제하지 않았다."
3084,侵入,讃岐が土佐兵の侵入を受けたのは、長曾我部元親以来、これが二度目である。,"사누키가 토사병의 침입을 받은 것은, 장연가부 전 부모 이래, 이것이 두번째이다."
3085,備える,進退の便に備えるためである。,진퇴편에 대비하기 위해서이다.
3086,元年,久保三之丞は、明治元年の暮近く京都で病死した。,쿠보 미노유키는 메이지 원년의 생활 근처 교토에서 병사했다.
3087,司法,新一郎が勤王派であったことは、新一郎の立場を有利にして、明治三年に彼は太政官に召されて、司法省出仕を命ぜられた。,"신이치로가 근왕파였던 것은, 신이치로의 입장을 유리하게 하고, 메이지 3년에 그는 태정관에게 부름받아, 사법성 출사를 명령받았다."
3088,名義,加之、甚シキニ至リテハ、其事ノ故誤ヲ問ハズ、其ノ理ノ当否ヲ顧ミズ、復讐ノ名義ヲ挟ミ、濫リニ相構害スルノ弊往往有之、甚ダ以テ相不済事ニ候。,"카노, 진시키니지리테하, 이사노 고오오문하즈, 게노리노 당부오고미즈, 복수노 명의오끼미, 혼리니상 구해 스루노우리 왕왕유유, 진다이테상 불제사 니후."
3089,変革,お八重の父親の死に加えて、維新の変革が続いて起ったので、新一郎とお八重の縁談は、そのままになってしまった。,"야에의 아버지의 죽음에 더해, 유신의 변혁이 계속해서 일어났기 때문에, 신이치로와 야에의 인담은, 그대로 되어 버렸다."
3090,封建,今、封建の制が廃れ、士族の廃刀令も近々御発布になろうという御時世になって、剣術の稽古をして、なんとなされるのじゃ。,"지금, 봉건의 제가 폐해, 사족의 폐도령도 곧 어발포가 되자는 어시세가 되어, 검술의 연습을 하고, 무려 이루어지는 것이다."
3091,年賀,正月の年賀に、万之助は水道橋の旧藩主松平邸に行った。,"설날의 연하에, 만노스케는 수도교의 구번주 마쓰다이라 저택에 갔다."
3092,形勢,佐幕派が七分、勤王派が三分という形勢であった。,"사막파가 7분, 근왕파가 3분이라는 형세였다."
3093,改革,その上、最近になって、左院副議長江藤新平の知遇を得て、司法少輔に抜擢せられる内約があったし、そうなれば、新日本の民法刑法などの改革に、一働きしたい野心もあった。,"게다가 최근 좌원 부의장 에토 신헤이의 지우를 얻어 사법소스케에 발탁될 수 있는 내약이 있었고, 그렇게 되면 신일본의 민법형법 등의 개혁에 일하고 싶은 야심도 있었다."
3094,肉親,あの姉弟のことは、拙者も肉親同様、不憫に思うております。,"그 자매의 일은, 저자도 육친처럼, 불쾌하게 생각하고 있습니다."
3095,腕前,「腕前は未熟であるが、拙者はぜひお加え下されい」吉川隼人がいった。,"「완전은 미숙하지만, 졸리는 꼭 덧붙여져」 요시카와 하야토가 말했다."
3096,襲撃,成田邸への襲撃は、その夜の正子の刻と決った。,"나리타 저택에의 습격은, 그 밤의 마사코의 각으로 결정되었다."
3097,覆面,六人は、銘々黒布をもって、覆面をした。,여섯 명은 명명 검은 천으로 복면을 했다.
3098,説得,「早速、成田邸へ押しかけて、あの頑固爺を説得しよう」今まで黙っていた吉川隼人がいった。,"「조속히, 나리타 저택에 밀어, 그 완고함을 설득하자」 지금까지 침묵하고 있던 요시카와 하야토가 말했다."
3099,定まる,ここで御身に巡り合うのは、天運の定まるところじゃ。,"여기에서 몸에 둘러싸는 것은, 천운이 정해지는 곳이야."
3100,対談,朋輩の幸田某の妻に横恋慕をして、きかれなかった恨みから、幸田の家を訪ねて対談中に、相手の油断を見すまして、不意に斬りつけたのである。,"토모배의 사치다 모의 아내에게 요코로 모모를 하고, 깨지지 않았던 원한으로부터, 사치다의 집을 찾아 대담중에, 상대의 방심을 바라보고, 갑자기 베어 버린 것이다."
3101,打ち出す,この頃はやり出した吾妻拳を打ち出すものがある。,요즘은 내놓은 아즈마 주먹을 내세우는 것이 있다.
3102,本国,まして、広い日本国中に、二つない紋所とは限っていない。,"하물며, 넓은 일본국중에, 2개 없는 문장과는 한정되어 있지 않다."
3103,短気な,短気な忠次郎も、腹を立てる日が、少なくなっていた。,단기 충지로도 화를 내는 날이 적어졌다.
3104,突き止める,彼は、敵の在り処を突き止めると、小躍りしながら、すぐ京を立って、伏見から三十石で大坂へ下った。,그는 적의 위치를 ​​파악하자 작게 뛰면서 교토를 서서 후시미에서 30석으로 오사카로 내렸다.
3105,転回,夫の敵とばかり、懐剣を逆手に俺に斬りかかって来た」話が急に戯曲的な転回をしたので、一座ははっとどよめいた。,"남편의 적들 뿐만 아니라, 회검을 역으로 나에게 베어 왔다” 이야기가 갑자기 희곡적인 전회를 했기 때문에, 일좌는 몹시 떠들썩했다."
3106,保つ,その後、浅井は尚三年の久しきを保つ事が出来た。,"그 후, 아사이는 상3년의 오랜 시간을 유지할 수 있었다."
3107,側面,酒井忠次、榊原康政等は姉川の上流を渡り、朝倉勢の側面から横槍を入れて無二無三に攻め立てたので、朝倉勢漸く浮き足立った。,"사카이 타다시, 사카키하라 야스마사 등은 누나가와의 상류를 건너, 아사쿠라세의 측면으로부터 요코창을 넣어 무이무조에 공격해 세웠기 때문에, 아사쿠라세 점차 떠올랐다."
3108,年長,しかも、前年長政に与えたる誓書あるに拘らず、長政に対して一言の挨拶もしなかった。,게다가 전년 장정에게 준 서서가 있더라도 장정에 대해 한마디의 인사도 하지 않았다.
3109,斡旋,浅井方の大将安養寺三郎左衛門は、織田と浅井家の同盟を斡旋した男だ。,아사이 쪽의 대장 안양사 ​​사부로 사에몬은 오다와 아사이가의 동맹을 알선한 남자다.
3110,歴史上,そんな事を考えると、歴史上の事件にはあらゆる因子のつながりがあるわけだ。,그런 일을 생각하면 역사상의 사건에는 모든 인자의 연결이 있는 셈이다.
3111,滅亡,この浅井家重代の太刀を送ったのは、浅井家滅亡の前兆であると、後に語り伝えられた。,이 아사이가 중대의 태도를 보낸 것은 아사이가 멸망의 전조라고 나중에 전해졌다.
3112,潜入,しかも、いよいよ手切れとなるや、単身敵陣に潜入して、信長を討たんことを決心す。,"게다가, 드디어 손절이 되자, 단신 적진에 잠입해, 노부나가를 토벌한 것을 결심한다."
3113,進出,ところが信長が二十七日の夜敵陣にたくかがり火を見て、敵に進撃の気配あるを察し、それならばこちらから、逆撃しようと云うので、姉川の左岸に進出していたから、浅井朝倉軍が展開するのを見るや、先ず織田徳川の軍から、弓銃をもって、挑戦した。,"그런데 노부나가가 27일의 야적진에 두들겨 불을 보고, 적에게 진격의 기색 있는 것을 찰아, 그렇다면 이쪽으로부터, 역격하려고 향해 누나가와의 좌안에 진출하고 있었기 때문에, 아사이 아사쿠라군이 전개하는 것을 보자, 우선 오다 도쿠가와의 군으로부터, 궁총을 가지고, 도전했다."
3114,鑑定,つまり、名前の分らない首の鑑定人にされたわけだ。,"즉, 이름이 모르는 목의 감정인이 된 셈이다."
3115,こっそり,そして、しなへつくとすぐに、こっそり、まずファティマという尼さんをたずねて行きました。,"그리고, 끈적거리자마자, 몰래, 우선 파티마라는 아마씨를 물어 갔습니다."
3116,装飾,そしてすぐにお城の装飾がかりの人たちに、このまどをほかのまどと同じようにかざりつけるように、お言いつけになりました。,그리고 곧 성의 장식이 걸린 사람들에게 이 마도를 다른 마도와 똑같이 붙잡도록 말씀하셨습니다.
3117,みすぼらしい,あの馬道の通りで見た、色の蒼黒い、頬のすぼんだみすぼらしい男の代りに、如何にも零落れた武士にあるような、やさしみと品位とを持った男が一生懸命な心持で、駆け付けて来たありさまが、何とも云えず、美しく勇しく私の胸に映ったのです。,"그 마도 거리에서 본, 색깔의 창백한, 뺨의 어리석은 듯한 남자 대신에, 아무래도 영락한 무사에 있는 것 같은, 부드러움과 품위를 가진 남자가 열심히 기분으로, 달려 온 아리사마가, 아무것도 모르고, 아름다움."
3118,大流行,が、幸か不幸か、結婚した翌年宗兵衛は安政五年のコロリ大流行（今で云う虎列剌）で、不意に死んでしまいました。,"하지만, 행운이든 불행인지, 결혼한 다음 해 종무위는 안정 5년의 콜로리 대유행(지금으로 말하는 호랑이 열정)으로, 갑자기 죽어 버렸습니다."
3119,晩年,祖母は、間もなくその娘の家に、引き取られて其処で幸福な晩年を送りました。,할머니는 얼마 지나지 않아 그 딸의 집으로 끌려 가서 행복하고 즐거운 만년을 보냈습니다.
3120,玩具,その上、借金の抵当と云ったような形ですから、金で自由にしたのだと云う肚がありますから、美しい玩具か何かのように愛する代りに弄び苛んだのに過ぎませんでした。,"게다가 빚의 저당이라고 말한 것 같은 형태이기 때문에, 금으로 자유롭게 한 것이라고 말하는 팔꿈치가 있기 때문에, 아름다운 장난감이나 무언가처럼 사랑하는 대신에 농담을 받은 것에 지나지 않았습니다."
3121,脚色,馬琴の八犬伝を守田座の座附作者が脚色したのが大変な評判で、染之助の犬塚信乃の芳流閣の立ち廻りが、大変よいと云う人の噂でありましたので、私はまた堪らないような懐しさに責められて、守田座の木戸を潜ったのでしたよ。,"마코토의 팔견전을 모리타자의 좌부작자가 각색한 것이 몹시 평판으로, 염노스케의 이누즈카 노부노의 류카쿠카쿠의 서둘러가, 몹시 좋다고 말하는 사람의 소문이었으므로, 나는 또 견디지 못한 그리움에 앉았어."
3122,興業,何でもその年の盆興業でした。,무엇이든 그 해의 분흥업이었습니다.
3123,逃れる,私は、悪夢が醒めたような心持で、怖しいもの汚らわしいものから、逃れるように逃げ帰ったのです」「まあ、それでよかった。,"나는 악몽이 낳은 것 같은 마음으로, 무서운 것 더러운 것에서, 도망치도록 도망쳤습니다」 「뭐, 그것으로 좋았다."
3124,免除,此の告白に依ると、此の坂下鶴吉は、一度千葉の監獄で、善行の結果残りの刑期を免除されて放免になったと書いてあります。,"이토시의 고백에 의하면, 이츠키의 사카시타 츠루요시는, 일단 지바의 감옥으로, 선행의 결과 남은 형기를 면제되어 방면이 되었다고 써 있습니다."
3125,判決,その判決のある日でありました。,그 판결이 있는 날이었습니다.
3126,前提,が、私は此の書状を以て、申上ぐる事の前提として、当時の事をちょっと申上げて置かなければなりません。,"하지만, 나는 이쯤의 서장을 가지고, 신상하는 일의 전제로서, 당시의 일을 조금 말씀해 두어야 합니다."
3127,学説,刑罰の目的に就ての学説はどうか知りませんが、私達の復讐心が、国家の刑罰機関の活動に依り、正当に適法に充たされることだと信頼して居た私達良民の期待は、全く裏切られてしまいました。,"형벌의 목적에 취해의 학설은 어떨지 모릅니다만, 우리의 복수심이, 국가의 형벌 기관의 활동에 의거해, 정당하게 적법에 충당된다는 것이라고 신뢰해 있던 우리 양민의 기대는, 전혀 배신당해 버렸습니다."
3128,強盗,私は大正三年五月二十一日千葉県千葉町の郊外で、兇悪無残な強盗の為に惨殺されました角野一郎夫妻の肉親のものでございます。,"나는 다이쇼 3년 5월 21일 치바현 지바마치의 교외에서, 兇悪無残な 강도를 위해 참살되었습니다 角野一郎 부부의 육친의 것입니다."
3129,検事,『坂下鶴吉の告白』なる本に依りますと、典獄とか検事とか云う連中が、坂下鶴吉の信仰を獲たことを宛も猫が鼠を取ったのを賞めるように、賞めそやして居ります。,"『사카시타 쓰루요시의 고백』이 되는 책에 의하면, 전옥이나 검사라든지 말하는 연중이, 사카시타 쓰루요시의 신앙을 잡은 것을 앞으로도 고양이가 사타구니를 잡은 것을 상할 수 있도록, 상 메소하고 있습니다."
3130,死刑,が、遉に恐ろしい悪党であるだけに、諦めもよいと見え、地方裁判所で死刑の宣告を受けると、控訴もしないで、大人しく服罪しました。,"하지만, 유로하게 무서운 악당인 만큼 포기도 좋다고 보여 지방 법원에서 사형의 선고를 받으면 항소도 하지 않고 어른스럽게 복죄했습니다."
3131,緩和,然るに、被害者なり被害者の遺族なりが国家の手に依って毫頭慰藉を受けて居ないのにも拘らず悪人でも、坂下鶴吉の如き悪人でも生きて居る者には、宣教師との接見を許し、その改宗を奨励し、死刑の精神上に及ぼす効果を緩和してやると云うことは甚だ不当な片手落なことだと考えずには居られません。,"물론, 피해자이며 피해자의 유족 나라가 국가의 손에 따라 毫頭 위아를 받지 않은데도 악인이라도, 사카시타 츠루요시와 같은 악인이라도 살아 있는 사람에게는, 선 교사와의 접견을 용서하고, 그 개종을 장려해, 사형의 정신상에 미치는 효과를 완화해 준다고 말하는 것은 심각하고 부당한 한손락인 것이라고 생각하지 않고는 없습니다."
3132,脅迫,『二十一日の夜ある家へ忍び込みて、家人を縛りまして細君に金を出せと脅迫いたして居りますと、主人が盗賊盗賊と、大声を発しますから、隣の人に聞えては悪いと思いまして、その場にあり合せたる手拭にて首を締めるのを、細君が見て居りまして、細君が精一杯の大声を発して人殺しと呼びましたから、又其の場に在り合わせた細帯にて遂に二人共殺してしまいました。,"『21일의 밤 있는 집에 몰려들어, 집안인을 묶어서 세군에게 돈을 버리라고 협박하고 있다고 하면, 주인이 도적 도적과, 큰 소리를 내기 때문에, 옆의 사람에게 들을 수는 없다고 생각하고, 그 자리 에 있어 맞춘 수건으로 목을 잠그는 것을, 세군이 보고 있었고, 세군이 굉장히 큰 소리를 내고 인살이라고 부르기 때문에, 또 그곳에 있는 세대에서 마침내 두 사람 공살해 버렸습니다."
3133,蘇る,が、そんな事で姉が蘇る筈もありませんでした。,"하지만, 그런 일로 언니가 되살아날 리도 없었습니다."
3134,養う,そして、私の父母と相談の上で、海に近い郊外に六畳に四畳半に二畳の小さい家を借りまして、そこで病を養うことになったのであります。,"그리고 나의 부모와 상담 후, 바다에 가까운 교외에 육조에 4조 반에 2조의 작은 집을 빌려, 거기서 병을 기르게 된 것이었습니다."
3135,信任,相良は筑前の人間で義隆に仕えたが、才智人に越え、其の信任、大内譜代の老臣陶、杉、内藤等に越えたので、陶は不快に感じて遂に義隆に反して、天文十九年義隆を殺したのだ。,"사가라는 치쿠젠의 인간으로 요시타카를 섬겼지만, 재치인에 넘어, 그의 신임, 오우치 보시대의 노신도, 삼나무, 나이토 등에 넘었기 때문에, 도는 불쾌하게 느끼고 마침내 요시타카에 반해, 천문 19년 요시타카를 죽인 것이다."
3136,励む,我婚を求むれば、熊谷、毛利の為めに粉骨の勇を励むらん」と言って結婚した男である。,"아혼을 구하면, 쿠마가야, 모리를 위해 분골의 용을 격려한다」라고 말해 결혼한 남자이다."
3137,団結,厳島合戦は戦国時代の多くの戦争の中で圧倒的な大勝であるが、其間に僥倖の部分は非常に少く、元就の善謀と麾下の団結と、武力との当然の成果と云って宜い位である。,"이쓰쿠시마 전쟁은 전국 시대의 많은 전쟁 중에서 압도적인 대승이지만, 그 사이에 승지의 부분은 매우 적고, 모토나리의 선모와 국하의 단결과, 무력과의 당연한 성과와 말해 좋은 정도이다."
3138,山脈,これで厳島合戦も毛利軍の大勝に帰したわけであるが、晴賢自殺の場所については、厳島の南岸の青海苔浦（青法ともかく）という説もあるが、晴賢は肥満していて歩行に困難であったと言うから、中央の山脈を越して南岸に出るわけは無いのである。,"이것으로 이쓰쿠시마 합전도 모리군의 대승에 돌아온 것이지만, 하루켄 자살의 장소에 대해서는, 이쓰쿠시마의 남쪽 해안의 아오카이 이우라(청법이라도)라고 하는 설도 있지만, 하루켄은 비만하고 있어 보행에 곤란했다고 하기 때문에, 중앙의 산맥을 넘어 남쪽 해안에 나오는 것은 없는 것이다."
3139,成果,厳島合戦は戦国時代の多くの戦争の中で圧倒的な大勝であるが、其間に僥倖の部分は非常に少く、元就の善謀と麾下の団結と、武力との当然の成果と云って宜い位である。,"이쓰쿠시마 전쟁은 전국 시대의 많은 전쟁 중에서 압도적인 대승이지만, 그 사이에 승지의 부분은 매우 적고, 모토나리의 선모와 국하의 단결과, 무력과의 당연한 성과와 말해 좋은 정도이다."
3140,武力,厳島合戦は戦国時代の多くの戦争の中で圧倒的な大勝であるが、其間に僥倖の部分は非常に少く、元就の善謀と麾下の団結と、武力との当然の成果と云って宜い位である。,"이쓰쿠시마 합전은 전국 시대의 많은 전쟁 중에서 압도적인 대승이지만, 그 사이에 승요의 부분은 매우 적고, 모토나리의 선모와 국하의 단결과, 무력과의 당연한 성과와 말하자."
3141,精鋭,此の夜は流石の敵も、油断をするだろうから、襲撃の機会到れりというので、元就は長男隆元、吉川元春など精鋭をすぐって、毛利家の兵船に分乗し、島の東北岸鼓の浦へ廻航した。,"밤의 밤은 유석의 적도 방심을 할 것이기 때문에, 습격의 기회가 도착하기 때문에, 모토나리는 장남 다카모토, 요시카와 모토하루 등 정예를 빨리, 모리가의 병선에 분승해, 섬의 도호쿠 기시코우라에 복항했다."
3142,統制,陶の方は、塔の岡を本陣としたが、諸軍勢は、厳島の神社附近の地に散在し、其の間に何等の統制が無かったらしい。,"도 쪽은, 탑의 오카를 본진으로 했지만, 제군세는, 이쓰쿠시마의 신사 부근의 땅에 흩어져, 그 사이에 아무런 통제가 없었던 것 같다."
3143,逃走,塔の岡の本陣を攻落された陶軍は、厳島神社の背面を西へ西へと逃走した。,탑의 오카 본진을 공락된 도군은 이쓰쿠시마 신사의 뒷면을 서쪽으로 서쪽으로 도주했다.
3144,部下,隆景は之より先、漁船に身を隠して、宮尾城の急を救う為、宮尾城へ入ったと書いてあるが、これは恐らく俗説で、当夜熊谷信直の部下を従え、厳島神社の大鳥居の方面から敵の兵船の間を乗り入れて、敵が咎めると、「お味方に参った九州の兵だ」と言って易々と上陸し、塔の岡の坂下に陣して、本軍の鬨の声のあがるのを待っていた。,"다카카게는 노선보다 먼저, 어선에 몸을 숨기고, 미야오성의 급을 구하기 위해, 미야오성에 들어갔다고 써 있지만, 이것은 아마 속설로, 당야 구마가야 노부나오의 부하를 따르고, 이쓰쿠시마 신사의 오토리이의 방면 부터 적의 병선 사이를 타고, 적이 훼손하면, 「아군에 참가한 규슈의 병이다」라고 말해 쉽게 상륙해, 탑의 오카의 사카시타에 진해, 본군의 귀신의 목소리가 오기를 기다리고 있었다."
3145,中腹,大戸の関から、二里ばかりも来たと思う頃、雑木の茂った小高い山の中腹に出ていた。,"오오토의 세키에서, 니리만 왔다고 생각했을 무렵, 잡목이 우거진 작은 높은 산 속에 나왔다."
3146,再会,それで、選に洩れた連中と――内心、忠次を怨むかも知れない連中と――そのまま、再会の機も期し難く、別れてしまわねばならぬ事を考えると、忠次はどうしても、気が進まなかった。,"그래서, 선에 빠진 연중과――내심, 충차를 원망할지도 모르는 연중과――그대로, 재회의 기도 기하기 어렵고, 헤어져 버려야 할 일을 생각하면, 충차는 아무래도, 마음이 진행되지 않았다."
3147,経路,先刻からの経路を、一番厭な心で見ていたのは稲荷の九郎助だった。,"선각으로부터의 경로를, 가장 괴로운 마음으로 보고 있던 것은 이나리의 구로스케였다."
3148,技能,久米に対する判断も、性格技能を語る点では実によく適中した。,구미에 대한 판단도 성격 기능을 말하는 점에서는 실로 잘 적중했다.
3149,指摘,私が三十を越してから、栄達し、一群の人の上に立つことを云い、金銭に不自由しないことを云い、その他身上に起る二三の事実を指摘した。,"내가 삼십을 넘어서서, 영달하고, 일군의 사람 위에 서는 것을 말하고, 금전에 부자유하지 않는 것을 말하고, 그 외 신상에 일어나는 23의 사실을 지적했다."
3150,内閣,第三次の桂内閣が倒れた後に、一時Ｍ侯爵が宰相に擬せられたことがありましたね。,"제3차의 가쓰라내각이 쓰러진 후에, 한때 M후작이 재상에게 의심된 적이 있었습니다."
3151,創立,Ｍ侯爵などの首唱で、ご存じの労資協調会というのが、創立されることになりました。,M후작 등의 주창으로 아시는 노자협조회라는 것이 창립되게 되었습니다.
3152,劣る,が、それかといって、撮る方は大事な職業で、ことに社と社との競争の激しいこの頃ですから、他社に少しでも写真が劣ると大変ですから、皆血眼になっているのです。,"하지만 그렇다고 해서 찍는 쪽은 소중한 직업으로, 사와 회사와의 경쟁이 심한 요즘이기 때문에, 타사에 조금이라도 사진이 떨어지면 힘들기 때문에, 모두 혈안이 되고 있는 것입니다."
3153,協調,Ｍ侯爵などの首唱で、ご存じの労資協調会というのが、創立されることになりました。,M후작 등의 주창으로 아시는 노자협조회라는 것이 창립되게 되었습니다.
3154,大使,何でも講和大使か何かが、帰朝した時でした。,"무엇이든 강화대사나 무언가가, 귀조했을 때였습니다."
3155,婉曲,が、たとえ根本的にはどちらに責任があるにしろ、Ｍ侯爵が杉浦を嫌っている以上、何とか婉曲に、杉浦にあまり侯爵のところへ行かないように忠告してやろうと思っていたのです。,"하지만, 비록 근본적으로는 어느 쪽에 책임이 있어도, M후작이 스기우라를 싫어하는 이상, 어떻게든 완곡에, 스기우라에 별로 후작의 곳에 가지 않도록 충고해 하려고 생각하고 있었습니다."
3156,官僚,Ｔ内閣が瓦解した時にも、失望落胆した人が、官僚や軍人の中には、いくらかいたでしょうが、杉浦辰三もその少数の中の一人です。,"T내각이 기와해했을 때에도, 실망 낙담한 사람이, 관료나 군인 중에는, 얼마였을 것입니다만, 스기우라 타츠조도 그 소수 중의 1명입니다."
3157,慣習,やはり杉浦の無邪気な一本調子の無作法なところが、かえって侯爵などという社会上の慣習に包まれている人には、気に入るに違いない。,역시 스기우라의 순진한 한 곡의 무작법한 곳이 오히려 후작 등이라는 사회상의 관습에 싸여 있는 사람에게는 마음에 드는 것임에 틀림없다.
3158,温和な,侯爵の温和な表情が、ちょっと濁っているように思いました。,후작의 온화한 표정이 조금 흐려진 것 같았습니다.
3159,視察,Ｍ侯爵も、公人としては花形の方ですから、やれ支那を視察に行くとか、明治神宮の地鎮式に祝詞を読んだとか、相撲を見物しているところなどといって、たびたび写真に撮られる方ですから、杉浦もだんだんＭ侯爵との知己を深めていったわけです。,"M후작도, 공인으로서는 꽃 모양의 쪽이기 때문에, 하고 지나를 시찰에 가다든가, 메이지 신궁의 지진식에 축사를 읽었다든가, 스모를 구경하고 있는 곳 등이라고 하고, 종종 사진에 찍히는 분이기 때문에, 스기우라도 점점 M후기."
3160,気風,そう思うと樋口も木村もどこか似ている性質があるようにも思われますが、それは性質が似ているのか、同じ似たそのころの青年の気風に染んでいたのか、しかと私には判断がつきませんけれども、この二人はとにかくある類似した色を持っていることは確かです。,"그렇게 생각하면 히구치도 키무라도 어딘가 비슷한 성질이 있는 것처럼 보이지만, 그것은 성질이 비슷한지, 같은 비슷한 그 무렵의 청년의 기풍에 물들었는지, 혹시 나에게는 판단이 붙지 않지만, 이 두 사람은 어쨌든 어떤 유사한 색을 가지고 있는 것은 확실합니다."
3161,落ち合う,落ち合うごとに、いろいろの話が出ます。,어울릴 때마다 여러 가지 이야기가 나옵니다.
3162,はなはだしい,その仕組みがおもしろい、甲の手紙は乙が読むという事になっていて、そのうちもっともはなはだしい者に罰杯を命ずるという約束である。,"그 구조가 흥미롭고, 갑의 편지는 을이 읽는다는 것이 되고 있어 그 중 가장 낯선 사람에게 벌배를 명령한다는 약속이다."
3163,区画,自分はなお奥の方へと彼らの間を縫って往くと、船首水雷室の前に一小区画がある、そこに七、八名の水兵が、他の仲間と離れて一団体をなし、飲んでいた。,"자신은 더 안쪽으로 그들 사이를 꿰매고 왕자, 뱃머리 수뢰실 앞에 일소 구획이 있는, 거기에 7, 8명의 수병이, 다른 동료와 떨어져 일단체를 하고, 마시고 있었다."
3164,読み上げる,さア初めろと自分の急き立つるので、そろそろ読み上げる事になった。,"자아 처음과 자신의 서두르기 때문에, 슬슬 읽게 되었다."
3165,長官,わが水兵はいかに酔っていても長官に対する敬礼は忘れない。,우리 수병은 어떻게 취해도 장관에 대한 경례는 잊지 않는다.
3166,出産,けれども母の籍が未だ馬場の籍に入らん内に僕が生れ、其為でしょう、僕の出産届が未だ仕てなかったので、大塚の父は僕を引取るや直に自分の子として届けたのだそうです。,"하지만 어머니의 국적이 아직도 바바의 국적에 들어가는 안에 내가 태어나서, 케이위일 것입니다, 나의 출산 신고가 아직도 봉사하지 않았기 때문에, 오츠카의 아버지는 나를 인수하자마자 자신의 아이로서 전달한 것이라고 합니다."
3167,意義,それでは貴様は宇宙に神秘なしと言うお考なのです、要之、貴様には此宇宙に寄する此人生の意義が、極く平易明亮なので、貴様の頭は二々が四で、一切が間に合うのです。,"그러면 당신은 우주에 신비 없다고 하는 생각입니다, 요유키, 당신에게는 우우주에 가까이 하는 인생의 의의가, 극히 평이 명료이므로, 당신의 머리는 둘이 네, 일절이 사이에 맞는 것입니다."
3168,懐く,僕は心の自由を恢復し、悪運の手より脱れ、身の上の疑惑を懐くこと次第に薄くなり、沈欝の気象までが何時しか雪の融ける如く消えて、快濶な青年の気を帯びて来ました。,"나는 마음의 자유를 탄복하고, 악운의 손에서 벗어나, 몸 위의 의혹을 그리는 것 점차 얇아져, 침악의 기상까지가 몇시밖에 눈이 녹는 듯 사라져, 쾌활한 청년의 마음을 갖고 왔습니다."
3169,転任,四僕の十六の時、父は東京に転任したので大塚一家は父と共に移転しましたが、僕だけは岡山中学校の寄宿舎に残されました。,"4 나의 16시, 아버지는 도쿄에 전임했기 때문에 오츠카 일가는 아버지와 함께 이전했습니다만, 나만은 오카야마 중학교의 기숙사에 남겨졌습니다."
3170,雑談,けれども其後一月もして或日、僕は事務所から帰り、夜食を終て雑談して居ると、養母は突然、『怨霊というものは何年経ても消えないものだろうか。,"하지만 그 후 1월이나 어제, 나는 사무소에서 돌아와 야식을 마치고 잡담하고 있으면 양모는 갑자기 『원령이라는 것은 몇 년이 지나도 사라지지 않는 것일까."
3171,一挙に,馬の顔を斜に見た処で、無論少年の手には余る画題であるのを、自分はこの一挙に由て是非志村に打勝うという意気込だから一生懸命、学校から宅に帰ると一室に籠って書く、手本を本にして生意気にも実物の写生を試み、幸い自分の宅から一丁ばかり離れた桑園の中に借馬屋があるので、幾度となく其処の厩に通った。,"말의 얼굴을 비스듬히 본 곳에서, 무론 소년의 손에는 남는 화제인 것을, 자신은 이 일거에 유해 꼭 시무라를 타승한다는 의욕이니까 열심히, 학교에서 집에 돌아가면 일실 에 곁들여 쓴다, 본본을 책으로 건방진 실물의 사생을 시도해 다행스럽게 자신의 댁에서 한 마리 밖에 떨어진 쿠와엔안에 차마가게가 있기 때문에, 몇 번이나 그 곳의 쓰레기에 다녔다."
3172,出品,その出品は重に習字、図画、女子は仕立物等で、生徒の父兄姉妹は朝からぞろぞろと押かける。,"그 출품은 무겁게 습자, 그림, 여자는 원단 등으로, 학생의 아버지 자매는 아침부터 조금씩 누르고 있다."
3173,同級,好きこそ物の上手とやらで、自分も他の学課の中画では同級生の中自分に及ぶものがない。,"좋아하는 것의 능숙함으로, 자신도 다른 학과의 중화에서는 동급생 속 자신에 미치는 것이 없다."
3174,敗戦,『わたしも帰って戦争の夢でも見るかな』と、罪のない若旦那の起ちかかるを止めるように『戦争はまだ永く続きそうでございますかな』と吉次が座興ならぬ口ぶり、軽く受けて続くとも続くともほんとの戦争はこれからなりと起ち上がり『また明日の新聞が楽しみだ、これで敗戦だと張り合いがないけれど我軍の景気がよいのだから同じ待つにも心持ちが違うよ。,"「나도 돌아가서 전쟁의 꿈에서도 볼까」라고, 죄가 없는 젊은 남편의 일어나는 것을 멈추도록(듯이) 「전쟁은 아직 오랫동안 계속될 것 같습니까」라고 요시지가 좌흥이 아닌 입만, 가볍게 받아 계속된다 어쨌든 계속되면 정말 전쟁은 앞으로 나오면서 일어나 『또 내일의 신문이 기대된다."
3175,振動,この時振動の力さらに加わりてこの室の壁眼前に崩れ落つる勢いすさまじく岡村と余とは宮本宮本と呼び立てつつ戸外に駆けいでたり。,이때 진동의 힘 한층 더 가해져 이 방의 벽눈 앞에 무너져 떨어지는 기세 굉장히 오카무라와 히토미는 미야모토 미야모토라고 불리면서 밖으로 달려가거나.
3176,沈める,耳をそばだつるまでもなく堂をもるるはかれの美わしき声、沈める調なり。,"귀를 곁들임까지도 없이 당을 느끼는 은혜의 아름다움 소리, 가라앉는 조조."
3177,着手,この日、兄の貫一その他の人々は私塾設立の着手に取りかかり、片山という家の道場を借りて教場にあてる事にした。,이날 형의 관일 그 외 사람들은 사학원 설립의 착수에 걸려 가타야마라는 집의 도장을 빌려 교장에 맞추기로 했다.
3178,道場,この日、兄の貫一その他の人々は私塾設立の着手に取りかかり、片山という家の道場を借りて教場にあてる事にした。,이날 형의 관일 그 외 사람들은 사학원 설립의 착수에 걸려 가타야마라는 집의 도장을 빌려 교장에 맞추기로 했다.
3179,世論,『お栄さん僕はそんな声を聴かされると何だか哀れっぽくなって堪りません』と思わず口に出しますと『小妹は何故こんな世の中に生きているのか解らないのよ』と少女がさもさも頼なさそうに言いました、僕にはこれが大哲学者の厭世論にも優って真実らしく聞えたが、その先は詳わしく言わないでも了解りましょう。,"""사카이 씨 나는 그런 목소리를 들으면 왠지 불쌍해져 견딜 수 없습니다."" 』 라고 소녀가 사모사도 의뢰할 것 같다고 말했습니다, 저에게는 이것이 대철학자의 왕 여론에도 친해 진실답게 들을 수 있었지만, 그 앞은 자세하게 말하지 않아도 양해합시다."
3180,代用,其処で夏も過ぎて楽しみにしていた『冬』という例の奴が漸次近づいて来た、その露払が秋、第一秋からして思ったよりか感心しなかったのサ、森とした林の上をパラパラと時雨て来る、日の光が何となく薄いような気持がする、話相手はなしサ食うものは一粒幾価と言いそうな米を少しばかりと例の馬の鈴、寝る処は木の皮を壁に代用した掘立小屋」「それは貴様覚悟の前だったでしょう！,"그곳에서 여름도 지나서 기대하고 있던 『겨울』이라는 예의 녀석이 점차 다가왔다. 왠지 얇은 것 같은 기분이 들고, 이야기 상대는 없어 먹는 것은 한 알 수가라고 말할 것 같은 쌀을 조금만 예의 말의 종, 자는 곳은 나무의 껍질을 벽에 대용한 굴립 오두막」 「그것은 당신 각오의 전이었을 것입니다!"
3181,先天的,先天的のビフテキ党だ、ちょうど僕のようなんだ。,"선천적인 비프텍당이다, 그냥 나같은 거야."
3182,兵士,「翌々日の新聞を見ると年は十九、兵士と通じて懐胎したのが兵士には国に帰って了われ、身の処置に窮して自殺したものらしいと書いてありました、ともかく僕はその夜殆ど眠りませんでした。,"“다음날의 신문을 보면 해는 19, 병사와 통하여 회태한 것이 병사에게는 나라로 돌아가서, 몸의 처치에 궁극적으로 자살한 것 같다고 쓰고 있었습니다."
3183,品質,難有いことには僕に馬鈴薯の品質が無かったのだ。,어려운 일에는 나에게 마술의 품질이 없었던 것이다.
3184,圧力,どうにかしてこの古び果てた習慣の圧力から脱がれて、驚異の念を以てこの宇宙に俯仰介立したいのです。,어쨌든 이 낡은 습관의 압력에서 벗어나 경이의 생각으로 이 우주에 부앙개립하고 싶습니다.
3185,悟る,すると先生やるなら勝手にやり給え、君もも少しすると悟るだろう、要するに理想は空想だ、痴人の夢だ、なんて捨台辞を吐いて直ぐ去って了った。,"그러자 선생님 한다면 마음대로 주고, 너도 조금 하면 깨달을 것이다, 요컨대 이상은 공상이다, 치인의 꿈이다, 따위 버림사를 뱉고 곧 떠났다."
3186,焦る,上村君なんかは最初、馬鈴薯党で後に牛肉党に変節したのだ、即ち薄志弱行だ、要するに諸君は詩人だ、詩人の堕落したのだ、だから無暗と鼻をぴくぴくさして牛の焦る臭を嗅いで行く、その醜体ったらない！,"우에무라군은 처음, 마술장당에서 나중에 쇠고기당으로 변절한 것이다."
3187,麻痺,これを嘲るのはその心霊の麻痺を白状するのである。,이것을 조롱하는 것은 그 심령의 마비를 흰 모양으로 하는 것이다.
3188,くよくよ,貴女も今言ったように、くよくよ為ないで、身体を大事にお暮しなさい。,귀녀도 지금 말했듯이 몹시 좋지 않아서 몸을 소중히 살아라.
3189,子息,「まア可いサ、酒でも飲みましょう」と大友は酌を促がして、黙って飲んでいると、隣室に居る川村という富豪の子息が、酔った勢いで、散歩に出かけようと誘うので、大友はお正を連れ、川村は女中三人ばかりを引率して宿を出た。,"오오토모는 료를 촉구하고, 묵묵히 마시고 있으면, 이웃실에 있는 가와무라라는 부자의 자식이, 취한 기세로, 산책에 나가려고 초대하기 때문에, 오토모는 긍정을 데리고, 카와무라는 여중 3명만을 인솔해 숙소를 나왔다."
3190,工学,」といいながら新工学士神崎は石を拾って不思議そうに眺める。,라고 하면서 신공학사 칸자키는 돌을 주워 신기하게 바라본다.
3191,浴室,そして神崎、朝田の二人が浴室へ行くと間もなく十八九の愛嬌のある娘が囲碁の室に来て、「家兄さん、小田原の姉様が参りました。,"그리고 칸자키, 아사다의 두 사람이 욕실에 가자 곧 189개의 애교가 있는 딸이 바둑의 방에 와서, “이 형, 오다와라의 언니가 참가했습니다."
3192,討論,毎晩毎晩、酔っては討論会を初めますわ！,매일 밤 매일 밤 취해서 토론회를 시작합니다!
3193,分析,尤もフロイド風に分析すれば持って廻った底の方に謎を解く鍵もあろうけれども、ポーズの方が重要なのさ、と思いこんでいたかも知れぬ。,"우도 플로이드풍으로 분석하면 가지고 돌아간 바닥쪽에 수수께끼를 푸는 열쇠도 있겠지만, 포즈 쪽이 중요하다고 생각하고 있었을지도 모른다."
3194,判定,僕自身僕のポーズに眩惑される傾向もたしかにあるが、正しく敬虔なる心に於て、あの家は暗い家だと僕はやっぱり判定する。,"나 자신 나의 포즈에 눈부신 경향도 확실히 있지만, 바르게 경건한 마음에 있어서, 그 집은 어두운 집이라고 나는 역시 판정한다."
3195,原文,ヴァレリイの「ヴァリエテ」などの幾つかもこうして飜訳したものだから、分らぬところはみんな抜かす、結局あの晦渋な原文が、僕の手にかかると明快至極なものになり、原文を知らない人々が讃嘆したものであるが、分らぬ所を抜くのだから明快流麗、無茶な話であった。,"발레리의 「발리에테」등의 몇개일지도 이렇게 해역한 것이니까, 모르는 곳은 모두 빼낸다, 결국 그 음란한 원문이, 나의 손에 걸리면 명쾌 지극한 것이 되어, 원문을 모르는 사람들이 탄탄한 것이지만, 모르는 곳을 뽑는다."
3196,和風,和風の小ざっぱりとした家で、とりわけ金をかけたと思われる部分もなく、特に凝った作りもない。,"일본식의 작고 가득한 집에서, 특히 돈을 들었다고 생각되는 부분도 없고, 특히 굳은 제작도 없다."
3197,期日,この計理士は五十がらみの年齢に似もやらぬ少年詩人の如き気分屋で、ええ天気やさかい仕事してられえへんどすわと言って大概のお天気の日は外出し、酒も飲まず女遊びもしないけれども、仕事の期日に遅れるために顧客も失い貧乏もするという様子である。,"이 계리사는 50가라미의 나이와 닮지 않은 소년 시인과 같은 기분 가게에서, 네가 날씨와 사소한 일을 할 수 있어 힘들다고 대략의 날씨의 날은 외출, 술도 마시지 않고 여자 놀이도 하지 않지만, 일의 기일에 늦기 때문에 고객도 잃어 가난도 한다고 하는 모습."
3198,無責任,無責任なことをしたもので、僕の飜訳を読んだ人はプルウストという男は随分皿数の少い宴会をひらく奴だと思いこんだであろう。,"무책임한 일을 한 것으로, 내 기역을 읽은 사람은 풀우스트라는 남자는 상당히 접시수가 적은 연회를 펼치는 녀석이라고 생각했을 것이다."
3199,献立,何分僕は大してフランス語はできないところへ、一晩という時間であるから、辞書をひかぬ、分らぬところは面倒くさい飛ばしてしまえ、というわけで、諸所に五行ぐらいずつ飛ばしたところもある始末で、「プルウストの思い出」でも、プルウストの好きな献立の半分ぐらい料理の名前や原料に知らない言葉がでてきたので、此奴面倒と飛ばしてしまった。,"몇 분간 나는 프랑스어는 할 수 없는 곳에, 하룻밤이라는 시간이기 때문에, 사전을 끌지 못하고, 모르는 곳은 귀찮게 날려 버릴 수 있어, 곳곳에 5행 정도 날아 튕겨낸 곳도 있는 시말에서, 「프루우스트의 추억」에서도, 풀우스트가 좋아하는 식단의 절반 정도 요리의 이름이나 원료에 모르는 말이 나왔기 때문에, 녀석 귀찮게 날려버렸다."
3200,生育,こんな下らない原稿ばかりで雑誌をだすのは厭だと言いだすのは葛巻で、いいじゃないか、人の原稿は下らなくても、自分だけ立派な仕事をすればよい、同人雑誌はそういう性質のものだと言って、年中二人で口論する、葛巻は文学的名門に生育した人であるから、自分が編輯にたずさわる以上くだらぬ原稿はのせられぬという誇りを放すことができぬ。,"이런 내리지 않는 원고만으로 잡지를 내리는 것은 왕이라고 말하는 것은 카츠 마키로, 좋지 않은가, 사람의 원고는 내리지 않아도, 자신만 훌륭한 일을 하면 좋다, 동인 잡지는 그런 성 질의 것이라고 해, 연중 둘이서 구론하는, 카츠마키는 문학적 명문에 생육한 사람이기 때문에, 자신이 편배에 묻히는 이상 어리석은 원고는 얽매이지 않는다는 자랑을 풀 수 없다."
3201,移住,僕が京都に住んだのは、一切友人を離れ、本当に孤独というものを底の底まで突きつめてやれ、という一時の気まぐれに発した移住であったが、計理士の二階で病気になった。,"내가 교토에 살았던 것은, 일절 친구를 떠나, 정말로 외로움이라고 하는 것을 바닥의 바닥까지 밀어 붙여, 라고 하는 일시의 변덕에 발한 이주였지만, 계리사의 2층에서 병이 되었다."
3202,脚本,この春大学を卒業し、京都のＪＯ撮影所の脚本部員となり、僕を訪ねてきたのであった。,"이 봄 대학을 졸업하고, 교토의 JO 촬영소의 각본 부원이 되어, 나를 방문해 온 것이었다."
3203,表向き,さすがにそれを表向きふりかざすわけにも行かないので、あれやこれや持って廻って言い廻しているが、心底をわれば、君はそういうけれども、案外こんな作品が受けやしないかというサモしい性根が本心だ。,"과연 그것을 표향 척하는 것도 가지 않기 때문에, 저것이나 이것이나 가지고 돌아서 말하고 돌아가고 있지만, 마음을 놓으면, 너는 그런데도, 의외 이런 작품이 받아들이지 않을까라는 사모스러운 성근이 본심이다."
3204,顧客,この計理士は五十がらみの年齢に似もやらぬ少年詩人の如き気分屋で、ええ天気やさかい仕事してられえへんどすわと言って大概のお天気の日は外出し、酒も飲まず女遊びもしないけれども、仕事の期日に遅れるために顧客も失い貧乏もするという様子である。,"이 계리사는 50가라미의 나이와 닮지 않은 소년 시인과 같은 기분 가게에서, 네가 날씨와 사소한 일을 할 수 있어 힘들다고 대략의 날씨의 날은 외출, 술도 마시지 않고 여자 놀이도 하지 않지만, 일의 기일에 늦기 때문에 고객도 잃어 가난도 한다고 하는 모습."
3205,倹約,けれどもノブ子さんは肉体的欲求などは事実において少いのだから、別なことで苦しんでいる様子であったが、それは営々と働いて、自分の生活はきりつめて倹約しながら、人のために損をする、それを金々々、金銭の奴隷のようなことをいう田代さんが、いいのだよノブちゃん、それでいいのだ、という。,"그러나 노부코 씨는 육체적 욕구 등은 사실에 있어서 작기 때문에, 다른 일로 고통받고 있는 모습이었지만, 그것은 영원히 일하고, 자신의 생활은 하고 절약하면서, 사람을 위해서 손해를 하는, 그것을 끊임없이, 금전의 노예와 같은 것을 말하는 타시로 씨가, 좋은 것이야 노브짱, 그래서 좋다, 라고 한다."
3206,冷蔵,私は我まま一ぱいに育てられたけれども、たとえば母も女中も用たしにでて私一人で留守番をしてお料理はお前が好きなようにこしらえておあがりといわれていても、私は冷蔵庫のお肉やお魚には手をつけずカンヅメをさがす、カンヅメがなければ御飯にカツブシだけ、その出来あがった御飯がなければ、あり合せのリンゴやカステラの切はしだけでも我慢していられる。,"나는 혼자 가득 자랐지만, 예를 들면 어머니도 여중도 용접하고 나 혼자서 응답자를 하고 요리는 너를 좋아하는 것처럼 긁어 넣어 오르라고 되어도, 나는 냉장고의 고기 야 생선에는 손을 대지 않고 칸두메를 찾는다, 칸즈메가 없으면 밥에 딱정벌레만, 그 완성된 밥이 없으면, 어울리는 사과나 카스텔라의 자르기만으로도 참을 수 있다."
3207,微小,有利の時にはちっともつけあがらず、相撲しすぎるということがなく、理づめに慎重にさばいて行く、いかにも都会的な理智とたしなみと落着きが感じられるくせに、不利に対して敏感すぎて、彼の力量なら充分押しかえせる微小な不利にも頭の方で先廻りをして敗北という結果の方を感じてしまう。,"유리한 때에는 조금도 붙어 오지 않고, 스모 너무 지나치게 하는 일이 없고, 정리에 신중하게 심판해 가는, 아무래도 도시적인 이치와 함정과 침착이 느껴지는 주제에, 불리에 대해서 너무 민감해서, 그의 역량이라면 충분히 밀어주는 미소한 불리에도 머리의."
3208,悩ます,私の浮気もいわば私の衣裳のよろこびと同じ性質のもので、だから私が浮気について心を悩ますのは帽子や衣裳や靴と違って先方に意志や執念があることであり、浮気自体にうしろめたさを覚えたことはなかったが、私はこの浜で、大学生やヨタモノみたいな人や闇屋渡世の紳士やその他お茶によばれたり散歩やダンスに誘われたが、私はいつも首を横にふってことわった。,"내 바람둥이도 말하자면 내 의상의 요로코비와 같은 성질의 것으로, 그래서 내가 바람둥이에 대해 마음을 괴롭히는 것은 모자나 의상이나 신발과 달리 선방에 의지나 집념이 있는 것이며, 바람기 자체에 즐거웠다 기억하지 못했지만, 나는이 해변에서 대학생이나 요타 모노 같은 사람이나 어둠 야 도세의 신사 및 기타 차에 휩싸여 산책이나 댄스에 초대 받았지만, 나는 항상 목을 옆으로 휘말렸다."
3209,悲観,私は徴用を受けたとき、うんざり悲観したけれども、母が私以上に慌てふためくので、馬鹿馬鹿しくて、母の気持が厭らしくて仕方がなかった。,"나는 징용을 받았을 때, 지쳐 비관했지만, 어머니가 나 이상으로 당황해서 두근거리기 때문에, 바보 바보고, 어머니의 기분이 괴롭고 어쩔 수 없었다."
3210,慎重な,つまり強い相手には始めから心構えや気組が変って慎重な注意と旺盛な闘志を一丸に立向っているからなのである。,즉 강한 상대에게는 처음부터 마음가짐이나 기조가 바뀌어 신중한 주의와 왕성한 투지를 일환으로 맞서고 있기 때문이다.
3211,憂鬱な,なア、サチ子さん、相撲とりが本場所が怖くなるようじゃア、生れ故郷の墨田川へ戻るのが怖しくって憂鬱なんだから、僕はお前、こんなところでノンビリできりゃア、まったく、たまらねえな」「花相撲に帰らなくってもいいの？,"나아, 사치코 씨, 스모 토리가 책장이 무서워질 것 같아 아, 태어난 고향의 스미다가와로 돌아가는 것이 무서워서 우울하기 때문에, 나는 너, 이런 곳에서 논빌리 할 수 ​​있으면 아, 전혀, 참을 수 없어」"
3212,戦災,戦争中は同じ会社の事務員だったのだが、戦災で一挙に肉親を失った。,전쟁 중에는 같은 회사의 사무원이었지만 전재로 일거에 육친을 잃었다.
3213,根底,美貌を鼻にかけるだけが能で、美貌が身上だと思っており、芸術についての心構えが根底に失われている。,미모를 코에 걸리는 것만이 능으로 미모가 신상이라고 생각하고 있어 예술에 대한 마음가짐이 근본적으로 잃어버리고 있다.
3214,着陸,雪夫や、シッカリ、がんばれ負けるなというかと思うと、じれったいね、おまえ飛行機乗りは見張りがついてるわけじゃないんだから、敵陣へ着陸して、降参して、助けて貰えばいいじゃないか。,"유키오나, 시카리, 열심히 지지 않겠다고 생각하면, 뒤틀리고 싶다, 너 비행기 타는 감시가 붙어 있는 것이 아니니까, 적진에 착륙해, 강참해, 도와 받으면 좋지 않을까."
3215,秘書,久須美の秘書の田代さんというのが、久須美から資本をかりて内職にさるマーケットへ一杯のみ屋をひらくについて、ノブ子さんが根が飲食店の娘で客商売にはあつらえ向きにできてるものだから、表向きはノブ子さんをマダムというように頼んだわけだが、まだ二十、マダムになったときが十九というのだから嘘みたいだけど、実際チャッカリ、堂々と一人前以上に営業しているのである。,"쿠스미의 비서인 타시로 씨라고 하는 것이, 쿠스미로부터 자본을 걸고 내직에 걸리는 마켓에 한 잔만 가게를 펼치는 것에 대해, 노부코 씨가 뿌리가 음식점의 딸로 손님 장사에는 맞추기 위해 만들어져 있는 것이니까 , 앞면은 노부코씨를 마담이라고 부탁한 것이지만, 아직 20, 마담이 되었을 때가 19이라고 하기 때문에 거짓말 같지만, 실제로 짜카리, 당당히 혼자 이상에 영업하고 있는 것이다."
3216,脱出,それから首を廻したらどっちを向いても真ッ赤な幕だもの、どっちへ逃げたら助かるのだか、私はしかしあのとき、もしこの火の海から無事息災に脱出できれば、新鮮な世界がひらかれ、あるいはそれに近づくことができるような野獣のような期待に亢奮した。,"그리고 목을 돌면 어느 쪽을 향해도 새빨간 막인 것, 어느 쪽으로 도망치면 살아날까, 나는 그러나 그 때, 만약 이 불의 바다로부터 무사히 숨재해에 탈출할 수 있으면, 신선한 세계가 찢어지거나 혹은 그것에 접근할 수 있는 것 같은 야수와 같은 기대에 흥분했다."
3217,解除,私はただクサレ縁とか俺の女だなどとウヌボレられて後々までうるさく附きまとわれるのが厭だからで、六人のほかに、病弱の美青年が二人、この二人にも許していいと思っていたが、召集解除ですぐ帰されそうなおそれがあったので、許さなかった。,"나는 단지 쿠사레 인연이라든지 나의 여자라고 등 우누보레 되어 뒤까지 시끄럽게 붙잡히는 것이 겉이기 때문에, 6명 외에, 병약의 미청년이 2명, 이 2명에게도 용서해도 좋다고 생각했지만, 소집 해제로 곧 돌아올 것 같은 우려가 있었으므로, 용서하지 않았다."
3218,限定,着物や装身具や所持品は私の世界だから、私自身が自分で選ぶと自分の限定をはみだすことができないけれども、人が見立ててくれると新しい発見、創造があり、私は新鮮な、私の思いもよらない私の趣味を発見して、新しい自分の世界がまた一つ生れたように嬉しくなる。,"기모노나 장신구나 소지품은 나의 세계이니까, 나 자신이 스스로 선택하면 자신의 한정을 찾아낼 수 없지만, 사람이 기대해 주면 새로운 발견, 창조가 있어, 나는 신선한, 나의 생각도 안 되는 나의 취미를 발견해, 새로운 자신의 세계가 또 하나 태어난 것처럼 기뻐한다."
3219,明白な,子供のために屋外運動場を新設してやろうというような雄々しい考えを二人や三人考えても多くの市民が相手にしないであろうことは明らかで「そんげなもん、いらねわ」（そんなもの、いらないよ）とオトトもオカカも軽くかたづけてしまうことは明白なのだ。,"아이들을 위해 옥외 운동장을 신설하자고 하는 웅장한 생각을 2명이나 3명 생각해도 많은 시민이 상대로 하지 않을 것이라는 것은 분명하고 「그런 건, 이라네와」(그런 것, 필요 없어)라고 어른도 오카카도 가볍게 맞춰 버리는 것은 명백한 것이다."
3220,添える,先刻湯づけの話を書いたが、誤解のないように書き添えるが、新潟は古来遊ぶ町だから、独特のうまい食べ物は非常に多いところだ。,"선각탕 붙이는 이야기를 썼지만 오해가 없도록 덧붙일 수 있지만, 니가타는 옛날 놀 마을이기 때문에 독특한 맛있는 음식은 매우 많은 곳이다."
3221,野外,私の小学校の根津校長先生は大いに男の子も育てようと大きな願いをいだいていられるように見受けられたが、その小学校にすらも野外運動場が全くない。,"나의 초등학교 네즈 교장 선생님은 매우 소년도 키우려고 큰 소원을 받고 있는 것처럼 보였지만, 그 초등학교에조차도 야외 운동장이 전혀 없다."
3222,風土,諦観のドン底をついておって自分の葬式まで笑いとばすような根性が風土的に逞しく行き渡っているのである。,포기의 돈바닥을 붙여 놓고 자신의 장례식까지 웃음과 흩날리는 근성이 풍토적으로 거슬러 올라가고 있는 것이다.
3223,個別,武家政治このかた、日本には恋愛というものが封じられ、恋愛は不義で、若気のアヤマチなどと云って、恋愛の心情に対する省察も、若気のアヤマチ以上に深入りして個別的に考えられたこともない。,"무가 정치 이 분, 일본에는 연애라는 것이 봉쇄되어 연애는 불의로, 젊은이의 아야마치 등으로 말해, 연애의 심정에 대한 성찰도, 젊은이의 아야마치 이상으로 깊이 들어가 개별적으로 생각된 적도 없다."
3224,基盤,その心情の基盤はきわめて薄弱なものだ。,그 심정의 기반은 매우 얇은 것이다.
3225,対比,女大学の訓練を受けたモハンの女房が良妻であるか、そして、左様な良妻に対比して、日本的な悪妻の型や見本があるなら、私はむしろ悪妻の型の方を良妻也と断ずる。,"여자대학의 훈련을 받은 모한의 여방이 양부인인지, 그리고 좌양의 양부에 대비해 일본적인 악부의 형이나 견본이 있다면, 나는 오히려 악부의 형을 양처야와 거절한다."
3226,心情,武家政治このかた、日本には恋愛というものが封じられ、恋愛は不義で、若気のアヤマチなどと云って、恋愛の心情に対する省察も、若気のアヤマチ以上に深入りして個別的に考えられたこともない。,"무가 정치 이 분, 일본에는 연애라는 것이 봉쇄되어 연애는 불의로, 젊은이의 아야마치 등으로 말해, 연애의 심정에 대한 성찰도, 젊은이의 아야마치 이상으로 깊이 들어가 개별적으로 생각된 적도 없다."
3227,知性,地獄の発見というものもこれ又ひとつの近代の発見、地獄の火を花さかしめよ、地獄に於て人生を生きよ、ここに於て必要なものは、本能よりも知性だ。,"지옥의 발견이라고 하는 것도 이것 또 하나의 근대의 발견, 지옥의 불을 꽃꽂아, 지옥에 있어서 인생을 살아, 여기에 필요한 것은 본능보다 지성이다."
3228,薄弱な,その心情の基盤はきわめて薄弱なものだ。,그 심정의 기반은 매우 얇은 것이다.
3229,いやらしい,犬猿もたゞならずとは二人のことで、なにがさて並の人間の十倍ぐらゐ口先の良く廻転する両名だから、悪口雑言、よくまアこんないやらしい言葉を掃溜から掻きまはして拾つてきたと思ふやうなことをおたがひに蔭で叩きあつてゐたのである。,"개 원숭이도 하지 않고는 두 사람의 일로, 어쨌든 평범한 인간의 10배 정도 입끝이 잘 돌아가는 양명이니까, 욕설 잡언, 잘 어려운 듯한 말을 소류로부터 긁어 들여 왔다고 생각하는 것을 떠들썩하다"
3230,手がける,昔は郡山先生が手がける酒は命にかゝはるものにきまつてゐた。,옛날에는 고리야마 선생님이 다루는 술은 생명이나 카루루에 붙어 있었다.
3231,見かける,ところがこの男は毎日職業野球を見物してゐるだけが能かと思ふと、さうではないので、万歳も見てゐるし、安来節の小屋でカケ声をかけてゐることもあるし、浪花節でもレビューでも何でも行儀の悪い見物人ののさばるところはどこでもこの男を見かけることができて、その中で誰よりものさばつて行儀が悪い。,"그런데 이 남자는 매일 직업 야구를 구경하고 있는 것만이 능하다고 생각하면, 안 되는 것이므로, 만세도 보고 ゐ르고, 안래절의 오두막에서 굴소리를 걸어 수도 있다 그리고 낭화절이라도 리뷰라도 뭐든지 행의가 나쁜 구경꾼의 부피가 큰 곳은 어디에서나 이 남자를 볼 수 있어, 그 중에서 누구보다도 심판해서 행의가 나쁘다."
3232,退職,彼は熱療法の病院を退職すると、その次には浅草の安来節の座付作者になつて、まつたくどうも、かういふところにも脚本家などの必要があつたのかネ、私は知らなかつた。,"그는 열요법의 병원을 퇴직하면, 그 다음에는 아사쿠사의 안래절의 좌부 작가가 되어, 속눈썹 아무래도, 카우후부에도 각본가등의 필요가 어떠했는지 네, 나는 모른다."
3233,じっくり,じっくり考えてみるべい」というので、煙突の代りに炭を発明した。,"차분히 생각해 보겠다”라고 하기 때문에, 굴뚝 대신에 숯을 발명했다."
3234,まごまご,どうも何もついたところがないようだから早く帰ってぐっすり寝なさい」「つきまして……つまりそれは」「何にもついてはしないだろう」「ハハア」「早く帰り給え」敵がまごまごしているうちに追返してしまう。,"아무것도 붙은 곳이 없는 것 같으니 빨리 돌아가 푹 자자""""붙어서…"
3235,まるまる,そして八人の子供はまるまるとふとっていたものである。,그리고 여덟 명의 자녀는 마치 마루 문득 있던 것이다.
3236,万能,鉄製のサヤのもあったし、木製のサヤのもあったが、この山刀の斬れ味は格別で、薪を叩き斬ることもできれば、リンゴやジャガイモの皮をむくこともできて、万能の用途があった。,"철제 사야도 있었고, 목제 사야도 있었지만, 이 산도의 베기 맛은 각별하고, 장작을 두드려 베울 수도 있으면, 사과나 감자의 껍질을 벗길 수도 있고, 만능의 용도가 있었다."
3237,上昇,音速の壁「超音ジェット機」という映画によると飛行機がマック一（音速）に近づくと空気の抵抗の壁にぶつかり機体がはげしく震動し上昇桿がきかなくなって墜落してしまう。,음속의 벽 「초음 제트기」라고 하는 영화에 의하면 비행기가 맥이치(음속)에 가까워지면 공기의 저항의 벽에 부딪히고 기체가 갑자기 진동해 상승 간이 멈추어 추락해 버린다.
3238,上空,今日では、空とぶ円盤が村の上空を通って行った、なぞという。,오늘날에는 하늘이 튀는 원반이 마을의 상공을 지나 갔다.
3239,下痢,とかく下痢をしがちである。,어쨌든 설사를 하기 쉽다.
3240,中毒,相撲とフグ相撲が手料理のフグを食ってあたら名力士が落命した例はそう多くはないが、彼らが手料理のフグを食ってるのはしょッちゅうのことで、中毒ていどの被害ならたいがいの上位力士が体験しているようである。,"스모와 복어 스모가 손 요리 복어를 먹고 난 후 명력사가 낙명한 예는 그렇게 많지는 않지만, 그들이 손 요리 복어를 먹고 있는 것은 쑥쑥한 것으로, 중독되어 어떤 피해라면 굉장한 상위 역사가 체험하고 있는 것 같다."
3241,主催,なにがなにやらわからないという見本までに一応録音してみるのもお慰みかと思うが、主催者の日本文学振興会では、技術的に録音不可能の理由で拒絶したとの話であった。,"어쨌든 모르겠다는 견본까지 일단 녹음해 보는 것도 위로라고 생각하지만, 주최자의 일본 문학 진흥회에서는, 기술적으로 녹음 불가능의 이유로 거절했다고 하는 이야기였다."
3242,主食,それを小量ずつ御飯に混ぜて食えとでもいうのなら話は通じないこともないが、米の方がないのだから薩摩いもの茎が主食のようなものだった。,"그것을 소량씩 밥에 섞어 먹어도 말한다면 이야기는 통하지 않는 것도 없지만, 쌀 쪽이 없기 때문에 사쓰마의 줄기가 주식과 같은 것이었다."
3243,交替,交替に演壇に上がって演説するのと違って、銘々が自分の席でしゃべる。,"교체에 연단에 올라 연설하는 것과 달리, 명들이 자신의 자리에서 말한다."
3244,交錯,彼の一生の行跡では喧躁なほど開放的なものと、蓋を閉じた貝のように陰気なものとが交錯していて、一見して彼ほど激烈で狂的な独裁者は日本の史上では類が少いように思われる。,"그의 일생의 행적에서는 헐렁할 정도로 개방적인 것과 뚜껑을 닫은 조개처럼 음란한 것이 교착하고 있어, 언뜻 보면 그만큼 격렬하고 광적인 독재자는 일본의 사상에서는 종류가 적게 보인다."
3245,人材,ところが私は戦争で気がたっていたせいか易々これらをなしとげ、まったく動じる色がなかったので、採鉱課長が公式の席において「坂口氏は当炭坑が坑夫として採用したい唯一の人材である」というような讃辞を呈し、私はまたそれに答えて「落盤事故がなかったのは、小生のイカンと致すところである」というように述べておいた。,"그런데 나는 전쟁에서 깨달았던 탓인지 쉽게 이들을 들고 전혀 움직이는 색이 없었기 때문에 채광 과장이 공식 자리에서 ""사카구치 씨는 당탄 갱이 갱부로 채용 하고 싶은 유일한 인재이다”라고 하는 찬사를 나타내고, 나는 또 거기에 대답해 “낙반 사고가 없었던 것은, 소생의 이칸과 하는 곳이다”라고 하고 말했다."
3246,仕立てる,もっとも、巴里や北京の料理人なら天下の珍味に仕立てる材料もガランドウの手にかかってはただ鍋にグツグツ煮るだけのことで、アクをぬくことを知らないから、決して美味をたのしむというわけにはいかなかったが、ハキダメへ捨てるものを常食してやがると人々に後指をさされた彼の貧乏も、今から思えば豪勢きわまる貧乏だ。,"무엇보다, 사토리나 베이징의 요리사라면 천하의 진미로 완성하는 재료도 갈란드우의 손에 걸려는 단지 냄비에 끓는 것만으로, 아크를 벗는 것을 모르기 때문에, 결 해서 맛을 먹는다고는 할 수 없었지만, 허물거리에 버리는 것을 상식해 가자 사람들에게 후지를 받은 그의 가난도, 지금부터 생각하면 호세 어울리는 가난이다."
3247,伝来,エイッと睨むと相手がバッタリ倒れるぐらいのことは四百年前に伝来した鉄砲がすでに現実に行うことができたものだ。,에이트와 노려보면 상대가 확실히 쓰러질 정도는 400년 전에 전래한 철포가 이미 현실로 할 수 있었던 것이다.
3248,余興,せいぜい火焔ビンや竹槍を相手のメーデーごっこの余興にすぎない。,기껏해야 화염병과 대나무 창을 상대의 메이데이 놀이 여흥에 불과하다.
3249,健在,政治などでも、衰えたりとはいえ、まだ女代議士の先生が何人か健在でいらせられるはずであるが、活躍しているのは、もっぱら男の狸ばかりで、女の狐がいくらかでも天下をギョッとさせたようなことは一度もないじゃないか。,"정치 등에서도, 쇠약해진다고는 해도, 아직 여대의사의 선생님이 몇명인가 건재하고 있을 수 있을 것이지만, 활약하고 있는 것은, 오로지 남자의 너만이고, 여자의 여우가 얼마든지 천하를 얹게 한 것 같은 일은 없을까."
3250,兆し,安吾さんもゴルフとともに、この心あたたまる境地を会得して欲しいな」また乱世の兆しについて一本クギを打たれたのである。,안고씨도 골프와 함께 이 마음 따뜻해지는 경지를 회득해 주었으면 좋겠다” 또 난세의 조짐에 대해 한 개 곰을 쳤다.
3251,先代,天正年間、今から三百七十年ほど昔に、真庭念流八世又七郎という人が四代中絶していた念流を偽庵という隠士から伝授をうけた伝書や、その先代が柏原肥前守から神道流の伝授を受けた伝書など調べればまだいくらでも出てきそうな古文書が、破れほうけた古ツヅラ三ツにギッシリつめて無造作に押入れの隅に投りこんである。,"텐쇼 년간, 지금부터 370년 정도 옛날에, 마니와 넨류 야세 마타시치로라는 사람이 4대 낙태하고 있던 염류를 가짜라는 은사로부터 전수를 받은 전서나, 그 선대가 카시와하라 히젠 모리로부터 신도류의 전수를 받은 전서 등 조사하면 아직 얼마든지 나올 것 같은 고문서가, 찢어져 버린 낡은 쓰즈라 세츠에 꽉 끼고 무조작에 밀어넣어의 구석에 던져 넣고 있다."
3252,克服,対局の前夜から棋士は不眠を克服するのに苦労するのだもの」なるほど、モットモ千万とはこのことで、十分に眠れば有利と分りながら、眠ることができないほど棋士は亢奮しているものなのであろう。,"대국의 전야부터 기사는 불면을 극복하는데 고생하는 것이다.” 과연, 모토모 천만과는 이것으로, 충분히 자면 유리하다고 나누면서, 잠을 잘 수 없을 정도로 기사는 항분하고 있는 것이다."
3253,公認,交番へも交渉したがパチンコも天下公認の営業であってみれば、騒音の調節ができないから営業停止というわけには参らない。,교번에도 협상했지만 파칭코도 천하 공인 영업이라 보면 소음 조절을 할 수 없기 때문에 영업정지라는 곳에는 오지 않는다.
3254,兵器,なぜなら、現代の兵器は忍術よりも発達してしまったオモムキがあるからだ。,왜냐하면 현대의 무기는 인술보다 발달해 버린 오모무키가 있기 때문이다.
3255,出動,むかし共産党その他の暴動対策に警視庁の新撰組という棒部隊が出動したが、これぞ清水さんが術を伝えた産物で、あの棒が神伝夢想流の杖だそうだ。,"옛날 공산당 그 외의 폭동 대책에 경시청의 신선조라는 막대부대가 출동했지만, 이것이 바로 시미즈씨가 수술을 전한 산물로, 그 막대기가 신전몽상류의 지팡이라고 한다."
3256,加入,この豊田君が加入のせいで、私はちかごろすッかり西鉄ビイキになってしまった。,"이 도요타군이 가입 탓에, 나는 치카고로 굉장히 니시테츠 비이키가 되어 버렸다."
3257,加工,それで下仁田自身コンニャクを産するばかりでなく、全国からコンニャクの原料が集まり、ここで加工荷造りして、下仁田コンニャクと名を改めて全国へ売りさばかれるのだそうだ。,"그래서 시모니타 자신 콩냑을 낳을 뿐만 아니라, 전국에서 콩냑의 원료가 모여, 여기서 가공 하조해, 시모니타 콘냑이라고 이름을 바꿔 전국에 팔리기만 한다고 한다."
3258,勧告,「そんな変テコなジャングル相手の取引なんぞやって、あとで勘定がとれなくて泣きついたって知らねえぞ」とＳ君は事実に日本の役人や関係者に重々モットモな勧告をうけたそうだ。,"""그런 이상한 정글 상대의 거래 따위 하고, 나중에 계정을 잡을 수 없어서 울고 있었다는 것을 모르겠어""라고 S군은 사실 일본의 장교나 관계자에게 중대 모토모인 권고를 받았다고 한다."
3259,原型,そのとき、原城の跡がほぼ原型のまま畑になっているのに一驚したのであった。,"그 때, 원성의 흔적이 거의 원형인 채 밭이 되어 있는데 한 놀랐던 것이었다."
3260,原子,広島には石に映ったまま消えない人間の影が実在しているし、原子バクダンというものは、そのバクハツの姿のはなはだしく美しいものではあるが、人はそれを見た瞬間に死ななければならない。,"히로시마에는 돌에 비친 채 사라지지 않는 인간의 그림자가 실재하고 있고, 원자 박당이라는 것은, 그 박하츠의 모습은 매우 아름답지만, 사람은 그것을 본 순간에 죽어야 한다."
3261,原形,だから三百余年すぎて昔の原形のまま畑と化しているのも他の理由によるものであろうけれども、昇降の道すらもいまだにないとは突ッ拍子もない話であろう。,"그러니까 3백여년이 지나서 옛 원형 그대로 밭으로 화하고 있는 것도 다른 이유에 의한 것일지라도, 승강의 길조차도 아직도 없다고는 돌박자도 없는 이야기일 것이다."
3262,収容,「アンタのウチは代々この土地のアンマか」「イエ、私は満州からの引揚者だ」「満州でアンマをやっとったのか」「収容所でアンマを覚えたのさ」なるほどと私は思った。,"「안타의 우치는 대대로 이 땅의 암마인가」 「예, 나는 만주로부터의 인양자다」 「만주에서 암마를 하고 있었는지」 「수용소에서 암마를 기억한 것」 과연 나는 생각했다."
3263,呆然,清水さんから杖の型を見せていただいて、一時はただ呆然とするほど驚いたものである。,"시미즈씨로부터 지팡이의 형태를 보여 주셔, 한때는 단지 멍하니 할 정도로 놀란 것이다."
3264,周期,しかし、引越しの性分というものにも、だいたい周期というものがあって、中には夜逃げだとか、環境が気に入らないことからという不測の事故もあるかも知れんが、北斎のように百回ちかい引越しはひどすぎるようだ。,"그러나 이사의 성분이라고 하는 것에도, 대체로 주기라고 하는 것이 있어, 안에는 밤 도망라든지, 환경이 마음에 들지 않는 것으로부터라고 하는 불측의 사고도 있을지도 모르지만, 호쿠사이와 같이 백회 치열한 이사는 너무 끔찍한 것 같다."
3265,外貨,彼は戦争前も戦争後も一貫して外貨カクトクの貿易用織物以外は絶対に作らぬという意地を通している。,그는 전쟁 전이나 전쟁 후에도 일관되게 외화 칵톡의 무역용 직물 이외는 절대로 만들지 않는다는 의지를 통해 있다.
3266,守備,升田は自分の守備をお留守に、バタバタバタと敵を倒す攻め手を構想し、それに熱中し、酔っていたようだ。,"소다는 자신의 수비를 가리지 않고, 엉망진창과 적을 쓰러뜨리는 공격자를 구상해, 거기에 열중해, 취하고 있던 것 같다."
3267,家計,家計費をチョロマカスので、それを私の小遣いでうめるのが毎月の例であるから、てんで私に頭が上らない。,"가계비를 쵸로마카스 때문에, 그것을 나의 용돈으로 채우는 것이 매달의 예이기 때문에, 천천히 나에게 머리가 오지 않는다."
3268,審査,芥川賞の審査内容を具体的に報告しろというような文芸批評家の意見が諸々にあがっていた折であるから、これも世論の一とみて一度録音してみるのも面白いかも知れない。,"아쿠타가와상의 심사 내용을 구체적으로 보고하라는 문예 비평가의 의견이 여러가지에 올랐던 때이기 때문에, 이것도 여론의 하나로 보고 한번 녹음해 보는 것도 재미있을지도 모른다."
3269,工作,ここは海外への映画宣伝工作の元締めだから海外の映画もここに集まる。,이곳은 해외에 대한 영화 선전 공작의 전 조임이기 때문에 해외 영화도 여기에 모인다.
3270,年号,冬の怪談今年の雑誌の新年号に「雪女」の絵や話を三四見かけたが、新潟という名題の雪国に生まれた私が、雪女の話も、うわさも、きいたことがなく要するに雪女の怖さを知らないのである。,"겨울의 괴담 올해의 잡지의 신년호에 「설녀」의 그림이나 이야기를 34개 보았지만, 니가타라는 명제의 설국으로 태어난 내가, 설녀의 이야기도, 소문도, 온 적 없이 요즈음에 설녀의 무서움을 모르는 것이다."
3271,庶民,そして日本にこれほど怪談がはびこり栄えたというのも、泣く子と地頭にかてない庶民が権力に抵抗する最後のものとして、これしか武器がなかったせいかも知れない。,"그리고 일본에 이렇게 괴담이 뻔뻔했다는 것도, 울고 있는 아이와 지두에 걸리지 않는 서민이 권력에 저항하는 마지막 것으로서, 이 밖에 무기가 없었던 탓일지도 모른다."
3272,当選,今期の芥川賞には、森鴎外の小倉滞在中の日記をテーマにした九州在住の作家の作品が当選作の一つとなった。,이번 시즌의 아쿠타가와 상에는 모리오카 외의 고쿠라 체류 중 일기를 테마로 한 규슈 거주 작가의 작품이 당선작 중 하나가 되었다.
3273,復興,そのころは、まだ敗戦都市の焼跡が一向に復興しておらぬ時で、料亭は表向き閉鎖され、自由に酒を買うことも飲むこともできないような悲惨な時であった。,"그 무렵은, 아직 패전 도시의 화상이 일향으로 부흥하지 않았을 때로, 요정은 앞으로 폐쇄되어 자유롭게 술을 사거나 마실 수도 없는 비참한 때였다."
3274,応急,手術の方は素人の応急手術の場面が多く、内臓からピストルのタマをぬいて、これもコテで焼いて消毒する。,"수술 쪽은 아마추어의 응급 수술의 장면이 많아, 내장으로부터 권총의 덩어리를 벗고, 이것도 코테로 구워 소독한다."
3275,応援団,両校の応援団も来ていない。,양교 응원단도 오지 않았다.
3276,慣例,「お前は信頼すべき大バカヤローである」と表彰状を与えるような慣例をつくっておけば、口が滑ってもマチガイはない。,"""너는 신뢰해야 할 큰 바카야로이다""라고 표창장을 주는 관례를 만들어두면 입이 미끄러져도 마치가이는 없다."
3277,慣用,日本では子供をおどかすのに、お灸をすえるぞ、という脅迫の言辞を慣用するところを見ても、お灸は自発的にやらない限り愛嬌のあるものではない。,일본에서는 아이를 뜯어내는데 뜸을 솟구나라는 협박의 언론을 관용하는 곳을 봐도 뜸은 자발적으로 하지 않는 한 애교가 있는 것은 아니다.
3278,手順,こういう手続きを順々にふまないと田舎の人にはわからないのであるが、これは映画の本筋には無関係なことで、これまでくどい手順をふんで田舎のセンスに順応するというのは芸術としては非常に退歩だ。,"이런 절차를 차례로 멈추지 않으면 시골 사람에게는 모르겠지만, 이것은 영화의 본연과는 무관한 것으로, 지금까지 몹시 절차를 넘어 시골의 센스에 순응한다는 것은 예술로서는 매우 퇴보다."
3279,救援,山に海に白旗なびき、の海の方は当時続々来朝しはじめて、やがて通商を国禁されたマニラやマカオ等からの救援の外国船を指すのであろう。,"산에 바다에 백기 나비키의 바다 쪽은 당시 잇달아 다음날 아침 처음으로, 곧 통상을 국금된 마닐라나 마카오 등으로부터의 구원의 외국선을 가리킬 것이다."
3280,文書,天正年間、今から三百七十年ほど昔に、真庭念流八世又七郎という人が四代中絶していた念流を偽庵という隠士から伝授をうけた伝書や、その先代が柏原肥前守から神道流の伝授を受けた伝書など調べればまだいくらでも出てきそうな古文書が、破れほうけた古ツヅラ三ツにギッシリつめて無造作に押入れの隅に投りこんである。,"텐쇼 년간, 지금부터 370년 정도 옛날에, 마니와 넨류 야세 마타시치로라는 사람이 4대 낙태하고 있던 염류를 가짜라는 은사로부터 전수를 받은 전서나, 그 선대가 카시와하라 히젠 모리로부터 신도류의 전수를 받은 전서 등 조사하면 아직 얼마든지 나올 것 같은 고문서가, 찢어져 버린 낡은 쓰즈라 세츠에 꽉 끼고 무조작에 밀어넣어의 구석에 던져 넣고 있다."
3281,新人,夏の甲子園の北関東大会も去年は桐生で行われたが、優勝侯補筆頭の桐生工高を破って甲子園へ出場したのが水戸商高で、その遊撃がいま西鉄の新人豊田であった。,"여름의 고시엔의 키타칸토 대회도 작년은 키류에서 행해졌지만, 우승 후보 필두의 키류 생공고를 깨고 고시엔에 출전한 것이 미토 상고로, 그 유격이 지금 니시테츠의 신인 도요타였다."
3282,新婚,この旅館は部屋の造りが新婚旅行とかアベック向きにできていて湯殿も便所も附属して独立しているから、我々の仕事部屋にも都合がよかったが、土曜日曜になると、やっぱり団体がおしかけてくることが多い。,"이 여관은 방의 구조가 신혼여행이라든지 아벡 방향으로 되어 있어 유전도 변소도 부속해 독립하고 있기 때문에, 우리의 일방에도 형편이 좋았지만, 토요일요일이 되면, 역시 단체가 외출해 오는 것이 많다."
3283,晴天,「人間の過去はいつでも晴天らしいや」と私は近ごろふと思った。,"""인간의 과거는 언제나 맑은 것 같다""고 나는 얼마 지나지 않았다고 생각했다."
3284,暴動,むかし共産党その他の暴動対策に警視庁の新撰組という棒部隊が出動したが、これぞ清水さんが術を伝えた産物で、あの棒が神伝夢想流の杖だそうだ。,"옛날 공산당 그 외의 폭동 대책에 경시청의 신선조라는 막대부대가 출동했지만, 이것이 바로 시미즈씨가 수술을 전한 산물로, 그 막대기가 신전몽상류의 지팡이라고 한다."
3285,最年少,二人ともそのチームの最年少選手であったように思うが、さすがに素質は当時からかなり光っていた。,"두 사람 모두 그 팀의 최연소 선수였던 것 같지만, 과연 소질은 당시부터 꽤 빛났다."
3286,最年長,檀君らは、小生を最年長の故によって、事々に代表者とあがめ、ために私は雪上にハダカで演説もしなければならなかったし、坑内千五百尺の底においてアッサク空気のドリルをつかい、またダイナマイトを爆発させなければならなかった。,"단군 등은 소생을 최연장의 고에 의해 사물로 대표자와 올리기 위해 나는 눈 위에 하다카에서 연설도 해야 했고, 갱내 1500척의 바닥에서 아삭 공기의 드릴을 잡고 또 다이너마이트를 폭발시켜야 했다."
3287,本館,そして夕方本館の大湯へ行くと、久米正雄氏がつかっていたが、「いまラジオでいっていたが、とうとう判決が下りましたね」「え？,"그리고 저녁 본관의 대탕에 가면, 쿠메 마사오 씨가 사용하고 있었지만, 「지금 라디오로 가고 있었지만, 드디어 판결이 내렸습니다」 「에?"
3288,架空,日本の現状はといえば、よその国では架空の怪談で人生の景品にすぎないような空とぶ円盤が、日本の北辺の海岸では実在する怪物らしい有様で、世間なみに怪談に打ち興じていられない身分のようである。,"일본의 현상은 말하자면, 그 나라에서는 가상의 괴담으로 인생의 경품에 지나지 않는 듯한 하늘이 부는 원반이, 일본의 북쪽의 해안에서는 실재하는 괴물다운 유양으로, 세상을 넘어 괴담에 몰려 들 수 없는 신분인 것 같다."
3289,柔軟性,いつでも地をけって飛びだす柔軟性をひそめて全部の力の支点となっている。,언제든지 땅을 쓰고 튀어나오는 유연성을 숨기고 전부의 힘의 지점이 되고 있다.
3290,棄権,女房に限らず、拙者も本日の特別料理は棄権いたそう」「ジョ冗談じゃないですよ。,"여방에 한정하지 않고, 졸린 사람도 오늘의 특별 요리는 기권했다고」 「조 농담이 아니에요."
3291,構想,升田は自分の守備をお留守に、バタバタバタと敵を倒す攻め手を構想し、それに熱中し、酔っていたようだ。,"소다는 자신의 수비를 가리지 않고, 엉망진창과 적을 쓰러뜨리는 공격자를 구상해, 거기에 열중해, 취하고 있던 것 같다."
3292,機構,狂気を押えるブレーキの機構を設ければ、彼の天才を押えるブレーキにもなり易いから、とかくヤリクリは面倒なものだ。,광기를 푸는 브레이크의 기구를 마련하면 그의 천재를 푸는 브레이크도 되기 쉽기 때문에 어쨌든 야리쿠리는 귀찮은 것이다.
3293,法廷,御婦人に甘いのは結構なことで、私も別にケチをつける気はないのだが、殺されてバラバラにされた亭主の方は大迷惑で、テメエが悪いから殺されてバラバラにされたんだなぞと太鼓判を押された上に、まさかユーレイになって法廷へ申開きに現われるわけにもいかないから泣き寝入りとは踏まれたりけられたり、つらい話である。,"부인에게 달콤한 것은 상당한 일로, 나도 따로 케치를 붙일 생각은 없지만, 죽여서 흠뻑 빠진 정주 쪽은 큰 성가시고, 테메에가 나쁘기 때문에 죽여 엉망이 되어 단지 수수께끼와 북판을 밀린 뒤에, 설마 유레이가 되어 법정에 신개에 나타나는 것도 되지 않기 때문에 울음침입이라고는 밟히거나 힘들거나 이야기이다."
3294,清濁,すべて興隆する民族は清濁合せのむものであり、また清濁合せのみつつある時に興隆しているものである。,"모두 흥융하는 민족은 청탁합이 되는 것이며, 또 청탁합만 있을 때 흥융하고 있는 것이다."
3295,点検,おびただしい荷物を書生風の男どもに持ちこませて車内に鎮座したが、よほど旅なれているものと見え、ただちに毛布をだして腰から下にまいて坐ると、おびただしい荷物の中をかきまわして点検をはじめた。,"엄청난 짐을 서생풍의 남자에게 가져오고 차내에 자리 잡았지만, 꽤 여행할 수 있는 것으로 보였고, 즉시 담요를 내고 허리에서 아래에 뿌려 앉으면, 엄청난 짐 속을 둘러싸고 점검을 시작했다."
3296,点火,私にダイナマイトを点火してごらんなさいというので「当炭坑において、一人の坑夫が一時にダイナマイトを点火した記録はなん発であるか」「およそ二十発であろう」「しからば余も一時に二十発点火いたそう」「強がってはいかん。,"나에게 다이너마이트를 점화해 주시기 때문에 ""당탄 갱에 있어서, 한 명의 갱부가 일시에 다이너마이트를 점화한 기록은 무슨 발인가"""
3297,無念な,どうも人間は、年をとるとハゲるな」「無念ながら、そのようで」「人間のハゲにはヒタイからハゲるのと、脳天からハゲるのと二種類あるな」「御明察で」「この両方のハゲが分らぬようなマゲを発明いたせ」というのでチョンマゲができたのかも知れないな。,"아무래도 인간은 나이를 먹으면 대머리하지 말아라. ""무심스럽게도 그런 것 같아."""
3298,独裁,だいたいにおいて一代にして名をなした独裁者のような偉大な成り上り者は概ね天才的な人物であるから狂人と紙一重の危険人物と考えてよろしいかと思う。,대체로 일대로 하여 이름을 이룬 독재자와 같은 위대한 업자는 대체로 천재적인 인물이기 때문에 광인과 종이 일중의 위험 인물이라고 생각해도 좋을까 생각한다.
3299,現地,ところが現地で多年の調査統計のようなものを調べてみると、マライ人にはほとんど自殺するということはない。,"그런데 현지에서 다년의 조사 통계와 같은 것을 조사해 보면, 마라이인에게는 거의 자살한다고 하는 것은 없다."
3300,生む,ところが案ずるよりは生むが易いとはこのことで、よそとの取引よりも早々とまたキチンキチンと勘定をくれるそうだ。,"그런데 고안하는 것보다는 낳지만 쉽다는 것은 이것으로, 옆으로의 거래보다 빨리 또 키틴 키틴과 계정을 준다고 한다."
3301,生活費,京都は諸事倹約の土地柄で、生活費の安いところであるが、別して伏見のイナリ界隈は安いとされている。,"교토는 제사 절약의 토지 무늬로, 생활비가 싼 곳이지만, 따로 후시미의 이나리 세계는 싸다고 여겨지고 있다."
3302,異色,そういう人物の中で一きわ異色あるのが聖フランシスコ・サビエルを日本へ案内したヤジローという人物である。,그런 인물 가운데 한가지 이색 있는 것이 성 프란시스코 사비엘을 일본에 안내한 야지로라는 인물이다.
3303,発育,近所のドブに、否、わが家のドブにすら糸ミミズが豊富であるから、朝晩これを食事に与え、その発育の目ざましさは金魚屋を驚倒せしめた。,"이웃의 도브에, 아니, 우리 집의 도브에조차 실 지렁이가 풍부하기 때문에, 아침 저녁 이것을 식사에 주었고, 그 발육의 눈부심은 금붕어 가게를 놀라게 했다."
3304,皇居,あれが皇居だ、あれが銀座だとハシャイでいたのは一分三十秒である。,"저것이 황궁이다, 저것이 긴자라고 하샤이였던 것은 1분 30초이다."
3305,目安,どういうものが愛されるか、という段になると、フランス人だのイギリス人相手なら目安がつくけれども、イエメンだのモロッコだのコンゴーのジャングルときてはだいたい見本が一ツも手にはいらない。,"어떤 것이 사랑받을 것인가, 라고 하는 단계가 되면, 프랑스인이다 영국인 상대라면 기준이 만들어지지만, 예멘인 모로코다의 콩고의 정글 때는 대체로 견본이 한가지도 손에 들지 않는다."
3306,碁盤,「ちょっと教えてくれまへんか」と云って、仕事がヒマになるとすぐ碁盤をもってくる。,"「잠깐 가르쳐 줘 마헨카」라고 말해, 일이 히마가 되면 바로 바둑판을 가져온다."
3307,私用,言葉というものは個人が特殊に私用することができるものであるから、自分の独特の意味や慣用をつくっておくと便利なものである。,"단어라는 것은 개인이 특수하게 사용할 수 있는 것이기 때문에, 자신의 독특한 의미나 관용을 만들어 두면 편리한 것이다."
3308,税務署,私が大いに威張っていると、私のたのんだ元税務署長という計理士が現れて、「なんにもないウチだなア、このウチは」「エヘン、エヘン」といって、私はストーブの方へセキをしてみせたが、先生はちッとも気がつかない。,"내가 크게 위장하고 있으면, 나의 접어버린 전 세무서장이라는 계리사가 나타나, 「아무것도 없는 소리구나 아, 이 우치는」 「에헨, 에헨」이라고 하고, 나는 스토브 쪽에 세키를 해 보였지만, 선생님은 조금도 눈치채지 못한다."
3309,突破,意外にも再び成功、彼はマック一を無事に突破したのである。,"의외로 다시 성공, 그는 맥이치를 무사히 돌파한 것이다."
3310,立腹,この宿主は第三国人だかで、呉清源とは特別な縁故の人であったが、ジコーサマとは何のツナがりもない赤の他人であるが、あまりの乱暴ローゼキにカンカンに立腹して、家屋不法侵入占拠等々と警察へ訴えた。,"이 숙주는 제3국인일까, 우청원과는 특별한 연고의 사람이었지만, 지코사마와는 아무런 참치도 없는 붉은 타인이지만, 너무 난폭한 로제키에게 칸칸에 입복해, 가옥 불법 침입 점거 등등과 경찰에 호소했다."
3311,粉末,ゴハンツブにカルモチンなぞの粉末をたっぷりつけてお盆に入れて庭へだしておく。,고헌츠부에 카르모틴 수수께끼의 분말을 듬뿍 붙여 봉에 넣어 정원에 내놓는다.
3312,繁殖,秋田犬はテンパーに弱くて死に易いように近親結婚の結果、繁殖率が低くなって絶滅を辿るのみであるという。,"아키타견은 템퍼에 약하고 죽기 쉽도록 근친 결혼의 결과, 번식률이 낮아져 멸종을 추적할 뿐이라고 한다."
3313,考古学,桐生の織物組合長Ｓ君は私のゴルフ仲間で飲み仲間でもあり、また彼は素人考古学者、江戸文学素人大家等々、甚だ賑やかな人物である。,"키류의 직물 조합장 S군은 나의 골프 동료에서 마시는 동료이기도 하고, 또 그는 아마추어 고고학자, 에도 문학 아마추어 대가 등등, 심한 활기찬 인물이다."
3314,舗装,しかし現代の幹線第一号の東海道の国道でも、京浜国道をはずれると哀れなもので、ろくに舗装もされてないし、人道もない。,"그러나 현대의 간선 제1호의 도카이도의 국도에서도, 게이힌 국도를 벗어나면 불쌍한 것으로, 여느 포장도 되지 않고, 인도도 없다."
3315,花粉,一人の少年が蔓の花粉で殺人を計画するという話である。,한 소년이 삼나무 꽃가루로 살인을 계획한다는 이야기다.
3316,荒っぽい,漁師とか相撲の食べ物にふさわしい荒っぽい料理だが、味はコッテリと微妙である。,"어부나 스모의 음식에 어울리는 거친 음식이지만, 맛은 꽁꽁과 미묘하다."
3317,著名な,東京、阪神、著名な温泉場はとくに多い。,"도쿄, 한신, 저명한 온천장은 특히 많다."
3318,補充,この中からも十五匹ほど死んだが、死ぬたびに補充して病金現れるや人工呼吸をほどこし、日夜水を調節し、ついに秋の頃には死なない金魚を飼いならしてしまったのである。,"이 중에서도 15마리 정도 죽었지만, 죽을 때마다 보충해 병금 나타나자 인공호흡을 풀어, 밤낮 물을 조절해, 드디어 가을 무렵에는 죽지 않는 금붕어를 기르게 해 ​​버린 것이다."
3319,補給,要するにエネルギーの補給源は胃袋で、胃袋が病的なのが何よりも病的なのかも知れない。,"요컨대 에너지의 보급원은 위봉으로, 위봉이 병적인 것이 무엇보다 병적인 것일지도 모른다."
3320,規格,犬屋は純粋種に似せることを目的にしているから、私が本当のことを書くと困るのだけれども、規格とか標準以上の改良種や、新種をつくることを目的にし、商法の上でもそれを明らかにしておけば、めいわくするはずもなく、その方が本当に面白味もあり、やりがいもあり、モウケにもなる仕事のはずなのだ。,"이누야는 순수종을 닮는 것을 목적으로 하고 있기 때문에, 내가 진짜를 쓰면 곤란하지만, 규격이라든지 표준 이상의 개량종이나, 신종을 만드는 것을 목적으로 해, 상법 위에서도 그것을 밝혀 두면, 귀찮게 할 것도 없고, 그 쪽이 정말로 재미도 있어, 보람도 있어 보람도 있는 것."
3321,該当,追放のバテレン・ママコスという名は、実際の追放バテレンに該当する名が見当らないが、当時外国人や外国語に全く無縁無智の日本人が、いかにもそれらしいママコスなぞという名をデタラメに発明できようとは思われないから、何かの根拠はある名だろう。,"추방의 바테렌·마마코스라는 이름은 실제 추방 베테렌에 해당하는 이름이 보이지 않지만, 당시 외국인이나 외국어에 전혀 무연 무지의 일본인이, 아무리 그럴듯한 마마코스 수수께끼라는 이름을 데타라메에 발명할 수 있다고는 생각되지 않기 때문에, 무언가의 근거는 어떤 이름일 것이다."
3322,語源,その「かぎろひ」のはかなさにたとえて蜻蛉の「かげろふ」の名もできたものらしいから、語源的にも「かげろふ」は「ろ」であって、「ら」ではないことがハッキリしているようだ。,"그 「카기로히」의 것은 가나사에 비해 蜻蛉의 「카게로후」의 이름도 생긴 것 같기 때문에, 어원적으로도 「카게로후」는 「로」이며, 「라」가 아닌 것이 분명하고 있는 것 같다."
3323,誠実な,彼は天性ウナギに徹した誠実な職人であるが、したがって彼は保守家でもあり、万太郎宗匠の親友でもあるから、私が新カナヅカイで物を書くのが気に入らないのである。,"그는 천성 장어에 철저한 성실한 장인이지만, 그러므로 그는 보수가이자 만타로 종장의 가장 친한 친구이기 때문에 내가 새 가나두카이로 물건을 쓰는 것이 마음에 들지 않는다."
3324,論議,ところが、この作品が選考委員会で論議されているうちというもの、小倉日記はオグラ日記と発音されていたのである。,"그런데 이 작품이 전형위원회에서 논의되고 있는 가운데, 오구라 일기는 오그라 일기로 발음되고 있었던 것이다."
3325,謙虚,いささかも相手を見くびらず、むしろ相手の才能に敬意すらも払いつつ、謙虚に己れの全力をつくすという着実な構えがみなぎっており、最後までそれが少しも崩れなかった。,"조금도 상대를 바라보지 않고, 오히려 상대의 재능에 경의조차도 지불하면서, 겸허하게 자신의 전력을 만든다는 착실한 자세가 넘쳐나고 있어 마지막까지 그것이 조금도 무너지지 않았다."
3326,貯蓄,ところが、私のように、平時に於て全然貯蓄の精神の欠けている人間というものは、戦争に備えても買いだめのできないように出来ておって、私が檀君のところに泊っている折、さきの戦争では一番タバコに困って往生したから、今度戦争があったらタバコだけは泰平楽してやろうというので、カンヅメのタバコを一日に一個買いだめることにした。,"그런데 나처럼 평소에 전혀 저축의 정신이 부족한 인간이라는 것은 전쟁에 대비해도 살 수 없도록 만들어져서 내가 단군에게 머물고 있다. 때때로 전 전쟁에서는 제일 담배에 곤란해 왕생했기 때문에, 이번에 전쟁이 있으면 담배만은 태평락해 가자고 하는 것으로, 칸두메의 담배를 하루에 1개 사기로 했다."
3327,軍事,日本の軍事専門家や学術専門家も、自分の専門分野における一人ぎりの常識にしばられて、妙に相手を見くびり常識範囲の精度に酔払っていたように見うけられるが、われわれの日常生活にも愛きょうのある常識がたくさんあるようだ。,"일본의 군사전문가나 학술전문가도 자신의 전문분야에 있어서 한 사람의 상식에 쏟아져 묘하게 상대를 바라보며 상식 범위의 정확도에 취해 있던 것처럼 보이지만, 우리의 일상생활에도 사랑하는 상식이 많이 있는 것 같다."
3328,転居,したがって、度々転居ぐせのある私の現住所へ届くには日数がかかって、松飾りをとってから連日舞いこんでくるのである。,그러므로 자주 이사가 있는 나의 현주소에 도착하기에는 일수가 걸려 소나무 장식을 하고 나서 연일 춤추어 오는 것이다.
3329,軽快な,こういう使い心持がよくてつい滑りだすような軽快な言葉は、それを発することによって人に喜ばれ、人に快感を与えるように意味を切り換えておく方が便利だ。,"이런 사용감이 좋아서 미끄러지게 하는 경쾌한 말은, 그것을 발하는 것에 의해 사람에게 기뻐하고, 사람에게 쾌감을 주기 위해 의미를 전환해 두는 것이 편리하다."
3330,追放,純血種だのユダヤ追放だのと旗ジルシをかかげたドイツや日本は戦争に負けるタイプであった。,순혈종인 유태추방이라는 깃발 질시를 걸린 독일과 일본은 전쟁에 지는 타입이었다.
3331,追跡,当時日本へ来朝しはじめたばかりのポルトガル商船が鹿児島の近所の港に泊っていると、ヤジローが駈けこんできて、「悪漢に追跡されてるから、かくまってくれ」と船長にたのんだ。,"당시 일본에 내 아침을 시작한지 ​​얼마 안된 포르투갈 상선이 가고시마의 이웃 항구에 묵고 있으면, 야지로가 막을 수 있어, 「악한으로 추적되고 있기 때문에, 숨어 줘」라고 선장에 접했다."
3332,郷愁,私はそのなかで、真庭念流という独特の剣法を使う樋口十郎左衛門になんとなく郷愁に似たような愛着を感じていたものだ。,"나는 그 가운데, 진정념류라는 독특한 검법을 사용하는 히구치 주로 사에몬에 어쩐지 향수와 비슷한 애착을 느끼고 있던 것이다."
3333,配給,「もう食べ物の配給が四十五日ないんですけど、ここんとこで、二、三日分、だしていただけませんか」「ナニィ。,"「이제 음식의 배급이 45일 없습니다만, 여기 사촌으로, 2, 3일분, 내려 주실 수 없습니까」 「나니."
3334,閉鎖,そのころは、まだ敗戦都市の焼跡が一向に復興しておらぬ時で、料亭は表向き閉鎖され、自由に酒を買うことも飲むこともできないような悲惨な時であった。,"그 무렵은, 아직 패전 도시의 화상이 일향으로 부흥하지 않았을 때로, 요정은 앞으로 폐쇄되어 자유롭게 술을 사거나 마실 수도 없는 비참한 때였다."
3335,防火,たぶん戦争中、防火用水として造ったのだろうと考えて、家主にきいたら、「イエ、池です。,"어쩌면 전쟁 중 방화용수로 만든 것일까 생각하고 집주인에게 오면 ""예, 연못입니다."
3336,代弁,かく圧迫を余儀なくせしめられた個人のために、その血と肉の人間悲劇を代弁し、反逆しうるものは文学である。,"그렇게 압박을 강요당한 개인을 위해서, 그 피와 고기의 인간 비극을 대변하고, 반역할 수 있는 것은 문학이다."
3337,形成,小説家の観念は直接言葉の形に於て形成し、画家の観念は色彩の組合せに、音楽家の観念は音の組合せに於て形成する。,"소설가의 관념은 직접 말의 형태로 형성하고, 화가의 관념은 색채의 조합에, 음악가의 관념은 소리의 조합에 있어서 형성한다."
3338,手腕,現在ソヴィエト・ロシヤに於て文学に課せられた一つの課題は社会的な感情を探り出し書きあらわすことであるというが、文学の反逆的な役割を巧に瞞着した為政者の手腕もさることながら、漠然として社会感情を探しあぐねるロシヤ作家のだらしなさは滑稽である。,"현재 소련 로시야에 있어서 문학에 부과된 하나의 과제는 사회적인 감정을 찾아내고 묘사하는 것이라고 하지만, 문학의 반역적인 역할을 교묘하게 확고히 했기 때문에 정자의 수완도 물론, 막연하게 사회 감정을 찾아 다루는 로시야 작가의 모습은."
3339,新興,私は昨日までの二日間に於て、新らしき文学の本質問題を述べ、従来の末梢的な新興文学と称するものを否定し、プロレタリア文学を否定し無気力な老人趣味的文学を否定した。,"나는 어제까지 이틀 동안 새로운 문학의 본질 문제를 말하고, 종래의 말초적인 신흥 문학이라고 칭하는 것을 부정하고, 프롤레타리아 문학을 부정하고 무기력한 노인 취미적 문학을 부정했다."
3340,減少,＊由来、文化は個人生活の内容（幸福と言ってもいい）の減少を条件として出発し、進化する。,"＊유래, 문화는 개인생활의 내용(행복이라고 말해도 좋다)의 감소를 조건으로 하여 출발해 진화한다."
3341,漠然と,現在ソヴィエト・ロシヤに於て文学に課せられた一つの課題は社会的な感情を探り出し書きあらわすことであるというが、文学の反逆的な役割を巧に瞞着した為政者の手腕もさることながら、漠然として社会感情を探しあぐねるロシヤ作家のだらしなさは滑稽である。,"현재 소비에트 로시야에 있어서 문학에 부과된 하나의 과제는 사회적인 감정을 찾아내어 쓰는 것이라고 하지만, 문학의 반역적인 역할을 교묘하게 확고히 했기 때문에 정자의 수완도 물론, 막연하게 사회 감정을 찾아내는 로시야 작가의 모습은."
3342,結成,＊今度我々九名の同志が新らしき文学の建設を意図して「桜の会」を結成し、機関紙「桜」を発刊した。,"＊이번 우리 9명의 동지가 새롭게 문학의 건설을 의도해 「벚꽃의 모임」을 결성해, 기관지 「벚꽃」을 발간했다."
3343,識別,＊昔アリストテレス以前には、人々は虹に三色のみを識別した。,* 옛날 아리스토텔레스 이전에는 사람들은 무지개에 삼색만을 식별했다.
3344,音楽家,小説家の観念は直接言葉の形に於て形成し、画家の観念は色彩の組合せに、音楽家の観念は音の組合せに於て形成する。,"소설가의 관념은 직접 말의 형태로 형성하고, 화가의 관념은 색채의 조합에, 음악가의 관념은 소리의 조합에 있어서 형성한다."
3345,公開,私はお定さんのような事件は正しい意味で世間の人々が理解する必要があると考えていますが、だいたい男女の肉体生活の合理性というものが、もっと公開的に論議せられることが望ましいと思うものです。,"나는 정정 같은 사건은 올바른 의미로 세상 사람들이 이해할 필요가 있다고 생각합니다만, 대체로 남녀의 육체 생활의 합리성이라고 하는 것이, 보다 공개적으로 논의될 수 있는 것이 바람직하다고 생각하는 것입니다."
3346,完結,まったく二人だけの至高の世界に於ける一つの愛情の完結みたいなもので、吉さんが死して自分と共に一つに帰したような思いもしたろうと思われます。,"전혀 두 사람만의 최고 세계에 있는 하나의 애정의 완결같은 것으로, 요시씨가 죽어 자신과 함께 하나로 돌아간 것 같은 생각도 하고자 합니다."
3347,有益な,先日、ある雑誌の依頼で例の阿部定さんと対談しましたが、私には、非常に有益なものでした。,"요전날, 어느 잡지의 의뢰로 예의 아베 정씨와 대담했습니다만, 나에게는, 매우 유익한 것이었습니다."
3348,正義,我々の精神文化、精神上の良心、正義というようなものが、肉体生活の合理性まで隠蔽の上で、からくも歪められた在り方をとゝのえている、それでは魂の平衡は在り得ず、健全な精神生活も在り得ない。,"우리의 정신문화, 정신상의 양심, 정의라는 것들이 육체생활의 합리성까지 은폐한 위에서, 몸매 왜곡된 태도를 따로 하고 있다."
3349,発掘,私は精神分析学を高く評価するものですが、我々の精神肉体の合理的な平衡を増大するためにはタブーというものを合理的になしくずしに減らして行く、そういう理性的な発掘と建築作業が行われなければならないと思うものです。,"저는 정신분석학을 높이 평가하는 것입니다만, 우리의 정신육체의 합리적인 평형을 증대하기 위해서는 금기라고 하는 것을 합리적으로 나쁘게 줄여 가는, 그러한 이성적인 발굴과 건축 작업이 이루어져야 한다고 생각하는 것입니다."
3350,中傷,民主党の候補がそこで演説して立ち去ってまもなく、どこからか彼のトラックが同じ場所に現れて、ただ今この場所で民主党の誰それが私を中傷致しましたが……と云って、今演説して立ち去ったばかりの敵の効果をコクメイに叩きつぶしているのである。,"민주당의 후보가 거기서 연설해 떠나 곧, 어디서든 그의 트럭이 같은 장소에 나타나, 단지 지금 이 장소에서 민주당의 누구 그것이 나를 중상치 했습니다만…"
3351,使いこなす,ボスを倒すには、ボスの用いる新兵器を同様にある点までは使いこなす資力がなければ、全然感官的に失格するだけだろう。,보스를 쓰러뜨리려면 보스가 사용하는 신병기를 똑같이 어떤 점까지는 잘 다루는 자력이 없으면 전혀 감관적으로 실격할 뿐이다.
3352,匹敵,たとえば今度の私の住む町の場合にしても、とにかくボスと同じ兵器を用いてやや匹敵する程度に感官に訴えたから生来不注意で不熱心な浮動票をあつめることができたのだろう。,"예를 들어 이번 내가 사는 마을의 경우라도, 어쨌든 보스와 같은 무기를 이용해 약간 필적하는 정도에 감관에 호소했기 때문에 생생 부주의로 불열심한 부동표를 모을 수 있었을 것이다."
3353,失格,路傍でメガホンなんぞでいくら熱弁をふるっても、その音声の大小に於て原子バクダンと鉄砲ぐらいの差がある以上、感官的に候補者を失格しているようなものである。,길가에서 메가폰 따위로 아무리 열 밸브를 흔들어도 그 음성의 크고 작은 부분에서 원자 박당과 철포 정도의 차이가 있는 이상 감관적으로 후보자를 실격하고 있는 것 같다.
3354,方式,こういう人間の義務というものは、できるだけ簡便な方式ですむようにするものだ。,이런 인간의 의무라고 하는 것은 가능한 한 간편한 방식이 되도록 하는 것이다.
3355,満足感,民主党の候補が後々とシラミつぶしに叩かれ、自由党の候補が叩き廻りつつ気勢とみに上って、すでに当選したように、皆さん、ありがとう、すでに優勢ではありますが尚この上にも、なぞとまったく暴力で相手を叩き伏せつつあることによって満足感に酔ってトラックを走らせているドヨメキをきくと、ムラムラと我慢がならなくなりましたね。,"민주당의 후보가 나중에 이가 부서지고, 자유당의 후보가 두드리면서 기세로 보면서 이미 당선한 것처럼, 여러분, 감사합니다, 이미 우세합니다만 위에도, 수수께끼와 전혀 폭력으로 상대를 두드리고 있는 것에 의해 만족감에 취해 트럭을 달리고 있는 도요메키를 오면, 무라무라와 참을 수 없게 되었네요."
3356,軍備,否、彼らが再軍備を主張しはじめてから、共産党と同じぐらいキライであった。,"아니, 그들이 재군비를 주장하기 시작하고 나서, 공산당과 같은 정도 키라이였다."
3357,選挙,人間が殺気立つのは仕方がないような、気違いじみた騒音であるが、今度の選挙はそれよりもひどかった。,"인간이 살기 시작하는 것은 어쩔 수 없는 듯한 기괴한 소음이지만, 이번 선거는 그것보다 심했다."
3358,事前,手近かにあった小金だけしか持ち帰る算段がつかなかったほど、彼は、つまり、事件そのものゝ兇悪な結果を、事前に認識していなかったのでしょう。,"가까이 있던 소금만 밖에 가지고 돌아가는 산단이 붙지 않았을 정도로, 그는, 즉, 사건 그 자체로 악한 결과를, 사전에 인식하고 있지 않았을 것입니다."
3359,出社,その日出社すると、昨日会った彼の蔵書の所有主から電話がきた。,그날 출사하자 어제 만난 그의 장서의 소유주로부터 전화가 왔다.
3360,台本,二人にとっては暗号遊びのたのしい台本であったから、火急の際にも、必死に持ちだして防空壕へ投げいれたのに相違ない。,"두 사람에게는 암호 놀이의 즐거운 대본이었기 때문에, 화급 때에도, 필사적으로 가져다가 방공호에 던져진 데 차이가 없다."
3361,封鎖,彼には親ゆずりの資産があったから、封鎖の今とちがって、生活に困ることは有り得なかった。,"그에게는 친유저리의 자산이 있었기 때문에, 봉쇄의 지금과 달리, 생활에 곤란한 일은 있을 수 없었다."
3362,改まる,その本のなかに、変な暗号めくものがありましたが、と何気なくきりだしたいと思ったが、堅く改まるに相違ないからどうしても言いだせない。,"그 책 속에, 이상한 암호 넘기는 것이 있었습니다만, 라고 아무렇지도 않게 하고 싶다고 생각했지만, 단단하게 개조에 다르지 않기 때문에 아무래도 말하지 못한다."
3363,勉強家,物数寄な家族のもののあつまりのことで、花の風情を人の姿に見立て、あるものには大音羽屋、あるものには橘屋、あるものには勉強家などの名がついたというのも、見るからにみずみずしい生気を呼吸する草の一もとを頼もうとするからの戯れであった。,"물집이 많은 가족의 것의 즉 즉, 꽃의 풍정을 사람의 모습에 봐, 어떤 것에는 오오네 하야, 어떤 것에는 타치바나, 어떤 것에는 공부가 등의 이름이 붙었다는 것도, 보기 때문에 싱싱한 생기를 호흡하는 잔디의 한쪽을 의뢰하려고 하기 때문에의 장난이었다."
3364,壮大な,もし君が壮大な邸宅でも構えるという時代に、僕が困って行くようなことがあったら、其時は君、宜敷頼みますぜ。,"만약 당신이 장대한 저택에서도 갖고 있다는 시대에, 내가 곤란해 가는 것 같은 것이 있으면, 그때는 너, 기부 부탁할게."
3365,変遷,それがこの山の上の港へ漂い着いて、世離れた測候所の技手をして、雲の形を眺めて暮す身になろうなどとは、実に自分ながら思いもよらない変遷なのである。,"그것이 이 산 위의 항구에 흠뻑 빠져 세상의 측후소의 기수를 하고, 구름의 형태를 바라보고 사는 몸이 되자 등은, 실로 자신이면서 생각지도 못한 변천인 것이다."
3366,余暇,花の好きな末子は茶の間から庭へ降りて、わずかばかりの植木を見に行くことにも学校通いの余暇を慰めた。,"꽃이 좋아하는 막내는 차 사이에서 정원으로 내려, 얼마 안된 식목을 보러 가는 것에도 학교 다니는 여가를 위로했다."
3367,従業員,市内電車従業員の罷業のうわさも伝わって来るころだ。,시내 전철 종업원의 파업 소문도 전해질 무렵이다.
3368,思い立つ,この病弱な私が、ともかくも住居を移そうと思い立つまでにこぎつけた。,"이 병약한 내가, 어쨌든 주거를 옮기려고 생각할 때까지 박았다."
3369,手芸,そして、好きな裁縫や編み物のような、静かな手芸に飽きることを知らないような娘であった。,그리고 좋아하는 재봉이나 뜨개질 같은 조용한 수예에 지루함을 모르는 딸이었다.
3370,未熟な,「番町の先生」とは、私より年下の友だちで、日ごろ次郎のような未熟なものでも末たのもしく思って見ていてくれる美術家である。,"「번초의 선생님」이란, 나보다 연하의 친구로, 평소 지로와 같은 미숙한 것에서도 끝난 것 같게 생각해 봐 주는 미술가이다."
3371,母校,太郎はすでに中学の制服を着る年ごろであったから、すこし遠くても電車で私の母校のほうへ通わせ、次郎と末子の二人を愛宕下の学校まで毎日歩いて通わせた。,"타로는 이미 중학교의 유니폼을 입는 년경이었기 때문에, 조금 멀어도 전철로 내 모교 쪽으로 다니게 되었고, 지로와 막내 두 사람을 아타고시타의 학교까지 매일 걸어 다녔다."
3372,見慣れる,お徳の白い割烹着も、見慣れるうちにそうおかしくなくなった。,덕의 하얀 갈매기도 익숙해지면서 그렇게 이상하게 사라졌다.
3373,見直す,暮れから道路工事の始まっていた電車通りも石やアスファルトにすっかり敷きかえられて、橡の並み木のすがたもなんとなく見直す時だ。,"삶에서 도로공사가 시작된 전철거리도 돌이나 아스팔트에 완전히 깔려 있어, 가로수나무의 줄무늬가 어딘지 모르게 검토할 때다."
3374,配偶者,私が早く自分の配偶者を失い、六歳を頭に四人の幼いものをひかえるようになった時から、すでにこんな生活は始まったのである。,내가 일찍 자신의 배우자를 잃고 6살을 머리에 네 명의 어린 것을 끌게 되었을 때부터 이미 이런 생활은 시작된 것이다.
3375,先着,長いこと遠いところに行っていたおげんの一番目の弟の宗太も、その頃は東京で、これもお玉の旦那と二人で急いで来たが、先着の親戚と一緒になる頃はやがて十一時過ぎであった。,"오랫동안 먼 곳에 가던 오겐의 첫 번째 남동생인 소다도, 그 무렵은 도쿄에서, 이것도 옥의 남편과 둘이서 서둘러 왔지만, 선착의 친척과 함께 될 무렵은 이윽고 11일이 지났다."
3376,全快,見ず知らずの人達と一緒ではあるが患者同志が集団として暮して行くこと、旧い馴染の看護婦が二人までもまだ勤めていること、それに一度入院して全快した経験のあること――それらが一緒になって、おげんはこの病院に移った翌日から何となく別な心地を起した。,"보지 못한 사람들과 함께는 있지만 환자 동지가 집단으로 살아가는 것, 낡은 친숙한 간호사가 둘까지도 아직 근무하고 있는 것, 거기에 한 번 입원해 전쾌한 경험이 있는 것――그들이 함께 되어, 겐은 이 병원으로 옮긴 다음날부터 어쩐지 다른 기분을 일으켰다."
3377,医院,そこは地方によくあるような医院の一室で、遠い村々から来る患者を容れるための部屋になっていた。,"거기는 지방에 자주 있는 의원의 한실로, 먼 마을들로부터 오는 환자를 용납하기 위한 방이 되어 있었다."
3378,治療,けれども彼女が根本からの治療を受けるために自分の身体を医者に診せることだけは避け避けしたのは、旦那の恥を明るみへ持出すに忍びなかったからで。,"그렇지만 그녀가 근본으로부터의 치료를 받기 위해서 자신의 신체를 의사에게 진찰하는 것만은 피하고 피한 것은, 남편의 부끄러움을 밝기에 지출에 들지 않았기 때문에."
3379,発作,彼女は思わず自分の揚げた両手がある発作的の身振りに変って行くことを感じた。,그녀는 무심코 자신의 튀긴 양손이 있는 발작적인 몸짓으로 바뀌어 가는 것을 느꼈다.
3380,一任,こんな訳で、三吉はこの縁談を兄に一任した。,이런 이유로 미요시는 이 연담을 형에게 일임했다.
3381,人出,「時に、銚子を持つ役ですが」と実は稲垣の方を見て、「君の許の娘を借りて、俊と、二人出そうと思いましたがね、それも面倒だし……いっそ雛妓を頼むことにしました」「その方が世話なくて好い」とお倉が言葉を添える。,"「때때로, 초자를 가지는 역입니다만」라고 실은 이나가키를 보고, 「너의 용서의 딸을 빌려, 슌과, 둘이 나오려고 생각했지만, 그것도 귀찮아서…"
3382,優美な,しかし、この下婢は性来読書が嫌いと見えて、どんなに他の娘達が優美な文字を書習おうとして骨折っていても、それを羨ましいとも思わなかった。,하지만 이 시모하마는 성래독서를 싫어하는 것으로 보였고 아무리 다른 딸들이 우아한 문자를 쓰려고 애쓰고 있어도 그것을 부럽다고도 생각하지 않았다.
3383,密集,沢山密集って生った枝からは、紫色に熟した実がポタポタ落ちた。,많이 밀집해 낳은 가지에서는 보라색에 익은 열매가 뚝뚝 떨어졌다.
3384,摘む,「あいた――あいた――いた――いた――ち、ち、ちッ――何だってこの児はそんなに乳を噛むんだねえ――馬鹿、痛いじゃないか」と言って、母がお房の鼻を摘むと、子供は断れるような声を出して泣いた。,「あいた――あいた――いた――いた――ち、ち、ちッ――何だってこの児はそんなに乳を噛むんだねえ――馬鹿、痛いじゃないか」と言って、母がお房の鼻を摘むと、子供は断れるような声を出して泣いた。
3385,柔軟な,下女は人形でも抱くようにして、柔軟なお繁の頬へ自分の紅い頬を押宛てていた。,"하녀는 인형에서도 안고 있게 하고, 유연한 낡은 뺨에 자신의 붉은 뺨을 밀고 향하고 있었다."
3386,業務,中の間にある古い柱の下が日々の業務を執るところで、番頭や手代と机を並べて、朝は八時頃から日の暮れるまで倦むことを知らずに働いた。,"안 사이에 있는 낡은 기둥아래가 나날의 업무를 하는 곳에서, 번두나 수대와 책상을 늘어놓고, 아침은 8시경부터 해가 질 때까지 쾅하는 것을 모르고 일했다."
3387,決算,決算報告の期日も既に近づいている。,결산보고 기일도 이미 다가오고 있다.
3388,眠たい,「好い児だ――好い児だ――ねんねしな――」眠たい子守歌をお房に歌ってやりながら三吉は自分の声に耳を澄ました。,「좋은 아이다――좋은 아이다――넨네시나――」자고 싶은 자수가를 방에 부르면서 미요시는 자신의 목소리에 귀를 맑게 했습니다.
3389,装う,彼女は今までの飾を脱ぎ去って、田舎教師の妻らしく装うことにした。,"그녀는 지금까지의 장식을 벗고, 시골 교사의 아내답게 꾸미기로 했다."
3390,関わる,「兄貴が附いてて、これ位のことが出来ないでどうする――俺の体面に関わる」と実の眼が言った。,"「형님이 붙어 있어, 이 정도의 일을 할 수 없어 어떻게 한다――나의 체면에 관련된다」라고 실의 눈이 말했다."
3391,不慮,その年の夏から秋へかけて、塾に取っては種々な不慮の出来事があった。,그 해 여름부터 가을에 걸쳐 학원에 가서는 여러가지 의심스러운 사건이 있었다.
3392,炭素,炭素がその玻璃板の間から流れると、蝋燭の火は水を注ぎ掛けられたように消えた。,"탄소가 그 긁는 판 사이에서 흐를 때, 촛불은 물을 쏟아지는 것처럼 사라졌다."
3393,詫びる,「どうも失礼……今日は二人で山遊びに出掛けて……酩酊……奥さん、申訳がありません……」学士は上り框のところへ手をついて、正直な、心の好さそうな調子で、詫びるように言った。,「아무래도 실례… … 오늘은 둘이서 산놀이에 나가서…
3394,起伏,起伏する地の波はその辺で赤土まじりの崖に成って、更に河原続きの谷底の方へ落ちている。,"기복하는 땅의 물결은 그 근처에서 적토 마지의 절벽이 되어, 더욱 강변의 계곡 바닥쪽으로 떨어지고 있다."
3395,貢献,明治年代の文学を回顧すると民友社というものは、大きな貢献をした事は事実であるし、蘆花、独歩、湖処子の諸君の仕事も、民友社という事からは離しては考えられない。,"메이지 연대의 문학을 회고하면 민우사라는 것은, 큰 공헌을 한 것은 사실이며, 소화, 독보, 호수 처자의 여러분의 일도, 민우사라고 하는 것으로부터는 떼어 놓고는 생각할 수 없다."
3396,初雪,四手桶を提げて井戸に通う路は、柿の落葉で埋まった日もあり、霜溶のぐちゃぐちゃで下駄の鼻緒を切らした日もあり、夷講の朝は初雪を踏んで通いました。,"네손을 들고 우물에 다니는 길은 감의 낙엽으로 묻힌 날도 있고, 서리가 녹아서 나막신의 콧물을 자른 날도 있어, 강강의 아침은 첫눈을 밟아 다녔습니다."
3397,拝借,玉の塵を襦袢の袖口で拭いて、釣針のように尖った鼻の上に載せて見て、「これなら私にも、明瞭とはいきませんけれど……どうかこうか見えます」「へえ、一寸その眼鏡を拝借」と他の御客様が笑いながら受取て、「成程、むむ、これなら明瞭します」旦那様も笑って反りかえりました。,"구슬의 먼지를 襦袢의 소맷부리로 닦아, 낚시 바늘처럼 뾰족한 코 위에 올려 봐, 「이것이라면 나에게도, 명료라고는 되지 않지만… 「」 「헤에, 한 치수 그 안경을 배차」라고 다른 손님이 웃으면서 받아, 「성정, 무무, 이것이라면 명료합니다」 남편님도 웃고 되돌아 보았습니다."
3398,総会,きょうは赤十字社の北佐久総会というのがあるから、乃公は其処へ出掛る振をして、お隣の小山さんに話している。,"오늘은 적십자사의 키타사쿠 총회라고 하는 것이 있기 때문에, 노공은 그곳에 나가는 진을 하고, 옆의 오야마씨에게 이야기하고 있다."
3399,衰える,小諸が盛んになるも、衰えるも、私の遣方一つにあるのだ。,"소제가 활발해지거나, 쇠약해지는 것도, 나의 견방 하나에 있는 것이다."
3400,見習う,華美な御生活のなかに住み慣れて、知らず知らず奥様を見習うように成りましたのです。,"화려한 삶 속에 살아 익숙해져, 모르고 모르는 부인을 견습하게 되었습니다."
3401,簡素な,当日は星が岡の茶寮でも借り受け、先方の親戚二、三人と西丸さん、吉村さんとを招き、簡素な茶室で式を済ましたい考えです。,"당일은 별이 오카의 차 기숙사에서도 빌려, 선방의 친척, 세 사람과 니시마루씨, 요시무라씨를 초대해, 간소한 다실에서 식을 끝내고 싶은 생각입니다."
3402,一身上,青木の許へ捨吉が齎して行った一身上の報告は田辺のお婆さんをも悦ばせた。,아오키의 허에게 사키요시가 꽂아 간 일신상의 보고는 타나베의 할머니도 기뻐했다.
3403,並行,いくつとなく眼前に置並べてある長い腰掛の並行した線は過去った高輪教会時代の記憶を、あの牧師としての浅見先生の前に立って信徒として守るべき箇条を読み聞かせられた受洗の日の記憶を、彼の胸に喚起した。,"얼마든지 눈앞에 놓여져 있는 긴 발판의 병행한 선은 과거의 타카나와 교회 시대의 기억을, 그 목사로서의 아사미 선생님 앞에 서서 신도로서 지켜야 할 개조를 읽어들인 수세의 날의 기억을, 그의 가슴에 환기했다."
3404,主任,時には歴史科を受持つ頭の禿げた亜米利加人の教授が主任のライブラリアンとして見廻りに来る。,때로는 역사과를 받는 머릿결의 아메리카 가인의 교수가 주임의 도서관으로 견해에 온다.
3405,傷む,「菅君は好い」と復た青木が自分で自分の激し易く感じ易い性質を傷むかのように言った。,"""스가 너는 좋아한다""고 돌아온 아오키가 스스로 자신의 격렬하고 느끼기 쉬운 성질을 손상시키는 것처럼 말했다."
3406,冷遇,厭世詩家の前に優美高尚を代表すると同時に、醜穢なる俗界の通弁となりてその嘲罵するところとなり、その冷遇するところとなり、終生涙を飲んで寝ての夢覚めての夢に郎を思い郎を恨んで、遂にその愁殺するところとなるぞうたてけれ。,"게세시가 앞에 우미 타카오를 대표하는 동시에, 추잡한 속계의 통변이 되어 그 조롱하는 곳이 되어, 그 냉우하는 곳이 되어, 종생 눈물을 마시고 자고의 꿈 각성의 꿈에 로를 마음을 원망하고, 드디어 그 옹살하는 곳이 된다."
3407,刊行,英吉利の言葉で物が読めるように成ってから捨吉は第三学年のおわりまでにモオレエの刊行した『イングリッシ・メン・オヴ・レタアス』のうち十八世紀の詩人や文学者の評伝を三冊ほど抄訳した。,영길리의 말로 물건을 읽을 수 있게 된 후 시요시는 제3학년 끝까지 모올레에 간행한 '잉글리시 멘 오브 레타아스' 중 18세기 시인과 문학자의 평전을 세권 정도 초역했다.
3408,匿名,然るに最も多く人世を観じ、最も多く人世の秘奥を究むるという詩人なる怪物の最も多く恋愛に罪業を作るは抑も如何なる理ぞ」これは捨吉が毎月匿名で翻訳を寄せている吉本さんの雑誌の中に見つけた文章の最初の文句だ。,물론 가장 많은 인세를 보며 가장 많은 인세의 비밀을 찾는다는 시인이 되는 괴물의 가장 많은 연애에 죄업을 만드는 것은 억제도 어떠한 이리야.” 이것은 쓰키요시가 매달 익명으로 번역을 하고 있는 요시모토 씨의 잡지 속에서 발견한 문장의 첫 문구다.
3409,合致,神は知らざるところなく、能わざるところなく、宇宙を創造し摂理を左右して余りあるほどの大きな力の発現であるとは言え、そうした神の本質は先入主となった極く幼稚な知識から言えるのみで、捨吉の心の底にあった信仰の対象は必ずしも基督の身に実際に体現せられ、基督の人格に合致したようなものではなかった。,"하나님은 모르는 곳, 능숙하지 않은 곳, 우주를 창조하고 섭리를 좌우하고 너무 있을 정도의 큰 힘의 발현이라고는 말할 수 있고, 그러한 하나님의 본질은 선입주가 된 극히 유치한 지식에서 말할 수 있을 뿐, 처길의 마음 밑에 있던 신앙의 대상은 반드시 기독의 몸에 실제로 몸."
3410,外来,聴講者として諸方から参集する外来の客は寄宿舎の廊下をめずらしそうに歩き廻ったり、塔の上までも登って見たりしていた。,"청강자로서 여러분으로부터 참가하는 외래의 손님은 기숙사의 복도를 어지럽게 걸어 돌아다니거나, 탑의 위까지도 오르고 보고 있었다."
3411,学芸,しかし沈んだ心の底に燃える学芸の愛慕は捨吉をしてこうした一切のことを忘れさせた。,그러나 가라앉은 마음 밑에 불타는 학예의 애모는 처길을 하고 이런 일을 잊게 했다.
3412,専修,菅は独逸語までも修めようとしていたが、捨吉はむしろ英語の専修に心を傾けた。,"칸은 독일어까지도 수습하려고 했지만, 키요시는 오히려 영어의 전수에 마음을 기울였다."
3413,心強い,この「小父さん」が好い時代に向いつつあることは捨吉の身にとっても何より心強い。,이 '아버지'가 좋아하는 시대에 가고 있는 것은 사키요시의 몸에 있어서도 무엇보다 든든하다.
3414,映像,長いこと沈黙に沈黙を重ねて来た自分の懊悩が自然とその写真にまで上ったかと思うと、捨吉は自分で自分の苦んだ映像を見るさえ厭わしかった。,"오랫동안 침묵에 침묵을 거듭해 온 자신의 징계가 자연과 그 사진에까지 올라갔을까 생각하면, 키요시는 스스로 자신의 괴로운 영상을 보는 것조차 괴로웠다."
3415,無造作な,「そうそう、まだその外に煮染屋となったこともある」と真勢さんは思出したように言って、そうした長い長い経験と、現に伊勢崎屋の店先へ来て腰掛けていることと、その間には何等のかかわりも無いかのような無造作な口調でもって話し聞かせた。,"""그래, 아직 그 밖에 익숙한 가게가 된 적도 있다""고 마세 씨는 생각한 것처럼 말해, 그러한 긴 긴 경험과, 실제로 이세자키야의 가게 앞에 와서 발판하고 있는 것과, 그 사이에는 아무런 관계도 없는 것 같은 무조작적인 어조로 말했다."
3416,発芽,抑も人間の生涯に思想なる者の発芽し来るより、善美を希うて醜悪を忌むは自然の理なり。,"억도 인간의 생애에 사상하는 자의 발아해 오기보다, 선미를 희생하고 추악을 낳는 것은 자연의 이치."
3417,着席,左右の入口から別れて入って来る男女の信者達はそこに置並べてある長い腰掛を択んで思い思いに着席した。,좌우 입구에서 헤어져 들어오는 남녀 신자들은 거기에 놓여 있는 긴 발판을 선택해 마음껏 앉았다.
3418,紛れる,しかし捨吉はそうした心持から紛れるような方法を見つけようともしなかった。,그러나 사키요시는 그러한 마음에서 혼동할 수 있는 방법을 찾아내려고 하지 않았다.
3419,網羅,日本にある基督教界の最高の知識を殆んど網羅した夏期学校の講演も佳境に入って来た。,일본에 있는 기독교계의 최고의 지식을 대부분 망라한 여름 학교의 강연도 가경에 들어왔다.
3420,聴講,聴講者として諸方から参集する外来の客は寄宿舎の廊下をめずらしそうに歩き廻ったり、塔の上までも登って見たりしていた。,"청강자로서 여러분으로부터 참가하는 외래의 손님은 기숙사의 복도를 어지럽게 걸어 돌아다니거나, 탑의 위까지도 오르고 보고 있었다."
3421,職員,新築した家の出来ない前は先生は二本榎の方で、近くにある教会の牧師と、繁子達の職員として通っている学校の教頭とを兼ねていた。,"신축한 집이 할 수 없는 전은 선생님은 2개 에로 쪽으로, 근처에 있는 교회의 목사와, 번자들의 직원으로서 다니고 있는 학교의 교두를 겸하고 있었다."
3422,臨む,そうなって来ると岡見君の方でも余計に心持が激して来て……教場なぞへ出ても、実に厳然として生徒に臨むという風だそうです……」こう話し聞かせる市川の広い額は蒼白く光って来た。,그렇게 되면 오카미군이라도 불필요하게 마음이 격렬해 와서…
3423,配る,強飯を配るために捨吉は諸方へと飛んで歩いた。,강밥을 나눠주기 위해 사키요시는 여러분에게 날아 걸었다.
3424,配布,Ｓ学士の講演にかぎって、その内容の論旨を列べた印刷物が皆に配布された。,S 학사의 강연에 한해 그 내용의 논지를 줄 수 있는 인쇄물이 모두에게 배포되었다.
3425,預かる,真勢さんのような大勝の帳場を預かる人が、あの東京の御店の方を置いて来たということは、すこし捨吉を驚かした。,"마세 씨와 같은 대승의 장장을 맡는 사람이, 그 도쿄의 가게를 두고 왔다는 것은 조금 처길을 놀랐다."
3426,内緒,おふくろにも内緒で、こっそり夜学へかよっているんだ。,"ふくろ에도 비밀로, 몰래 야학에 달려있다."
3427,公言,生れて、いまだ一度も嘘言というものをついたことがないと、躊躇せず公言している。,태어나 아직도 한번도 거짓말이라는 것을 붙인 적이 없다고 망설이지 않고 공언하고 있다.
3428,拘束,Freiheitとは、とらわれない、拘束されない、素朴のものを指していうのです。,"Freiheit이란, 잡히지 않고, 구속되지 않는, 소박한 것을 가리키는 것입니다."
3429,本格,文学鑑賞は、本格的であった。,문학 감상은 본격적이었다.
3430,蓄積,逝去二年後に発表のこと、と書き認められた紙片が、その蓄積された作品の上に、きちんと載せられているのである。,서거 2년 후에 발표한 것이라고 써 인정된 종이 조각이 그 축적된 작품 위에 제대로 실려 있는 것이다.
3431,駄作,弟妹たちと映画を見にいって、これは駄作だ、愚劣だと言いながら、その映画のさむらいの義理人情にまいって、まず、まっさきに泣いてしまうのは、いつも、この長兄である。,"제 여동생들과 영화를 보러 가서, 이것은 낭작이다, 어리석다고 말하면서, 그 영화의 사무라이의 의리 인정에 걸려, 우선, 확실히 울어 버리는 것은, 언제나, 이 장형이다."
3432,察知,女の発情を察知していた。,여자의 발정을 알고 있었다.
3433,詐欺,男の罪名は、結婚詐欺であった。,남자의 죄명은 결혼 사기였다.
3434,くすぐったい,顔が、不思議なくらい美しく、そのころ姉たちが読んでいた少女雑誌に、フキヤ・コウジとかいう人の画いた、眼の大きい、からだの細い少女の口絵が毎月出ていましたけれど、兄の顔は、あの少女の顔にそっくりで、私は時々ぼんやり、その兄の顔を眺めていて、ねたましさでは無く、へんにくすぐったいような楽しさを感じていました。,"얼굴이, 신기할 정도로 아름답고, 그 무렵 누나들이 읽고 있던 소녀 잡지에, 후키야 코우지라고 하는 사람의 획기한, 눈이 큰, 몸의 가는 소녀의 구화가 매월 나와 있었습니다 하지만 형의 얼굴은, 그 소녀의 얼굴에 똑같아서, 나는 가끔 멍하니, 그 형의 얼굴을 바라보고 있어, 어리석음이 아니고, 어려운 즐거움을 느끼고 있었습니다."
3435,創刊,長兄は、創刊号に随筆を発表しました。,장형은 창간호에 수필을 발표했습니다.
3436,口述,「めし」という題で、長兄が、それを私に口述筆記させました。,"「메시」라고 하는 제목으로, 장형이, 그것을 나에게 구술 필기시켰습니다."
3437,豪快な,次兄は、酒にも強く、親分気質の豪快な心を持っていて、けれども、決して酒に負けず、いつでも長兄の相談相手になって、まじめに物事を処理し、謙遜な人でありました。,"다음 형은, 술에도 강하고, 친분 기질의 호쾌한 마음을 가지고 있고, 그러나, 결코 술에 지지 않고, 언제라도 장형의 상담 상대가 되어, 성실하게 일을 처리해, 겸손한 사람이었습니다."
3438,長編,なかでも、「奪い合い」という長編戯曲に就いては私は、いまでも、その中の人物の表情までも、はっきり思い出すことができるのであります。,그 중에서도 '협박'이라는 장편희곡에 종사하면 나는 지금도 그 안의 인물의 표정까지도 분명히 기억할 수 있는 것입니다.
3439,排除,かつて、排除と反抗は作家修行の第一歩であった。,한때 배제와 반항은 작가 수행의 첫걸음이었다.
3440,押し寄せる,潮のように押し寄せる。,조수처럼 밀어 넣는다.
3441,滑らかな,故郷のいさご路、雨上がりの湿った海岸の砂路、あの滑らかな心地の好い路が懐しい。,"고향의 딸기로, 비가 오르는 젖은 해안의 모래로, 그 매끄러운 기분이 좋은 길이 그립다."
3442,軍艦,敵の軍艦が突然出てきて、一砲弾のために沈められて、海底の藻屑となっても遺憾がないと思った。,적의 군함이 갑자기 나와 한 포탄을 위해 가라앉아 해저의 조개가 되어도 유감이 없다고 생각했다.
3443,予想外,かれはいまさらに美穂子の姿のいっそう強い影をその心に印しているのを予想外に思った。,카레는 지금 더욱 미호코의 모습의 한층 강한 그림자를 그 마음에 표시하고 있는 것을 예상외로 생각했다.
3444,伝達,村役場の兵事係りが夜に日をついで、その命令を各戸に伝達すると、二十四時間にその管下に集まらなければならない壮丁たちは、父母妻子に別れを告げる暇もなく、あるは夕暮れの田舎道に、あるは停車場までの乗合馬車に、あるは楢林の間の野の路に、一包みの荷物をかかえて急いで国事におもむく姿がぞくぞくとして見られた。,"마을 동사무소의 병사 담당자가 밤에 날을 이어 그 명령을 각 호에 전달하면 24시간에 그 관하에 모여야 하는 장정들은 부모 처자에게 이별을 말할 여유도 없고, 혹은 황혼의 시골길에, 혹은 정차장까지의 승합마차에, 혹은 향림 사이의 들판길에, 한 포장의 짐을 들고 서둘러 국사에 재밌는 모습이 엿보인다."
3445,共和,英雄クルーゲル元トランスヴァール共和国大統領ホウル・クルーゲル歿す。,영웅 크루겔 전 트랜스발 공화국 대통령 호울 크루겔
3446,円満な,やさしい眼色と、にこにこした円満な顔には、初めて会った時から、人のよさそうなという感を清三の胸に起こさせた。,"부드러운 안색과, 니코니코한 원만한 얼굴에는, 처음 만났을 때부터, 사람의 좋은 것 같은 느낌을 키요조의 가슴에 일으켰다."
3447,勇敢な,新聞紙上には日ごとに壮烈なる最後をとげた士官や、勇敢なる偉勲を奏した兵士の記事をもって満たされ、それにつづいて各地方の団隊の熱心なる忠君愛国の状態が見るように記されてある。,신문지상에는 날마다 장렬한 마지막을 잡은 사관이나 용감한 위훈을 연주한 병사의 기사로 채워져 그에 따라 각 지방의 단대의 열심한 충군애국의 상태가 보이도록 기록되어 있다.
3448,唱える,教員たちは、「もうなんのかのと言っても旅順はじきに相違ないから、その時には休暇中でも、ぜひ学校に集まって、万歳を唱えることにしよう」などと言っていた。,교원들은 “이제 뭔가라고 해도 여행순서 시작에 다르지 않기 때문에 그때는 휴가 중이라도 꼭 학교에 모여 만세를 주창하기로 하자”라고 말했다.
3449,嘆く,自己の不運を嘆くという心も起こらなかった。,자기의 불운을 한탄하는 마음도 일어나지 않았다.
3450,好機,若き新年は向上の好機なり。,젊은 새해는 향상의 호기입니다.
3451,好況,定州の騎兵の衝突、軍事公債応募者の好況、わが艦隊の浦塩攻撃、旅順口外の激戦、臨時議会の開院、第二回閉塞運動、広瀬中佐の壮烈なる戦死、第一軍の出発につれて第二軍の編制、国民は今はまじめに戦争の意味と結果とを自覚し始めた。,"정주 기병의 충돌, 군사 공채 응모자의 호황, 우리 함대의 포염 공격, 여순구외의 격전, 임시 의회의 개원, 제2회 폐색 운동, 히로세 중령의 장렬한 전사, 제1군의 출발에 따라 제2군의 편제, 국민은 지금은 진지하게 전쟁의 의미"
3452,安静,嘆息と涙とのあとに、静かなさびしいしかし甘い安静が来た。,한숨과 눈물 뒤에 조용한 녹슬지 만 달콤한 휴식이 왔다.
3453,応募,定州の騎兵の衝突、軍事公債応募者の好況、わが艦隊の浦塩攻撃、旅順口外の激戦、臨時議会の開院、第二回閉塞運動、広瀬中佐の壮烈なる戦死、第一軍の出発につれて第二軍の編制、国民は今はまじめに戦争の意味と結果とを自覚し始めた。,"정주 기병의 충돌, 군사 공채 응모자의 호황, 우리 함대의 포염 공격, 여순구외의 격전, 임시 의회의 개원, 제2회 폐색 운동, 히로세 중령의 장렬한 전사, 제1군의 출발에 따라 제2군의 편제, 국민은 지금은 진지하게 전쟁의 의미"
3454,戸籍,卓の上には戸籍台帳やら、収税帳やら、願届けを一まとめにした書類やらが秩序よく置かれて、頭を分けたやせぎすの二十四五の男と五十ぐらいの頭のはげた爺とが何かせっせと書いていた。,"탁상에는 호적대장이나, 수세장이나, 소원 신고를 일괄로 한 서류등이 질서 잘 놓여져, 머리를 나눈 야세기스의 245의 남자와 50정도의 머리가 뻗은 할아버지가 뭔가 세련되게 쓰고 있었다."
3455,採集,今年の夏休暇に三日ほど秩父の三峰に関さんと遊びに行った時採集して来たものの中にはめずらしいものがあった。,올 여름 휴가에 3일 정도 치치부의 삼봉에 세키씨와 놀러 갔을 때 채집해 온 것 중에는 드문 것들이 있었다.
3456,整列,やがてベルが鳴る、長い廊下を生徒はぞろぞろと整列してきて、「別れ」をやるとそのまま、蜘蛛の子を散らしたように広場に散った。,"이윽고 벨이 울리는, 긴 복도를 학생은 조금씩 정렬해 와, 「이별」을 하면 그대로, 거미의 아이를 흩어진 것처럼 광장에 흩어졌다."
3457,決議,そして陥落の公報が達した日には、休日であろうがなんであろうが、職員一統学校に集まって大々的祝宴会を開こうと決議した。,그리고 함락의 공보가 도달한 날에는 휴일이든 뭐든간에 직원 일통학교에 모여 대대적 축연회를 열려고 결의했다.
3458,沈没,初瀬吉野宮古の沈没などをも考えて、「はたして最後の勝利を占めることができるだろうか」という不安の念も起こった。,"하츠세 요시노 미야코의 침몰 등을 생각해, 「과연 마지막 승리를 차지할 수 있을까」라는 불안의 생각도 일어났다."
3459,版画,清三はそれを手に取って、初めは藤島武二や中沢弘光の木版画のあざやかなのを見ていたが、やがて、晶子の歌に熱心に見入った。,"세이조는 그것을 손에 들고, 처음에는 후지시마 타케지나 나카자와 히로미츠의 목판화의 멍청한 것을 보고 있었지만, 이윽고, 아키코의 노래에 열심히 전망했다."
3460,痛切な,――ふまじめな生活がこの不健康な肉体を通じて痛切なる悔恨をともなって来た。,――자그마한 생활이 이 불건전한 육체를 통해서 통절한 회개를 함께 왔다.
3461,簡易な,学校では学年末の日課採点に忙わしく、続いて簡易な試験が始まり、それがすむと、卒業証書授与式が行なわれた。,"학교에서는 학년말의 일과 채점에 바쁘고, 이어서 간이한 시험이 시작되어, 그것이 끝나면, 졸업 증서 수여식이 행해졌다."
3462,聴診器,医師は三十七八の髪を長くしたていねいな腰の低い人で、聴診器を耳に当てて、まず胸から腹のあたりを見た。,"의사는 378개의 머리카락을 길게 하고 굉장히 허리가 낮은 사람으로, 청진기를 귀에 대고, 먼저 가슴으로부터 배의 근처를 보았다."
3463,行進,急行軍の砲車、軍司令官の戦場におもむく朝の行進、砲声を前景にした茶褐色のはげた丘、その急忙の中を、水筒を肩からかけ、ピストルを腰に巻いて、手帳と鉛筆とを手にして飛んで歩いている一文学者の姿をかれはうらやましく思った。,"급행군의 포차, 군사령관의 전장에 재밌는 아침의 행진, 포성을 전경으로 한 다갈색의 뾰족한 언덕, 그 급바 속을, 물통을 어깨로부터 걸어, 권총을 허리에 감아, 수첩과 연필을 손에 들고 날고 걷고 있는 일문학자의 모습을 부드럽게 생각한다."
3464,補助,その中のいく分を父母の補助に出すつもりであったが、旅行をする気がないでもないので、わざとそれをしまっておいた。,"그 중의 분을 부모의 보조에 낼 생각이었지만, 여행을 할 생각이 없기 때문에, 일부러 그것을 버려 두었다."
3465,規模,財産があって無為に月日を送っているものもあれば、小規模の養蚕などをやって暮らしているものもある。,"재산이 있어 무위로 월일을 보내고 있는 것도 있고, 소규모 양잠 등을 하고 살고 있는 것도 있다."
3466,調理,その日の晩餐は寺で調理してくれた。,그날의 만찬은 절에서 요리해 주었다.
3467,講習,次の土曜日には、羽生の小学校に朝から講習会があった。,다음 토요일에는 하뉴 초등학교에 아침부터 강습회가 있었다.
3468,豊作,村長と校長とは愉快そうに今年の豊作などを話していると、若い連中は若い連中で検定試験や講習会の話などをした。,"촌장과 교장과는 유쾌한 듯 올해의 풍작 등을 이야기하고 있으면, 젊은 연중은 젊은 연중에서 검정 시험이나 강습회의 이야기 등을 했다."
3469,財政,父と母と清三とは炬燵を取りまいて戸外に荒るるすさまじい冬の音を聞いていたが、こうした時に起こりかけた一家の財政の話が愚痴っぽい母親の口から出て、借金の多いことがいく度となくくり返された。,"아버지와 어머니와 세이조는 第燵을 잡고 옥외로 거칠어지는 굉장한 겨울 소리를 듣고 있었지만, 이런 때에 일어난 일가의 재정 이야기가 어리석은 어머니의 입에서 나오고, 빚이 많은 것이 갈수록 반복되었다."
3470,転校,実はまだ手筈だけで、表向きにしなかったものだからねえ……」と言って、細君の運んで来た茶を一杯ついで出して、「君もご存じかもしれないが、平田というあの年の老った教員、あれがもう老朽でしかたがないから、転校か免職かさせようと言っていたところに、ちょうど加藤さんからそういう話があるッて岸野君が言うもんだから、それでお頼みしようッていうことにしたのでした。,"실은 아직 손바닥만으로, 표향으로 하지 않았던 것이니까 이봐… 노후로 어쩔 수 없으니까, 전학이나 면직을 시키려고 하고 있었던 곳에, 딱 가토씨로부터 그러한 이야기가 있어 키시노군이 말하는 것이니까, 그래서 부탁하려고 하기로 했던 것이었습니다."
3471,近眼,古骨というのは、やはり郁治や清三と同じく三里の道を朝早く熊谷に通った連中の一人だが、そのほんとうの号は機山といって、町でも屈指の青縞商の息子で、平生は角帯などをしめて、つねに色の白い顔に銀縁の近眼鏡をかけていた。,"고골이라고 하는 것은, 역시 이치지나 세이조와 같이 삼리의 길을 아침 일찍 구마가야에 다닌 연중의 한사람이지만, 그 정말의 호는 기산이라고 해, 마을에서도 굴지의 청무늬상의 아들로, 평생은 각대 등을 하고, 항상 색의 하얀 얼굴에 은연의 근안경을 걸어."
3472,革新,明治三十七年一月一日――新しき生命と革新とを与ふべく、新しく苦心と成功と喜びと悲しみとをくだすべく新年は来たれり。,"메이지 37년 1월 1일――새로운 생명과 혁신을 주고 받고, 새롭게 고심과 성공과 기쁨과 슬픔을 주시기 위해 신년은 온다."
3473,願書,やがてその返事が来て埼玉県令十号の十三条に六十日の病気欠席は全俸（願書診断書付き）その以後二か月半俸としてあることを報じて来た。,이윽고 그 대답이 와서 사이타마현 영십호의 13조에 60일의 질병 결석은 전봉(원서 진단서 첨부) 그 이후 2개월 반봉으로서 있는 것을 보도해 왔다.
3474,浮かべる,」「肺病だよ」「それは気の毒なことをしたね」私はその前に一二度会ったことがあるので、かすかながらもその姿を思い浮かべることができた。,''폐병이야'' '그건 기분 나쁜 짓을 했지' 난 그 전에 한두번 만난 적이 있기 때문에 희미하면서도 그 모습을 떠올릴 수 있었다.
3475,他方,杉田はむっとしたが、くだらん奴を相手にしてもと思って、他方を向いてしまった。,"스기타는 무뚝뚝했지만, 쓰레기 놈을 상대로 해도 좋다고 생각하고, 다른 쪽을 향해 버렸다."
3476,割り込む,妻だけは何うやらこうやら割り込むようにして腰をかけさせて貰ったが、勇吉は大きな荷物を下に置きながら、便所の扉のところに凭りかかっていなければならなかった。,"아내만은 뭐든지 이렇게 끼어들게 해 허리를 걸어 받았지만, 용길은 큰 짐을 아래에 두면서, 변소의 문 곳에 눕혀져 있어야 했다."
3477,箇条書き,かれは使用法を箇条書きにして書いて見たりした。,그들은 사용법을 글머리표로 해서 써 보거나 했다.
3478,不良な,それは小僧をしくじってしまったのは、他にも二、三の原因はあったけれども、そうした路傍の食物を心ゆくばかり食わんがために不良な行為に堕ちて行ったのがその一つの原因であったことを想い起す。,"그것은 소승을 긁어 버린 것은, 그 밖에도 2, 3의 원인은 있었지만, 그러한 길가의 음식을 마음껏 먹기 때문에 불량한 행위에 빠져 갔던 것이 그 하나의 원인이었던 것을 생각해 낸다."
3479,夥しい,否、その有明の詩の時分からでも、あたりのさまが夥しい変遷をした。,"아니, 그 아리아케 시의 시분부터라도, 근처의 님이 시끄러운 변천을 했다."
3480,活発な,従って魚河岸は東京でも一番活発なところ、また一番わかりにくいところとして常にその頃の私の頭に印象されて残っていた。,"따라서 우오카와 기시는 도쿄에서도 가장 활발한 곳, 또 제일 알기 어려운 곳으로 항상 그 무렵의 내 머리에 인상되어 남아 있었다."
3481,浸る,ちょっと電車に乗って来て、すぐこうした明るい光線に浸ることが出来る。,조금 기차를 타고 와서 바로 이러한 밝은 광선에 잠길 수 있다.
3482,情け深い,乳酪を買う銭がないので、隙をつぶして、あっちこっちと情け深い人の恵みを求め歩いた。,유낙을 사는 돈이 없기 때문에 틈을 부수고 여기저기서 정한 사람의 은혜를 찾아 걸었다.
3483,過労,過労と営養不良とで、乳が十日目ころからぱったり留まった。,과로와 영양불량으로 우유가 십일째 무렵부터 넉넉하게 머물렀다.
3484,主観,熱い主観の情と冷めたい客観の批判とが絡り合せた糸のように固く結び着けられて、一種異様の心の状態を呈した。,뜨거운 주관의 정과 식고 싶은 객관의 비판이 얽힌 실처럼 굳게 묶여 일종 이상한 마음의 상태를 나타냈다.
3485,地形,山陽線から高梁川の谷を遡って奥十数里、こんな山の中にもこんなハイカラの女があるかと思うと、それでも何となくなつかしく、時雄はその附近の地形やら山やら川やらを仔細に見た。,"산요선에서 다카하시 강의 계곡을 거슬러 올라오쿠수리, 이런 산 속에도 이런 하이카라의 여자가 있을까라고 생각하면, 그래도 왠지 어색하고, 시유는 그 부근의 지형이나 산이나 라가와를 섬세하게 보았다."
3486,帯びる,自分の遣ったことには自分が全責任を帯びる覚悟がなくては」芳子にはこの時雄の教訓が何より意味があるように聞えて、渇仰の念が愈※加わった。,"자신이 보낸 것에는 자신이 전책임을 맡는 각오가 없어서는' 요시코에게는 이때 수컷의 교훈이 무엇보다 의미가 있는 것처럼 들려, 갈증의 생각이 참가했다."
3487,携わる,その手紙には女の身として文学に携わることの不心得、女は生理的に母たるの義務を尽さなければならぬ理由、処女にして文学者たるの危険などを縷々として説いて、幾らか罵倒的の文辞をも陳べて、これならもう愛想をつかして断念めて了うであろうと時雄は思って微笑した。,"그 편지에는 여자의 몸으로 문학에 종사하는 것의 불심득, 여자는 생리적으로 어머니의 의무를 다해야 하는 이유, 처녀로 하여 문학자인의 위험 등을 뒤집어 설고, 어떠한 매도적인 문사도 씹어, 이것이라면 이미 애상을 붙여 미소를 짓고 버렸다."
3488,植民地,かの女を得なければ寧そ南洋の植民地に漂泊しようというほどの熱烈な心を抱いて、華表、長い石階、社殿、俳句の懸行燈、この常夜燈の三字にはよく見入って物を思ったものだ。,"의 여자를 얻지 않으면 닝소 남양 식민지에 표박하자는 정도의 열렬한 마음을 안고, 화표, 긴 돌층, 사전, 하이쿠의 현행등, 이 상야등의 3자에는 잘 바라보고 물건을 생각한 것이다."
3489,編む,産褥から出たばかりの細君を助けて、靴下を編む、襟巻を編む、着物を縫う、子供を遊ばせるという生々した態度、時雄は新婚当座に再び帰ったような気がして、家門近く来るとそそるように胸が動いた。,"산욕에서 갓 나온 세군을 돕고, 양말을 짠, 옷깃을 짠, 기모노를 꿰매는, 아이를 놀게 하는 생생한 태도, 시유는 신혼 당좌로 다시 돌아온 것 같은 생각이 들고, 가문 근처 오면 돋우듯이 가슴이 움직였다."
3490,背く,芳子の胸にさまざまの不服、不平、悲哀が溢れたであろうが、しかも時雄の厳かなる命令に背くわけには行かなかった。,"요시코의 가슴에 다양한 불복, 불평, 비애가 넘쳐났지만, 게다가 시웅의 엄격한 명령에 등장하지 않았다."
3491,頻繁,その寓していた家は麹町の土手三番町、甲武の電車の通る土手際で、芳子の書斎はその家での客座敷、八畳の一間、前に往来の頻繁な道路があって、がやがやと往来の人やら子供やらで喧しい。,"그 우유하고 있던 집은 고지마치의 도데 산반초, 고부의 전철이 지나가는 흙손때로, 요코의 서재는 그 집에서의 여객실, 팔다리의 한동안, 앞에 왕래의 빈번한 도로가 있어, 가야가야와 왕래의 사람이나 아이들에게서 싸다."
3492,頻繁な,その寓していた家は麹町の土手三番町、甲武の電車の通る土手際で、芳子の書斎はその家での客座敷、八畳の一間、前に往来の頻繁な道路があって、がやがやと往来の人やら子供やらで喧しい。,"그 우유하고 있던 집은 고지마치의 도데 산반초, 고부의 전철이 지나가는 흙손때로, 요코의 서재는 그 집에서의 여객실, 팔다리의 한동안, 앞에 왕래의 빈번한 도로가 있어, 가야가야와 왕래의 사람이나 아이들에게서 싸다."
3493,不吉な,公は不吉なものを見たように眉を顰め、再び室に入って、気になるままに灯の下で自ら筮竹を取った。,공은 불길한 것을 본 것처럼 눈썹을 찡그리고 다시 실에 들어가 신경이 쓰이는 채로 등 아래에서 스스로 숙죽을 취했다.
3494,好転,孔叔圉が死に、其の未亡人で※※の姉に当る伯姫が、息子の※を虚器に擁して権勢を揮い始めてから、漸く衛の都の空気は亡命太子にとって好転して来た。,"공이규가 죽고, 그 미망인으로 ※※의 언니에 해당하는 백희가, 아들의 ※를 허기에 옹호하고 권세를 휘두기 시작하고 나서, 점차 위의 도시의 공기는 망명 굵은 자에게 호전해 왔다."
3495,提示,荘公は城門を悉く閉じ、自ら城楼に登って叛軍に呼び掛け、和議の条件を種々提示したが石圃は頑として応じない。,장공은 성문을 깨끗이 닫고 스스로 성루에 오르고 반군에게 불러 화의 조건을 다양하게 제시했지만 이시카미는 완고하게 응하지 않는다.
3496,補償,それは実に、空費された己の過去に対する補償であった。,그것은 실로 공비된 자신의 과거에 대한 보상이었다.
3497,逃亡,現れた通りの卦を其の儘伝えれば不興を蒙ること必定故、一先ず偽って公の前をつくろい、さて、後に一散に逃亡したのである。,"나타난 대로의 卦을 其의 儘伝え면 불흥을 짊어질 필정 고, 먼저 가짜 공 앞을 만들고, 그런데, 나중에 일산으로 도망한 것이다."
3498,偏見,貧弱な体躯を有った者の・体格的優越者に対する偏見を力めて排しようとはしながらも、私は何かしら可笑しさがこみ上げて来るのを禁じ得なかった。,"빈약한 체구를 가진 자의 체격적 우월자에 대한 편견을 힘쓰고 배제하려고 하지만, 나는 뭔가 웃음이 쏟아져 올 것을 금할 수 없었다."
3499,合成,（氏がいやに大きな声を出したのは、家を出る時ちょっと引掛けて来た合成酒のせいに違いない）マリヤンが今度お婿さんを貰うんだったら、内地の人でなきゃ駄目だなあ。,"(씨가 별로 큰 소리를 낸 것은, 집을 나올 때 조금 걸어 온 합성주의 탓에 틀림없다) 마리얀이 이번 사위를 받는다면, 내지의 사람이 아니면 안 된다."
3500,天体,ふと、古代希臘の或る神秘家の言った「天体の妙なる諧音」のことが頭に浮かんだ。,"문득, 고대 희소의 한 신비가가 말한 「천체의 묘한 諧音」가 머리에 떠올랐다."
3501,天災,別に天災地変に見舞われた訳でもない。,별로 천재지변에 휩쓸린 것도 아니다.
3502,成年,その他これに類する事件を二つ三つ引起し、更に窃盗なども働いたらしく、一昨年十三歳の時に、未成年者への罰として、コロールから遥か離れた南方のＳ島へ流されたのである。,"그 밖에 이와 유사한 사건을 2개 3개 끌어당기고, 더욱 도둑질 등도 일했던 것 같고, 재작년 13세 때 미성년자에 대한 벌로서 코로르에서 훨씬 떨어진 남방의 S섬으로 흘러간 것이다."
3503,捕鯨,白人の――恐らくは昔の捕鯨者らの――血の交っていることは明らかである。,백인의――아마도 옛 포경자들의――피가 섞여 있는 것은 분명하다.
3504,推測,また、女性の身体の一部に不自然な施術をする奇習が原因だろうという者もあるが、この習慣の本家たるトラック地方の諸離島では人口減少の現象が見られないのだから、この推測は当らない。,"또, 여성의 신체의 일부에 부자연스러운 시술을 하는 기습이 원인일 것이라는 사람도 있지만, 이 습관의 본가인 트럭 지방의 제도에서는 인구 감소의 현상을 볼 수 없기 때문에, 이 추측은 맞지 않는다."
3505,民俗,」ギボンといわれても、私にはあの浩瀚なローマ衰亡史の著者しか思い当らないのだが、よく聞くと、パラオでは相当に名の聞えたインテリ混血児（英人と土民との）で、独領時代に民俗学者クレエマア教授が調査に来ていた間も、ずっと通訳として使われていた男だという。,"""기본이라고 해도, 저에게는 그 고소한 로마 쇠망사의 저자 밖에 생각하지 않지만, 잘 들으면, 팔라우에서는 상당히 이름이 들린 인테리 혼혈아(영인과 토민과의)로, 독령 시대에 민속학자 크레에마아 교수가 조사에 와 있었던 사이도."
3506,混血,パラオ女には珍しく緊った顔立で、恐らく内地人との混血なのではなかろうか。,"팔라우 여자에게는 드물게 긴장한 얼굴로, 아마 내지인과의 혼혈인 것은 아닐까."
3507,特産,マーシャル特産の蛸葉の繊維で編んだ団扇、手提籠の類は、概ねこうした縁の下の住民の手内職である。,"마샬 특산의 탕엽의 섬유로 짠 단선, 수제장의 종류는, 대체로 이러한 인연 아래의 주민의 수내직이다."
3508,統治,ヘルメット帽は、委任統治領では官吏だけのかぶるものになっているらしい。,"헬멧 모자는, 위임 통치령에서는 관우만의 쓰는 것이 되어 있는 것 같다."
3509,緩やかな,また、緩やかな石の坂道を下り続ける。,또한 완만한 돌의 비탈길을 계속 내린다.
3510,若干,その声に、今までの会話の調子と違って、意外にも若干の憤激の調子が感じられ、ああ、私の今の言葉は島民の前には絶対権威をもつ警官への多少の侮辱に当るのかも知れぬと気が付いた。,"그 목소리에, 지금까지의 대화의 상태와 달리, 의외로 약간의 분격의 상태가 느껴져, 아, 나의 지금의 말은 섬민 앞에는 절대 권위를 가진 경관에의 다소의 모욕에 해당할지도 모른다고 깨달았다."
3511,行政,魚釣の話が一番後に出たものだから、少し慌てて聞いていると、警部補は魚釣が下手故この島の行政事務を任せては置けないという風な論旨に取られかねないのである。,"어업 이야기가 가장 뒤에 나온 것이기 때문에, 조금 당황해서 듣고 있으면, 경부보는 어업이 서투르고 이 섬의 행정 사무를 맡겨서는 둘 수 없다는 바람 같은 논지에 취할 수 있을 것이다."
3512,語彙,一体、時間という言葉がこの島の語彙の中にあるのだろうか？,도대체 시간이라는 말이 이 섬의 어휘 속에 있는 것일까?
3513,賢い,賢いその古代人はこう説いたのである。,현명한 그 고대인은 이렇게 설한 것이다.
3514,農耕,そうして、その文明の特徴として、太陽崇拝、構築のための巨石使用、農耕灌漑その他を挙げる。,"그렇게 해서 그 문명의 특징으로는 태양 숭배, 구축을 위한 거석 사용, 농경 관개 등을 들 수 있다."
3515,速やかな,こんな速やかな減少率があろうか。,이런 신속한 감소율이 있을까.
3516,遺跡,島を案内しようというのを断って公学校を退却すると、私は独りで、島民に道を聞きながら、「レロの遺跡」という名で知られている古代城郭の址を見に行った。,섬을 안내하자는 것을 거절하고 공학교를 퇴각하자 나는 혼자서 섬민에게 길을 들으면서 '레로의 유적'이라는 이름으로 알려진 고대 성곽의 址를 보러 갔다.
3517,随時,此処は全マーシャル群島の中心地とて遠い島々の住民が随時集まってくるので、それらのために各島でそれぞれ共同宿泊所を設けている訳だ。,이곳은 전 마샬군도의 중심지로 먼 섬들의 주민들이 수시로 모여들기 때문에 그들을 위해 각 섬에서 각각 공동 숙박소를 마련하고 있는 이유다.
3518,鮮やかな,これはまた、目も醒めるばかり鮮やかな色彩の世界を背景にした南海の捕りものである。,이것은 또한 눈을 낳을 뿐 생생한 색채의 세계를 배경으로 한 난카이의 포착이다.
3519,侵略,初めは湖畔に出て侵略者を迎え撃った彼等も名だたる北方草原の騎馬兵に当りかねて、湖上の栖処に退いた。,처음에는 호반에 나와 침략자를 맞아 쏜 그들도 이름이 되는 북방 초원의 기마병에 맞서기 힘들어 호수 위의 처처로 물러났다.
3520,協議,部落にとって有害無用と一同から認められた者は、協議の上でこれを処分することが出来るのである。,"부락에 있어서 유해무용과 일동으로부터 인정된 사람은, 협의상에서 이것을 처분할 수 있는 것이다."
3521,支持,この長老がたまたま、家の印として豹の爪を有つ・最も有力な家柄の者だったので、この老人の説は全長老の支持する所となった。,이 장로가 우연히 집의 표시로서 표범의 손톱을 가진 가장 유력한 가문의 사람이었기 때문에 이 노인의 설은 전 장로가 지지하는 곳이 되었다.
3522,遊牧,その時は、北方から剽悍な遊牧民ウグリ族の一隊が、馬上に偃月刀を振りかざして疾風のごとくにこの部落を襲うて来た。,그때는 북방에서 견인한 유목민 우그리족의 일대가 마상에 추월도를 뿌려 질풍처럼 이 부락을 덮쳐왔다.
3523,不可欠,それは、全く、今の私達の眼から見て、時代錯誤に近い世界――髭の生えた官員様がえらかったり、色々な肩書が法外にものをいったりする世界――なのであるが、そういう時代錯誤的な観念さえもが（更に、氏の作品の構想の幼稚な不自然ささえも）ここでは「鏡花的な美」の不可欠の要素となっているのは不思議なことである。,"그것은, 전혀, 지금의 우리의 눈으로부터 봐, 시대 착오에 가까운 세계――수염이 낳은 관원님이 부드럽거나, 여러가지 직함이 법외에 것을 말하는 세계――이지만, 그러한 시대 착오적인 관념조차도 (또한, 씨의 작품의 구상의 유치한 부자연마저도) 여기에서는 「경화적인 아름다움」의 불가결의 요소가 되고 있는 것은 이상한 일이다."
3524,麻酔,氏の芸術は一箇の麻酔剤であり、阿片であるともいえよう。,"그의 예술은 일종의 마약, 아편이라고 할 수 있다."
3525,まちまち,賢人たちの説くところはあまりにもまちまちで、渠はまったく何を信じていいやら解らなかった。,"현인들의 설득하는 곳은 너무나도 마을이었고, 渠는 전혀 무엇을 믿어도 괜찮다고 몰랐다."
3526,器官,あるものは極度に貪食で、したがって口と腹がむやみに大きく、あるものは極度に淫蕩で、したがってそれに使用される器官が著しく発達し、あるものは極度に純潔で、したがって頭部を除くすべての部分がすっかり退化しきっていた。,"어떤 것은 극도로 탐식하고, 따라서 입과 뱃속에 크고, 어떤 것은 극도로 음탕하고, 따라서 그것에 사용되는 기관이 현저하게 발달하고, 어떤 것은 극도로 순결하고, 따라서 머리를 제외한 모든 부분이 완전히 퇴화되어 왔다."
3527,消去,「それだのに、自然の暗号文字を解くのも今一歩というところで、突然、幸福な予感は消去り、私どもは、またしても、美しいけれども冷たい自然の横顔を見なければならないのです。,"“그러나 자연의 암호문자를 푸는 것도 이제 한 걸음이라는 곳에서 갑자기 행복한 예감은 지워지고, 우리는 다시 한번 아름답지만 차가운 자연의 옆모습을 봐야 합니다."
3528,究極,究極の・正真正銘の・神様だけがご存じの『なぜ？,"궁극의 · 정 진정한 · 하나님 만이 알고있는 ""왜?"
3529,衰退,したがって、文字を解することは、かえって生命力衰退の徴候として斥けられた。,그러므로 문자를 푸는 것은 오히려 생명력 쇠퇴의 징후로 척척되었다.
3530,賢明な,ある賢明な老魚は、美しい庭を買い、明るい窓の下で、永遠の悔いなき幸福について瞑想しておった。,한 현명한 노어는 아름다운 정원을 사고 밝은 창문 아래에서 영원한 회개없는 행복에 대해 명상했다.
3531,退化,あるものは極度に貪食で、したがって口と腹がむやみに大きく、あるものは極度に淫蕩で、したがってそれに使用される器官が著しく発達し、あるものは極度に純潔で、したがって頭部を除くすべての部分がすっかり退化しきっていた。,"어떤 것은 극도로 탐식하고, 따라서 입과 뱃속에 크고, 어떤 것은 극도로 음탕하고, 따라서 그것에 사용되는 기관이 현저하게 발달하고, 어떤 것은 극도로 순결하고, 따라서 머리를 제외한 모든 부분이 완전히 퇴화되어 왔다."
3532,個々,少なくとも個々の出来事は忘れてしまうのだ。,적어도 개별 사건은 잊어버린다.
3533,戒める,平穏無事のときに悟空の行きすぎを引き留め、毎日の八戒の怠惰を戒めること。,평온 무사할 때 오공의 지나친 길을 끌어당기고 매일 팔계의 게으름을 계명하는 것.
3534,防衛,弱いというよりも、まるで自己防衛の本能がないのだ。,약하다는 것보다 마치 자기 방어의 본능이 없는 것이다.
3535,劇団,かつて抱いた希望の数々は顔の面皰と共に消え、昔は遠く名のみ聞いていたムウラン・ルウジュと同名の劇団が東京に出現した今日、横浜は南京町のアパアトでひとり佗しく、くすぶっている僕ですが、それでも、たまに港の方から流れてくる出帆の汽笛の音を聞く時などは、さすがに、その昔の、夢のような空想を思出して、懐旧の情に堪えないようなこともあるのです。,"한때 안은 희망의 많은 것은 얼굴의 모습과 함께 사라져, 옛날에는 먼 이름만 듣고 있던 무우란 루우주와 동명의 극단이 도쿄에 출현한 오늘, 요코하마는 난징초의 아파아트에서 혼자 날카롭고, 흔들리고 있는 나입니다만, 그래도, 가끔 항구 쪽으로부터 흘러 오는 출호의 기피의 소리를 들을 때 등은, 과연, 그 옛날의, 꿈과 같은 공상을 생각해, 회구의 정에 참을 수 없는 것도 있는 것입니다."
3536,守衛,冥府の構造から、オシリス神の審判の順序から、神々の性行から、オシリス宮の七つの広間、二十一の塔の間やその守衛者の名前迄悉く誦んじている。,"명부의 구조로부터, 오시리스 신의 심판의 순서로부터, 신들의 성행으로부터, 오시리스궁의 일곱개의 광장, 이십일의 탑의 사이나 그 수위자의 이름까지 기쁘게 설렘하고 있다."
3537,尽くす,いかなる場合にも絶望せず、決して現実を軽蔑せず、与えられた範囲で常に最善を尽くすという師の智慧の大きさも判るし、常に後世の人に見られていることを意識しているような孔子の挙措の意味も今にして始めて頷けるのである。,"어떠한 경우에도 절망하지 않고, 결코 현실을 경멸하지 않고, 주어진 범위에서 항상 최선을 다하겠다는 스승의 지혜의 크기도 알고, 항상 후세의 사람에게 보여지고 있는 것을 의식하고 있는 것 같은 공자의 거조의 의미도 지금으로 시작해 수긍하는 것이다."
3538,巡る,自分を出し抜いて、二人同車して都を巡るなどとはもっての外である。,자신을 빠져나와 두 사람 동차해서 도시를 둘러보는 등으로는 밖이다.
3539,愛好,これを聞いたほん物の天竜が大きに欣んで一日葉公の家に降り己の愛好者を覗き見た。,이를 들었던 진짜 천룡이 크게 울고 하루하공의 집에 내려 자신의 애호자를 들여다봤다.
3540,抱負,多年の抱負の実現に生々と忙しげな孔子の顔を見るのも、さすがに嬉しい。,다년의 포부 실현에 생생하게 바쁜 공자의 얼굴을 보는 것도 역시 기쁘다.
3541,最善,いかなる場合にも絶望せず、決して現実を軽蔑せず、与えられた範囲で常に最善を尽くすという師の智慧の大きさも判るし、常に後世の人に見られていることを意識しているような孔子の挙措の意味も今にして始めて頷けるのである。,"어떠한 경우에도 절망하지 않고, 결코 현실을 경멸하지 않고, 주어진 범위에서 항상 최선을 다하겠다는 스승의 지혜의 크기도 알고, 항상 후세의 사람에게 보여지고 있는 것을 의식하고 있는 것 같은 공자의 거조의 의미도 지금부터 시작해 수긍하는 것이다."
3542,補強,孔子の云う仁とはかなり開きがあるのだが、子路は師の教の中から、この単純な倫理観を補強するようなものばかりを選んで摂り入れる。,"공자를 향한 닌과는 상당히 개방이 있는데, 자로는 스승의 가운데서 이 단순한 윤리관을 보강하는 것만을 골라 섭취한다."
3543,貫禄,年齢から云っても貫禄から云っても、もちろん子路が彼等の宰領格である。,나이부터 말해도 관록에서 말해도 물론 자로가 그들의 재영격이다.
3544,逆らう,流暢さの代りに、絶対に人に疑を抱かせぬ重厚さを備え、諧謔の代りに、含蓄に富む譬喩を有つその弁は、何人といえども逆らうことの出来ぬものだ。,"유창함 대신에, 절대로 사람에게 의심을 안기게 하는 중후함을 갖추어, 諧謔 대신에, 함축이 풍부한 은유를 가진 그 밸브는, 몇명이라고 해도 거꾸로 할 수 없는 것이다."
3545,得点,僅一行の数字の裏面に、僅か二位の得点の背景に殆どありのままには繰返しがたき、多くの時と事と人間と、その人間の努力と悲喜と成敗とが潜んでいる。,"불과 한 줄의 숫자 뒷면에 불과 2위 득점의 배경에 거의 있는 그대로는 반복이 일어나, 많은 때와 일과 인간과, 그 인간의 노력과 비희와 성패가 숨어 있다."
3546,憤る,その時わが精神の発展が自個天然の法則に遵って、自己に真実なる輪廓を、自らと自らに付与し得ざる屈辱を憤る事さえある。,그때 우리 정신의 발전이 자개 천연의 법칙에 따라 자기에게 진실한 윤회를 스스로 스스로 부여할 수 없는 굴욕을 분개하는 일조차 있다.
3547,覆る,自然主義者にして今少し手強く、また今少し根気よく猛進したなら、自ら覆るの未来を早めつつある事に気がつくだろう。,"자연주의자로 하여 지금 조금 힘들고, 또 지금 조금 끈기있게 맹진했다면, 스스로 덮는 미래를 빨리 가고 있는 일을 알아차릴 것이다."
3548,放り込む,それから何をするかと思って見ていると、例の栗をね、俵をほどいて、どんどん樽の中へ放り込むんですよ。,"그리고 무엇을 할까라고 생각하고 보고 있으면, 예의 밤을 하고, 마구를 풀고, 자꾸자꾸 통에 던져요."
3549,目録,やがて紛失の目録を十点ばかり書き上げてその下に価格を記入して、すると〆て百五十円になりますねと念を押して帰って行った。,"이윽고 분실의 목록을 10점만 써서 그 아래에 가격을 기입하고, 하면 ㄆ백50엔이 되네요라고 생각을 눌러 돌아갔다."
3550,聳える,上を見ると、大きな空は、いつの世からか、仕切られて、切岸のごとく聳える左右の棟に余された細い帯だけが東から西へかけて長く渡っている。,"위를 보면, 큰 하늘은, 언제 세상인가, 칸막이되어, 연안과 같이 부풀어 오르는 좌우의 동에 남겨진 가는 띠만이 동쪽에서 서쪽에 걸쳐 길게 건너고 있다."
3551,調達,自分は金の調達を引き受けた。,자신은 금 조달을 맡았다.
3552,賠償,でもようやくの事で、とうとう二十八日過ぎに約束通りの俵を持って、行きますと、――実に狡猾な奴がいるもんで、約定書のうちに、もしはなはだしい日限の違約があるときは、八千円の損害賠償を出すと云う項目があるんですよ。,"하지만 드디어 일로, 드디어 28일 지나 약속대로의 벌을 가지고, 가면,――실로 교활한 놈이 있는 걸로, 약정서 안에, 만약은 대단한 일한의 위약이 있을 때는, 8천엔의 손해배상을 내면 됩니다."
3553,追い出す,苦しそうだけれども、やむをえないから、気がつくと表へ追い出す。,괴로울 것 같지만 어쩔 수 없으니 눈치채면 표로 쫓겨난다.
3554,本分,導体的の文芸家美術家も、必要かも知れないが、人間の本分として、自覚しなければならない。,도체적 문예가 미술가도 필요할지도 모르지만 인간의 본분으로서 자각해야 한다.
3555,仕切る,余の枕元は隣の間を仕切る襖で半塞いであった。,남의 베개는 옆 사이를 나누는 襖로 반막이었다.
3556,冒頭,冒頭に東洋城から余の病気の報知を受けた由と、それがため少からず心を悩ましている旨を記して、看病に行きたいにも汽車が不通で仕方がないから、せめて電話だけでもと思って、その日の中には通じかねるところを、無理な至急報にして貰って、夜半に山田の奥さんの所からかけたという説明が書いてあった。,"서두에 동양성으로부터 여분의 병의 통지를 받은 유와, 그것이 때문에 조금 없이 마음을 괴롭히고 있다고 하는 것을 기록해, 간병에 가고 싶어도 기차가 불통하고 어쩔 수 없기 때문에, 적어도 전화만으로도 생각하고, 그 날 안에는 통지할 수 있는 곳을, 무리한 시급한 소리가 들었고, 밤."
3557,冷却,今にもあれこの空気の成分に多少の変化が起るならば、――地球の歴史はすでにこの変化を予想しつつある――活溌なる酸素が地上の固形物と抱合してしだいに減却するならば、炭素が植物に吸収せられて黒い石炭層に運び去らるるならば、月球の表面に瓦斯のかからぬごとくに、吾らの世界もまた冷却し尽くすならば、吾らはことごとく死んでしまわねばならない。,"지금도 이 공기의 성분에 다소의 변화가 일어난다면, 지구의 역사는 이미 이 변화를 예상하고 있다. 가 식물에 흡수되어 검은 석탄층으로 옮겨 떠난다면, 월구의 표면에 기와 걸리지 않도록, 걸들의 세계도 다시 냉각한다면, 걸들은 따로 죽어 버려야 한다."
3558,几帳面,正確を旨とする几帳面な学者の記憶でも、記憶はこれほどに不慥なものである。,정확을 취하는 꼼꼼한 학자의 기억에서도 기억은 이처럼 불참한 것이다.
3559,几帳面な,正確を旨とする几帳面な学者の記憶でも、記憶はこれほどに不慥なものである。,정확을 취하는 꼼꼼한 학자의 기억에서도 기억은 이처럼 불참한 것이다.
3560,取り扱い,あの危篤かった二三日の間などは取り扱い悪くて大変弱らせられましたと答えた。,그 위협이었던 23일 사이 등은 취급 나쁘고 매우 약해졌다고 대답했다.
3561,好悪,換言すると、自分の好悪撰択を許さない強制的の苦しみを含んでいる。,"바꾸어 말하면, 자신의 호악 철택을 허락하지 않는 강제적인 고통을 포함하고 있다."
3562,整える,さらに想像を逆さまにして、この星雲が熱を失って収縮し、収縮すると共に回転し、回転しながらに外部の一片を振りちぎりつつ進行するさまを思うと、海陸空気歴然と整えるわが地球の昔は、すべてこれ※々たる一塊の瓦斯に過ぎないという結論になる。,"한층 더 상상을 거꾸로 하고, 이 성운이 열을 잃어 수축해, 수축함과 함께 회전해, 회전하면서 외부의 한 조각을 흔들면서 진행하는 방면을 생각하면, 해륙 공기 역연하게 정돈하는 우리 지구의 옛날은, 모두 이것※다른 한 덩어리의 기와에 지나지 않는다고 하는 결론이 된다."
3563,未定,そうしてその漢詩も一つ残らず未定稿として日記の中に書きつけた。,그러면서 그 한시도 하나 남지 않고 미정고로서 일기 속에 썼다.
3564,潤す,昔の計を繰り返す勇気のなかった余は、口中を潤すための氷を歯で噛み砕いては、正直に残らず吐き出した。,옛날의 계를 반복하는 용기가 없었던 나머지는 입안을 촉촉하게 하기 위한 얼음을 치아로 씹어서는 솔직히 남지 않고 토해냈다.
3565,生き残る,そうして生き残る自分やら、死んだ院長やらをとかくに比較して、しばらくは茫然としたまま黙っていた。,"그렇게 살아남는 자신이나, 죽은 원장이나 어쨌든 비교해, 잠시는 망연한 채 침묵했다."
3566,落ち込む,わが生活の内容を構成る個々の意識もまたかくのごとくに、日ごとか月ごとに、その半ずつを失って、知らぬ間にいつか死に近づくならば、いくら死に近づいても死ねないと云う非事実な論理に愚弄されるかも知れないが、こう一足飛びに片方から片方に落ち込むような思索上の不調和を免かれて、生から死に行く径路を、何の不思議もなく最も自然に感じ得るだろう。,"우리 삶의 내용을 구성하는 개개인의 의식도 역시 날마다 달마다 그 절반씩을 잃고 모르는 사이에 언젠가 죽음에 다가가면 아무리 죽음에 가까워도 죽지 않는다고 말하는 비사실 한 논리에 어리석을 수 있을지도 모르지만, 이렇게 한발 날아가는 한쪽에서 한쪽으로 떨어지는 듯한 사색상의 부조화를 면하게 되어, 생에서 죽으러 가는 지름길을, 아무 이상도 없이 가장 자연스럽게 느낄 수 있을 것이다."
3567,調停,それから二三日して三山君が宮本博士に会ってこの話をすると、博士は、なるほど退屈をすると胃に酸が湧く恐れがあるからかえって悪いだろうと調停してくれたので、余はようやく助かった。,"그리고 23일 후 미야마군이 미야모토 박사를 만나 이 이야기를 했더니, 박사는 과연 지루하게 되면 위에 산이 솟아날 우려가 있기 때문에 오히려 나쁠 것이라고 중재해 주었기 때문에, 여는 드디어 살아났다."
3568,議決,その趣向は寝ている余とは固より無関係だから、知ろうはずもなかったが、とにかくこの議決が山荘での催しに一異彩を加えた事はたしかに違ないと思った。,"그 취향은 자고 있는 여과와는 굳건한 관계가 없기 때문에, 알 수 없었지만, 어쨌든 이 의결이 산장에서의 행사에 일이채를 더한 것은 확실히 다르다고 생각했다."
3569,首脳,余は風呂場の貼紙に注意してある日付と、裸連の趣向を凝らしていた時刻を照らし合せつつ、この落語会なるものの、すでに滞りなくすんだ昨日の午後を顧みて、裸連――少くとも裸連の首脳の構成る隣座敷の泊り客……の成功を祝せざるを得なかった。,"나머지는 목욕탕의 첩지에 주의하고 있는 날짜와, 알몸 연의 취향을 응시하고 있던 시각을 비추면서, 이 낙어회이지만, 벌써 지체하지 않는 어제의 오후를 돌보아, 알몸 연--조금이라도 알몸의 정상이 구성하는 이웃 좌식의 숙박객… …의 성공을 축하하지 않을 수 없었다."
3570,名簿,婆さんはやがて名簿のようなものを出して御名前をと云う。,할머니는 이윽고 명부와 같은 것을 내놓고 이름을 말한다.
3571,固有な,倫敦に固有なる濃霧はことに岸辺に多い。,윤태에 고유한 농무는 일에 기슭에 많다.
3572,観覧,ただカーライルの旧廬のみは六ペンスを払えば何人でもまた何時でも随意に観覧が出来る。,다만 칼라일의 구창만은 6펜스를 지불하면 몇명이라도 또 몇시라도 수의에 관람을 할 수 있다.
3573,思い詰める,この誓だに破らずばと思い詰める。,이 맹세에 깨지 않으면 바라고 생각한다.
3574,思い返す,涙の中にまた思い返す。,눈물 속에 다시 되살린다.
3575,使用人,「まだ使用人であった頃に、ある女と二年ばかり会っていた事があります。,"「아직 종인이었을 무렵에, 어느 여자와 2년만 만났던 일이 있습니다."
3576,取り除く,不思議な事に、私の記憶に残っている母の姿は、いつでもこの真夏の服装で頭の中に現われるだけなので、それから紺無地の絽の着物と幅の狭い黒繻子の帯を取り除くと、後に残るものはただ彼女の顔ばかりになる。,"이상하게도, 내 기억에 남아있는 어머니의 모습은 언제든지 이 한여름의 복장으로 머리 속에 나타날 뿐이므로, 그 후 감색 무지의 융 기모노와 폭이 좁은 검은 쇼코의 띠를 없애면, 뒤에 남는 것은 단지 그녀의 얼굴만이 된다."
3577,無用な,一口でいうと、この金は私にとってけっして無用なものではなかったのである。,"한입만 하면, 이 돈은 나에게 있어서 굉장히 무용한 것이 아니었던 것이다."
3578,精密な,いくら微細な心的現象の解剖でも、又は外観からくる人間の精密な描写でも、決して干乾びていません。,"아무리 미세한 심적 현상의 해부에서도, 혹은 외관에서 오는 인간의 정밀한 묘사에서도, 결코 건조하지 않습니다."
3579,ややこしい,そうしてそれらの古い幹には藤だの、山葡萄だの、通草だのの蔓草が実にややこしい方法で絡まりながら蔓延していた。,"그렇게 해서 그 낡은 줄기에는 등나무인데, 산포도인데, 통초인 것의 만초가 실로 다소 어려운 방법으로 얽히면서 만연하고 있었다."
3580,口ずさむ,そしてそのための私の歓ばしさと言ったら、昔の詩人等が野薔薇のために歌った詩句を、口ずさむなんと言うのではなく、それを知っているだけ残らず大きな声で呶鳴り散らしたいような衝動にまで、私を駈り立てるのであった。,"그리고 그것을 위한 나의 환영이라고 하면, 옛 시인 등이 야장장을 위해 노래한 시구를, 쏟아부는다고 말하는 것이 아니라, 그것을 알고 있는 만큼 남지 않고 큰 소리로 울부짖고 싶은 충동에까지, 나를 마구 세우는 것이었다."
3581,気まぐれな,私がそんな風に私の視線を自分自身の内側に向け出して、ひょいと野薔薇のことを忘れていたら、そういう気まぐれな私を責め訴えるかのように、その花々が私にさっきの香りを返してくれたのだった。,"내가 그런 식으로 내 시선을 내 안쪽으로 향하게 하고, 히이토와 야장장을 잊어버렸다면, 그런 변덕스러운 나를 비난해 호소하는 것처럼, 그 꽃들이 나에게 조금 전의 향기를 돌려준 것이었다."
3582,交易,そうして前よりももっとはげしく文学が語られ、精神上の交易がなされ出しました。,그렇게 해서 전보다 보다는 굉장히 문학이 말해져 정신상의 교역이 이루어져 나왔습니다.
3583,強み,そこに僕の詩の他とは異なる強みもあったわけでした。,거기에 내 시의 다른 것과는 다른 강점도 있었던 것이었습니다.
3584,参上,ようやく任も果てたので、その明けがた京へ上ろうかと思って、お暇乞に参上いたしますと、ただでさえいつも神々しいような御所でしたが、その折は又円融院の御世からお仕えしているとか云う、いかにも神さびた老女が居合わせて、昔の事などなつかしそうに物語り出し、しまいにはよく調べた琵琶までも聞かせてくれました。,"마침내 임무가 끝났기 때문에, 그 새벽이 교토에 올라갈 것이라고 생각하고, 여유롭게 참가하자, 단지 항상 신나는 듯한 곳이었습니다만, 그 때는 또 융융원의 어 세상에서 섬기고 있다고 말하는, 아무래도 신 녹슨 노녀가 합쳐서, 옛날 등 어리석은 것처럼 이야기 내밀어, 버려서는 잘 조사한 비와까지도 들려주었습니다."
3585,こうこうと,……そうは思ったものの、彼はしばらくの間、電燈ばかりこうこうと燿いている深夜の廊下のまん中に愚かそうに立ちすくんでいたが、ふと其処にただよっている臭いが過酸化水素の臭いだと気づくが早いか、彼は彼の部屋のドアの外側の把手には、何故だか知らないけれど、ガアゼの繃帯が巻いてあったことを突然思い出した。,"…… 하지만 과산화수소의 냄새라고 눈치채는 것이 빠른지, 그는 그의 방의 문의 외측의 파수에는, 왜인지 모르지만, 가아제의 띠가 감고 있었던 것을 갑자기 생각해냈다."
3586,屈折,そうだ、こんな夜ふけなどあの露台に出てこっそり窓の外からこっちを覗いて見ると、丁度あの重屈折をする方解石のようなものを通して見たかのように、この部屋の中のものがすべて、そしておれ自身までがぼんやり二重になって見えそうな気がする。,"그렇다, 이런 밤 비듬 등 그 노대에 나와 몰래 창 밖에서 이쪽을 들여다 보면, 정확히 그 중굴절을 하는 방해석 같은 것을 통해 본 것처럼, 이 방안의 것이 모두, 그리고 우리 자신까지가 희미하게 이중이 되어 보일 것 같은 생각이 든다."
3587,半端な,――仮りに山に入っても、私のような意気地のない者はまことに中途半端なものでございますこと。,"――만일 산에 들어가도, 나와 같은 의기지가 없는 사람은 정말로 어중간한 것입니다."
3588,緩む,しかしいま、こうやってしみじみと思い返して見ると、その頃だって自分はちっとも気の緩むような心もちのした事なんぞはついぞ無かったようにも思われた。,"그러나 지금, 이렇게 신선함과 되돌아 보면, 그 무렵도 자신은 조금도 마음이 느슨해지는 듯한 마음 얽힌 일은 굉장히 없었던 것 같았다."
3589,停滞,それから私というものも……」私の夢想は、私達の上に起ったさまざまな事物の上を、或る時は迅速に過ぎ、或る時はじっと一ところに停滞し、いつまでもいつまでも躊躇っているように見えた。,그럼 나라는 것도…
3590,取り戻す,季節はその間に、いままで少し遅れ気味だったのを取り戻すように、急速に進み出していた。,"계절은 그 사이에, 지금까지 조금 늦은 기색이었던 것을 되찾도록(듯이), 급속하게 진행되고 있었다."
3591,悪化,そのために、気分の好いときはつとめて起きるようにしていた入院前の彼女に比べると、かえって病人らしく見えたが、別に病気そのものは悪化したとも思えなかった。,"그 때문에 기분이 좋을 때는 굳이 일어나게 하고 있던 입원 전 그녀에 비하면 오히려 병인답게 보였지만, 별로 병 그 자체는 악화되었다고도 생각되지 않았다."
3592,立ち寄る,「あら、お父様がいらっしゃるんですって」旅行中の父は、その帰途を利用して近いうちにサナトリウムへ立ち寄るということを書いて寄こしたのだった。,"「어머, 아버님이 계신다고」"
3593,耐える,その夫の戦死には耐えることの出来たイザベルも、それには耐え得ずして遂に発狂してしまったのであった。,"그 남편의 전사에는 견딜 수 있었던 이사벨도, 그것에는 견딜 수 없어 드디어 발광해 버린 것이었다."
3594,使い分ける,何も彼も知っているんだと言った風な……――扁理はそんな風に二通りの微笑を使い分けるのだ。,아무것도 그도 알고 있다고 말한 바람이…
3595,膨大,そしていま、それだけがあらゆるものから孤立し、膨大し、そしてその他のすべてのものを彼の目から覆い隠そうとしている……「おれのほんとうに愛しているのはこの人かしら？,"그리고 지금, 그것만이 모든 것에서 고립되고, 거대하고, 다른 모든 것을 그의 눈에서 가리려고 하고 있다…"
3596,遠ざける,そうして月日が九鬼の死を遠ざければ遠ざけるほど、彼女に欲しいのは平静さだけであった。,그렇게 하여 월일이 구귀의 죽음을 멀리하면 멀어질수록 그녀에게 원하는 것은 평온함뿐이었다.
3597,運賃,――私はさっぱり様子のわからない神戸駅に下りると、東京では見かけたことのない真っ白なタクシイを呼び止め、気軽に運賃をかけ合い、そこからそうしつけている者のように、元町通りの方へそれを走らせた。,"――나는 깔끔한 모습을 모르는 고베역으로 내려가면, 도쿄에서는 보이지 않았던 새하얀 택시를 불러, 부담없이 운임을 걸고, 거기에서 그렇게 붙이고 있는 사람처럼, 모토마치 거리쪽으로 그것을 달렸다."
3598,陳列,海岸通りの何とかいう薬屋のショオウィンドを覗いたら、パイプやなんかと一緒に五六冊、英吉利語の本が陳列されてあった。,"해안거리의 어쨌든 약점의 쇼오윈드를 들여다보면, 파이프나 무언가와 함께 56권, 영길리어의 책이 진열되어 있었다."
3599,修学,一千九百二十五年五月六日今日学校で武田先生から三年生の修学旅行のはなしがあった。,1천925년 5월 6일 오늘 학교에서 다케다 선생님으로부터 3학년 수학 여행의 기회가 있었다.
3600,新入生,ぼんやりとしてそれでいて何だか堅苦しそうにしている新入生はおかしなものだ。,어리석게 해서 뭔가 견고하게 하고 있는 신입생은 이상한 것이다.
3601,球根,今日実習が済んでから農舎の前に立ってグラジオラスの球根の旱してあるのを見ていたら武田先生も鶏小屋の消毒だか済んで硫黄華をずぼんへいっぱいつけて来られた。,오늘 실습이 끝나고 나서 농사 앞에 서서 글라디올러스의 전구가 넘치는 것을 보고 있으면 다케다 선생님도 닭장의 소독이든 끝나고 유황화를 찡그리고 가득 올려왔다.
3602,人質,朝鮮征伐のときには小西家の人質として、李王宮に三年押し籠められていた。,조선 정벌 때에는 코니시가의 인질로서 이왕궁에 3년 밀려났다.
3603,後半,小西行長が肥後半国を治めていたとき、天草、志岐は罪を犯して誅せられ、柄本だけが残っていて、細川家に仕えた。,"코니시 행장이 히고 반국을 다스렸을 때, 아마쿠사, 시키는 죄를 짓고 찬사를 받고, 무늬본만이 남아 있고, 호소카와가를 섬겼다."
3604,配分,嫡子権兵衛は父の跡をそのまま継ぐことが出来ずに、弥一右衛門が千五百石の知行は細かに割いて弟たちへも配分せられた。,준자권 병위는 아버지의 흔적을 그대로 이어받지 못하고 야이치 우에몬이 천오백석의 지행은 가늘게 나누어 동생들에게도 배분되었다.
3605,変動,先ず翌日になって感じた心理上の変動は、こんなものであって、思ったよりは微弱であった。,"먼저 다음날이 되어 느낀 심리상의 변동은 이런 것이며, 생각보다 미약했다."
3606,妊娠,腹の皮に妊娠した時の痕のある女であった。,배가죽에 임신했을 때의 흔적이 있는 여자였다.
3607,立案,この男は何という役であったか知らぬが、先ず家従どもの上席位の待遇を受けて、文書の立案というような事をしていた。,"이 남자는 뭐라고 하는 역이었는지 모르지만, 우선 가종도의 상석위의 대우를 받고, 문서의 입안이라고 하는 일을 하고 있었다."
3608,踏み込む,西片町の通は往来が絶えて、傘を打つ点滴も聞えず、ぬかるみに踏み込む足駄も響かない。,"니시카타마치의 통은 왕래가 끊어져, 우산을 치는 물방울도 들을 수 없고, 따뜻함에 밟히는 소용돌이도 울리지 않는다."
3609,中枢,予は僅に二三の京阪の新聞紙を読んで、国の中枢の崇重しもてはやす所の文章の何人の手に成るかを窺い知るに過ぎぬので、譬えば簾を隔てて美人を見るが如くである。,"예는 약간 니조의 게이한의 신문지를 읽고, 나라의 중추의 숭중해 대접하기 쉬운 곳의 문장의 몇명의 손으로 이루어지는지를 엿보는 것에 지나지 않기 때문에, 곁을 하면 볏을 떼어 미인을 보는 것과 같다."
3610,現行,今国内に現行している文章の作者がこれを形って居るのであろう。,지금 국내에 현행하고 있는 문장의 작자가 이를 형성해 있을 것이다.
3611,出生,父才八は永禄元年出生候て、三歳にして怙を失い、母の手に養育いたされ候て人と成り候。,"아버지 하치는 에이로쿠 원년 출생 후, 3세로 하고 말을 잃고, 어머니의 손에 양육된 후 사람과 성후."
3612,没収,登の子四郎右衛門は物奉行を勤めているうちに、寛延三年に旨に忤って知行宅地を没収せられた。,"오토노코 시로우에몬은 물봉행을 근무하고 있는 사이에, 관연 3년에 취지에 바쁘게 지행 택지를 몰수할 수 있었다."
3613,概略,某が相果候仔細は、子孫にも承知致させたく候えば、概略左に書残し候。,"모가 상과 후아세는, 자손에게도 알리고 싶은 후면, 개략 왼쪽에 서 남겨 후."
3614,あえて,実際葉子はその後、母にその告白を信じさすほどの生活をあえてしていたのだった。,실제로 하코는 그 후 어머니에게 그 고백을 믿을 정도의 생활을 굳히고 있었던 것이었다.
3616,あらかじめ,葉子はあらかじめこの刹那に対する態度を決めていたからあわても騒ぎもしなかった。,하코는 미리 이 찰나에 대한 태도를 결정했기 때문에 함께 떠들썩하지 않았다.
3617,いかに,古藤は停車場の前方の川添いにある休憩所まで走って行って見たが、帰って来るとぶりぶりして、駅夫あがりらしい茶店の主人は古藤の書生っぽ姿をいかにもばかにしたような断わりかたをしたといった。,"고토는 정차장 앞쪽의 가와소에에 있는 휴게소까지 달려가 보았지만, 돌아오면 얼마 지나지 않아, 역 남편 같은 차점의 주인은 고토의 서생같은 모습을 아무리 어리석게 한 것 같은 거짓말을 했다고 한다."
3618,いかにも,古藤は停車場の前方の川添いにある休憩所まで走って行って見たが、帰って来るとぶりぶりして、駅夫あがりらしい茶店の主人は古藤の書生っぽ姿をいかにもばかにしたような断わりかたをしたといった。,"고토는 정차장 앞쪽의 가와소에에 있는 휴게소까지 달려가 보았지만, 돌아오면 얼마 지나지 않아, 역 남편 같은 차점의 주인은 고토의 서생같은 모습을 아무리 어리석게 한 것 같은 거짓말을 했다고 한다."
3619,いきなり,いちばん近い二等車の昇降口の所に立っていた車掌は右の手をポッケットに突っ込んで、靴の爪先で待ちどおしそうに敷き石をたたいていたが、葉子がデッキに足を踏み入れると、いきなり耳をつんざくばかりに呼び子を鳴らした。,"가장 가까운 이등차의 승강구 곳에 서 있던 차장은 오른쪽 손을 포켓에 밀어 넣고, 신발의 발끝으로 기다리고 있을 것 같게 깔개를 두드리고 있었지만, 하코가 갑판에 발을 디디면, 갑자기 귀를 꽉 잡고 호자를 울렸다."
3620,いっそ,それだったのに思い入って内田の所に来て見れば、内田は世の常の人々よりもいっそう冷ややかに酷く思われた。,"그것이었는데 떠오르고 우치다의 곳에 와서 보면, 우치다는 세상의 모든 사람들보다 더 차갑게 심하게 생각되었다."
3621,いったん,いったん木部から離れた葉子の心は、何者も触れた事のない処女のそれのようにさえ見えた。,일단 목부에서 떨어진 하코의 마음은 누구도 만지지 않은 적이없는 처녀의 그것처럼 보였다.
3622,いやに,それを聞くと葉子はみごと期待に背負投げをくわされて、その場の滑稽に思わずふき出そうとしたが、いかに事務長に対する恋におぼれきった女心の残虐さからも、さすがに木村の他意ない誠実を笑いきる事は得しないで、葉子はただ心の中で失望したように「あれだからいやになっちまう」とくさくさしながら喞った。,"그것을 들으면 하코는 벌써 기대에 짊어지고, 그 자리의 매끄럽게 무심코 닦아내려고 했지만, 어떻게 사무장에 대한 사랑에 빠진 여심의 잔혹함으로부터 역시 기무라의 다른 뜻밖의 성실을 웃는 일은 얻지 못하고, 하코는 단지 마음 속에서 실망한 것처럼 ""그렇기 때문에 싫어져 버리겠다""고 속삭였다며 울었다."
3624,おそらく,この日髪の毛の濃い、口の大きい、色白な一人の青年を乗せた人力車が、仙台の町中を忙しく駆け回ったのを注意した人はおそらくなかったろうが、その青年は名を木村といって、日ごろから快活な活動好きな人として知られた男で、その熱心な奔走の結果、翌日の新聞紙の広告欄には、二段抜きで、知事令夫人以下十四五名の貴婦人の連名で早月親佐の冤罪が雪がれる事になった。,"이 날 머리카락이 짙은, 입이 크고, 색백한 한 명의 청년을 태운 인력거가, 센다이의 동네를 바쁘게 달려간 것을 주의한 사람은 아마 없었을 텐데, 그 청년은 이름을 키무라라고 하고, 평소부터 쾌활한 활동을 좋아하는 사람으로 알려진 남자로, 그 열심한 분주의 결과, 다음날 신문지의 광고란에는, 2단 빼고, 지사령 부인 이하 145명의 귀부인의 연명으로 이른 달 친령의 분죄가 눈에 띄게 되었다."
3625,かえって,もし葉子が素直な女だったら、かえって食い残しというほどの遺産はあてがわれていたに違いない。,만약 하코가 솔직한 여자라면 오히려 먹어 남기는 유산은 대접되고 있었음에 틀림없다.
3626,かつて,これほどな席にさえかつて臨んだ習慣のないらしいその人の素性がそのあわてかたに充分に見えすいていた。,이 정도의 자리조차 한때 임한 습관이 없는 것 같은 그 사람의 소성이 그 어울리는 방법에 충분히 보이고 싶었다.
3630,ごく,ごく実際的な鋭い頭が針のように光ってとがっていた。,매우 실용적인 날카로운 머리가 바늘처럼 빛나고 뾰족했다.
3631,さぞ,あなたのような方から御覧になったら、さぞいやな気がなさいましょうねえ」「えゝ」と古藤は目も動かさずにぶっきらぼうに答えた。,"너 같은 쪽에서 보시면, 어색한 생각이 듭시다」 「에아」라고 고토는 눈도 움직이지 않고 깜짝 놀라게 대답했다."
3632,さほど,葉子も部屋に帰って見たが、今まで閉じこもってばかりいるとさほどにも思わなかったけれども、食堂ほどの広さの所からでもそこに来て見ると、息気づまりがしそうに狭苦しかった。,"하코도 방으로 돌아가 보았지만, 지금까지 닫혀 있을 뿐이라고 그다지 생각하지 않았다."
3633,さも,そしてさらに、母の死んだ夜、日ごろは見向きもしなかった親類たちが寄り集まって来て、早月家には毛の末ほども同情のない心で、早月家の善後策について、さも重大らしく勝手気ままな事を親切ごかしにしゃべり散らすのを聞かされた時、どうにでもなれという気になって、暴れ抜いた事が、自分にさえ悲しい思い出となって、葉子の頭の中を矢のように早くひらめき通った。,"게다가 어머니가 돌아가시던 날 밤, 평소에는 나에게 관심을 두지 않던 친척들이 모여서 하야즈키 가문에 동정심 없는 마음으로 하야즈키 가문의 시정조치에 대해 너무나 이기적이고 진지한 태도를 보였다. 요코가 다정하게 얘기하는 걸 들으면 어떻게 할 수 없을 것 같았고, 그 날뛰던 모습은 그 자신에게도 슬픈 추억이 되어 요코의 머릿속을 화살처럼 빠르게 스쳐 지나갔다."
3634,しいて,古藤はしいてとめようとはしなかった。,고토는 멈추려고 하지 않았다.
3635,しきりに,教師はしきりにその用途を問いただしたが、恥じやすい乙女心にどうしてこの夢よりもはかない目論見を白状する事ができよう。,"교사는 자꾸 그 용도를 물었지만, 부끄러운 처녀심에 어째서 이 꿈보다는 없는 눈론을 백상할 수 있을 것이다."
3640,すかさず,葉子はすかさず豹のようになめらかに身を起こしていち早くもしっかり古藤のさし出す手を握っていた。,하코는 희미하게 표범처럼 부드럽게 몸을 일으키며 재빠르게 확실히 고토가 내놓는 손을 잡고 있었다.
3641,すでに,葉子はその時十九だったが、すでに幾人もの男に恋をし向けられて、その囲みを手ぎわよく繰りぬけながら、自分の若い心を楽しませて行くタクトは充分に持っていた。,"하코는 그때 19이었지만, 이미 몇몇의 남자에게 사랑을 향해 향해져서 그 둘러싸기를 손쉽게 뒤집으면서, 자신의 젊은 마음을 즐겁게 가는 택트는 충분히 가지고 있었다."
3642,すなわち,こういう事があってから五日とたたぬうちに、葉子の家庭すなわち早月家は砂の上の塔のようにもろくもくずれてしまった。,이런 일이 있었던 지 5일이 지나면서 하코의 가정 즉 이른 달 집은 모래 위의 탑처럼 허물어져 버렸다.
3644,せっせと,そしてせっせせっせと世話女房らしく切り回す事に興味をつないでみた。,그리고 세세하게 돌보는 여방답게 자르는 것에 흥미를 연결해 보았다.
3645,せめて,せめては雷のような激しいその怒りの声に打たれたかった。,적어도 천둥같은 격렬한 그 분노의 목소리에 맞고 싶었다.
3646,そうそう,……おゝそうそう……これは寝ぼけ返っとるぞ、はゝゝゝ」そして互いに顔を見合わせながら二人はしたたか笑った。,… … 오오 그래…
3647,そっと,意地の弱い葉子の父だけは孫のかわいさからそっと赤ん坊を葉子の乳母の家に引き取るようにしてやった。,의지가 약한 하코의 아버지만은 손자의 귀여움으로부터 살짝 아기를 하코의 유모의 집에 끌어들이도록 했다.
3648,そろそろ,世故に慣れきって、落ち付き払った中年の婦人が、心の底の動揺に刺激されてたくらみ出すと見える残虐な譎計は、年若い二人の急所をそろそろとうかがいよって、腸も通れと突き刺してくる。,"세고에 익숙해져, 낙하한 중년 부인이, 마음의 바닥의 동요에 자극되어 쏟아져 나오는 것으로 보이는 잔학한 악계는, 연 젊은 두 명의 급소를 슬슬 엿보며, 장도 통과와 찔러 온다."
3650,たちまち,葉子はちょっと改まって、「ほんとにありがとうございました」と頭を下げたが、たちまちroughishな目つきをして、「まあそんな事はいずれあとで、ね、……何しろお寒かったでしょう、さ」といいながら飲み残りの酒を盆の上に無造作に捨てて、二三度左手をふってしずくを切ってから、コップを古藤にさしつけた。,"하코는 조금 개조해, 「정말로 감사합니다」라고 머리를 내렸지만, 금방 roughish인 눈빛을 하고, 「뭐 그런 일은 어쨌든, 네, 어쨌든 추웠을 것입니다, '라고 하면서 마시고 남은 술을 봉 위에 무조작에 버리고, 23번 왼손을 흔들며 찌르기를 자르고 나서, 컵을 고토에 붙였다."
3651,たまたま,たまたま大きな声で呼び留める人があるかと思えば、裏表の見えすいたぺてんにかけて、昔のままの女であらせようとするものばかりだった。,"우연히 큰 목소리로 부르는 사람이 있을까 생각하면, 뒤표의 보이는 페테인에 걸쳐, 옛 그대로의 여자로 드러내려고 하는 것 뿐이었다."
3656,とかく,そして葉子が久しぶりで汽車の中で出あった今は、妻子を里に返してしまって、ある由緒ある堂上華族の寄食者となって、これといってする仕事もなく、胸の中だけにはいろいろな空想を浮かべたり消したりして、とかく回想にふけりやすい日送りをしている時だった。,"그리고 하코가 오랜만에 기차 속에서 나온 지금은, 처자를 마을에 돌려 버려, 어느 유서 있는 도가미 화족의 기식자가 되어, 이것이라고 하는 일도 없고, 가슴 속에만는 여러가지 공상을 띄우거나 지우거나 하고, 어쨌든 회상에 빠지기 쉬운 일 보내기를 하고 있을 때."
3657,とっさに,この人を自分から離れさすくらいなら殺してみせる、そう葉子はとっさに思いつめてみたりした。,"이 사람을 자신으로부터 멀리 하는 정도라면 죽여 보인다, 그렇게 하코는 똑똑하게 생각해 보거나 했다."
3658,ともかく,この五十川女史のまあまあというような不思議なあいまいな切り盛りで、木村は、どこか不確実ではあるが、ともかく葉子を妻としうる保障を握ったのだった。,"이 이가가와 여사의 뭐 뭐라고 하는 이상한 모호한 절벽으로 키무라는 어딘가 불확실하지만, 어쨌든 하코를 아내로 할 수 있는 보장을 잡은 것이었다."
3659,どうか,こんな性質でこんな境遇にいるわたしがこう考えるのにもし間違いがあったら、どうか遠慮なくおっしゃってください。,"이런 성질로 이런 처지에 있는 내가 이렇게 생각하는데 만약 실수가 있다면, 어쩔 수 없이 말씀해 주세요."
3660,なお,葉子は今まで急ぎ気味であった歩みをぴったり止めてしまって、落ち付いた顔で、車夫のほうに向きなおった。,"하코는 지금까지 급한 기색이었던 행보를 딱 멈추어 버리고, 차분한 얼굴로 차 남편쪽으로 향했다."
3661,なおさら,それがなおさらその人をあわれにして見せた。,그것이 더욱 그 사람을 우리에게 보여주었다.
3662,なまじ,擲身報国は官吏たるものの一特権だが、木村さんのようなまじめな信者にしこたま金を造ってもらわんじゃ、神の道を日本に伝え広げるにしてからが容易な事じゃありませんよ。,"철신보국은 관우타루의 일특권이지만, 기무라씨와 같은 진지한 신자에게 시코타마 돈을 만들어 주지 않으면, 신의 길을 일본에 전파 펼치게 하고 나서가 쉬운 일이 아니에요."
3663,なんとか,「それでもあなた」と葉子は切なさそうに半ば起き上がって、「外面だけで人のする事をなんとかおっしゃるのは少し残酷ですわ。,"「그래도 당신」이라고 하코는 애절한 것처럼 중반 일어나서, 「외면만으로 사람이 하는 일을 어떻게든 말씀드리는 것은 조금 잔혹합니다."
3664,なんとなく,葉子はなんとなくその行燈に興味をひかれてしまっていた。,하코는 어쩐지 그 행등에 흥미를 끌어 버리고 있었다.
3666,はたして,木部の全霊はただ一目でこの美しい才気のみなぎりあふれた葉子の容姿に吸い込まれてしまった。,목부의 전령은 단 한눈에 이 아름다운 재기의 넘치는 하자의 외모에 흡입되어 버렸다.
3667,はるかに,和服よりもはるかに洋服に適した葉子は、そこの交際社会でも風俗では米国人を笑わせない事ができる。,"일본 옷보다 훨씬 옷에 적합한 하코는, 거기의 교제 사회에서도 풍속에서는 미국인을 웃게 하지 못할 수 있다."
3668,ひたすら,葉子は早く早くここを切り上げて日本に帰りたいという子供じみた考えのほかには、おかしいほどそのほかの興味を失ってしまって、他郷の風景に一瞥を与える事もいとわしく、自分の部屋の中にこもりきって、ひたすら発船の日を待ちわびた。,"하코는 빨리 빨리 여기를 올리고 일본으로 돌아가고 싶다는 어린아이 생각한 것 외에는, 이상할 정도로 그 외의 흥미를 잃어 버려, 타향의 풍경에 일눈을 주는 일도 얽히고, 자신의 방안에 고모리오키, 오로지 발선의 날을 기다렸다."
3669,ひとまず,葉子は物慣れぬ弟を教えいたわるように、「それに万一わたしの病気がよくならないで、ひとまず日本へでも帰るようになれば、なおなお帰りの船の中では世話にならなければならないでしょう。,"하코는 익숙하지 않은 동생을 가르쳐 준 것처럼, “그것에 만일 내 병이 잘 안 되고, 일단 일본으로도 돌아가게 되면, 다시 돌아오는 배 안에서는 돌봐야 합니다."
3670,ひょっとすると,ひょっとすると邪魔物扱いにされてあの老人は殺されてしまうかもしれない。,어쩌면 방해물로 취급되어 그 노인은 죽여 버릴지도 모른다.
3671,ふと,古藤は何かに腹を立てているらしい足どりでずかずかと縁側を伝って来たが、ふと立ち止まると大きな声で帳場のほうにどなった。,"고토는 무언가에 화를 내고 있는 듯한 발걸음으로 쭉쭉 쭉쭉 쭉쭉 쭈쭈쭈쭈쭈쭈쭈쭉 쫓아 왔지만, 문득 멈추자 큰 목소리로 장장 쪽에 갔다."
3673,まさしく,見ると葉子の前にはまさしく、角燈を持って焦茶色のマントを着た事務長が立っていた。,"보면 하코의 앞에는 바로, 각등을 가지고 초갈색의 망토를 입은 사무장이 서 있었다."
3674,まして,女中がランプを持って来た物音に葉子はようやく目をさまして、仰向いたまま、すすけた天井に描かれたランプの丸い光輪をぼんやりとながめていた。,"여중이 램프를 가져온 물음에 하코는 드디어 눈을 돌리고, 고개를 숙인 채로 헛된 천장에 그려진 램프의 둥근 광륜을 희미하게 끌어당겼다."
3675,むしろ,田川といえば、法曹界ではかなり名の聞こえた割合に、どこといって取りとめた特色もない政客ではあるが、その人の名はむしろ夫人のうわさのために世人の記憶にあざやかであった。,"타가와라고 하면, 법조계에서는 꽤 이름이 들린 비율에, 아무래도 따돌린 특색도 없는 정객이지만, 그 사람의 이름은 오히려 부인의 소문 때문에 세인의 기억에 희미했다."
3676,むやみに,それと入れ代わりに、帽子、上着、ズボン、ネクタイ、靴などの調和の少しも取れていないくせに、むやみに気取った洋装をした非番の下級船員たちが、ぬれた傘を光らしながら駆けこんで来た。,"그것과 넣는 대신 모자, 겉옷, 바지, 넥타이, 신발 등의 조화의 조금도 잡히지 않은 주제에, 함부로 기취한 양장을 한 비번의 하급 선원들이, 젖은 우산을 빛나면서 달려왔다."
3678,めっきり,五年たっても昔のままの構えで、まばらにさし代えた屋根板と、めっきり延びた垣添いの桐の木とが目立つばかりだった。,"5년이 지나도 옛날 그대로의 자세로, 드문드문 바꿔놓은 지붕판과, 뚜렷하게 뻗은 울타리의 오동나무가 눈에 띄는 뿐이었다."
3679,ようやく,木部が狂気のようになって、ようやく葉子の隠れ場所を見つけて会いに来た時は、葉子は冷静な態度でしらじらしく面会した。,목부가 광기처럼 되어 마침내 하코의 은신처를 찾아 만나러 왔을 때는 하코는 냉정한 태도로 시끄럽게 면회했다.
3680,よほど,こんなくらいなら定子の所にでもいるほうがよほどましだった。,이런 정도라면 정자의 곳에라도 있는 것이 낫다.
3682,ろくに,車夫はろくに見知りもないものに大金を渡して平気でいる女の顔を今さらのようにきょときょとと見やりながら空俥を引いて立ち去った。,차 남편은 몹시 낯선 것에 큰 돈을 건네주고 태연한 여자의 얼굴을 지금 굉장히 보고 보면서 공상을 당겨 떠났다.
3683,わざと,それを全く気づきもしないような物腰で、葉子は親しげに青年と肩を並べて、しずしずと歩きながら、車夫の届けた包み物の中には何があるかあててみろとか、横浜のように自分の心をひく町はないとか、切符を一緒にしまっておいてくれろとかいって、音楽者のようにデリケートなその指先で、わざとらしく幾度か青年の手に触れる機会を求めた。,"그것을 전혀 눈치채지 않는 것 같은 허리로, 하코는 친하게 청년과 어깨를 나란히 하고, 시즈시게 걸으면서, 차남이 전달한 소포 중에는 무엇이 있는지 대어 보라든가, 요코하마처럼 자신의 마음을 사로잡는 마을은 없다든가, 표를 함께 버려 줘라든가, 음악자처럼 섬세한 그 손끝에서 일부러 청년의 손에 닿을 기회를 요구했다."
3684,わざわざ,その余の人々の中にはわざわざ葉子の部屋を訪れて来たものが数人はあったけれども、葉子はいかにも親しみをこめた別れの言葉を与えはしたが、あとまで心に残る人とては一人もいなかった。,"그 남들 중에는 일부러 하코코의 방을 방문해 온 것이 몇명은 있었지만, 하코는 아무리도 친숙한 이별의 말을 주고는 했지만, 그때까지 마음에 남는 사람으로서는 한 명도 없었다."
3706,今にも,おっかぶさって来るかと見上くれば、目のまわるほど遠のいて見え、遠いと思って見れば、今にも頭を包みそうに近く逼ってる鋼色の沈黙した大空が、際限もない羽をたれたように、同じ暗色の海原に続く所から波がわいて、闇の中をのたうちまろびながら、見渡す限りわめき騒いでいる。,"아무쪼록 와줄까 봐 보면, 눈이 돌릴 정도로 멀어져 보이고, 멀다고 생각해 보면, 지금도 머리를 감싸듯이 가까이 날아가고 있는 강색의 침묵한 하늘이, 무한한 날개를 기울인 것처럼, 같은 암색의 해원에 이어지는 곳에서 파도가 뚫려, 어둠 속에서"
3734,到底,葉子の頭に描かれた夫人は我の強い、情の恣ままな、野心の深い割合に手練の露骨な、良人を軽く見てややともすると笠にかかりながら、それでいて良人から独立する事の到底できない、いわば心の弱い強がり家ではないかしらんというのだった。,"하코의 머리에 그려진 부인은 나의 강한, 정의 부끄러운, 야심의 깊은 비율에 수련의 노골적인, 양인을 가볍게 보고 약간 하면 가사에 걸리면서, 그렇다고 해서 양인으로부터 독립하는 일이 도저히 할 수 없는, 이른바 마음이 약한 강가 집이 아닐까 하는 것이었다."
3742,単に,当座の費用として金を少し送っておくという意味を簡単にしたためて、永田から送ってよこした為替の金を封入して、その店を出た。,"당좌의 비용으로 돈을 조금 보내 둔다는 의미를 간단하게 했기 때문에, 나가타에서 보내 버린 환율의 돈을 봉입해, 그 가게를 나왔다."
3767,多少,葉子はべつに読みたくもなかったが、多少の好奇心も手伝うのでとにかく目を通して見た。,"하코는 언제나 읽고 싶지 않았지만, 약간의 호기심도 돕기 때문에 어쨌든 눈을 통해 보았다."
3801,徐々に,汽車は徐々に進行をゆるめていた。,기차는 서서히 진행을 풀고 있었다.
3922,絶えず,葉子の乳母は、どんな大きな船でも船は船だというようにひどく臆病そうな青い顔つきをして、サルンの入り口の戸の陰にたたずみながら、四角にたたんだ手ぬぐいをまっ赤になった目の所に絶えず押しあてては、ぬすみ見るように葉子を見やっていた。,"하코의 유모는, 어떤 큰 배라도 배는 배라고 하는 것처럼 심하게 겁먹을 것 같은 푸른 얼굴을 하고, 사룬의 입구의 문 그늘에 묻으면서, 사각형에 접은 손수건을 흠뻑 빠진 눈 곳에 끊임없이 밀어주고는, 누스미 보는 것처럼 하자를 보고"
3999,どっと,地面からおどり上がった雪が二三度はずみを取っておいて、どっと一気に天に向かって、謀反でもするように、降りかかって行くあの悲壮な光景が、まざまざと部屋の中にすくんでいる私の想像に浮かべられた。,"땅에서 솟아오른 눈이 23번 벗어나고, 쭉 단번에 하늘을 향해, 모반이라도 하듯이, 내려가는 그 비장한 광경이, 방금 방안에 흩어져 있는 나의 상상에 떠올랐다."
4002,やむなく,模範船からすぐ引き上げろという信号がかかったので、今までも気づかいながら仕事を続けていた漁船は、打ち込み打ち込む波濤と戦いながら配縄をたくし上げにかかったけれども、吹き始めた暴風は一秒ごとに募るばかりで、船頭はやむなく配縄を切って捨てさせなければならなくなった。,"모범선에서 바로 끌어올리라는 신호가 걸렸기 때문에, 지금까지도 눈치채면서 일을 계속하고 있던 어선은, 박아 치는 파도와 싸우면서 배나무를 치고 올리기에 걸렸지만, 불기 시작한 폭풍은 1초마다 모집만 하고, 선두는 어쩔 수 없이 배너를 자르고 버리게 한다."
4040,改めて,しかし改めて君の顔を見ると、言わさないじゃおかないぞといったような真剣さが現われていた。,하지만 다시 너의 얼굴을 보면 말하지 말아야겠다고 하는 진지함이 나타났다.
4045,次第に,そして無邪気な微笑をもって、私の唯一の生命である空想が勝手次第に育って行くのを見守っていてくれるだろう。,"그리고 순진한 미소를 가지고, 나의 유일한 생명인 공상이 마음대로 점점 자라 가는 것을 지켜봐 줄 것이다."
4091,もはや,個性はもはや個性の社会に対する本能的要求を以て満足せず、個性自身、その全体の満足の中にのみ満足する。,"개성은 더 이상 개성 사회에 대한 본능적 요구를 만족시키지 못하고 개성 자체, 그 전체의 만족 속에서만 만족한다."
4093,一層,だから一層正しくいえば、根柢的な人間の生活は自由なる意志によって導かれ得るのだ。,"그러므로 더욱 정확하게 말하면, 근柢적인 인간의 생활은 자유로운 의지에 의해 인도될 수 있는 것이다."
4094,一応,道徳は対人的なものだという見解は一応道理ではあるけれども、私はそうは思わない。,"도덕은 대인적인 것이라는 견해는 일단 도리이지만, 나는 그렇게 생각하지 않는다."
4095,一概に,そう思われることを私は一概に排斥するものではない。,그렇게 생각되는 것을 나는 대략 배척하는 것이 아니다.
4096,一見,例えば個性の要求の結果が一見肉に属する慾の遂行のように思われる時があっても、それをお前が今まで考えていたように、簡単に肉慾の遂行とのみ見てはならぬ。,"예를 들면 개성의 요구의 결과가 겉보기 고기에 속하는 혜의 수행처럼 보일 때가 있어도, 그것을 너가 지금까지 생각하고 있던 것처럼, 간단하게 육습의 수행이라고만 봐서는 안 된다."
4178,必ずしも,智的生活は多くの人々の経験の総和が生み出した結果であり約束であるが、本能的生活は純粋個性内部の衝動であるが故に、必ずしも社会生活と順応することが出来ないだろうとの杞憂は起りがちに見えるからである。,"지적생활은 많은 사람들의 경험의 합이 낳은 결과이며 약속이지만, 본능적 생활은 순수한 개성 내부의 충동이기 때문에 반드시 사회생활과 순응할 수 없을 것이라는 기우는 일어나기 쉬워 보이기 때문이다."
4204,更に,若し私のこの貧しい感想を読む人があった時、この出発点を首肯することが出来ないならば、私はその人に更にいい進むべき何物をも持ち得ない。,"젊은 나의 이 가난한 소감을 읽는 사람이 있을 때, 이 출발점을 수긍할 수 없는 경우에, 나는 그 사람에게 더 좋은 전진할 무엇이든을 가질 수 없다."
4211,極めて,私は自分が極めて低い生活途上に立っているものであることをよく知りぬいている。,나는 내가 매우 낮은 생활 도중에 서 있는 것임을 잘 모르고 있다.
4232,現に,然し本体の表現には役立たない。,그러나 본체의 표현에는 도움이 되지 않는다.
4238,直ちに,人は生れると直ちにこの「不可能」と「欲求」との間にさいなまれる。,사람은 태어나자마자 이 '불가능'과 '욕망' 사이에 사라진다.
4310,随分,波打際から随分遠い所に、波に隠れたり現われたりして、可哀そうな妹の頭だけが見えていました。,"파도 때부터 상당히 먼 곳에 파도에 숨기거나 나타나기도 하고, 불쌍한 여동생의 머리만이 보이고 있었습니다."
4312,およそ,農場の事務所に達するには、およそ一丁ほどの嶮しい赤土の坂を登らなければならない。,농장 사무소에 이르기 위해서는 대략 1정 정도의 붐비는 적토의 비탈을 올라야 한다.
4313,なにしろ,「私は実はこちらを拝見するのははじめてで、帳場に任して何もさせていたもんでございますから、……もっとも報告は確実にさせていましたからけっしてお気に障るような始末にはなっていないつもりでございますが、なにしろ少し手を延ばして見ますと、体がいくつあっても足りませんので」そう言って矢部は快げに日の光をまともに受けながら声高に笑った。,"「나는 실은 이쪽을 배견하는 것은 처음으로, 장장에 맡기고 아무것도 시키고 있었으니까, … 되어 있지 않을 생각입니다만, 어쨌든 조금 손을 뻗어 보면, 몸이 몇 개 있어도 부족하기 때문에” 그렇게 말해 야베는 쾌락에 햇빛을 제대로 받으면서 성고에 웃었다."
4314,やたらに,けれどもそうでありたくない気持ちがやたらに私を攻め立てるのです。,하지만 그렇게 하고 싶지 않은 기분이 드디어 나를 공격하게 하는 것입니다.
4413,大いに,君は今それを始めたばかりで大いに満足してるね。,너는 지금 그것을 시작한 지 얼마 안되어 매우 만족하네요.
4414,工夫,もうその時の挨拶まで工夫してるのか。,이제 그때의 인사까지 궁리하고 있는 것인가.
4415,案外,居処って奴は案外人間を束縛するもんだ。,거처하고 녀석은 의외 인간을 속박하는 걸이다.
4416,歴史上,文芸上の作物は巧いにしろ拙いにしろ、それがそれだけで完了してると云う点に於て、人生の交渉は歴史上の事柄と同じく間接だ、とか何んとか。,"문예상의 작물은 능숙하게 겨냥해, 그것이 그것만으로 완료하고 있다고 말하는 점에 있어서, 인생의 협상은 역사상의 일과 같이 간접이다, 라든가 어떻게든."
4417,滅亡,この頃その短歌滅亡論という奴が流行って来たじゃないか。,요즘 그 단가멸망론이라는 녀석이 유행해 온 건가.
4418,無責任,一体歌人にしろ小説家にしろ、すべて文学者といわれる階級に属する人間は無責任なものだ。,도대체 가인이든 소설가라든지 모두 문학자라고 불리는 계급에 속하는 인간은 무책임한 것이다.
4419,短歌,（間）そうそう、君は何日か短歌が滅びるとおれに言ったことがあるね。,"(마) 그래 그래, 너는 며칠간 단가가 멸망한다고 저에게 말한 적이 있네요."
4420,どうせ,其処が地球と違ってるね』『其処ばかりじゃない』『どうせ違ってるさ。,그 처가 지구와 다르네」 『그 처만이 아니다』 『어차피 다르다.
4421,仰ぐ,』『それを積み重ねて、高い、高い、無際限に高い壁を築き上げたもんだ、然も二列にだ、壁と壁との間が唯五間位しかないが、無際限に高いので、仰ぐと空が一本の銀の糸の様に見える』『五間の舞台で芝居がやれるのか？,"『『그것을 쌓아서, 높고, 높고, 무제한으로 높은 벽을 쌓아 올린 건데, 아무래도 2열에다, 벽과 벽 사이가 유5간위밖에 없지만, 무제한으로 높기 때문에, 바라보면 하늘이 하나의 은실처럼 보인다』 『5간의 무대에서 연극을 할 수 있을까?"
4422,火星,』『俺は昨夜火星に行って来た』『そうかえ』『真個に行って来たよ』『面白いものでもあったか？,"""나는 어젯밤 화성에 다녀왔다."""
4423,主観,新浪漫主義を唱える人と主観の苦悶を説く自然主義者との心境にどれだけの扞格があるだろうか。,신랑만주의를 주창하는 사람과 주관의 고민을 설득하는 자연주의자와의 심경에 얼마나 격격이 있을까.
4424,予想外,今日我々のうち誰でもまず心を鎮めて、かの強権と我々自身との関係を考えてみるならば、かならずそこに予想外に大きい疎隔（不和ではない）の横たわっていることを発見して驚くに違いない。,"오늘 우리 가운데 누구나 우선 마음을 진정해, 의 강권과 우리 자신과의 관계를 생각해 보면, 언제나 거기에 예상외로 큰 소격(불화는 아니다)의 누워 있는 것을 발견해 놀랄 것 같다."
4425,他方,一例を挙げるならば、近き過去において自然主義者から攻撃を享けた享楽主義と観照論当時の自然主義との間に、一方がやや贅沢で他方がややつつましやかだという以外に、どれだけの間隔があるだろうか。,"일례를 든다면, 가까운 과거에 있어서 자연주의자로부터 공격을 누린 향락주의와 관조론 당시의 자연주의와의 사이에, 한쪽이 약간 사치스럽고 다른 쪽이 야츠츠카시야다고 하는 것 이외에, 얼마나의 간격이 있을까."
4426,個々,時代閉塞の現状はただにそれら個々の問題に止まらないのである。,시대 폐색의 현상은 단지 그들 개인적인 문제에 멈추지 않기 때문이다.
4427,公認,はたまた今日我邦において、その法律の規定している罪人の数が驚くべき勢いをもって増してきた結果、ついにみすみすその国法の適用を一部において中止せねばならなくなっている事実（微罪不検挙の事実、東京並びに各都市における無数の売淫婦が拘禁する場所がないために半公認の状態にある事実）は何を語るか。,"또한 오늘날 우리방에서 그 법률이 규정하고 있는 죄인의 수가 놀라운 기세로 증가해 온 결과, 드디어 미스미스 그 국법의 적용을 일부에 있어서 중지해야 되는 사실(미죄불검거의 사실, 도쿄 및 각 도시에 있어서 무수한 매매부가 있는 사실은 무엇인가)"
4428,合致,すこし例は違うが、小説「放浪」に描かれたる肉霊合致の全我的活動なるものは、その論理と表象の方法が新しくなったほかに、かつて本能満足主義という名の下に考量されたものとどれだけ違っているだろうか。,"조금 예는 다르지만, 소설 '방랑'에 그려진 육령 합치의 전아적 활동이 되는 것은 그 논리와 표상의 방법이 새로워진 것 외에, 일찌기 본능 만족주의라는 이름 아래에 고량된 것과 얼마나 다를까."
4429,同志,そうしてそれが過ぎてしまえば、ふたたび他人同志になるのである。,"그렇게 해서 그것이 지나버리면, 다시 타인 동지가 되는 것이다."
4430,唱える,新浪漫主義を唱える人と主観の苦悶を説く自然主義者との心境にどれだけの扞格があるだろうか。,신랑만주의를 주창하는 사람과 주관의 고민을 설득하는 자연주의자와의 심경에 얼마나 격격이 있을까.
4431,対抗,すなわち、その共棲がまったく両者共通の怨敵たるオオソリテイ――国家というものに対抗するために政略的に行われた結婚であるとしていることである。,"즉, 그 공거가 전혀 양자 공통의 원적인 오오솔리테이――국가라는 것에 대항하기 위해 정략적으로 행해진 결혼이라고 하는 것이다."
4432,局限,すなわち彼には、人間の偉大に関する伝習的迷信がきわめて多量に含まれていたとともに、いっさいの「既成」と青年との間の関係に対する理解がはるかに局限的（日露戦争以前における日本人の精神的活動があらゆる方面において局限的であったごとく）であった。,"즉 그에게는 인간의 위대에 관한 전습적 미신이 매우 다량으로 포함되어 있는 것과 동시에, 일체의 '기성'과 청년 사이의 관계에 대한 이해가 훨씬 국한적이었다."
4433,志す,そうしてこの結論は、特に実業界などに志す一部の青年の間には、さらにいっそう明晰になっている。,그렇게 해서 이 결론은 특히 실업계 등에 뜻하는 일부 청년 사이에는 더욱 명명되고 있다.
4434,指摘,この意味において、魚住氏の指摘はよくその時を得たものというべきである。,이 의미에서 우오스미씨의 지적은 자주 그 때를 얻은 것이어야 한다.
4435,明白な,それが明白なる誤謬、むしろ明白なる虚偽であることは、ここに詳しく述べるまでもない。,"그것이 명백한 오함, 오히려 명백한 허위라는 것은 여기에 상세히 말할 필요도 없다."
4436,正義,正義だの、人道だのということにはおかまいなしに一生懸命儲けなければならぬ。,정의이지만 인도적이라는 것은 어리석은 일 없이 열심히 벌어야 한다.
4437,気風,今日我々の父兄は、だいたいにおいて一般学生の気風が着実になったといって喜んでいる。,오늘 우리 아빠는 대체로 일반 학생의 기풍이 꾸준히 되었다고 기뻐하고 있다.
4438,脱出,かくて今や我々青年は、この自滅の状態から脱出するために、ついにその「敵」の存在を意識しなければならぬ時期に到達しているのである。,따라서 지금 우리 청년은 이 자멸의 상태에서 탈출하기 위해 마침내 그 '적'의 존재를 의식해야 하는 시기에 도달하고 있는 것이다.
4439,豊作,戦争とか豊作とか饑饉とか、すべてある偶然の出来事の発生するでなければ振興する見込のない一般経済界の状態は何を語るか。,"전쟁이라든지 풍작이라든지 우지라든지, 모두 있는 우연한 사건이 발생하지 않으면 진흥할 전망이 없는 일반 경제계의 상태는 무엇을 말하는가."
4440,限定,そうしてその論争によって、純粋自然主義がその最初から限定されている劃一線の態度を正確に決定し、その理論上の最後を告げて、ここにこの結合はまったく内部において断絶してしまっているのである。,"그렇게 해서 그 논쟁에 의해 순수자연주의가 그 처음부터 한정되어 있는 교일선의 태도를 정확하게 결정하고, 그 이론상의 끝을 알리고, 여기에 이 ​​결합은 완전히 내부에서 단절되어 버리는 것이다."
4441,意義,目的を失った心は、その人の生活の意義を破産せしめるものである。,목적을 잃은 마음은 그 사람의 생활의 의의를 파산시키는 것이다.
4442,推理,曰く、「あらゆる行為の根底であり、あらゆる思索の方針である智識を有せざる彼等文芸家が、少しでも事を論じようとすると、観察の錯誤と、推理の矛盾と重畳百出するのであるが、これが原因を繹ねると、つまり二つに帰する。,"엎드려 “모든 행위의 근저이며 모든 사색의 방침인 지식을 갖지 못하는 그 등 문예가가 조금이라도 일을 논하려고 하면 관찰의 착오와 추리의 모순과 중첩 백출하는 것이지만, 이것이 원인을 지키면, 즉 둘로 돌아간다."
4443,根底,……日本はその国家組織の根底の堅く、かつ深い点に於て、何れの国にも優っている国である。,일본은 그 국가조직의 근본적인 견고하고 깊은 점에서 어느 나라에도 친한 나라이다.
4444,痛切な,其処にもまた、呪うべく愍れむべき性急な心が頭を擡げて、深く、強く、痛切なるべき考察を回避し、早く既に、あたかも夫に忠実なる妻、妻に忠実なる夫を笑い、神経の過敏でないところの人を笑うと同じ態度を以て、国家というものに就いて真面目に考えている人を笑うような傾向が、或る種類の青年の間に風を成しているような事はないか。,"거기에 또한 저주할 수 있게 해야 할 가파른 마음이 머리를 담아 깊고 강하고 통절해야 할 고찰을 회피하고 일찍 이미 마치 남편에게 충실한 아내, 아내에게 충실한 남편을 웃으며 신경의 과다 민감하지 않은 곳의 사람을 웃는 것과 같은 태도로 국가라는 것을 취하고 진지하게 생각하고 있는 사람을 웃는 경향이, 어떤 종류의 청년의 사이에 바람을 이루고 있는 것 같은 것은 없는가."
4445,背く,そして、有妻の男子が他の女と通ずる事を罪悪とし、背倫の行為とし、唾棄すべき事として秋毫寛すなき従来の道徳を、無理であり、苛酷であり、自然に背くものと感じ、本来男女の関係は全く自由なものであるという原始的事実に論拠して、従来の道徳に何処までも服従すべき理由とては無いのだと考えたとする。,"그리고 유부녀의 남자가 다른 여자와 통하는 일을 죄악으로 하고, 배륜의 행위로 하고, 침기해야 할 일로서 가을 과용하지 않는 종래의 도덕을, 무리이고, 가혹하고, 자연스럽게 등장한다 그렇다고 느끼고, 본래 남녀의 관계는 완전히 자유로운 것이라고 하는 원시적 사실에 논거해, 종래의 도덕에 어디까지나 복종해야 할 이유는 없다고 생각했다고 한다."
4446,あくまで,予はあくまでも風のごとき漂泊者である。,예는 어디까지나 바람의 때 표박자이다.
4447,侵略,これ他なし、幾十年もしくは幾百年幾千年の因襲的法則をもって個人の権能を束縛する社会に対して、我と我が天地を造らむとする人は、勢いまず奮闘の態度を採り侵略の行動に出なければならぬ。,이 밖에 수십년 혹은 수백년 수천년의 인습적 법칙을 가지고 개인의 권능을 속박하는 사회에 대해 우리와 우리 천지를 건설한다고 하는 사람은 힘차게 분투의 태도를 채택하여 침략의 행동에 나와야 한다.
4448,勇敢な,階級といい習慣といい社会道徳という、我が作れる縄に縛られ、我が作れる狭き獄室に惰眠を貪る徒輩は、ここにおいて狼狽し、奮激し、あらん限りの手段をもって、血眼になって、我が勇敢なる侵略者を迫害する。,"계급과 좋은 습관과 좋은 사회도덕이라는, 내가 만들 수 있는 줄에 묶여, 내가 만들 수 있는 좁은 옥실에 잠을 탐하는 도배는, 여기에서 늑대를 끌고, 분격하고, 확실한 수단으로 혈안이 되어, 우리 용감한 침략자를 박해한다."
4449,天下,劫初以来人の足跡つかぬ白雲落日の山、千古斧入らぬ蓊鬱の大森林、広漠としてロシアの田園を偲ばしむる大原野、魚族群って白く泡立つ無限の海、ああこの大陸的な未開の天地は、いかに雄心勃々たる天下の自由児を動かしたであろう。,"劫初 이래 사람의 발자취 잡히지 않는 백운락일의 산, 치코 도끼 들어가지 않는 젓가락의 오모리 숲, 광막으로서 러시아의 시골을 조롱하는 오하라노, 어족 무리가 하얗게 거품이 일어나는 무한의 바다, 아 이 대륙적인 미개미의 천지는, 얼마나 수심 발아든 천하."
4450,形成,されば階級といい習慣といういっさいの社会的法則の形成せられたる時は、すなわちその社会にもはや新らしき声の死んだ時、人がいたずらに過去と現在とに心を残して、新らしき未来を忘るるの時、保守と執着と老人とが夜の梟のごとく跋扈して、いっさいの生命がその新らしき希望と活動とを抑制せらるる時である。,"그렇다면 계급과 좋은 습관이라는 일종의 사회적 법칙이 형성 될 때는, 를 남기고, 새로운 미래를 잊을 때, 보수와 집착과 노인이 밤의 옷처럼 뛰어오르고, 한 생명이 그 새로운 희망과 활동을 억제할 수 있을 때이다."
4451,日夜,八月二十五日夜の大火は、函館における背自然の悪徳を残らず焼き払った天の火である。,8월 25일 밤의 큰 불은 하코다테에서 등자연의 악덕을 남기지 않고 불에 태운 하늘의 불이다.
4452,未開,劫初以来人の足跡つかぬ白雲落日の山、千古斧入らぬ蓊鬱の大森林、広漠としてロシアの田園を偲ばしむる大原野、魚族群って白く泡立つ無限の海、ああこの大陸的な未開の天地は、いかに雄心勃々たる天下の自由児を動かしたであろう。,"劫初 이래 사람의 발자취 잡히지 않는 백운락일의 산, 치코 도끼 들어가지 않는 젓가락의 오모리 숲, 광막으로서 러시아의 시골을 조롱하는 오하라노, 어족 무리가 하얗게 거품이 일어나는 무한의 바다, 아 이 대륙적인 미개미의 천지는, 얼마나 수심 발아든 천하."
4453,経済上,自由に対する慾望とは、啻に政治上または経済上の束縛から個人の意志を解放せむとするばかりでなく、自己みずからの世界を自己みずからの力によって創造し、開拓し、司配せんとする慾望である。,"자유에 대한 욕망이란, 계몽에 정치상 또는 경제상의 속박으로부터 개인의 의지를 해방할 수 있을 뿐만 아니라, 자기 없는 세계를 자기 없는 힘으로 창조하고 개척하고 사배하지 않는 욕망이다."
4454,論議,予は今ここに文明の意義と特質を論議せむとする者ではないが、もし叙上のごとき状態をもって真の文明と称するものとすれば、すべての人の誇りとするその「文明」なるものは、けっしてありがたいものではない。,"예는 지금 여기에 문명의 의의와 특질을 논의할 수 있다고 하는 사람은 아니지만, 만약 서상의 때 상태를 가지고 진정한 문명이라고 칭하면, 모든 사람의 자랑으로 하는 그 「문명」되는 것은, 대단히 고맙지 않다."
4455,人格,趣味という語は、全人格の感情的傾向という意味でなければならぬのだが、おうおうにして、その判断をごまかした状態の事のように用いられている。,"취미라는 단어는 전 인격의 감정적 경향이라는 의미이어야 하지만, 대충 그 판단을 속인 상태의 일처럼 사용되고 있다."
4456,切開,眼を瞑ったようなつもりで生活というものの中へ深入りしていく気持は、時としてちょうど痒い腫物を自分でメスを執って切開するような快感を伴うこともあった。,눈을 감은 것 같은 생각으로 생활이라는 것 속에 깊숙이 들어가는 기분은 때로 딱 가려운 붓기를 스스로 암컷을 집어 절개하는 쾌감을 수반하기도 했다.
4457,制約,いうにしても、「しかし詩には本来ある制約がある。,"말하자면, “그러나 시에는 본래 있는 제약이 있다."
4458,前提,しかしそういう時は、「もし詩を作るなら」という前提を心に置いた時か、でなくば口語詩に対して極端な反感を抱いている人に逢った時かであった。,"그러나 그러한 때는, 「만약 시를 만든다면」이라고 하는 전제를 마음에 두었을 때인가, 아니면 구어시에 대해서 극단적인 반감을 안고 있는 사람에게 만났을 때였다."
4459,変動,二十歳の時、私の境遇には非常な変動が起った。,20살 때 나의 처지에는 매우 변동이 일어났다.
4460,変遷,それは日本の国語がまだ語格までも変るほどには変遷していないということを指摘したにすぎなかった。,그것은 일본의 국어가 아직 어격까지도 바뀔 정도로 변천하고 있지 않다는 것을 지적한 것에 불과했다.
4461,妥当,詩を書く人を他の人が詩人と呼ぶのは差支ないが、その当人が自分は詩人であると思ってはいけない、いけないといっては妥当を欠くかもしれないが、そう思うことによってその人の書く詩は堕落する……我々に不必要なものになる。,"시를 쓰는 사람을 다른 사람이 시인이라고 부르는 것은 차지하지 않지만, 그 당인이 자신은 시인이라고 생각해서는 안 된다."
4462,当人,詩を書く人を他の人が詩人と呼ぶのは差支ないが、その当人が自分は詩人であると思ってはいけない、いけないといっては妥当を欠くかもしれないが、そう思うことによってその人の書く詩は堕落する……我々に不必要なものになる。,"시를 쓰는 사람을 다른 사람이 시인이라고 부르는 것은 차지하지 않지만, 그 당인이 자신은 시인이라고 생각해서는 안 된다."
4463,慣用,そうしてその時は、私が詩作上に慣用した空想化の手続が、私のあらゆることに対する態度を侵していた時であった。,"그렇게 그 때는, 내가 시작상에 관용한 공상화의 수속이, 나의 모든 것에 대한 태도를 침범하고 있었던 때였다."
4464,技能,そうしてことに私のように、詩を作るということとそれに関聯した憐れなプライドのほかには、何の技能ももっていない者においていっそう強く享けねばならぬものであった。,그렇게 해서 나처럼 시를 만들겠다는 것과 그것에 관여한 자비로운 자존심 외에는 아무런 기능도 갖고 있지 않은 자에게서 더욱 강하게 누려야 하는 것이었다.
4465,採集,記載報告ということは文芸の職分の全部でないことは、植物の採集分類が植物学の全部でないと同じである。,"기재 보고라는 것은 문예의 직분의 전부가 아닌 것은, 식물의 채집 분류가 식물학의 전부가 아닌 것과 같다."
4466,植民地,ついに、あの生活の根調のあからさまに露出した北方植民地の人情は、はなはだしく私の弱い心を傷づけた。,드디어 그 삶의 근조에 대한 분노에 노출된 북방 식민지의 인정은 하나하나 내 약한 마음을 다쳤다.
4467,極力,そういう趣味ならば、すくなくとも私にとっては極力排斥すべき趣味である。,"그런 취미라면, 어쨌든 나에게 있어서는 최대한 배척해야 할 취미이다."
4468,決算,詩とそれらとの関係は、日々の帳尻と月末もしくは年末決算との関係である。,"시와 그와의 관계는, 매일의 장지와 월말 혹은 연말 결산과의 관계이다."
4469,漠然と,私も「吾々の詩はこのままではいけぬ」とは漠然とながら思っていたが、しかしその新らしい輸入物に対しては「一時の借物」という感じがついて廻った。,"나도 '고들의 시는 이대로는 안 된다'고는 막연하게 생각했지만, 그 새로운 수입물에 대해서는 '일시의 차물'이라는 느낌이 들고 돌아왔다."
4470,玩具,意志薄弱なる空想家、自己および自己の生活を厳粛なる理性の判断から回避している卑怯者、劣敗者の心を筆にし口にしてわずかに慰めている臆病者、暇ある時に玩具を弄ぶような心をもって詩を書きかつ読むいわゆる愛詩家、および自己の神経組織の不健全なことを心に誇る偽患者、ないしはそれらの模倣者等、すべて詩のために詩を書く種類の詩人は極力排斥すべきである。,"의지 박약하는 공상가, 자기 및 자기의 생활을 엄숙한 이성의 판단에서 회피하고 있는 비겁한 자, 열패자의 마음을 붓고 입으로 하여 약간 위로하고 있는 겁쟁이, 여가 있을 때 완구를 농담하는 마음을 가지고 시를 쓰고 읽는 소위 사랑 시가, 그리고 자기 신경 조직의 불건전한 것을 마음에 자랑하는 가짜 환자, 또는 그 모방자 등, 모두 시를 위해 시를 쓰는 종류의 시인은 최대한 배척해야 한다."
4471,相応,しかしそれにはまたそれ相応の理由があった。,그러나 그것에는 또한 그것에 적합한 이유가 있었다.
4472,薄弱な,意志薄弱なる空想家、自己および自己の生活を厳粛なる理性の判断から回避している卑怯者、劣敗者の心を筆にし口にしてわずかに慰めている臆病者、暇ある時に玩具を弄ぶような心をもって詩を書きかつ読むいわゆる愛詩家、および自己の神経組織の不健全なことを心に誇る偽患者、ないしはそれらの模倣者等、すべて詩のために詩を書く種類の詩人は極力排斥すべきである。,"의지 박약하는 공상가, 자기 및 자기의 생활을 엄숙한 이성의 판단에서 회피하고 있는 비겁한 자, 열패자의 마음을 붓고 입으로 하여 약간 위로하고 있는 겁쟁이, 여가 있을 때 완구를 농담하는 마음을 가지고 시를 쓰고 읽는 소위 사랑 시가, 그리고 자기 신경 조직의 불건전한 것을 마음에 자랑하는 가짜 환자, 또는 그 모방자 등, 모두 시를 위해 시를 쓰는 종류의 시인은 최대한 배척해야 한다."
4473,装飾,しかしこの議論には、詩そのものを高価なる装飾品のごとく、詩人を普通人以上、もしくは以外のごとく考え、または取扱おうとする根本の誤謬が潜んでいる。,"그러나 이 논의에는 시 자체를 고가의 장식품과 같이 시인을 보통인 이상, 혹은 이외와 같이 생각하거나 취급하려고 하는 근본의 오모가 숨어 있다."
4474,記載,すなわち真の詩人とは、自己を改善し自己の哲学を実行せんとするに政治家のごとき勇気を有し、自己の生活を統一するに実業家のごとき熱心を有し、そうしてつねに科学者のごとき明敏なる判断と野蛮人のごとき卒直なる態度をもって、自己の心に起りくる時々刻々の変化を、飾らず偽らず、きわめて平気に正直に記載し報告するところの人でなければならぬ。,"즉 진정한 시인이란 자기를 개선하고 자기의 철학을 실행하지 않기 위해 정치가의 때 용기를 갖고, 자기의 삶을 통일하기 위해 사업가의 때에 열심을 갖고, 그렇게 항상 과학자마다 분명한 판단과 야만인의 때 졸직하는 태도로 자기 마음에 일어나는 가끔씩의 변화를 꾸미지 않고 거짓이지 않고, 매우 태연하게 정직하게 기재하고 보고하는 곳의 사람이어야 한다."
4475,駆使,その婦人は三十何年間日本にいて、平安朝文学に関する造詣深く、平生日本人に対しては自由に雅語を駆使して応対したということである。,"그 부인은 30년간 일본에 있어 헤이안 조문학에 관한 조예 깊고, 평생 일본인에 대해서는 자유롭게 마사어를 구사해 응대했다는 것이다."
4477,どうにか,」「何でも可うござんすから、銑さん、貴郎、どうにかして下さい。,"""뭐든지 할 수 있는 잔잔하니까, 센씨, 키로, 어떻게 든 주세요."
4479,今更,」と今更ながら畚を覗くと、冷い磯の香がして、ざらざらと隅に固まるものあり、方丈記に曰く、ごうなは小さき貝を好む。,"」 라고 지금 다시 한마음을 들여다보면, 차가운 이소의 향이 있어, 거칠게 구석에 굳어지는 것이 있어, 방장기에 엎드려, 고우는 작은 조개를 좋아한다."
4502,とりあえず,検死の医師の診察せるに、こは全く病気のために死したるにあらで、何にかあるらん劇しき毒に中りたるなりとありけるにぞ、棄置き難しと警官がとりあえず招寄せたる探偵はこの泰助なり。,"검사의 의사의 진찰을 할 수 있는데, 이건 전혀 병 때문에 죽었고, 어쨌든 극심한 독에 중얼거리며 있을 수 있다."
4503,にわかに,にわかに劇しく腹の痛みて、立ってもいられず大地に僵れ、苦しんでいる処へ誰やらん水を持来りて、呑ましてくるる者のあり。,"어쩐지 극히 배가 아프고, 서도 있을 수 없고 대지에 괴롭히고, 괴로워하고 있는 곳에 누구나 물을 가져와, 삼켜 오는 사람의 있어."
4504,一向に,「いいえ、一向に存じません。,"""아니, 일방에 몰라요."
4625,体格,その人は体格のよい身体をしゃんと立てて椅子に腰をかけ、右膝を折り曲げています、いつも何だか判らない楽器をその上に乗せて、奏でています。,"그 사람은 체격이 좋은 신체를 제대로 세워 의자에 허리를 걸어, 오른쪽 무릎을 구부리고 있습니다, 언제나 무엇인가 모르는 악기를 그 위에 실어, 연주하고 있습니다."
4626,初雪,この人が眼で見よと知らする庭の初雪。,이 사람이 눈으로 보라고 알리는 정원의 첫눈.
4627,担う,おもえば相当に、罪を担うて居るこの人である。,굳이 상당히 죄를 지어서 있는 이 사람이다.
4628,ことごとく,しかし彼等が見合いかたがた河内屋に滞在しているうちに彼等はことごとく匙を投げた。,그러나 그들이 어울리는 가와치야에 머무르고 있는 동안에 그들은 모두 사수를 던졌다.
4629,おのずと,（目※連の声が聞ゆると同時に、阿難と娘を縛めたる毛綱おのずと断れ落つ。,"(눈 ※연의 목소리가 들리는 것과 동시에, 아난과 딸을 묶은 모강 쓰레기와 끊어 떨어진다."
4630,保つ,健かに保つことを忘れてはならぬ。,건강하게 지키는 것을 잊지 말라.
4631,信任,悔の牙に噛み攻められ、殆ど自己の信任を失して仕舞うほどの心を引立てて、面を焦さんばかりの罪にまともに向き合って、その中より生命の浄化の秘密を探り出す般若の行道、これこそもっともお前に相応したものである。,"회개의 송곳니에 물려 공격받아 대부분 자기의 신임을 잃고 완수할 정도의 마음을 돋보이게 하고, 면을 초조한 죄에 제대로 마주하고, 그 중에서 생명의 정화의 비밀을 찾아내는 반약의 행도, 이것이야말로 가장 너에게 상응한 것이다."
4632,協調,かくて双者を美によって協調諧和させる。,따라서 쌍둥이를 아름다움으로 협조 완화시킨다.
4633,占める,（列の人々一拝し、おのおの座具の上に座を占める。,(열의 사람들이 숭배하고 각자의 좌구 위에 자리를 차지한다.
4634,取り付ける,生命と云っても別に他から取り付けるようなぴかぴか光ったものがある訳ではない。,생명이라고 말해도 따로 다른 사람으로부터 설치하는 듯한 빛나는 것이 있는 것은 아니다.
4635,嘆く,娘はおろおろとして阿難を抱きかかえてみたり、また釈尊の前へ駈け寄ったり、正体もなく嘆く。,"딸은 오로로로 아난을 껴안고 보고, 또 석존 앞으로 가고, 정체도 없이 한탄한다."
4636,図る,それはたとえば、土を刃に仕立てて水を斬ろうと図るようなものじゃ。,"그것은 예를 들어, 흙을 칼날로 만들어 물을 베어려고 하는 것과 같은 것이야."
4637,妨害,それを凋ませぬ為めには努めて嫉妬、妨害、偽り、憎みなどの刺戟が要るので御座います。,"그것을 능숙하지 않기 위해 노력하고 질투, 방해, 거짓, 증오 등의 자극이 필요하기 때문에 있습니다."
4638,差し出す,（と手でつまんで差し出す。,(와 손으로 잡고 내밀어.
4639,悩ます,）※曇弥――世尊、衆生をお救いになる御心配のほかに、お心を悩ますことも御座りませぬか。,")※흐미야――세존, 중생을 구원이 되는 걱정 외에, 마음을 괴롭히는 일도 계시지 않는가."
4640,意図,従ってこの場の芸術的権能も、作曲家と振付家に委ぬべきは勿論の事ではあるが、これ等の芸術によって仕活かすところの宗教的思想――或は宗教的アトモスフィーヤ――に就いて一応作家の意図を述べて、これにたずさわるべき芸術家諸氏の参考に供し、なお俳優諸氏の演技上の便宜にしたく思う。,"따라서 이 자리의 예술적 권능도 작곡가와 안무가에게 맡겨야 하는 것은 물론이지만, 이 등의 예술에 의해 사역하는 곳의 종교적 사상――혹은 종교적 아토모스피어――에 종사하고 일단 작가의 의도를 말하고, 이것에 맞춰야 할 예술가 여러분의 참고로"
4641,故人,何故人間には、人間の躓きになる恋などというものが、与えられて在るので御座いましょう。,왜 인간에게는 인간의 망설임이 되는 사랑 등이라는 것이 주어져 있기 때문에 보자.
4642,未熟な,それではわたくしの未熟な考えを其儘申し上げさせて頂きます。,그러면 저의 미숙한 생각을 其儘申し上げます.
4643,構想,第八場縛縄問答も禅よりの構想である。,제8장박 줄문답도 선보다 구상이다.
4644,武装,これに従って護法の諸天、神将達が絢爛なる武装にて控え居る。,"이에 따라 호법의 제천, 신장들이 현란한 무장에서 앞두고 있다."
4645,特許,阿難の器械はそこらにざらにあるが、世尊の器械は専売特許だ。,"아난의 계기는 거기에 거친데, 세존의 계기는 전매 특허다."
4646,編む,宇宙を編む生命網の象徴である。,우주를 짜는 생명망의 상징이다.
4647,肉親,心の隙へ出家にあるまじき肉親の愛を想う慾念がきざしたのだ。,마음의 틈에 출가에 있는 진지한 육친의 사랑을 생각하는 헌념이 떠오른 것이다.
4648,臨む,元来、高きよりわれらに臨む「生命」なるものは、三つの眼を持って居る。,"원래, 높이보다 우리에게 임하는 「생명」되는 것은, 3개의 눈을 가지고 있다."
4649,装う,呪いの方の眷属は多く妖艶なる美女の姿を装うて居る。,저주 쪽의 속속은 많이 요염한 미녀의 모습을 치고 있다.
4650,討論,法の討論より餅の方が大事というのか。,법의 토론보다 떡이 더 중요하다는 것인가.
4651,賢い,お前は道に賢い方法を取った、お前は凡身の息を止めて仏性の息を呼吸し始めた。,"너는 길에 현명한 방법을 취했고, 너는 범신의 숨을 멈추고 불성의 숨을 호흡하기 시작했다."
4652,追放,僧一――（釈尊に一礼して）破戒の比丘は絡め取って、教団から追放するのが掟で御座います。,승이치――(석존에게 일례해) 파계의 히오카는 얽혀 교단에서 추방하는 것이 갓으로 보입니다.
4653,逃れる,それでは三つの道を三つとも逃れる事ではないか。,그렇다면 세 가지 길을 세 가지 모두 도망치는 것이 아닐까.
4654,道場,わたしは道場に坐って、いつものように思惟して居た。,나는 도장에 앉고 언제나처럼 사유하고 있었다.
4655,鍛える,心を鍛える事ばかり尊しとして体を弱めてしまってはならぬ。,마음을 단련하는 일만 존중으로 몸을 약하게 해서는 안된다.
4656,いやらしい,しかし、恋歌は流石に手に入ったものだね」（口の中で読んで、色紙を破って捨てる）老侍女「蝶々としたらほんとにいやらしい、暇つぶしの蝶々でございますねえ」式部「けども、また、いじらしいところもある蝶々さ、そうお憎みでないよ」（式部再び机に向って筆を執る。,"그러나, 연가는 유석에 손에 들어간 것이구나」(입안에서 읽고, 색지를 찢어 버린다) 노무라 여자 「나비로 하면 정말 싫은, 여가 시간의 나비입니다.」"
4657,内心,世間の噂の通り、貞淑堅固の御婦人ですか、それとも内心には、ちっとは人の情熱に動かされ易い熱情的なところを持っていられますか。,"세상의 소문대로, 정숙 견고한 부인입니까, 아니면 내심에는, 잠깐은 사람의 열정으로 움직이기 쉬운 열정적인 곳을 가지고 있습니까?"
4658,観覧,その庭を囲んで矩形に築地垣が廻らされているが、今は崩れてほんの土台の型だけ遺っているばかりなので観覧席より正面家屋の屋内の動静を見物するのに少しも差支えない。,"그 정원을 둘러싸고 직사각형으로 츠키지가키가 돌아오고 있지만, 지금은 무너져 단지 기초만이 남아 있을 뿐이므로 관람석보다 정면 가옥의 실내의 동정을 구경하는데 조금도 지장이 없다."
4659,取り戻す,蓮月の起きて居る姿を見て躊躇し引返しかけたが、また勇気を取り戻すに努める様子。,"연월이 일어나고 있는 모습을 보고 망설이고 돌아왔지만, 또 용기를 되찾기 위해 노력하는 모습."
4660,工作,蓮月はやはり土間の轆轤台の前に坐って居て工作に余念も無い。,연월은 역시 흙간의 轆轤台 앞에 앉고 있고 공작에 여념도 없다.
4661,気品,この蛙の絵なども気品の高さ、京やそこらの商売画描きなどは足元にも及ぶものではない。,"이 蛙의 그림 등도 기품의 높이, 교토나 그 밖의 장사 그리기 등은 발밑에도 미치지 않는다."
4662,覆面,しばらくして覆面した一人の男庵室に忍び寄る。,잠시 후 복면 한 남남실에 들어온다.
4663,養う,わたくしには一人の老いた父があり、それを養う為にしばらく死を思い止まらねばなりませんでした。,"나에게는 한 늙은 아버지가 있었고, 그것을 먹이기 위해 잠시 죽음을 떠올려야했습니다."
4664,代用,トンカツに巡り会わない日本人はようやくその代用品を見つけて、衣を着た肉の揚物に対する執着を充たすだけで我慢しなければならぬ。,돈까스를 둘러보지 않는 일본인은 드디어 그 대용품을 찾아 옷을 입은 고기 양물에 대한 집착을 충당하는 것만으로 참아야 한다.
4665,需要,そして蝸牛の需要は秋から冬にかけてであるため、その頃になると蝸牛は土の中にもぐってしまうから、養殖者は丁度芋を掘るように木の棒で掘り出さなければならない。,"그리고 달팽이의 수요는 가을부터 겨울에 걸쳐 있기 때문에, 그 무렵이 되면 달팽이는 흙 속에 빠져버리기 때문에, 양식자는 정확히 고구마를 파도록 나무의 막대기로 파내야 한다."
4666,客観,潔癖を持つ事は時に孤独な淋しさが身を噛む事もあるが、恆に、もののイージーな部分にまみれないではっきりとして客観的にものを観察出来て、結局ロング・ランには正当に自己を処理させるに違いない。,"결 버릇을 가지는 것은 때로는 외로운 음모가 몸을 씹는 일도 있지만, 굉장히, 물건의 쉬운 부분에 빠지지 않는 분명히 객관적으로 물건을 관찰할 수 있고, 결국 롱런에는 정당하게 자기를 처리시킬 것임에 틀림없다."
4667,積む,何故と言えば、余り深く一処、一物に執着して研鑽を積むという性質ではないからである。,"왜냐하면 너무 깊게 일처, 일물에 집착해 연루를 쌓는 성질이 아니기 때문이다."
4668,終始,終始令嬢は動かなかった――その取済ました顔に表われたものは、病弱な疲労でもなく、深いなやみの陰影でもなかった。,"시종 영양은 움직이지 않았다――그 취제한 얼굴에 나타나는 것은, 병약한 피로도 아니고, 깊은 어리석음의 음영도 아니었다."
4669,きっかり,僕もきっかり決裂した感じで気持をそらすことが出来よう。,나도 확실히 결렬한 느낌으로 마음을 돌릴 수 있을 것 같다.
4670,不況,あいつは頭がよくって、何でもはっきり割り切ろうとしていたからなあ」「そうだ、ここのように純粋の軍需品会社でもなく、平和になればまた早速に不況になる惧れのあるような会社は見込みがないって言ってたよ」山岸は辺りへ聞えよがしに言った。,"그 녀석은 머리가 좋고, 무엇이든 분명히 나누려고 했으니까」 「그렇다, 여기와 같이 순수한 군수품회사도 아니고, 평화가 되면 또 조속히 불황이 되는 동경이 있는 것 같은 회사는 전망이 없다고 말했어」 야마기시는 근처에 들으려고 말했다."
4671,利息,利息ってものがあるわけよ」明子が傍から加奈江をけしかけたけれど、加奈江は二度と叩く勇気がなかった。,"이자라는 것이 있을 거야」 아키코가 옆에서 가나에를 걸었지만, 가나에는 두 번 두드릴 용기가 없었다."
4672,後半,加奈江は茶の間の隅に坐って前の坪庭の山茶花の樹に雨が降りそそぐのをすかし見ながら、むかしの仇討ちをした人々の後半生というものはどんなものだろうなぞと考えたりした。,"카나에는 차 사이의 구석에 앉고 전 평원의 야마차 꽃의 나무에 비가 내리는 것을 살짝 보면서, 옛날의 원수를 한 사람들의 후반생이라고 하는 것은 어떤 것일까라고 생각하기도 했다."
4673,憤慨,二人の憤慨とは反対に加奈江はへたへたと自分の椅子に腰かけて息をついた。,두 명의 분개와는 반대로 가나에는 찢어져 자신의 의자에 앉아 숨을 쉬었다.
4674,船舶,拓殖会社の大事務室には卓が一見縦横乱雑に並び、帳面立ての上にまで帰航した各船舶から寄せられた多数の複雑な報告書が堆く載っている。,"탁식회사의 대사무실에는 탁자가 일견 종횡난잡하게 늘어서, 장면 세워 위에까지 귀항한 각 선박으로부터 전해진 다수의 복잡한 보고서가 퇴거 실려 있다."
4675,補う,私も応援に立つわ」磯子は自分のまずい言い方を今後の態度で補うとでもいうように力んでみせた。,저도 응원에 설 것 '이소고는 자신의 끔찍한 말을 향후 태도로 보충하겠다고 말할 수 있도록 힘써 보였다.
4676,追い出す,だが大丈夫、十時過ぎになれば何処の酒場でもカフェでもお客を追い出すだろう、その時分に銀座の……そうだ西側の裏通りを二、三日探して歩けば屹度あいつは掴まえられるよ」山岸の保証するような口振りに加奈江は「そうお、では私、ちょいちょい銀座へ行ってみますわ。,"하지만 괜찮아, 10시 지나면 어딘가의 술집에서도 카페에서도 손님을 쫓아낼 것이다, 그 시점에 긴자의…"
4677,釈明,よって手紙を以って、今、釈明する次第です。,따라서 편지를 통해 지금 해명하는 대로입니다.
4678,円満な,それも明るい貴族的なラファエルよりも、素朴な単純なミレーを好み、理智的に円満なダビンチよりも、悲哀と破綻に終ったアンゼロを愛するという具合です。,"그것도 밝은 귀족적인 라파엘보다, 소박한 단순한 밀레를 좋아하고, 이치적으로 원만한 다빈치보다, 비애와 파탄에 끝난 안젤로를 사랑한다는 상태입니다."
4679,愛好,氏は近頃漫画として鳥羽僧正の画をひどく愛好して居る様です。,씨는 요즘 만화로서 도바 승정의 그림을 심하게 애호하고 있는 것 같습니다.
4680,温和な,氏の表面は一層沈潜しましたが、底に光明を宿して居る為か、氏の顔には年と共に温和な、平静な相が拡がる様に見うけられます。,"씨의 표면은 한층 더 침잠했습니다만, 바닥에 광명을 묵고 있기 때문인가, 씨의 얼굴에는 해와 함께 온화한, 평정한 상이 퍼지는 것처럼 볼 수 있습니다."
4681,著書,氏の愛読書は、聖書と、東西の聖者の著書や、宗教的文学書と変りました。,씨의 애독서는 성서와 동서 성자의 저서나 종교적 문학서로 바뀌었습니다.
4682,許容,が氏とて決して其を全然感じないのではない相ですが、それに就いて懸命になる先に氏は対者に許容を持ち得るとのことです。,"하지만 씨로 결코 그를 전혀 느끼지 않는 것이 아닙니다만, 거기에 취해 열심히 되기 전에 씨는 대자에게 허용을 가질 수 있다는 것입니다."
4683,頻繁,仕事の仕上げは、催促の頻繁な方ほど早く間に合わせる様です。,"일의 마무리는, 촉구의 빈번한 쪽만큼 빨리 사이에 맞추는 것 같습니다."
4684,頻繁な,仕事の仕上げは、催促の頻繁な方ほど早く間に合わせる様です。,"일의 마무리는, 촉구의 빈번한 분만큼 일찍에 맞추는 것 같습니다."
4685,偏愛,わたくしはその間に、妹のわたくしを偏愛して男の気ならば友人の手紙さえ取上げて見せなかった文学熱心の兄の墓に詣で、一人の弟と一人の妹の墓にも花と香花をわけた。,"나는 그동안 여동생의 나를 편애하고 남자의 마음이라면 친구의 편지조차 다루어 보이지 않았던 문학 열심의 형의 무덤에 참으로, 한 동생과 한 여동생의 무덤에도 꽃과 향꽃을 줬다."
4686,先代,わたくしたちのいま葬儀しつつある父と、その先代との間に家系も絶えんとし、家運も傾きかけた間一髪の際に、族中より選み出されて危きを既倒に廻し止めた女丈夫だという。,"우리의 지금 장례 하고 있는 아버지와 그 선대 사이에 가계도 끊임없이 하고, 가운도 기울인 동안 한발 때에, 족중에서 뽑아내고 위험을 기도하게 돌아 멈춘 여자 튼튼하다고 한다."
4687,切り出す,」以前に、こういう段階があるものだから、今もわたくしは、雛妓が氷水でも飲み終えたら、何か身の上ばなしか相談でも切り出すのかと、心待ちに待っていた。,"""이전에 이런 단계가 있는 것이니까, 지금도 저는 병아리가 얼음물이라도 마신다면, 뭔가 몸을 바라보니 상담에서도 잘라낼까 하고, 마음을 기다리고 있었다."
4688,埋蔵,「何百年の間、武蔵相模の土に亙って逞しい埋蔵力を持ちながら、葡い松のように横に延びただけの旧家の一族に付いている家霊が、何一つ世間へ表現されないのをおやじは心魂に徹して歎いていたのだ。,"“수백 년 동안 무사시 사가미의 흙에 걸친 굉장한 매장력을 가지면서, 푸른 소나무처럼 옆으로 뻗은 만큼의 구가의 일족에 붙어 있는 가령이, 아무것도 세상에 표현되지 않는 것을 아버지는 심혼에 철저히 꿰뚫고 있었던 것이다."
4689,好感,息子の一郎は「どうも不良マダムになったね」と言いながら、わたくしの芸術家にしては窮屈過ぎるためにどのくらい生きるに不如意であるかわからぬ性質の一部が、こんなことで捌けでもするように、好感の眼で見送って呉れた。,"아들의 이치로는 ""아무래도 불량 마담이 됐네""라고 말하면서, 나의 예술가로서는 지극히 지나치게 하기 위해 얼마나 살게 불가의인지 모르는 성질의 일부가, 이런 일로 드러내도 하는 것처럼, 호감의 눈으로 배웅해 들었다."
4690,家畜,その様子はただ鞣された素直な家畜のようになっていた。,그 모습은 그저 훔친 솔직한 가축처럼 되어 있었다.
4691,対談,煙草を喫いながらわたくしと雛妓との対談を食卓越しに微笑して傍観していた逸作は、こう言われて、「このお嬢さんは、売れ残りのうちの姐さんのためにだいぶ斡旋するね」と言葉で逃げたが、雛妓はなかなか許さなかった。,"담배를 피우면서 나와 병아리와의 대담을 식탁을 통해 미소하고 방관하고 있던 일작은 이렇게 말해, ""이 아가씨는, 팔리지 않은 남편을 위해 상당히 알선하네""라고 말로 도망쳤지만, 히나코는 좀처럼."
4692,対面,逸作とわたくしは幼友達ではあるが、それはほんのちょっとの間で、双方年頃近くになり、この上野の森の辺で初対面のように知り合いになったときは、逸作はその桜色の顔に似合わず市井老人のようなこころになっていた。,"일작과 저는 유우친이지만, 그것은 조금의 사이에서, 쌍방 년경 가까이가 되어, 이 우에노의 숲의 옆에서 첫 대면과 같이 알게 되었을 때는, 일작은 그 벚꽃색의 얼굴에 어울리지 않고 이치 노인과 같은 마음이 되어 있었다."
4693,情勢,わたくしは、わたくしの気の弱い弱味に付け込まれて、何か小娘に罠を構えられたような嫌気もしたが、行きがかりの情勢で次を訊かないではいられなかった。,"나는 나의 마음이 약한 약점에 붙여져서 뭔가 작은 딸에게 함정을 짓게 된 것 같은 혐기도 했지만, 갈거리의 정세로 다음을 묻지 말아야 했다."
4694,慣習,その中には年々巨万の地代を挙げながら、代々の慣習によって中学卒業程度で家督を護らせられている壮年者もある。,그 중에는 해마다 거만한 지대를 들으면서 대대로의 관습에 의해 중학교 졸업 정도로 가독을 지키고 있는 장년자도 있다.
4695,憂鬱な,わたくしは逸作の腕に支えられながら、弟の医者にちょっと脈を検められ、「生きの身の」と、歌の頭字の五文字を胸に思い泛べただけで急いで帰宅の俥に乗り込んだだけを記して、早くこの苦渋で憂鬱な場面の記述を切上げよう。,"나는 일작의 팔에 지지를 받으면서, 동생의 의사에게 조금 맥을 검사받아, 「살아 있는 몸의」라고, 노래의 머리글자의 다섯 문자를 가슴에 생각 울린 것만으로 서둘러 귀가의 俥에 탑승한 것만을 기록해, 빨리 이 고심으로 우울한 장면의 기술을."
4696,懐く,「俺はおまえを呉れると先に口を切ったおふくろさんの方が好きなんだが、そうかなあ、矢張り娘は父親に懐くものかなあ」そう言って、この際、充分に泣けよとばかりわたくしを泣かして置いて呉れた。,"""나는 너를 삼키면 먼저 입을 끊은 후쿠로 씨 쪽을 좋아하지만, 그렇구나, 야바리 딸은 아버지에게 그리운 것일까."""
4697,挑む,わたしはこれを使って、ついにおまえをわたしの娘にし得なかった人生の何物かに向って闘いを挑むだろう。,나는 이것을 사용하여 마침내 너를 내 딸로 만들 수 없었던 삶의 어떤 것에 싸워 싸움을 할 것이다.
4698,斡旋,煙草を喫いながらわたくしと雛妓との対談を食卓越しに微笑して傍観していた逸作は、こう言われて、「このお嬢さんは、売れ残りのうちの姐さんのためにだいぶ斡旋するね」と言葉で逃げたが、雛妓はなかなか許さなかった。,"담배를 피우면서 나와 병아리와의 대담을 식탁을 통해 미소하고 방관하고 있던 일작은 이렇게 말해, ""이 아가씨는, 팔리지 않은 남편을 위해 상당히 알선하네""라고 말로 도망쳤지만, 히나코는 좀처럼."
4699,晩年,晩年、父の技倆としては見事過ぎるほどの橋を奔走して自町のために造り、その橋によってせめて家名を郷党に刻もうとしたのも、この悔を薄める手段に外ならなかった。,"만년, 아버지의 기술로서는 훌륭할 정도의 다리를 분주해 자정을 위해서 만들어, 그 다리에 의해서 적어도 집명을 향당에 새기려 한 것도, 이 회개를 얇게 하는 수단에 빠지지 않았다."
4700,究極,永遠に人目に触れずしてかつ降り、かつ消えてはまた降り積む、あの北地の奥のしら雪のように、その白さには、その果敢なさの為めに却って弛めようもない究極の勁い張りがあった。,"영원히 눈길을 건드리지 않고 쓰러지고, 사라져서는 다시 쌓이는, 그 북지의 안쪽의 눈 덮인 눈처럼, 그 백색에는, 그 과감함을 위해서 거꾸로 느슨해질 수 없는 궁극의 용감이 있었다."
4701,経路,何の生もない何の情緒もない、枯骨と灰石の対面ではあるが、いのちというものは不思議な経路を取って、その死灰の世界から生と情緒の世界へ生れ代ろうとするもののようである。,"아무것도 없는 아무런 정서도 없는, 고골과 회석의 대면이지만, 생명이라는 것은 이상한 경로를 취해, 그 사회의 세계로부터 생과 정서의 세계로 태어나려고 하는 것 같다."
4702,薄める,晩年、父の技倆としては見事過ぎるほどの橋を奔走して自町のために造り、その橋によってせめて家名を郷党に刻もうとしたのも、この悔を薄める手段に外ならなかった。,"만년, 아버지의 기술로서는 훌륭할 정도의 다리를 분주해 자정을 위해서 만들어, 그 다리에 의해서 적어도 집명을 향당에 새기려 한 것도, 이 회개를 얇게 하는 수단에 빠지지 않았다."
4703,見逃す,だがその所作よりも、大きな帯や大きな袖に覆われてはいるものの、流石に年頃まえの小娘の肩から胴、脇、腰へかけて、若やいだ円味と潤いと生々しさが陽炎のように立騰り、立騰っては逸作へ向けてときめき縺れるのをわたくしは見逃すわけにはゆかなかった。,"하지만 그 소작보다도 큰 띠나 큰 소매로 덮여 있지만, 유석에 어렸을 때까지의 딸의 어깨에서 몸통, 겨드랑이, 허리에 걸쳐, 젊고 둥근 맛과 윤기와 생생함이 양염처럼 솟아오르고, 끓어서는 일작을 향해 설레게 느껴지는 것을"
4704,起伏,その起伏のさまは、伊香保の湯宿の高い裏欄干から上つ毛野、下つ毛野に蟠る連山の頂上を眺め渡すようだった。,"그 기복의 님은, 이카호의 유주쿠의 높은 뒷난간으로부터 윗쪽 모노, 아래쪽 모노에 가시는 연산의 정상을 바라보는 듯했다."
4705,趣旨,いまのこの若き心を永遠に失うまいということだったぜ」父の死によって何となく身体に頽勢の見えたわたくしを気遣い逸作は、この料亭のこの座敷でした十八年前の話の趣旨をわたくしの心に蘇らせようとするのであった。,"지금의 이 젊은 마음을 영원히 잃지 않을 것이었다고 한다” 아버지의 죽음에 의해 어쩐지 신체에 목소리가 보인 나를 걱정 일작은, 이 요정의 이 다다미였던 18년전의 이야기의 취지를 나의 마음에 소생시키려 하는 것이었다."
4706,逸脱,希くばその実を逸脱せざらんことを。,희귀하면 그 열매를 벗어나지 않을 것.
4707,開発,横浜開港時代に土地開発に力を尽し、儒学と俳諧にも深い造詣を持ちながら一向世に知られず、その子としてただ老獪の一手だけを処世の金科玉条として資産を増殖さしている老爺もある。,"요코하마 개항 시대에 토지 개발에 힘을 다해 유학과 배우말에도 깊은 조예를 가지면서 일향세에 알려지지 않고, 그 아이로서 단지 노옥의 한 손만을 처세의 금과 옥조로서 자산을 증식하고 있는 노후도 있다."
4708,鮮やかな,それは小娘ながら水際立って鮮やかなものであった。,그것은 작은 딸이면서 물가 서 선명한 것이었다.
4709,あながち,あながちに笑うべきでない。,평소에 웃으면 안된다.
4710,もっぱら,高谷君が南洋へ渡航したのも、この製麻事業に関係した用向きで、もっぱらこの方面の視察にふた月あまりを費して来たのであった。,"타카야군이 남양으로 도항한 것도, 이 제마사업에 관계된 용향으로, 유일하게 이 방면의 시찰에 후월 너무나를 써 왔던 것이었다."
4711,品質,丸山はその一年の産額や品質などをいちいち詳しく説明してくれた。,마루야마는 그 해의 산액이나 품질 등을 일일이 자세하게 설명해 주었다.
4712,感染,そこに一種のマラリヤ熱のようなものが潜んでいて、蚊から伝染するか、あるいは自然に感染するか、どの道その熱病にかかると、人間の頭がおかしくなって急に気違いのようになる。,"거기에 일종의 말라리아 열과 같은 것이 숨어 있고, 모기로부터 전염되거나, 자연적으로 감염되는지, 어느 길 그 열병에 걸리면, 인간의 머리가 이상해져 갑자기 미친 것처럼 된다."
4713,整列,三人はもと来た堤をつたって麻畑へ出て、小屋の前へもどってくると、大勢の労働者は仕事をしまって、そこに整列していた。,세 사람은 원래 온 제방을 얹고 아사하타로 나와 오두막 앞으로 돌아오자 많은 노동자들이 일을 하고 거기에 정렬하고 있었다.
4714,紛失,大西洋のある島の耕作地でやはり人間が紛失する。,대서양이 있는 섬의 경작지에서 역시 인간이 분실한다.
4715,視察,友人の高谷君は南洋視察から新しく帰って来た。,친구 타카야 군은 남양 시찰에서 새로 돌아왔다.
4716,鑑定,しかし人間が理屈なしに消えてなくなる訳のものでありませんから、私はまずこれを猿の仕業と鑑定しました。,"그러나 인간이 지루함 없이 사라져 없어지는 이유가 아니기 때문에, 나는 우선 이것을 원숭이의 사업이라고 감정했습니다."
4717,名義,この場合、ゆずり渡しというのは名義だけで、大抵はただでくれて行く。,"이 경우, 유즈리 건네는 것은 명의만으로, 대개는 그냥 준다."
4718,地形,あの辺の地形もまったく変って、今では一面の人家つづきとなった。,"그 근처의 지형도 전혀 바뀌어, 지금은 일면의 인가 계속 되었다."
4719,発掘,自分は決して自己の所有権を主張して、遺族らの発掘を拒んだり、あるいはその掘出し物の分け前を貰おうとしたりするような慾心を持たない。,자신은 결코 자기의 소유권을 주장하고 유족들의 발굴을 거부하거나 혹은 그 굴출물의 몫을 받으려고 하는 듯한 욕심을 가지지 않는다.
4720,表向き,今日では土地の所有権が他人に移っているので、表向きに交渉するの面倒を避けて、ひそかに持出して行こうとするのではあるまいか。,"오늘은 토지의 소유권이 타인에게 옮겨가고 있기 때문에, 표향으로 협상하는 귀찮은 것을 피해, 몰래 지출해 가려고 하는 것은 아닐까."
4721,出生,で、名奉行と聞えた根岸肥前守の随筆「耳袋」の中にも「池尻村とて東武の南、池上本門寺より程近き一村あり、彼村出生の女を召仕えば果して妖怪などありしと申し伝えたり、実否を知らず」と記してある。,"그래서 명봉행이라고 들었던 네기시 히젠모리의 수필 '귀주머니' 속에도 '이케지리무라에서 도부의 남쪽, 이케가미 혼몬지에서 가까운 이치무라 있어, 그 무라 출생의 여자를 부르면 과연 요괴 등 죄송하다고 전하고, 실부를 모른다'고 적고 있다."
4722,協議,それには何れも持て余してどうしたらよかろうと協議の末、井神何某と云う侍が、コリャ狐狸の所為に相違ないから、恐嚇に空鉄砲を撃って見るがいいと、取あえず鉄砲を持ってその場へ引返して来る、この時早し彼時遅し、忽ちに一個の切石が風を剪って飛んで来て、今や鉄砲を空に向けんとする井神の真向に礑と中ったから堪らない、眉間は裂けて鮮血が颯と迸出る。,"거기에 아무것도 갖고 남아 어떻게 하면 좋겠다고 협의의 끝, 이진무모와 말하는 사무라이가, 코야 여우의 소위에 차이가 없기 때문에, 공포에 공철포를 쏘아 보는 것이 좋다고, 우선 철포를 가지고 그 자리 에 되돌아온다, 이때 빨리 그때 늦게, 흠뻑 1개의 절석이 바람을 면도하고 날아오고, 이제 철포를 하늘을 향해 하는 이신의 정면에 짙은 안에서 견디지 못한, 눈썹은 찢어져 선혈이 하와 뛰어 나온다."
4723,侵入,寺は安中路を東に切れた所で、ここら一面の桑畑が寺内までよほど侵入しているらしく見えた。,"절은 안중로를 동쪽으로 끊어진 곳에서, 이곳 한 면의 쿠와하타가 절 안쪽으로 잘 침입하고 있는 것 같았다."
4724,堤防,碓氷川の堤防も自費で修理した。,碓氷川의 제방도 자비로 수리했다.
4725,年号,墓碑に寛延の年号が刻んであるのを見るとよほど長命であったらしい。,묘비에 관연의 연호가 새겨져 있는 것을 보면 상당히 장수였던 것 같다.
4726,自転,この桜若葉を背景にして、自転車が通る。,이 벚꽃 잎을 배경으로 자전거가 지나간다.
4727,刊行,今日ではこれ以上の和英字書も数種刊行されているが、その当時の我々は先ずヘボン先生の著作に縋るより他はない。,"오늘은 더 이상의 화영자서도 몇종간 간행되고 있지만, 그 당시 우리는 먼저 헤본 선생님의 저작에 걸리는 것 외에는 없다."
4728,すこぶる,そのころの田島町は俗に北寺町と呼ばれていたほどで、浅草の観音堂と隣り続きでありながら、すこぶるさびしい寺門前の町であった。,"그 무렵의 타지마쵸는 속에 키타데라마치라고 불리고 있었을 정도로, 아사쿠사의 관음당과 옆으로 이어지면서, 엄청난 사원 앞의 마을이었다."
4729,せいぜい,せいぜいが地面から三、四尺ほどのところを高く低くゆらめいて、前に行くかと思うと又あとの方へ戻ってくる。,"기껏해야 지면에서 3, 4척 정도의 곳을 높이 낮게 흔들어 앞으로 갈까 생각하면 또 뒤로 돌아온다."
4730,つとめて,彼はこの暴風雨を冒して、しかも夜ふけになぜこんなところを歩いていたかというと、新大橋の袂にある松平相模守の下屋敷に自分の叔母が多年つとめていて、それが急病にかかったという通知をきょうの夕刻に受取ったので、伊四郎は取りあえずその見舞に駈け付けたのである。,"그는 이 폭풍우를 괴롭히고, 게다가 밤비에 왜 이런 곳을 걷고 있었는지 하면, 신오하시의 가늠자에 있는 마츠다이라 상모수의 시모야시키에 자신의 이모가 다년 멈추고 있어, 그것이 급병에 걸렸다고 하는 통지를 오늘의 저녁에 받았기 때문에, 이시로는 우선 그 견해"
4731,全快,その時には、叔母はもう全快していた。,그 때에는 이모는 이미 전쾌했다.
4732,正夢,お貞さんは家の娘にその話をして、これがほんとうの正夢というのか、なにしろ生れてからあんなに怖い思いをしたことはなかったと言ったそうですが、お貞さんよりも、それを聞いた者の方が一倍気味が悪くなりました。,"사다씨는 집의 딸에게 그 이야기를 하고, 이것이 정말로 정몽이라고 하는지, 어쨌든 태어나서 그렇게 무서운 생각을 한 적은 없었다고 말했다고 합니다만, 사다씨보다, 그것을 듣는 사람이 더 배기미가 나빠졌습니다."
4733,衰える,そう思うと、彼が一旦の恐怖はさらに歓喜の満足と変って、風雨のすこし衰えるのを待ってこの門前から再び歩き出した。,"그렇게 생각하면, 그가 일단의 공포는 한층 더 환희의 만족으로 바뀌고, 바람의 조금 쇠퇴하기를 기다리고 이 문전으로부터 다시 걸어냈다."
4734,とりわけ,とりわけてお蝶は彼女と姉妹のように親しんでいた。,특히 나비는 그녀와 자매처럼 친해졌습니다.
4735,やけに,友之助もやけになって諸方を飲みあるいているらしく、毎晩酔って帰って来た。,"토모노스케도 화상이 되어 여러분을 마시고 있는 것 같고, 매일 밤 취해서 돌아왔다."
4736,不在,矢田の母がたずねて来たときは、わたしは急病人の往診をたのまれて不在でしたが、家内も矢田の母からその話をきかされて、寝耳に水でびっくりしたそうです。,"야다의 어머니가 물어 왔을 때는, 나는 급병인의 왕진을 접수해 부재였습니다만, 가내도 야다의 어머니로부터 그 이야기를 물리쳐, 잠 귀에 물로 깜짝 놀랐다고 합니다."
4737,劣る,お蝶もみにくい容貌ではないが、お筆にくらべると確かに劣る。,"나비 전나무 어려운 외모는 아니지만, 붓에 비교하면 확실히 떨어진다."
4738,好機,それはむしろ好機会であると思ったので、お筆はよんどころないような顔をして、お蝶と友之助との秘密をあばいてしまった。,"그것은 오히려 좋은 기회라고 생각했기 때문에, 붓은 어쩔 수 없는 얼굴을 하고, 나비와 토모노스케와의 비밀을 밝혀 버렸다."
4739,妊娠,死後に父の医師が検査すると、彼女はもう妊娠三ヵ月になっていたのである。,"사후에 아버지의 의사가 검사하면, 그녀는 이미 임신 3개월이 되어 있었던 것이다."
4740,推測,「ここまでは私の推測がおそらくあたっているだろうと思うのですが、さていよいよの最後の問題です。,"“여기까지는 내 추측이 아마 맞고 있을 것이라고 생각합니다만, 드디어의 마지막 문제입니다."
4741,治療,もちろん商売柄であるから、溝口もいろいろに手を尽くして治療を加えたが、それを発見した時がおくれていたので、お蝶はどうしても生きなかった。,"물론 장사이기 때문에, 미조구치도 여러가지 손을 다해 치료를 더했지만, 그것을 발견했을 때가 주어져 있었기 때문에, 나비는 아무래도 살지 않았다."
4742,滞納,矢田はことし二十四、五で、母のお銀とふたり暮しであったが、たとい末班でも官員さんの肩書をいただいている以上、一ヵ月一円五十銭の家賃を滞納するようなこともなく、無事に一年あまりを送っていた。,"야다는 올해 24, 5로, 어머니의 은과 둘이 살았지만, 그다음 말반에서도 관원씨의 직함을 받고 있는 이상, 1개월 1엔 50전의 집세를 체납하는 것도 없고, 무사히 일년 너무를 보내고 있었다."
4743,移住,幕府が瓦解の後、久住は無禄移住を願い出て、旧主君にしたがって駿府（静岡）へ行ったので、陪臣の箕部もまたその主君にしたがって駿府へ移ったが、もとより無禄というのであるから、どの人もなにかの職業を求めなければならない。,"막부가 기와해 후, 쿠즈미는 무록 이주를 바라보고, 구 주군에 따라서 쇼후(시즈오카)에 갔기 때문에, 배신의 미노베도 또 그 주군에 따라서 슨부로 옮겼지만, 원래 무록이라고 하기 때문에, 어느 사람도 무엇인가의 직업을 요구하지 않으면."
4744,いまだに,こう申上げてしまえば、別に奇談でもなく、怪談でもなく、単にわたくしがそういう変態の夫を持ったというに過ぎないことになるのでございますが、唯ひとつ、私としていまだに不思議に感じられますのは、前に申上げた通り、わたくしが初めて縁談の申込みを受けました当夜に、いやな夢をみましたことで……。,"이렇게 말씀해 버리면, 별로 기담도 아니고, 괴담도 아니고, 단지 내가 그러한 변태의 남편을 가졌다고 하는 것에 지나지 않게 되는 것입니다만, 유일하게, 나로서 아직 신기하게 느껴지는 것은, 전에 말씀드린 대로 내가 처음으로 꿈의 신청을 받았습니다 당일밤."
4745,墜落,もしや夕闇に足を踏みはずして川のなかへ墜落したのではないかと、川の上下をくまなく捜索しましたが、どこにもその死骸は見当りませんでした。,"만약 황혼에 발을 밟아 강 속으로 추락한 것이 아닐까 하고, 강의 상하를 가로질러 수색했지만, 어디에도 그 시체는 보이지 않았습니다."
4746,工学,そこで、お母さんの話によると、浅井さんの兄さんは帝大卒業の工学士で、ある会社で相当の地位を占めている。,그래서 엄마의 이야기에 따르면 아사이씨의 형은 제대졸업 공학사로 한 회사에서 상당한 지위를 차지하고 있다.
4747,新婚,そこで、結婚式もとどこおりなく済まして、わたくしども夫婦は新婚旅行ということになりました。,"거기서, 결혼식 원래 어딘지 모르게 끝나고, 우리 부부는 신혼 여행이라고 하게 되었습니다."
4748,無断,今まで雇っていた職人は酒の上の悪い男で、五、六日前に何か主人と言い合った末に、無断でどこへか立去ってしまったのだそうです。,"지금까지 고용하고 있던 장인은 술 위의 나쁜 남자로, 5, 6일전에 뭔가 주인이라고 말한 끝에, 무단으로 어디에나 떠나 버린 것이라고 합니다."
4749,戦闘,精神的にも肉体的にも戦闘能力を全然奪われてしまって、僕は敗軍の兵卒のようにただ茫然としているあいだに、無数の敵は四方から僕の舟に乗込んで来た。,"정신적으로도 육체적으로도 전투 능력을 전혀 빼앗겨 버리고, 나는 패군의 병졸처럼 단지 망연하고 있는 가운데, 무수한 적은 사방에서 나의 배에 타고 왔다."
4750,発作,美智子さんはさっきから変なことばかり言うから、これも何かの幻覚か錯覚だろうと思って、深くは気にも留めずにともかくも漕ぎ戻すことにすると、美智子さんはなんだか物にでも憑かれたように、発作的に気でも狂ったように、いつまでも僕の手を強く掴んで放さないで『あれ又……。,"미치코 씨는 조금 전부터 이상한 것만 말하기 때문에, 이것도 뭔가의 환각이나 착각일 것이라고 생각하고, 깊게는 신경쓰지 않고 어쨌든 젓는다. 하면, 미치코 씨는 왠지 물건이라도 빙빙 된 것처럼, 발작적으로 신경이 쓰이는 것처럼, 언제까지나 내 손을 강하게 잡아 놓지 말고 『저것…"
4751,まちまち,ある者は牛から落ちた時に頭を強く撲ったのであろうと言い、ある者はさざえの殻でぶたれた傷から破傷風になったのであろうと言い、その診断がまちまちであった。,"어떤 사람은 소에서 떨어졌을 때 머리를 강하게 뿌렸을 것이라고 말했고, 어떤 사람은 사자에의 껍질로 쳐진 상처로부터 파상풍이 되었을 것이라고 말하고, 그 진단이 바로 그 곳이었다."
4752,徒歩,供の義助は徒歩で、四郎兵衛とお杉が駕籠に乗ろうとする時、隣りの店の女はつかつかと寄って来て、今や駕籠に半身入れかかった四郎兵衛の胸ぐらをとった。,"공의 요시스케는 도보로 시로베에와 삼나무가 가마타를 타려고 할 때, 이웃 가게의 여자는 쓰카시카와 다가와, 지금 가마타에 반신 걸린 시로베에의 가슴을 잡았다."
4753,言い張る,ここで逢ったのを幸いに、江戸へ一緒に連れて行って、あの絵を戻せと言い張るので、四郎兵衛もほとほと持て余した。,"여기에서 만난 것을 다행히, 에도에 함께 데리고 가서, 그 그림을 되돌릴 수 있다고 말하기 때문에, 시로베 에이도 거의 갖고 남았다."
4754,雨天,雨天ならばあしたも逗留という予定を変更して、雨が降ろうが、風が吹こうが、あしたは早々に出発と相談を決めて、三人はともかくも枕に就いたが、雨の音、海の音、さなきだに不安の夢にしばしば驚かされた。,"우천이라면 내일 즈루라는 예정을 변경해 비가 내리지만 바람이 불어오지만 내일은 일찍 출발과 상담을 결정했고, 세 사람은 어쨌든 베개에 취했지만 비의 소리, 바다의 소리, 사나키다 불안의 꿈에 자주 놀랐다."
4755,ひんやり,ひとびとが宵の寝苦しい暑さをそのまま、夢に結んでいるときに、私はひんやりした風を肌に感じている。,"한사람이 연의 졸린 더위를 그대로 꿈에 묶고 있을 때, 나는 서늘한 바람을 피부에 느끼고 있다."
4756,本館,追分は軽井沢、沓掛とともに浅間根腰の三宿といわれ、いまは焼けてしまったが、ここの油屋は昔の宿場の本陣そのままの姿を残し、堀辰雄氏、室生犀星氏、佐藤春夫氏その他多くの作家が好んでこの油屋へ泊りに来て、ことに堀辰雄氏などは一年中の大半をここの大名部屋か小姓の部屋かですごしていたくらい、伊豆湯ヶ島の湯本館と同様、作家たちに好かれた旅館であった。,"추분은 카루이자와, 카츠케와 함께 아사마네요의 미주쿠라고 불리며, 지금은 태워 버렸지만, 여기의 기름 가게는 옛 숙소의 본진 그대로의 모습을 남기고, 호리 타츠오 씨, 무로이 쇼세이 씨, 사토 하루오 씨 등 많은 작가가 즐겨 이 기름 가게에 묵으러 와서, 호리 다쓰오씨 등은 일년 내내의 대부분을 여기의 다이묘 방인가 고성의 방인가입니다."
4757,でかい,さよか」そう言いながら、男はどぶんと浸ったが、いきなりでかい声で、「あ、こら水みたいや。,"사요카」그렇게 말하면서, 남자는 아마 잠들었지만, 갑자기 큰 소리로, 「아, 이런 물 같아."
4758,下痢,どうも昨夜から、ひどい下痢をして困ってるんです」ほんとうのことを言った。,"아무래도 어젯밤부터, 심한 설사를 하고 곤란하고 있어요」 정말로 말했다."
4759,安静,私は療養書の注意を守って、食後の安静に、畳の上に寝そべっていた。,"나는 요양서의 주의를 지키고, 식후의 휴식에, 다다미 위에 잠을 자고 있었다."
4760,流通,空気の流通をよくしなければいけないんです」すると、女の顔に思いがけぬ生気がうかんだ。,"공기의 유통을 잘 해야 합니다」라고 하면, 여자의 얼굴에 뜻밖의 생기가 느껴졌다."
4761,浸る,湯槽に浸ると、びっくりするほど冷たかった。,욕조에 담그면 놀랄 정도로 차가웠다.
4762,生真面目な,「それをきいて安心しました」女は私の言葉をなんときいたのか、生真面目な顔で言った。,"'그것을 와서 안심했습니다' 여자는 내 말을 어쩔 수 없었는지, 생진한 얼굴로 말했다."
4763,知性,ちょっとも知性が感じられしませんの。,조금도 지성이 느껴지지 않습니다.
4764,近視,この女は近視だろうか、それとも、距離の感覚がまるでないのだろうかと、なんとなく迷惑していると、「いま、ちょっと出掛けて行きましたの」その隙に話しに来た、――そんなことをされては困ると思った。,"이 여자는 근시일까, 아니면, 거리의 감각이 마치 아닌 것일까라고, 어쩐지 폐를 끼치고 있으면, 「지금, 조금 나갔습니다」 그 틈에 이야기에 왔다,――그런 일을 해서는 곤란하다고 생각했다."
4765,雑談,暫らく取りとめない雑談をした末、私は機を求めて、雨戸のことを申し出た。,"잠시 빼앗을 수 없는 잡담을 한 끝에, 나는 기계를 요구해, 우도를 신청했다."
4766,こっそり,一つには昼間おきみ婆さんに貰った飴をこっそり一人内緒で食べたいのです。,하나는 주간 오키미 할머니에게 받은 사탕을 몰래 혼자 비밀로 먹고 싶습니다.
4767,みすぼらしい,私は新聞の記事にあおりたてられた物見高い人々が、五年目の再会の模様を見ようと、天王寺へお詣りがてら来ているのだと判ると、きゅうに自分のみすぼらしい――新聞に書かれた出世双六などという言葉におよそ似つかぬ姿を恥じて、穴あらばはいりたい気持とはこのことかと思った。,"저는 신문의 기사에 담긴 겉보기 높은 사람들이, 5년째의 재회의 모양을 보려고, 텐노지에 참배가 오고 있다고 알면, 오히려 자신만의 초라하다――신문에 쓰여진 출세 쌍육 등이라는 말에 대략 닮은 모습을 부끄러워."
4768,もともと,が、むこう見ずはもともと私にとっては生れつきの気性らしかったし、それに、大阪から東京まで何里あるかも判らぬその道も、文子に会いに行くのだと思えば遠い気もしなかった、……とはいうものの、せめて汽車賃の算段がついてからという考えも、もちろん泛ばぬこともなかった。,"하지만, 무척 보지 않고 원래 나에게 있어서는 생생한 기성 같았고, 거기에, 오사카에서 도쿄까지 무리 있을지도 모르는 그 길도, 문자를 만나러 가는 것이라고 생각하면 먼 생각도 하지 않았다,…"
4769,保育,とうとう探しくたびれてしまったところ、ちょうどそのころ今里保育園の仕事に関係していた弘済会の保育部長の田所さんがこの話を聴いて、――というのは、谷口さんも当時今里保育園の仕事に関係していて田所さんと親しかったので、――これは警察に探してもらう方がよかろうと、府の警察部へ話してくれました。,"드디어 탐험해 버렸는데, 정확히 그 무렵 이마리 보육원의 일에 관계하고 있던 홍제회의 보육 부장의 타쇼쇼씨가 이 이야기를 듣고,――라고 하는 것은, 타니구치 씨도 당시 이마사토 보육원의 일에 관계하고 있어 타소 씨와 친했기 때문에,――이것은 경찰에 찾아달라고 하는 것이 좋겠다고, 부의 경찰부에 이야기해 주었습니다."
4770,内緒,一つには昼間おきみ婆さんに貰った飴をこっそり一人内緒で食べたいのです。,하나는 주간 오키미 할머니에게 받은 사탕을 몰래 혼자 비밀로 먹고 싶습니다.
4771,再会,私は新聞の記事にあおりたてられた物見高い人々が、五年目の再会の模様を見ようと、天王寺へお詣りがてら来ているのだと判ると、きゅうに自分のみすぼらしい――新聞に書かれた出世双六などという言葉におよそ似つかぬ姿を恥じて、穴あらばはいりたい気持とはこのことかと思った。,"저는 신문의 기사에 담긴 겉보기 높은 사람들이, 5년째의 재회의 모양을 보려고, 텐노지에 참배가 오고 있다고 알면, 오히려 자신만의 초라하다――신문에 쓰여진 출세 쌍육 등이라는 말에 대략 닮은 모습을 부끄러워."
4772,出演,出演者は思いもかけぬ父の円団治でした。,출연자는 생각도 못하는 아버지의 원단치였습니다.
4773,協会,それから大今里のトキワ会という紙芝居協会へ三円払って絵と道具を借りた。,그리고 오이마리의 토키와회라는 종이연합협회에 3엔을 지불해 그림과 도구를 빌렸다.
4774,名簿,そして、二人目の講師の演説が終った時には、もともと極端に走りやすい私はもう禁酒会員名簿に署名をしていました。,그리고 두 번째 강사의 연설이 끝났을 때에는 원래 극단적으로 달리기 쉬운 나는 이미 금주 회원 명부에 서명을 하고 있었습니다.
4775,目安,が、浜子は私たちをその前まで連れて行ってはくれず、ひょいと日本橋一丁目の方へ折れて、そしてすぐ掛りにある目安寺の中へはいりました。,"하지만 하마코는 우리를 그 전에까지 데려가주지 않았고, 히로와 니혼바시 잇쵸메 쪽으로 접혀, 그리고 곧바로 거기에 있는 기준사 안에는 들어갔습니다."
4776,脚色,どうせ不景気な話だから、いっそ景気よく語ってやりましょう、子供のころでおぼえもなし、空想をまじえた創作で語る以上、できるだけおもしろおかしく脚色してやりましょうと、万事「下肥えの代り」に式で喋りました。,"어차피 불경기적인 이야기이기 때문에, 차라리 경기 잘 말해 봅시다, 어렸을 때에 기억도 없이, 공상을 진지한 창작으로 말하는 이상, 가능한 한 재밌게 이상하게 각색해 주자, 만사 「시모비 대신」에 식으로 말했습니다."
4777,診療,隣の家は歯医者らしく、二階の部屋で白い診療衣を着た医者が黙々と立ち働いているのが見えました。,"옆집은 치과 의사답고, 2층의 방에서 하얀 진료의를 입은 의사가 묵묵히 일하고 있는 것이 보였습니다."
4778,貯蓄,父は私の躯についている薬の匂いをいやがったので、私は間もなく病院の雑役夫をよして、ある貯蓄会社の外交員になりました。,아버지는 나의 몸에 붙어있는 약의 냄새를 괴롭히기 때문에 얼마 지나지 않아 병원 잡역부가 되어 한 저축 회사의 외교원이 되었습니다.
4779,郷愁,が、やはりテクテクと歩いて行ったのは、金の工面に日の暮れるその足で、少しでも文子のいる東京へ近づきたいという気持にせきたてられたのと、一つには放浪への郷愁でした。,"하지만, 역시 테크테크와 걸어간 것은, 금의 공면에 해가 지는 그 다리로, 조금이라도 문자가 있는 도쿄에 가까워지고 싶다는 마음에 들여놓은 것과, 하나에는 방랑에의 향수였습니다."
4780,預かる,里子を預かるくらいゆえ、もとより水呑みの、牛一頭持てぬ細々した納屋暮しで、主人が畑へ出かけた留守中、お内儀さんが紙風船など貼りながら、私ともう一人やはり同じ年に生れた自分の子に乳をやっていたのだが、私が行ってから一年もたたぬうちに日露戦争がはじまって主人が出征し、畑へはお内儀さんが出た。,"사토코를 맡길 정도 때문에, 물론 물 삼키기의, 소 한마리 가지고 있지 않은 가늘어진 헛간 생활에서, 주인이 밭에 나간 유수중, 내의씨가 종이 풍선 등 붙이면서, 나와 또 하나 사람 역시 같은 해에 태어난 자신의 아이에게 우유를 하고 있었지만, 내가 가고 나서 한 해도 얼마 지나지 않아 러일전쟁이 시작되어 주인이 출정해, 밭에는 내의씨가 나왔다."
4781,一任,守蔵はお兼に万事一任した。,수장은 겸으로 만사 일임했다.
4782,不慮,五年経ち、お君が二十四、豹一が六つの年の暮、金助は不慮の災難であっけなく死んでしまった。,"5년이 지나, 너가 24, 표일이 6개년의 생활, 김조는 뜻밖의 재난일 수 없이 죽어 버렸다."
4783,創立,どうせ朝まで客は拾えないし、それにその日雨天のため花火は揚らなかったが、飛田遊廓創立二十周年記念日のことであるし、何んぞえゝことあるやろと登楼をすゝめた。,"어차피 아침까지 손님은 주울 수 없고, 거기에 그 날 우천 때문에 불꽃놀이는 튀지 않았지만, 히다 유엔 창립 20주년 기념일이었고, 어쩔 수 없는 일과 등루를 썼다."
4784,同級,はにかみやであったが、一週間に五人の同級の男の子が彼に撲られて泣いた。,"하니카미야였지만, 일주일에 다섯 명의 동급 소년이 그에게 박혀 울었다."
4785,報いる,しかし、彼の敵愾心は、クラスの者を最初から敵ときめていたから、憎まれて、かえってさば／＼と落つく風であり、彼の美貌に眼をつけた上級の荒男が無気味な媚で近づいて来るのを見ると、かえってその愛情に報いる方法を知らぬ奇妙な困惑に陥るのだった。,"하지만, 그의 적 우심은, 클래스의 사람을 처음부터 적 설레고 있었기 때문에, 미워하고, 오히려 고등어/＼와 떨어지는 바람이며, 그의 미모에 눈을 붙인 상급의 황남이 무기미한 미녀로 다가오는 것을 보면, 오히려 그 애정에 보답하는 방법을 모른다."
4786,応援団,三ヶ月の京都での生活中、彼は屡々応援団の者に撲られ、与太者と喧嘩し、そして数人の女を彼の表現に従えば「もの」にした。,"3개월 교토에서의 생활중에 그는 응원단의 자들에게 뿌려져, 요타자와 싸우고, 몇명의 여자를 그의 표현에 따르면 「물건」으로 했다."
4787,沿線,大軌電車沿線、樟蔭女学校の生徒であると知ったので、その日の午後の授業をサボって上本町六丁目の大軌電車構内に出掛け、彼女の帰りを待ちうけた。,"대궤전차 연선, 참담여학교의 학생이라고 알았기 때문에, 그 날 오후의 수업을 사보하고 우에혼마치 롯쵸메의 대궤전차 구내에 나가, 그녀의 돌아오기를 기다렸다."
4788,登校,ある日、軽部が登校して行った留守中に、日本橋の家できいたのですがと若い男が訪ねて来た。,"어느 날, 경부가 등교해 간 유수중에, 니혼바시의 집이 생겼지만 젊은 남자가 찾아왔다."
4789,盛大な,大阪の町々の路次には、どこから引っぱって来たのか、よく石地蔵がまつられていて、毎年八月下旬に地蔵盆の年中行事が行われるのだが、お君の住んでいる地蔵路次は名前の手前もあり盛大な行事が行われることになっていた。,"오사카의 마을들의 길 다음에는 어디에서 끌려 왔는지, 자주 돌지장이 얽혀 있고, 매년 8월 하순에 지장분의 연중 행사가 행해지는데, 너의 살고 있는 지장로 다음은 이름의 앞도 있어 성대한 행사가 행해지게 되어 있었다."
4790,納入,その頃、安二郎は廃球以外に新品の電球も扱っていて、電球工場から仕入れたのを地方の会社や劇場に納入する一種の仲買いの様なことをしていたが、時々刺青のたあやんと称する男が、五百個千個と電球を売りつけに来るのを安い値で買いとっていた。,"그 무렵, 안지로는 폐구 이외에 신품의 전구도 취급하고 있어, 전구 공장으로부터 매입한 것을 지방의 회사나 극장에 납입하는 일종의 중매 같은 일을 하고 있었지만, 가끔 문신의 타아얀이라고 칭하는 남자가, 500개 천개로 전구를 매도에 오는 것을 싼 값으로 사려고 했다."
4791,説得,しかし、嫂のお兼は学校の成績の図抜けて優秀な豹一にひそかに期するところがあり、彼が尋常六年を卒業すると、府立の中学校に入れるようにと安二郎を無理矢理に説得した。,"그러나 히로의 겸은 학교의 성적을 빼놓고 우수한 표일에 은밀하게 기하는 곳이 있어, 그가 심상 6년을 졸업하면, 부립의 중학교에 넣도록(듯이)라고 안지로를 무리하게 설득했다."
4792,貫禄,いわば、首席の貫禄がないのだった。,"말하자면, 수석 관록이 없는 것이었다."
4793,近眼,軽部は体の小柄な割に、顔の道具立てが一つ／＼大きく、眉毛が太く、眼は近眼鏡のうしろにギョロリと突出し、鼻の肉は分厚く鉤鼻であった。,"경부는 몸의 몸집이 작은 것에 비해, 얼굴의 도구 세우기가 하나/＼크고, 눈썹이 굵고, 눈은 근안경의 뒤에 괴로리와 돌출, 코의 고기는 두껍고 콧물이었다."
4794,ぺこぺこ,男はぺこぺこ頭を下げ、立ち去った。,남자는 페코 코코 머리를 낮추고 떠났다.
4795,ややこしい,しかし、それとも考えようによっては、京都弁そのものが結局豊富でない証拠で、彼女たちはただ教えられた数少い言葉を紋切型のように使っているだけで、ニュアンスも変化があるといえばいえるものの、けっして個性的な表現ではなく、又大阪弁の「ややこしい」という言葉のようにざっと数えて三十ぐらいの意味に使えるほどの豊富なニュアンスはなく、結局京都弁は簡素、単純なのである。,"그러나, 생각해 보자에 따라서는, 교토 도시 자체가 결국 풍부하지 않은 증거로, 그녀들은 단지 가르친 몇몇 말을 문절형과 같이 사용하고 있는 것만으로, 뉘앙스도 변화가 있다고 말하면 할 수 있다 하지만 꽤 개성적인 표현이 아니고, 또 오사카 벤치의 '부드러운'이라는 말처럼 굉장히 세어 30정도의 의미로 사용할 수 있을 정도의 풍부한 뉘앙스는 없고, 결국 교토 벤치는 간소, 단순한 것이다."
4796,上司,たとえば、谷崎潤一郎氏の書く大阪弁、宇野浩二氏の書く大阪弁、上司小剣氏の書く大阪弁、川端康成氏の書く大阪弁、武田麟太郎氏の書く大阪弁、藤沢桓夫氏の書く大阪弁、それから私の書く大阪弁、みな違っている。,"예를 들어, 타니자키 준이치로 씨가 쓰는 오사카 벤치, 우노 코지 씨가 쓰는 오사카 벤치, 상사 소검 씨가 쓰는 오사카 벤치, 가와바타 야스나리 씨가 쓰는 오사카 벤치, 다케다 칸타로 씨가 쓰는 오사카 벤치, 후지사와 케이오 씨가 쓰는 오사카 벤치, 그리고 나의 쓰는 오사카 벤치, 다르다."
4797,世代,若い世代でいい科白の書けるのは、最近なくなった森本薫氏ぐらいのもので、菊田一夫氏の書いている科白などは、森本薫氏のそれにくらべると、はるかにエスプリがなく、背後に作者のインテリゼンスが感じられず、たとえば通俗小説ばかり書いている人の文章が純文学の小説の文章とキメの細かさが違う程度に、キメの荒さが目立って、うんざりさせられる。,"젊은 세대에서 좋은 과백을 쓸 수있는 것은 최근 사라진 모리모토 카오루 씨 정도의 것으로, 키쿠타 이치오 씨가 쓰고있는 과백 등은 모리모토 카오루 씨의 그것에 비교하면 훨씬 에스프리가없고 배후에 작자의 인텔리전스가 느껴지지 않고, 예를 들면 통속 소설만 쓰고 있는 사람의 문장이 순문학의 소설의 문장과 살결의 세세함이 다른 정도로, 살결의 거칠기가 눈에 띄게 지쳐진다."
4798,劇団,もっとも現在の日本の劇作家の多くは劇団という紋切型にあてはめて書いているのか、神経が荒いのか、書きなぐっているのか、味のある会話は書けない。,"무엇보다 현재의 일본의 극작가의 대부분은 극단이라고 하는 문절형에 맞추어 쓰고 있는지, 신경이 거칠지, 써 쓰고 있는지, 맛있는 대화는 쓸 수 없다."
4799,婉曲,かんにんどっせ」と含みを持たせた簡単な表現で、しかも婉曲に片づけているのにも感心した。,"""칸닌도세""라고 포함을 갖게 한 간단한 표현으로 게다가 완곡에 정리하고 있는데도 감탄했다."
4800,本国,いや、京都の言葉が大阪の言葉より柔かく上品で、美しいということは、もう日本国中津津浦浦まで知れわたっている事実だ。,"아니, 교토의 말이 오사카의 말보다 부드럽고 품위있고 아름답다는 것은 이미 일본 나카쓰즈우라우라까지 알려진 사실이다."
4801,異色,この一種異色ある「どうぞ……」は「どう」の音のひっぱり方一つで、本当に連れて行ってほしいという気持やお愛想で言っている気持や、本当に連れて行ってくれると信じている気持や、客が嘘を言っているのが判っているという気持や、その他さまざまなニュアンスが出せるのである。,이 일종 이색 있는 「부디…
4802,じっくり,しかも、それはほかの土地よりも高かったのだと言えば、余りに身びいきになりすぎるかも知れないが、すくなくとも私は大阪は香りの高い、じっくりと味うべき珈琲だった筈だと、信じている。,"게다가, 그것은 다른 땅보다 높았다고 하면, 너무 놀라울지도 모르지만, 어쨌든 나는 오사카는 향기로운, 차분히 맛볼만한 커피였던 것이라고 믿고 있다."
4803,主食,例えば主食を売っている。,예를 들면 주식을 팔고 있다.
4804,事前,どんなに極秘にされた抜打ちの手入れでも、事前に洩れる。,아무리 극비로 된 발타의 손질이라도 사전에 누설된다.
4805,伝達,しかし戦争中の話をしているのではない、警察の手入れのことを「警報」という隠語で伝達しているのである。,그러나 전쟁 중인 이야기를 하고 있는 것이 아닌 경찰 관리를 '경보'라는 은어로 전달하고 있는 것이다.
4806,声明,主食と闇煙草の販売を弾圧する旨の声明は、わざわざ何月何日よりと予告を発して、これまで十数回発表されたし、抜打ちの検挙も行われる。,"주식과 어둠 담배 판매를 탄압하는 취지의 성명은 일부러 몇 달 며칠부터 예고를 내고, 지금까지 수십번 발표되었고, 발타 검거도 이루어진다."
4807,復興,この力が千日前を、心斎橋を、道頓堀を、新世界を復興させたのだ。,"이 힘이 천일전을, 신사이바시를, 도톤보리를, 신세계를 부흥시킨 것이다."
4808,指令,そして、その相場はたった一人の人間（つまり親分）が毎朝決定して、その指令が五つの闇市場へ飛び、その日の相場の統制が保たれるらしい――という話を、私はきいたが、もしそうだとすれば、そのたった一人の人間の統制力というものは、この国の政府の統制力以上であり、むしろ痛快ではないか。,"그리고 그 시세는 단 한 명의 인간(즉 친분)이 매일 아침 결정하고, 그 지령이 다섯 개의 암시장으로 날아가 그 날의 시세의 통제가 유지되는 것 같다."
4809,敗戦,京都で一番賑かな四条通、河原町通の商店の資本は、敗戦後たいてい大阪商人から出ているという話である。,"교토에서 가장 활기찬 시조도리, 가와라마치도리의 상점의 자본은 패전 후 대부분 오사카 상인에서 나온다는 이야기이다."
4810,氾濫,だいいち、このような型の感傷、このような型の文章は、戦争中「心の糧になるゆとりを忘れるな」という名目で随分氾濫したし、「工場に咲いた花」「焼跡で花を売る少女」などという、いわゆる美談佳話製造家の流儀に似てはいないだろうか。,"어쨌든, 이런 형태의 감상, 이러한 형태의 문장은, 전쟁중 「마음의 양식이 되는 여유를 잊지 말라」라고 하는 명목으로 상당히 범람했고, 「공장에 피는 꽃」 「소적에서 꽃을 팔는 소녀」등이라고 하는, 이른바 미담가화 제조가의 유의를 닮지 않았다."
4811,異動,奇妙なことには、この闇煙草の値は五つの闇市場を通じて、ちゃんと統制されているが、日によって異動がある。,"이상하게도, 이 어둠 담배의 값은 다섯 개의 암시장을 통해 제대로 통제되고 있지만, 날에 따라 이동이 있다."
4812,統制,奇妙なことには、この闇煙草の値は五つの闇市場を通じて、ちゃんと統制されているが、日によって異動がある。,"이상하게도, 이 어둠 담배의 값은 다섯 개의 암시장을 통해 제대로 통제되고 있지만, 날에 따라 이동이 있다."
4813,配給,「近頃刻み煙草の配給しかないのは、専売局で盗難用の光やきんしを倉庫にストックして置かねばならぬからだ」と。,"「오늘 새겨진 담배의 배급밖에 없는 것은, 전매국에서 도난용의 빛이나 킨시를 창고에 스톡해 두어야 하기 때문」이라고."
4814,くすぐったい,上等の奴やなかったら効かへんと二十円も貰った御寮人さんは、くすぐったいというより阿呆らしく、その金を瞬く間に使ってしまった。,"상등의 녀석이 없으면 효인가 20엔이나 받은 기숙사씨는, 간지럽고 싶다고 하는 것보다 아저씨답게, 그 돈을 순식간에 사용해 버렸다."
4815,医院,右隣は歯科医院であった。,오른쪽 이웃은 치과 진료소였다.
4816,献立,はいるなりＫという少女はあん蜜を注文したが、私はおもむろに献立表を観察して、ぶぶ漬という字が眼にはいると、いきなり空腹を感じて、ぶぶ漬を注文した。,"하리나리 K라는 소녀는 팥소를 주문했지만, 나는 재밌게 식단표를 관찰하고, 부부 절임이라는 글자가 눈에 있으면 갑자기 공복을 느끼고 부부 절임을 주문했다."
4817,碁盤,暖簾をくぐって、碁盤の目の畳に腰掛け、めおとぜんざいを注文すると、平べったいお椀にいれたぜんざいを一人に二杯もって来る。,"난초를 빠져나와, 바둑판의 눈의 다다미에 자리잡고, 메오토젠자이를 주문하면, 편평한 그릇에 넣은 젠자이를 혼자 두 잔 가져온다."
4818,陳列,店の入口にガラス張りの陳列窓があり、そこに古びた阿多福人形が坐っている。,"가게 입구에 유리로 된 진열창이 있고, 거기에 낡은 아타후쿠 인형이 앉고 있다."
4819,執筆,空襲がはげしくなって雑誌が出なくなっても、彼は少しも閑にならず、シナリオやラジオドラマや脚本の執筆に追われて、忙しい想いをしていた。,공습이 어색해져 잡지가 나오지 않더라도 그는 조금도 한적이 되지 않고 시나리오나 라디오 드라마나 각본의 집필에 쫓겨 바쁜 마음을 하고 있었다.
4820,封鎖,「原稿料もどうやら封鎖になるんじゃないかな。,「원고료도 아무래도 봉쇄가 되지 않을까.
4821,脚本,空襲がはげしくなって雑誌が出なくなっても、彼は少しも閑にならず、シナリオやラジオドラマや脚本の執筆に追われて、忙しい想いをしていた。,공습이 어색해져 잡지가 나오지 않더라도 그는 조금도 한적이 되지 않고 시나리오나 라디오 드라마나 각본의 집필에 쫓겨 바쁜 마음을 하고 있었다.
4822,主催,昭和の大棋戦だと、主催者の読売新聞も宣伝した。,쇼와의 오기전이라고 주최자의 요미우리 신문도 선전했다.
4823,取り巻く,しかも敢てこのような文章を書くのは、老大家やその亜流の作品を罵倒する目的ではなく、むしろ、それらの作品を取り巻く文壇の輿論、即ち彼等の文学を最高の権威としている定説が根強くはびこっている限り、日本の文壇はいわゆる襟を正して読む素直な作品にはことを欠かないだろうが、しかし、新しい文学は起こり得ない、可能性の文学、近代小説は生れ得ないと思うからである。,"게다가 감히 이러한 문장을 쓰는 것은 노대가나 그 아류의 작품을 매도하는 목적이 아니라 오히려, 그 작품을 둘러싼 문단의 혼란, 즉 그 등의 문학을 최고의 권위로 하고 있는 정설이 뿌리깊은 것은 뻣뻣하고 있는 한, 일본의 문단은 이른바 옷깃을 바로 읽는 솔직한 작품에는 빠뜨릴 수 없겠지만, 그러나 새로운 문학은 일어날 수 없는 가능성의 문학, 근대 소설은 태어날 수 없다고 생각하기 때문이다."
4824,年輪,そして、彼等はただ老境に憧れ、年輪的な人間完成、いや、渋くさびた老枯を目標に生活し、そしてその生活の総勘定をありのままに書くことを文学だと思っているのである。,"그리고, 그들은 단지 노경을 동경해, 연륜적인 인간 완성, 아니, 떫은 녹슨 노후를 목표로 생활하고, 그 생활의 총계정을 있는 그대로 쓰는 것을 문학이라고 생각하고 있는 것이다."
4825,座談会,「面白い小説を書こうとしていたのはわれわれの間違いでした」と大衆文学の作者がある座談会で純文学の作家に告白したそうだが、純文学大衆文学を通じて、果して日本の文学に「アラビヤン・ナイト」や「デカメロン」を以てはじまる小説本来の面白さがあったとでもいうのか。,"「재미있는 소설을 쓰려고 했던 것은 우리의 실수였습니다」라고 대중문학의 작가가 있는 좌담회에서 순문학의 작가에게 고백했다고 하지만, 순문학 대중문학을 통해, 과연 일본의 문학에 「아라비안 나이트」나 「데카메론」을 시작하는 소설 본래의 재미가 있다."
4826,悪化,私などまだ六年の文壇経歴しかないが、その六年間、作品を発表するたびに悪評の的となり、現在もその状況は悪化する一方である。,"나 등 아직 6년의 문단 경력밖에 없지만, 그 6년간 작품을 발표할 때마다 악평의 대상이 되어 현재도 그 상황은 악화되는 한편이다."
4827,新人,ところが、顧みて日本の文壇を考えると、今なお無気力なオルソドックスが最高権威を持っていて、老大家は旧式の定跡から一歩も出ず、新人もまたこそこそとこの定跡に追従しているのである。,"그런데, 고민해 일본의 문단을 생각하면, 지금도 무기력한 오르토독스가 최고 권위를 갖고 있고, 노대가는 구식의 정적으로부터 한 걸음도 나오지 않고, 신인도 또 몰래 이 정적에 추종하고 있는 것이다."
4828,極限,そのような状態がフランスではエグジスタンシアリスムという一つの思想的必然をうみ、人間というものを包んでいた「伝統」的必然のヴェールをひきさくことによって、無に沈潜し、人間を醜怪と見、必然に代えるに偶然を以てし、ここに自由の極限を見るのである。,그런 상태가 프랑스에서는 엑지스탄시어리스움이라는 하나의 사상적 필연을 품고 인간이라는 것을 감싸고 있던 '전통'적 필연의 베일을 끌어들이는 것에 의해 무자비 침잠해 인간을 추괴로 보고 필연적으로 대신 우연을 이루며 여기에 자유의 극한을 보는 것이다.
4829,機関誌,ジュリアン・バンダがフランス本国から近著した雑誌で、ヴァレリイ、ジイド等の大家を完膚なきまでに否定している一方、ジャン・ポール・サルトルがエグジスタンシアリスム（実存主義）を提唱し、最近巴里で機関誌「現代」を発行し、巻頭に実存主義文学論を発表している。,"줄리안 반다가 프랑스 본국에서 근저한 잡지로 발레리, 지이드 등의 주택을 완만하게 부정하고 있는 한편, 장 폴 사르트르가 엑지스탄시어리스즘(실존주의)을 제창해, 최근 무리에서 기관지 「현대」를 발행해, 권두에 실존주의"
4830,没落,昔、ある新進作家が先輩大家を罵倒した論文を書いたために、ついに彼自身没落したという話もきいている。,옛날 한 신진 작가가 선배 대가를 매도한 논문을 썼기 때문에 마침내 그 자신 몰락했다는 이야기도 들려왔다.
4831,滑稽な,サルトルの「アンティミテ」（水いらず）という小説を、私はそんなに感心しているわけでもないし、むしろドイツのケストネルが書いた「ファビアン」の方にデフォルムの新しい魅力を感ずるし、日本の実存主義運動などが、二三の反オルソドックス作家の手によって提唱されたとしたら、まことに滑稽なことになるだろうと思う。,"사르트르의 「안티미테」(물 필요없다)라는 소설을, 나는 그렇게 감탄하고 있는 것도 아니고, 오히려 독일의 케스트넬이 쓴 「파비안」에게 데포 룸의 새로운 매력을 느끼고 일본의 실존주의 운동 등이 23개의 반 오르토독스 작가의 손에 의해 제창되었다면 정말 활기찬 일이 될 것이라고 생각한다."
4832,貢献,日本の文壇というものは、一刀三拝式の心境小説的私小説の発達に数十年間の努力を集中して来たことによって、小説形式の退歩に大いなる貢献をし、近代小説の思想性から逆行することに於ては、見事な成功を収めた。,"일본 문단이라는 것은 일도 삼배식의 심경소설적 사소설의 발달에 수십년간의 노력을 집중해 온 것으로, 소설형식의 퇴보에 큰 공헌을 하고, 근대소설의 사상성에서 역행하는 데는 훌륭한 성공을 거뒀다."
4833,保険,もっとも保険の勧誘員にならいくらか成り易かった。,무엇보다 보험의 권유원이 되면 어느 정도 이루어지기 쉬웠다.
4834,呆然,ことに点呼当日長髪のまま点呼場へ出頭した者は、バリカンで頭の半分だけ刈り取られて、おまけに異様な姿になった頭のままグランドを二十周走らされ、それが終ると竹刀で血が出るくらいたたかれるらしいという噂は、私を呆然とさせた。,"게다가 점호 당일 긴 머리 그대로 점호장에 출두한 사람은, 바리칸으로 머리의 절반만 깎아내어, 게다가 이상한 모습이 된 머리 그대로 그랜드를 20주 달려, 그것이 끝나면 대나무 검으로 피가 나올 정도로 두드리는 것 같다고 하는 소문은, 나를 멍하니"
4835,志望,就中、法科志望の点取虫の多いのには、げっそりさせられた。,"취중, 법과 지망의 점취충이 많은데는, 몰래 했다."
4836,悲観,青春も若さも大急ぎで私から去ってしまったらしい、といって、私は非常に悲観しているわけではない。,"청춘도 젊음도 급하게 나로부터 떠나버린 것 같다고 해서, 나는 매우 비관하고 있는 것은 아니다."
4837,衛生,私は自分の精神の衛生上、演説呆けという病気をかねがね怖れていたのである。,"나는 자신의 정신의 위생상, 연설 어리석음이라는 병을 부끄럽게 두고 있었던 것이다."
4838,該当,既に事変下で、新体制運動が行われていたある日の新聞を見ると、政府は国民の頭髪の型を新体制型と称する何種類かの型に限定しようとしているらしく、全国の理髪店はそれらの型に該当しない頭髪の客を断ることを申し合わせたというのである。,"이미 사변하에서 신체제운동이 진행되고 있던 어느 날 신문을 보면 정부는 국민의 머리카락의 형태를 신체제형이라고 하는 몇 종류의 형태로 한정하려고 하고 있는 것 같고, 전국의 이발소는 그 형태에 해당하지 않는 머리카락의 손님을 거절하는 것을 합의했다고 하는 것이다."
4839,くよくよ,君の病気は僕がなおしてあげるから、くよくよしないで、呑気な気でおることだよ」彼はそう慰めながら、死ぬ前の妻の言葉をふと想いだした。,"너의 병은 내가 다시 해줄 테니까 별로 좋지 않아서 삼키는 마음이야.""그는 그렇게 위로하면서 죽기 전 아내의 말을 문득 생각했다."
4840,加工,頭に加工するだけである。,머리로 가공할 뿐이다.
4841,岩石,筑前にある神籠石は、神道では、「いはさか」だと言われているが、石が敷き並べてあるばかりでなく、岩石のもある。,"치쿠마에 있는 신고이시는, 신도에서는, 「이하사카」라고 말해지고 있지만, 돌이 깔아 있을 뿐만 아니라, 암석도 있다."
4842,成年,この成年式がすむと、村の幹部になるのだから、長老たちが幹部として知らねばならぬことを教える。,이 성년식이 끝나면 마을의 간부가 되기 때문에 장로들이 간부로 알아야 한다는 것을 가르친다.
4843,生む,この石のなかで、もっと著しい話は、石が子を生む話である。,이 돌 속에서 더 두드러진 이야기는 돌이 아이를 낳는 이야기이다.
4844,風土,播磨風土記に、仏の形をした石が、神島という島にあって、その眼は玉で、五色の涙を流したと書いてある。,"하리마풍토기에 부처의 형태를 한 돌이 고지마라는 섬에 있고, 그 눈은 구슬로 오색의 눈물을 흘렸다고 썼다."
4845,一挙に,その激しい律動が、表現の段階を一挙に飛躍せしめたのである。,그 격렬한 율동이 표현의 단계를 일거에 비약시킨 것이다.
4846,並列,日本の歌謡は、古代には、偶数句並列であったものが、飛鳥・藤原に於て、奇数句の排列となり、其が又平安朝に入って、段々偶数句並列になって、後世に及んだ。,일본의 가요는 고대에는 짝수 구 병렬이었던 것이 아스카 후지와라에서 홀수 구의 배열이 되어 그가 또 헤이안 아침에 들어가 점점 짝수 구 병렬이 되어 후세에 이르렀다.
4847,伴奏,祖先以来の久しい生活の伴奏者を失う前に、我々は出来るだけ味い尽して置きたい。,"조상 이후 오래된 생활의 반주자를 잃기 전에, 우리는 가능한 한 맛있게 놓고 싶다."
4848,兆し,当来の人生に対する暗示や、生命に絡んだ兆しが、作家の気分に融け込んで、出て来るものが主題である。,당래의 인생에 대한 암시와 생명에 얽힌 조짐이 작가의 기분에 녹아 나오는 것이 주제이다.
4849,寄与,芭蕉の為事の大きいのは、正風に触れると触れぬとの論なく、ほうっとした笑いと、人から離れて人を懐しむゆとりとを、凡人生活の上に寄与したことにある。,바쇼의 위사가 큰 것은 정풍에 닿으면 만지지 않는다는 논의 없이 흐릿한 웃음과 사람으로부터 멀리 사람을 그리워하는 여유를 범인 생활 위에 기여한 것에 있다.
4850,密かに,年少不良の徒の歌に、私は屡、飛びあがる様に新しくて、強い気息を聴いて、密かに羨み喜んだ事も、挙げよとなら若干の例を示す事が出来る。,"나이가 좋지 않은 학생들의 노래에, 나는 뺨, 날아오르는 것처럼 새롭고, 강한 기식을 듣고, 은밀하게 부러워 기뻐한 일도, 들자면 약간의 예를 나타낼 수 있다."
4851,手法,個性の内の拍子に乗って顕れる生命も、此を見出してくれる人がない間は、一種の技工として、意識せられ、当人の屡同一手法に安住することは勿論、追随者によって摸倣せられるのである。,"개성 안의 박자를 타고 드러나는 생명도 이를 발견해주는 사람이 없는 동안은 일종의 기공으로 의식을 받고, 당인의 맘 같은 수법에 안주하는 것은 물론 추종자에 의해 모방되는 것이다."
4852,排除,子規の歌の暗示子規は月並風の排除に努めて来た習わしから、ともすれば、脚をとる泥沼なる「さび」に囚われまいと努め努めして、とどのつまりは安らかな言語情調の上に、「しおり」を持ち来しそうになって居た。,"자규의 노래의 암시자규는 월풍풍의 배제에 노력해 온 습관으로부터, 어쩌면, 다리를 취하는 진흙 늪인 ""녹""에 사로잡히려고 노력하고, 어쩌면 즉 편안한 언어 정조 위에, ""북마크""를 가져오려고 되어 있었다."
4853,改革,石川啄木の改革も叙事の側に進んだのは、悉く失敗しているのである。,이시카와 케이기의 개혁도 서사의 측으로 진행된 것은 참으로 실패하고 있는 것이다.
4854,教職,万葉集による文芸復興赤彦が教職を棄てて上京して以来の辛苦は、誠に『十年』である。,만엽집에 의한 문예 부흥 아카히코가 교직을 버리고 상경한 이후의 고통은 정말로 '십년'이다.
4855,整う,「アララギ」同人中、最形の論理的に整うて居た文明の作風が、『ふゆくさ』以後、自ら語の正確さを疑い出したものか、此までどおり明確・端正を保って居ながら、ある点に達すると手を抜く、と言う様な手法を発見した様である。,"'아라라기' 동인 중 최형의 논리적으로 갖추어져 있던 문명의 작풍이 '후유쿠사' 이후 스스로 말의 정확성을 의심한 것인지, 이에 이르기까지 명확·단정을 유지하고 있으면서 어떤 점에 이르면 손을 뺀다는 듯한 수법을 발견한 것 같다."
4856,突破,この表現の苦悩を積むほかに、唯一つの違った方法が、技工の障壁を突破させるであろう。,"이 표현의 고뇌를 쌓는 것 외에, 유일한 다른 방법이, 기술공의 장벽을 돌파시킬 것이다."
4857,緊密,交渉の緊密なものは、象徴的な修辞法になった場合もある。,협상의 긴밀한 것은 상징적인 수사법이 된 경우도 있다.
4858,若干,その平明な日常語を標準とした表現と、内容としての若干の「とぼけ」趣味が、彼の歌を新詩社一流の、あつい息ざしを思わせるものとは懸け離れた、淡い境地を拓かしたのである。,"그 평명한 일상어를 표준으로 한 표현과, 내용으로서의 약간의 「도보케」취미가, 그의 노래를 신시사 일류의, 그저 숨소리를 연상시키는 것과는 현저한, 창백한 경지를 개척한 것이다."
4859,言い換える,もっと言い換えるのもよいかも知れぬ。,더 바꿔 말하는 것도 좋을지도 모른다.
4860,速やかな,だから狭い意味では、その将来の方角を見出して、作家の個性を充して行ける様に導いて行くのが批評家の為事であり、も少し広くすると、人間生命の裏打ちになっている性格の発生を、更に自由に、速やかならしめるものでなくてはならぬ。,"그러므로 좁은 의미에서는 그 장래의 방각을 찾아 작가의 개성을 충당해 갈 수 있도록 이끌어 가는 것이 비평가의 일이며, 조금 넓게 하면 인간 생명의 뒷받침이 되고 있는 성격의 발생을 더욱 자유롭게 신속하게 할 수 있어야 한다."
4861,風習,ふところ子・ふところ爺の生述懐に到っては、しろうと本位である短歌の、昔からの風習が呪しくさえ思われるのである。,"후도코·후토코 사토시의 생술회에 이르러서는, 시려고 본위인 단가의, 옛부터의 풍습이 저주조차 보이는 것이다."
4862,中継,喜田博士が発見せられた女帝を中天皇（万葉には中皇命）と言うのも、博士の解説のように男帝への中継ぎの天子という意でなく、宮廷神と天子との中間に立つ一種のすめらみことの意味らしくある。,"키다 박사가 발견된 여제를 나카텐황(만엽에는 중황명)이라고 하는 것도, 박사의 해설과 같이 남제에의 중계의 천자라는 뜻이 아니라, 궁정신과 천자와의 중간에 서는 일종의 미끄러짐의 의미다."
4863,制定,国と言うと、国郡制定以後の国と紛れやすいゆえ、いまこれを村と言うておこう。,"나라라고 하면, 국군 제정 이후의 나라와 혼동하기 때문에, 지금 이것을 마을이라고 말해 두자."
4864,原形,そういうところは、すべて男性と考えやすいのであるが、中天皇の原形なる女帝がなお多くあらせられたのではあるまいか。,"그런 곳은, 모두 남성이라고 생각하기 쉬운 것이지만, 중천황의 원형인 여제가 더욱 많이 드러난 것은 아닐까."
4865,政権,そう言うよりは、教権を奪うことが、政権をもとりあげることになるというところに目をつけたのが、この計画者の識見のすぐれていたことを見せている。,"그렇게 말하는 것보다는, 교권을 빼앗는 것이, 정권을 취하게 된다는 점에 눈을 돌린 것이, 이 계획자의 식견이 뛰어난 것을 보여주고 있다."
4866,満たす,昼は公然と村に来て、嫁入り先の家の水壺を満たすために、井の水を頭に載せて搬んだりする。,"낮에는 공공연하게 마을에 와서, 아내가 들어가는 집의 물병을 ​​채우기 위해, 우물의 물을 머리에 싣고 반송하기도 한다."
4867,軍備,軍勢に硬軟の区別を立てて、軍備えをするわけもないから、優形の軍隊といったふうの譬喩表現と見る説はわるい。,"군세에 경연의 구별을 세우고, 군대비를 하는 것도 없기 때문에, 우형의 군대라고 하는 식의 은유 표현이라고 보는 설은 다르다."
4868,逃走,奪掠婚に対して、逃走婚という方法を考えに入れねば、奪掠の真意義もわかりにくかろうと思う。,탈퇴혼에 대해 도주혼이라는 방법을 생각에 넣으면 탈퇴의 진의의도 이해하기 어렵다고 생각한다.
4869,並行,小林秀雄さんの翻訳技術がこれ程発揮せられていながら、それでいて、原詩の、幻想と現実とが並行し、語の翳と暈との相かさなり靡きあう趣きが、言下に心深く沁み入って行くと言うわけにはいかない。,"고바야시 히데오 씨의 번역 기술이 이 정도 발휘되고 있으면서, 그래서, 원시의 환상과 현실이 병행하고, 단어의 봉우리와 쿠마와의 합당하게 붐비는 정취가, 말하에 마음 깊게 흘러 들어간다고 말할 수는 없다."
4870,原作,その人が原作に忠実な詩人であればある程、訳詩がちっとも、もとの姿をうつしていないことに悲観したことが察せられる。,그 사람이 원작에 충실한 시인이면 있을수록 번역시가 틀림없이 원래 모습을 우울하지 않은 것에 비관한 것을 알 수 있다.
4871,原書,矮人をちひさごと言う古語で表現した事について、ひきうどとの関係を論じているあたりも、与謝野氏自身は、原書からの知識でなくては、と言うような不服を暗示したものであろう。,"왜인을 치히사토 말하는 고어로 표현한 것에 대해, 히키우도와의 관계를 논하고 있을 때도, 요사노씨 자신은, 원서로부터의 지식이 아니면, 이라고 하는 불복을 암시한 것이다."
4872,収容,明治三十二年以後著しい短歌改革運動を行った新詩社の人々の短歌に収容した詩語は、やはりぎりしや・ろうま或はきりすと教の神話信仰に関した美しい詞であった。,"메이지 32년 이후 현저한 단가개혁운동을 실시한 신시사의 사람들의 단가에 수용한 시어는 역시 기리시야, 로마 혹은 키리스와 교의 신화 신앙에 관한 아름다운 사였다."
4873,夥しい,象徴派の詩篇の、国語に訳出せられたものは、実に夥しい数である。,"상징파의 시편의, 국어로 번역된 것은, 실로 엄청난 수이다."
4874,山脈,山脈を「やまなみ」と言う事は、後に短歌にも広く用いられるが、やはり詩が初めであろう。,"산맥을 「야마나미」라고 하는 것은, 나중에 단가에도 널리 이용되지만, 역시 시가 처음일 것이다."
4875,強み,第一国語から離れすぎていると言う事が誇るべき事でないと同じに、それに近いと言う事が必しも詩語の強みになる訣でもない。,"제1국어로부터 너무 멀어져 있다고 하는 것이 자랑할 일이 아닌 것과 같이, 그것에 가깝다고 하는 것이 반드시 시어의 강점이 되는 법도 아니다."
4876,所属,併しどちらかと言うと、我が国現在総べての詩人の所属しているほど盛んな象徴主義も、やはり大なり小なり自然主義を含んで来ている。,"아울러 어느 쪽이든 말하면, 우리나라 현재 총 시인이 소속하고 있을 만큼 활발한 상징주의도 역시 크고 작아 자연주의를 포함해 오고 있다."
4877,本格,その後やがて、少しずつ象徴表現になれた国語は、幾つかの本格的な象徴詩を生み出した。,그 후 곧 조금씩 상징 표현이 된 국어는 몇 가지 본격적인 상징시를 낳았다.
4878,模型,詩の未来文体の模型として、詩人の大半が努力しているのが翻訳詩である。,시의 미래 문체의 모형으로서 시인의 대부분이 노력하고 있는 것이 번역시이다.
4879,語句,象徴派詩人たちの訳詩集などに出て来る文体或は語句、言いかえれば、国語でありながら、詩の用語なる古典語や、標準語とは違った印象を与える詩語と文体が、目に立って多くなって来た。,"상징파 시인들의 번역시집 등에 나오는 문체 혹은 어구, 즉, 국어이면서 시의 용어인 고전어나 표준어와는 다른 인상을 주는 시어와 문체가 눈에 띄게 많아졌다."
4880,語彙,泣菫の語彙を批評した鉄幹は、極めて鄭重な言い廻しではあるが、極めて皮肉な語気を以て噂した（明星）。,"울보의 어휘를 비평한 철간은 극히 정중한 말투이지만, 극히 아이러니한 어기를 소문했다(명성)."
4881,還元,それは言うまでもなく、第一国語に還元するからである。,그것은 말할 필요도 없이 제1국어로 환원하기 때문이다.
4882,ぼつぼつ,その安堵の心から、家々の外には、石城を廻すものが、又ぼつぼつ出て来た。,"그 안도의 마음으로부터, 집 밖에는, 석성을 돌아다니는 것이, 또 멍하니 나왔다."
4883,中腹,其中腹と、東の鼻とに、西塔・東塔が立って居る。,그 중복과 동쪽 코에 서탑·동탑이 서 있다.
4884,交錯,もう此頃になると、太政官符に、更に厳しい添書がついて出ずとも、氏々の人は皆、目の前のすばやい人事自然の交錯した転変に、目を瞠るばかりであったので、久しい石城の問題も、其で、解決がついて行った。,"이윽고 태정관부에 더욱 엄격한 첨서가 나오지 않아도, 씨들의 사람은 모두, 눈앞의 빠른 인사 자연의 교착한 전변에, 눈을 엿볼 뿐이었기 때문에, 오랜 석성의 문제도, 그대로, 해결이 붙어 갔다."
4885,人出,長い甃道を踏んで、中門に届く間にも、誰一人出あう者がなかった。,긴 열도를 밟고 중문에 도착하는 동안에도 누구 한 사람 만날 자가 없었다.
4886,伝来,父藤原豊成朝臣、亡父贈太政大臣七年の忌みに当る日に志を発して、書き綴った「仏本伝来記」を、其後二年立って、元興寺へ納めた。,"부토하라 토요나리 조신, 망부증태정대신 7년의 기침에 해당하는 날에 뜻을 내고, 쓴 '불본전래기'를, 게이후 2년 서서 모토고지에 납입했다."
4887,健やかな,女たちは、板屋に戻っても、長く、健やかな喜びを、皆して語って居た。,여자들은 이타야로 돌아가도 길고 건강한 기쁨을 모두 말해주었다.
4888,冷気,ついと、凍る様な冷気――。,드디어 얼어붙는 냉기――.
4889,励む,奴婢は、其々もち場持ち場の掃除を励む為に、ようべの雨に洗ったようになった、境内の沙地に出て来た。,"奴婢는 其々 떡장소장 청소를 격려하기 위해, 수비의 비에 씻어지게 된 경내의 사지에 나왔다."
4890,区画,朱雀大路も、ここまで来ると、縦横に通る地割りの太い路筋ばかりが、白々として居て、どの区画にも区画にも、家は建って居ない。,"주작대로도, 여기까지 오면, 종횡으로 지나가는 땅의 굵은 노근만이, 하얗게 있어, 어느 구획에도 구획에도, 집은 세워져 있지 않다."
4891,学芸,ささなみの大津の宮に人となり、唐土の学芸に詣り深く、詩も、此国ではじめて作られたは、大友ノ皇子か、其とも此お方か、と申し伝えられる御方。,"사사나미의 오쓰노미야에 사람이 되어, 당토의 학예에 깊숙히, 시도, 쿠니쿠니에서 처음으로 만들어진 것은, 오토모노 황자인가, 그 게도 이치 쪽인가,라고 전해지는 분."
4892,庶民,九人は、完全に現し世の庶民の心に、なり還って居た。,9명은 완전하게 나타나 세상의 서민의 마음으로 되돌아가 있었다.
4893,思い返す,文成に限る事ではおざらぬが、あちらの物は、読んで居て、知らぬ事ばかり教えられるようで、時々ふっと思い返すと、こんな思わざった考えを、いつの間にか、持っている――そんな空恐しい気さえすることが、ありますて。,"문성에 한정하는 일로는 모르지만, 저쪽의 물건은, 읽고 있고, 모르는 일만 가르칠 수 있는 것 같고, 때때로 문득 되돌아보면, 이런 생각하지 않은 생각을, 어느새인가, 가지고 있다――그런 공포한 생각조차 하는 일이 있어요."
4894,手芸,郎女は、女たちの凝っている手芸を、じっと見て居る日もあった。,로녀는 여자들의 응고하고 있는 수예를 가만히 보고 있는 날도 있었다.
4895,昇進,其中、此針の筵の上で、兵部少輔から、大輔に昇進した。,"그 중, 이침의 부상 위에서, 병부 소스케로부터, 다이스케로 승진했다."
4896,発育,皆手に手に、張り切って発育した、蓮の茎を抱えて、廬の前に並んだのには、常々くすりとも笑わぬ乳母たちさえ、腹の皮をよって、切ながった。,모두에게 손에 꽂혀 발육한 연꽃 줄기를 안고 곶 앞에 늘어선 것은 늘 웃기지 않는 유모들조차 배꼽 껍질을 따라 자른다.
4897,脅迫,そのことすら、益々脅迫感を強める方にばかりはたらいた。,그것조차도 점점 협박감을 강화하는 분들에게만 일했다.
4898,規模,其際、山田寺の旧構を残すため、寺の四至の中、北の隅へ、当時立ち朽りになって居た堂を移し、規模を小くして造られたもの、と伝え言うのであった。,"그 때, 야마다지의 구구를 남기기 위해, 절의 4지 중, 북쪽의 구석에, 당시 서서 썩어져 있던 당을 옮겨, 규모를 작게 만들어진 것,이라고 전하는 것이다."
4899,貯める,朝になると又、何もかも忘れたようになって績み貯める。,"아침이 되면 또, 아무것도 잊어버리게 되어 쌓아 모은다."
4900,賜る,宮廷から賜る資人・※仗も、大貴族の家の門地の高さを示すものとして、美々しく著飾らされて、皆任地へついて行った。,"궁정에서 받는 자인·※선도, 대귀족의 집의 문지의 높이를 나타내는 것으로서, 아름답게 저장되어, 모두 임지에 대해서 갔다."
4901,浮かべる,そういうとき、すぐにわれわれは『倭名類聚鈔』を頭に浮かべる。,그럴 때 곧 우리는 『왜명류 遥鈔』을 머리에 떠올린다.
4902,語源,語源これくらいで辞書についての根本の考えは決まっていくと思う。,어원 이것 정도로 사전에 대한 근본의 생각은 정해져 간다고 생각한다.
4903,交替,交替に出ているわけでもない。,교체에 나오는 것도 아니다.
4904,介入,だから、だんだんと家族の中の私事になってゆき、外へもって出ぬことになって、「夫婦喧嘩は犬も食わぬ」などと言うて、他人はこの間に介入すべきでないと考え、相手にしなかった。,그래서 점점 가족 속의 사사가 되어 가서 밖으로 나가지 않게 되어 ‘부부 싸움은 개도 먹지 않는다’는 말로 타인은 그동안 개입해서는 안 된다고 생각해 상대로 하지 않았다.
4906,方式,貴族の結婚の方式ははっきりとわかってくる。,귀족의 결혼 방식은 분명히 알 수 있다.
4907,省みる,人間は常に神に近づこうとして、様々な修行の過程を踏んでいるのであって、其ためには其過程過程が、省みる毎に、あやまちと見られるのである。,"인간은 언제나 하나님께 가까워지려고 여러 가지 수행 과정을 밟고 있는 것이며, 그러기 위해서는 그 과정과정이, 생략할 때마다 아야마치로 볼 수 있는 것이다."
4908,設定,だが本とうは作者自身の考えで内蔵介の生活を設定して、作者の考えた型へ内蔵介を入れてしまう事になるのである。,"하지만 책은 작자 자신의 생각으로 내장 개통의 생활을 설정하고, 작자의 생각한 형태에 내장 개통을 넣어 버리는 것이 되는 것이다."
4909,修学,これが後には春の行楽として、運動会・修学旅行などの古風なもののような形をとった地方もあるわけだが、この山籠り・野遊びが雛祭りと結合している地方が多い。,"이것이 뒤에는 봄의 행락으로서 운동회·수학여행 등의 고풍스러운 것 같은 형태를 취한 지방도 있는 셈이지만, 이 야마타리·노 놀이가 히나마츠리와 결합하고 있는 지방이 많다."
4910,ひいては,こんなところから、猫の耳は不死身のような疑いを受け、ひいては「切符切り」の危険にも曝されるのであるが、ある日、私は猫と遊んでいる最中に、とうとうその耳を噛んでしまったのである。,"이런 곳에서, 고양이의 귀는 불사신과 같은 의심을 받고, 나아가 「표절」의 위험에도 노출되는 것이다."
4913,ふいに,彼にただ一つの残っている空想というのは、彼がその寡婦と寝床を共にしているとき、ふいに起こって来る、部屋の窓を明け放してしまうという空想であった。,"그에게 단 하나의 남은 공상이라고 하는 것은, 그가 그 과부와 잠자리를 함께 하고 있을 때, 문득 일어나는, 방의 창을 새롭게 해 버리는 공상이었다."
4983,添える,この料理の美衣をもって風情を添えることは、他人はどうあろうと、私にはかけがえのない楽しみである。,"이 요리의 미의를 가지고 풍치를 더하는 것은, 타인은 어쨌든, 나에게는 바꿀 수 없는 즐거움이다."
4984,高める,そういう好みの程度を高めて行くことは、結局情操を高めることであり、人間を高めることになる。,그러한 취향의 정도를 높여가는 것은 결국 정조를 높이는 것이며 인간을 높이게 된다.
4985,特産,元来、北陸というところは、いわし・たら・なまこ・かに・甘えびなどの特産物は別として、一般魚類は不味いものばかりだ。,원래 호쿠리쿠라는 곳은 이와시·타라·나마코·게·달콤한 새우 등의 특산물을 제외하고 일반 어류는 맛없는 것 뿐이다.
4986,中毒,明治初年以後曲げられて来た日本料理は、もうそろそろここらで反省し、根本から了見を改むべきで、例えば、世上往々中毒事件を惹起している惨事の如きは、料理関係者の堕落が原因である。,"메이지 첫해 이후 구부러져 온 일본 요리는 이제 슬슬 여기에서 반성하고 근본에서 견해를 바꾸어야 하며, 예를 들어 세상 흔히 중독 사건을 야기하는 참사와 같은 요리 관계자의 타락이 원인이다."
4987,実情,いかなる家庭に育った人たちか、どんな料理経歴をもつ人々なるか、いずれもが低調な料理職人から学んだであろうことが、ほぼ察し得られるゆえに、生きた資材も、いらざる手間のために、味を損ね、料理学上無知の譏りを免れず、まことに噴飯に堪えないのが実情である。,"어떠한 가정에 자란 사람들인가, 어떤 요리 경력을 가진 사람들이 될지, 모두가 저조한 요리 장인으로부터 배웠을 것이, 거의 파악할 수 있기 때문에, 살아있는 자재도, 오로지 수고를 위해서, 맛을 해치고, 요리 학상 무지의 보를 면할 수 없고, 진짜로 분밥에."
4988,聴講,ラジオ料理の先生も、聴講生も、いかにもレベルが違いすぎて、今のままでは処置のない存在に過ぎない。,"라디오 요리의 선생님도, 청강생도, 그야말로 레벨이 너무 다르고, 지금 그대로는 처치가 없는 존재에 지나지 않는다."
4989,国連,魚といえば、国連大使沢田廉三さんの公邸でご馳走になったシーバスの刺身は、ちょいと日本にも例の少ないくらいおいしいものでした。,"생선이라고 하면, 유엔 대사자와 야자키씨의 공저에서 대접이 된 시바스의 회는, 조금 일본에도 예가 적을 정도로 맛있는 것이었습니다."
4990,好況,いつのころかはっきり憶えぬが、なんでも好況時代の絶頂に達したころででもあったろうか。,"언제쯤인지 명확하게 기억할 수 없지만, 뭐든지 호황시대의 절정에 이른 무렵이라도 있었을까."
4991,等級,あゆは新鮮だし、色つやもよく、容姿も優れていて確かに一等級のものであったらしい。,"아유는 신선하고, 색채도 좋고, 외모도 뛰어나 확실히 일등급의 것이었던 것 같다."
4992,匹敵,私は黒部渓谷、九谷の奥、金沢のごりやなどでしばしば試みているが、星がれいに匹敵して、しかも格別という態の風味をもっていて、絶賛に価する。,"나는 쿠로베 계곡, 구야의 안쪽, 가나자와의 고리나 등으로 자주 시도하고 있지만, 별이 예쁘게 필적하고, 게다가 각별하다는 태의 풍미를 가지고 있어, 절찬에 든다."
4993,現地,現地で、しかも、食膳のあたりに山嵐の気でも迫るようであれば、いよいよもって得たり賢しである。,"현지에서, 게다가, 식선 근처에 산 폭풍의 마음도 다가오는 것 같으면, 드디어 얻거나 현명하다."
5013,兵器,然れども多く謀画を致すのみにして、終に兵に将として戦うを肯んぜす、兵器を賜うも亦受けず。,"물론 많은 모화를 하는 것만으로, 결국 병사에게 장으로서 싸우는 것을 긍지하는, 무기를 받는 것도 받지 않고."
5014,占う,其引の中に記して曰く、細らかに其の進修の功を占うに、日々に異なるありて、月々に同じからず、僅に四春秋を越ゆるのみにして而して英発光著や斯の如し、後四春秋ならしめば、則ち其の至るところ又如何なるを知らず、近代を以て之を言えば、欧陽少卿、蘇長公の輩は、姑らく置きて論ぜず、自余の諸子、之と文芸の場に角逐せば、孰か後となり孰か先となるを知らざる也。,"其引 속에 적어 엎드려, 부드럽게 其의 진수의 공을 차지하는 데, 날마다 다르고, 매달에 동일하지 않고, 약간 4춘추를 넘는 것만으로 해서 而하여 英発光저나 애와 같이, 後四春秋라면, 則ち其의 도처 어떠한 것도 모르고, 근대를 통해 之를 말하면, 유럽양 소경, 소초공의 배는, 쓸쓸하게 두고 논하지 않고, 자여의 제자, 之과 문예의 장소에 각축하면, 쭉 뒤가 되어 버리는지 알게 된다."
5015,反撃,然れども程朱の学、一世の士君子の奉ずるところたるの日に於て、抗争反撃の弁を逞しくす。,"어쨌든 주홍의 학, 일세의 사군자의 봉사하는 곳 가는 날에 항쟁반격의 변언을 되살린다."
5016,憤る,巍は燕王に書を上りしも効無かりしを歎ずれば、鉉は忠臣の節に死する少きを憤る。,"巍는 燕王에게 책을 올려도 효능을 꾀하면, 문은 충신의 절에 죽는 조금을 분개한다."
5017,抗争,然れども程朱の学、一世の士君子の奉ずるところたるの日に於て、抗争反撃の弁を逞しくす。,"어쨌든 준주의 학, 일세의 사군자의 봉사하는 곳 가는 날에 항쟁반격의 판변을 무너뜨린다."
5018,改定,太子亡せたまいければ、太孫をして事に当らしめたまいけるが、太孫もまた寛厚の性、おのずから徳を植えたもうこと多く、又太祖に請いて、遍く礼経を考え、歴代の刑法を参酌し、刑律は教を弼くる所以なれば、凡そ五倫と相渉る者は、宜しく皆法を屈して以て情を伸ぶべしとの意により、太祖の准許を得て、律の重きもの七十三条を改定しければ、天下大に喜びて徳を頌せざる無し。,"태자 죽을 수 없으면, 태손을 하고 일에 휘말리지 않겠지만, 태손 역시 관후의 성, 저절로 덕을 심은 이미 많은 것, 또 태조에 청해, 편하게 예경을 생각해, 역대의 형법을 참작해, 형률은 교을 농담하는 곳이라면, 범죄 고륜과 협상하는 자는, 잘 모두 법을 굴려서 정을 늘리기라는 뜻에 의해, 태조의 준허를 얻고, 율의 무거운 73조를 개정하면, 천하대에 기뻐하고 덕을 드러내지 않으면 안 된다."
5019,概略,今たゞ其概略と燕王恵帝の性格風※を知る可きものとを記せん。,지금 다자이 개략과 연왕 에제의 성격풍 ※을 아는 가와 것을 기록하지 않습니다.
5020,治安,賈誼曰く、天下の治安を欲するは、衆く諸侯を建てゝ其力を少くするに若くは無しと。,"배설하고, 천하의 치안을 갖고 싶다는, 무거운 제후를 세우고 ㄷ경력을 적게 하기에는 젊지 않다고."
5021,緩む,庸之を禦がしめ、囲やゝ緩む。,"쇼노를 왕새우고, 둘러싸거나 느슨하게 한다."
5022,自立,耳剽し口衒し、色を詭り辞を淫にし、聖賢に非ずして、而も自立し、果敢大言して、以て人に高ぶり、而して理の是非を顧みず、是を名を務むるの蠹という。,"귀를 깎고, 착색하고, 색깔을 사로잡고 사전을 음란하게 하고, 성현에 숨기고, 而도 자립하고, 과감하게 말하고, 이로써 사람에게 높게 하고, 而하여 理의 是非를 묻지 않고, 是를 이름을 맡는 게 된다."
5023,調停,畢竟南北相戦う、調停の事、復為す能わざるの勢に在り、今に於て兵戈の惨を除かんとするも、五色の石、聖手にあらざるよりは、之を錬ること難きなり。,"畢竟南北相 싸우는, 중재의 일, 복위할 수 없을 만큼의 세상에 존재하고, 지금에 있어서 병의 참을 제외하고 하는 것도, 오색의 돌, 성수에게 드러내는 것보다는, 之를 연기 어렵다."
5024,護衛,明の制、親王は金冊金宝を授けられ、歳禄は万石、府には官属を置き、護衛の甲士、少き者は三千人、多き者は一万九千人に至り、冕服車旗邸第は、天子に下ること一等、公侯大臣も伏して而して拝謁す。,"아키라의 제, 친왕은 금책 금보를 받고, 세록은 만석, 부에는 관속을 두고, 호위의 갑사, 조금은 3천명, 많은 사람은 1만 9천명에 이르고, 교복 차기 저택 제, 천자에 내리는 일등, 공후대신도 복하고 재배해 배모."
5025,選挙,坦坦翁、生平実に坦坦、文章学術を以て太祖に仕え、礼儀の制、選挙の法を定むるの議に与りて定むる所多く、帝の洪範の注成るや、命を承けて序を為り、勅修の書、省躬録、書伝会要、礼制集要等の編撰総裁となり、居然たる一宿儒を以て、朝野の重んずるところたり。,"탄탄옥, 생평실에 탄탄, 문장학술을 통해 태조를 섬기고, 예의제, 선거법을 정하는 의의에 걸려 정하는 곳 많아, 제의 홍범의 주성이나 생명 를 받아서 서를 위하여, 칙수의 서, 성장록, 서전회 요, 예제 집요 등의 편심 총재가 되어, 아연한 일숙 유를 해서, 아사노의 무거운 곳이나."
5026,首脳,王城を囲める者も、首脳已に無くなりて、手足力無く、其兵おのずから潰えたり。,"왕성을 둘러싸는 사람도, 정상단에 없어져, 손족력 없고, 게이병의 무언가로부터 망가지거나."
5027,一掃,ここの細君は今はもう暗雲を一掃されてしまって、そこは女だ、ただもう喜びと安心とを心配の代りに得て、大風の吹いた後の心持で、主客の間の茶盆の位置をちょっと直しながら、軽く頭を下げて、「イエもう、業の上の工夫に惚げていたと解りますれば何のこともございません。,"여기의 호소군은 지금은 이제 암운을 쓸어버리고, 거기는 여자다, 단지 이미 기쁨과 안심을 걱정 대신에 얻고, 큰 바람이 불은 후의 마음으로, 주객 사이의 차분의 위치를 ​​조금 고치면서, 가볍게 머리를 내리고, 「예 이제, 업 위의 궁리에 반했어."
5028,倹約,定まって晩酌を取るというのでもなく、もとより謹直倹約の主人であり、自分も夫に酒を飲まれるようなことは嫌いなのではあるが、それでも少し飲むと賑やかに機嫌好くなって、罪も無く興じる主人である。,"정해져 만찬을 잡는다는 것도 아니고, 근본적으로 시약의 주인이며, 자신도 남편에게 술을 마시는 것 같은 것은 싫은 것이지만, 그래도 조금 마시면 활기차고 기분 좋아지고, 죄도 없게 흥분하는 주인이다."
5029,和風,永年連添う間には、何家でも夫婦の間に晴天和風ばかりは無い。,"오랜 연대하는 사이에는, 무엇 집이라도 부부 사이에 맑은 날 일본식만은 없다."
5030,提起,禅宗の味噌すり坊主のいわゆる脊梁骨を提起した姿勢になって、「そんな無茶なことを云い出しては人迷わせだヨ。,"선종의 된장 스리보주의 이른바 척보골을 제기한 자세가 되어, “그런 무단한 일을 말하고는 사람 망설임이다."
5031,晴天,永年連添う間には、何家でも夫婦の間に晴天和風ばかりは無い。,"오랜 연대하는 사이에는, 무엇 집이라도 부부 사이에 맑은 날 일본식만은 없다."
5032,未定,」と云いかけて、ちょっと考え、「いったい、何を作ろうと思いなすったのか、まだ未定なのですか。,"라고 말하면서, 조금 생각해, 「도대체, 무엇을 만들려고 생각했는지, 아직 미정입니까."
5033,清濁,徳川期にはなるほどすべてこういう調子の事が行われたのだなと暁って、今更ながら世の清濁の上に思を馳せて感悟した。,"도쿠가와기에는 과연 모두 이런 상태가 일어났던 것이라고 잠시, 이제는 세상 청탁 위에 생각을 느끼고 감오했다."
5034,簡素な,是非も無い、簡素な晩食は平常の通りに済まされたが、主人の様子は平常の通りでは無かった。,"꼭도 없는 간소한 저녁 식사는 평상시대로 끝났지만, 주인의 모습은 평상시대로는 아니었다."
5035,軽視,自分の軽視されたということよりも、夫の胸の中に在るものが真に女わらべの知るには余るものであろうと感じて、なおさら心配に堪えなくなったのである。,"자신의 경시되었다는 것보다도 남편의 가슴 속에 있는 것이 진정으로 여자 짚을 알기에는 남을 것이라고 느끼고, 더욱 걱정에 참을 수 없게 된 것이다."
5036,辞職,」「…………」「辞職？,"""""............"" ""사직?"
5037,まごまご,醍醐の醍の字を忘れて、まごまごして居た佑筆に、大の字で宜いではないかと云った秀吉は、実に混乱から整理へと急いで、譬えば乱れ垢づいた髪を歯の疎い丈夫な櫛でゴシゴシと掻いて整え揃えて行くようなことをした人であった。,"醍醐의 醍의 글자를 잊고, 참깨하고 있던 유필에, 큰 글자로 좋지 않을까라고 말한 히데요시는, 실로 혼란으로부터 정리로 서둘러, 곁하면 흐트러뜨린 머리를 치아의 희미한 튼튼한 빗을 갖고 가자"
5038,中立,木村父子は何も越中立山から日本アルプスを越えて徳川家康と秀吉を挟撃する相談をした内蔵介成政ほどの鼬花火のような物狂わしい火炎魂を有った男でも無いし、それを飛離れた奥地に置いた訳は一寸解しかねる。,"기무라 부자는 아무것도 에치나카 다테야마로부터 일본 알프스를 넘어 도쿠가와 이에야스와 히데요시를 협격하는 상담을 한 내장 개성정 정도의 불꽃 불꽃과 같은 괴로운 화염혼을 가진 남자도 없고, 그것을 멀리 떨어진 오지에 둔 이유는 한 치 풀기 어렵다."
5039,人質,云わば賢秀に異心無き証拠の人質にされたのである。,말하자면 현수에 이심 없는 증거의 인질이 된 것이다.
5040,任命,すると秀吉は笑って、おれが天下を取る筈だわ、ここは蒲生忠三郎で無くてはならぬところだ、と云って氏郷を任命したというのだ。,"그러자 히데요시는 웃고, 내가 천하를 잡을 것이며, 이곳은 가모다다사부로에서 없어서는 안 되는 곳이라고, 말하고 씨향을 임명했다는 것이다."
5041,偏屈,必らずしも重箱の中へ羊羹をギチリと詰めるような、形式好き融通利かずの偏屈者では無かった。,불필요하게도 무거운 상자 안에 양갱을 기치리와 채우는 것 같은 형식 좋아 융통리가 없는 편굴자는 아니었다.
5042,冷遇,で、大膳は狂者のように謂われ、大膳の子たる伯耆まで冷遇さるるに至った。,그러므로 다이젠은 광자처럼 우려되어 다이젠의 아들인 백호까지 냉대하게 되었다.
5043,削減,たとえば伊達政宗が会津を取った時、一旦は降参した横田氏勝の如きは、降参して見ると所領を余り削減されたので政宗を恨んだ。,"예를 들면 다테 마사무네가 아이즈를 잡았을 때, 일단은 강참한 요코타씨 카츠와 같은, 강참해 보면 소령을 너무 삭감되었기 때문에 마사무네를 원망했다."
5044,反乱,此年の夏、南部の九戸左近政実という者が葛西大崎などのより規模の大きい反乱を起したが、秀次の総大将、氏郷の先鋒、諸将出陣というので論無く対治されて終い、それで奥羽は腫物の根が抜けたように全く平定した。,"2018년 여름 남부의 쿠도 사카네 마사시라는 가사이 오사키 등의 보다 규모가 큰 반란을 일으켰지만, 히데지의 총대장, 씨향의 선봉, 제장 출진이라 논 없게 대치되어 끝나고, 그래서 오우는 종물의 뿌리가 빠진 것처럼 완전히 평정했다."
5045,廃る,で、氏郷は町野に対して、汝の諫言を破るでは無いが、何様も然様は成りかねる、仮令運拙く時利あらずして吾が上はともなれかくもなれ、子とも見よ、親とも仰げと殿下の云われた木村父子を見継がぬならば、我が武道は此後全く廃る、と云切った。,"그래서, 미사토는 마치노에 대해, 여의의 말을 어기는 것은 아니지만, 아무것도 자연스럽지 않게 된다, 가령 운수할 때 이리없이 착이 위로는 어쨌든, 아들도 보라, 부모와도 권고와 전하의 말을 받은 기무라 부자를 견계가 없다면, 우리 무술은 도후 전혀 폐한다, 라고 말했다."
5046,支持,主人利家に取っては自分の支持をするものが一人でも多いのが宜い訳だから、子息達も立派な大名である故同座させた方が万事に都合が好いのだが、そこは又左衛門利家そんなナマヌル魂では無い。,"주인이가에 가서는 자신의 지지를 하는 것이 혼자라도 많은 것이 좋기 때문에, 아들들도 훌륭한 다이묘인 고동좌시킨 쪽이 만사에 형편이 좋아하지만, 거기는 또 사에몬리가 그런 나마눌 영혼은 아니다."
5047,救援,何はあれ関勝蔵の一隊を境にして、前の諸隊は一揆勢に向い、後の三与は政宗に備えながら、そして全軍が木村父子救援の為に佐沼の城を志して、差当りは高清水の敵城を屠らんと進行したのは稀有な陣法で、氏郷雄毅深沈とは云え、十死一生、危きこと一髪を以て千鈞を繋ぐものである。,"무엇이라도 세키카츠조의 일대를 경계로 하고, 전의 제대는 일호세를 향해, 후의 삼여는 마사무네에 대비하면서, 그리고 전군이 기무라 부자 구원을 위해 사누마의 성을 뜻해 , 차당은 타카시미즈의 적성을 도망치게 진행한 것은 드문 진법으로, 씨향 유인 심침과는 말해, 십사 일생, 위태로운 일발을 지나 치즈를 연결하는 것이다."
5048,文書,考証家、穿鑿家、古文書いじり、紙魚の化物と続西遊記に罵られているような然様いう者の真似もしたくない。,"고증가, 천황가, 고문서 깡패, 종이 생선의 화물과 속서유기에 휩쓸리고 있는 것처럼 자연스러운 사람의 모방도 하고 싶지 않다."
5049,漢語,漢語の所謂戦袍で、斎藤実盛の涙ぐましい談を遺したのも其の鎧直垂に就いてである。,한어의 소위 전쟁에서 사이토 실모리의 눈물 담긴 담을 남긴 것도 그 갑옷 직수에 종사하고 있다.
5050,目覚ましい,十八万石程から一足飛に四十二万石の大封を賜わったのだから、たとい大役を引受けさせられたとは云え、奥州出羽の押えという名誉を背負い、目覚ましい加禄を得たので、家臣連の悦んだろうことは察するに余りある。,"18만석정에서 1족비로 422만석의 대봉을 받았기 때문에, 그다지 대역을 맡게 되었다고는 말해, 오슈 데바의 노루라는 명예를 짊어지고, 눈부신 가록을 얻었기 때문에, 가신련의 기념일 것이라는 점을 알아보기에 너무 있다."
5051,細菌,蚤のような男、蝨のような女が、何様致した、彼様仕った、というが如き筋道の詮議立やなんぞに日を暮したとて、尤千万なことで、其人に取ってはそれだけの価のあること、細菌学者が顕微鏡を覗いているのが立派な事業で有ると同様であろう。,"蚤 같은 남자, 개미 같은 여자가, 무슨 치한, 그가 섬겼다, 라고 하는 듯한 근도의 의의나 어딘가에 날을 살았다고, 우천만의 일로, 그 사람에게 취해는 그만큼의 가 있는 것, 세균학자가 현미경을 들여다 보는 것이 훌륭하다."
5052,統治,梵天は此世の統治者で、二生の人たる嬰児の将来は、其の前生の唱名不退の大功徳によって梵天の如くにあるべしという意からの事だ。,"범천은 이세의 통치자로, 2세의 사람인 어린아이의 장래는, 其의 ​​전생의 창명불퇴의 대공덕에 의해 범천처럼 있을 수 있다는 뜻으로부터의 것이다."
5053,習得,伊賀衆というのは伊賀侍、若くは伊賀侍から出た忍びの術を習得した者共という義で、甲賀衆と云うのは江州甲賀の侍に本づく同様の義の語、そして転じては伊賀衆甲賀衆といえば忍びの術を知って偵察の任を帯びて居る者という意味に用いられたのである。,"이가중이라고 하는 것은 이가 사무라이, 젊음은 이가 사무라이에서 나온 닌자의 수술을 습득한 자공이라는 의로, 고가중이라고 말하는 것은 강주 고가의 사무라이에 본사하는 같은 의의 말, 그리고 돌아서는 이가중 코가중이라고 하면 닌자의 술을 알고 정찰의 임을 띠고."
5054,行進,逆歩に歩むとは記してあるが、それは言葉通りに身構は南へ向い歩は北へ向って行くことであるか、それとも別に間隔交替か何かの隊法があって、後を向きながら前へ進む行進の仕方が有ったか何様か精しく知らない。,"역보에 걸어간다고는 적고 있지만, 그것은 말 그대로 신구는 남쪽으로 향하는 걸음은 북쪽으로 가는 것인가, 아니면 따로 따로 간격 교체인가 무언가의 대법이 있고, 뒤를 향하면서 앞으로 나아가는 행진의 방법이 있었는지 어쩐지 정밀하게 모른다."
5055,誠実な,氏郷の前軍の蒲生源左衛門、町野左近将監等は政宗勢の不誠実なところを看破したから大に驚いた。,"씨향 전군의 가모겐 사에몬, 마치노 좌근장감 등은 마사무네세의 불성실한 곳을 간파했기 때문에 크게 놀랐다."
5056,摘む,その時やや隔たった圃の中からまた起った歌の声は、わたしぁ桑摘む主ぁ※まんせ、春蚕上簇れば二人着る。,"그때 다소 분리된 논 속에서 다시 일어난 노래의 목소리는, 나 뽕 따는 주 ※만세, 춘잠 상봉하면 두 사람 입는다."
5057,勧告,切詰めた予算だけしか有しておらぬことであるから、当人は人一倍困悶したが、どうも病気には勝てぬことであるから、暫く学事を抛擲して心身の保養に力めるが宜いとの勧告に従って、そこで山水清閑の地に活気の充ちた天地の※気を吸うべく東京の塵埃を背後にした。,"절삭한 예산만 밖에 가지고 있지 않은 일이기 때문에, 당인은 사람 한배 곤란했지만, 아무래도 병에는 이기지 않는 것이기 때문에, 잠시 학사를 척척하고 심신의 보양에 힘쓰는 것이 좋다고의 권고에 따라, 거기서 산수 청반의 땅에 활기찬 천지의 ※."
5058,心情,筆はただ心持で動いているだけで、勿論その委曲が画けている訳ではないが、それでもおのずからに各人の姿態や心情が想い知られる。,"붓은 단지 마음대로 움직이고 있는 것만으로, 물론 그 위곡이 획기하고 있는 것은 아니지만, 그래도 저절로 각인의 모습이나 심정이 생각된다."
5059,点火,ようございます、今更帰れもせず、提灯を点火ることも出来ませんから、どうせ差しているのではないその蝙蝠傘をお出しなさい。,"그래요, 지금 다시 돌아갈 수 없고, 등불을 점화 할 수 없기 때문에, 어차피 끼고있는 것이 아닌 그 蝙蝠 우산을 내십시오."
5060,慎重な,吉は全敗に終らせたくない意地から、舟を今日までかかったことのない場処へ持って行って、「かし」を決めるのに慎重な態度を取りながら、やがて、「旦那、竿は一本にして、みよしの真正面へ巧く振込んで下さい」と申しました。,"요시는 전패에 끝내고 싶지 않은 의지에서, 배를 오늘까지 걸린 적이 없는 장처에 가져가, 「허수아비」를 결정하는데 신중한 태도를 취하면서, 이윽고, 「남편, 장대는 한 개로 해, 미요시의 정면에 능숙하게 송부해 주세요」라고 말했습니다."
5061,無茶苦茶,正賓は肋を傷けられて卒倒し、一場は無茶苦茶になった。,"정빈은 갈비를 다치게 해서 졸도했고, 한 장은 엉망이 되었다."
5062,経費,骨董商はちょっと取片付けて澄ましているものだが、それだって何も慈善事業で店を開いている訳ではない、その道に年期を入れて資本を入れて、それで妻子を過しているのだから、三十円のものは口銭や経費に二十円遣って五十円で買うつもりでいれば何の間違はないものを、五十円のものを三十円で買う気になっていては世の中がスラリとは行かない。,"골동상은 조금 떼어 맑게 하고 있는 것이지만, 그것도 아무것도 자선 사업으로 가게를 열고 있는 것은 아니다, 그 길에 연기를 넣어 자본을 넣어, 그래서 처자를 보내고 있는 것인가 등, 30엔의 것은 구전이나 경비에 20엔을 보내고 50엔으로 살 생각이라면 아무런 잘못은 없는 것을, 50엔의 것을 30엔으로 사는 마음이 들고 있어는 세상이 슬라리라고는 가지 않는다."
5063,返金,そこへ付込んで廷珸は杜生に八百金を提供して、そして「御返金にならない場合でも御宅の窯鼎さえ御渡し下されば」ということをいって置いた。,"거기에 얹어 황반은 삼생에게 팔백금을 제공하고, 그리고 “환불이 안 되더라도 집의 가마마저도 넘겨주시면”이라는 것을 말해 놓았다."
5064,不吉な,横腹に思いッ切り打ち当る波の音や、絶えずならしている不吉な警笛が、風の工合で遠くなったり、すぐ頭の上に近くなったり、鉄の扉を隔てて聞えていた。,"옆구리에 마음껏 치는 파도의 소리나, 끊임없이 하고 있는 불길한 경피가, 바람의 공합으로 멀어지거나, 곧 머리 위에 가까워지거나, 철의 문을 멀어서 들을 수 있었다."
5065,交互,然し大きな波は、川崎船と本船を、ガタンコの両端にのせたように、交互に激しく揺り上げたり、揺り下げたりした。,그러나 큰 파도는 가와사키선과 본선을 가탄코의 양단에 올린 것처럼 교대로 격렬하게 흔들거나 흔들거나 했다.
5066,冷蔵,鮭や鱒と間違われて、「冷蔵庫」へ投げ込まれたように、その中で「生きている」人間はガタガタ顫えていた。,연어와 배와 잘못되어 '냉장고'에 던져진 것처럼 그 안에서 '살아있는' 인간은 덜컹거리고 있었다.
5067,出動,「それでさ、駆逐艦が蟹工船の警備に出動すると云ったところで、どうしてどうして、そればかりの目的でなくて、この辺の海、北樺太、千島の附近まで詳細に測量したり気候を調べたりするのが、かえって大目的で、万一のアレに手ぬかりなくする訳だな。,"""그래서, 구축함이 게공선의 경비에 출동한다고 말했는데, 왜 어째서, 그것만의 목적이 아니고, 이 근처의 바다, 호쿠바타, 치지마의 부근까지 상세하게 측량하거나 기후를 조사하는 것이, 오히려 큰 목적으로, 만일 그렇게 낫지 않는다."
5068,利潤,資本主義がきまりきった所だけの利潤では行き詰まり、金利が下がって、金がダブついてくると、「文字通り」どんな事でもするし、どんな所へでも、死物狂いで血路を求め出してくる。,"자본주의가 뚫린 곳만의 이윤으로는 막혀, 금리가 내려가고, 금이 더빙 따라오면, 「문자대로」어떤 일이라도 하고, 어떤 곳에라도, 사물 미쳐서 혈로를 요구해 온다."
5069,動員,水夫、火夫も完全に動員された。,"미즈오, 화부도 완전히 동원되었다."
5070,取り寄せる,代りを函館から取り寄せるのには遅すぎるし、出来高だって問題にならない程少ないし。,"대신 하코다테에서 들여오기에는 너무 늦었고, 고도도 문제가 되지 않을 정도로 적고."
5071,和やかな,曇った空と同じ色の雨が、これもやはり曇った空と同じ色の海に、時々和やかな円るい波紋を落していた。,"흐린 하늘과 같은 색의 비가, 이것 역시 흐린 하늘과 같은 색의 바다에, 가끔 부드러운 둥근 파문을 떨어뜨리고 있었다."
5072,対比,と同時に、漁夫達の惨めな生活（監督は酔うと、漁夫達を「豚奴々々」と云っていた）も、ハッキリ対比されて知っている。,동시에 어부들의 비참한 생활 (감독은 취하면 어부들을 '돼지 녀석들'이라고 말했다)도 확실히 대비되어 알고 있다.
5073,操縦,――彼等は「大暴風雨」のために、一たまりもなく操縦の自由をなくしてしまった。,"――그들은 '대폭풍우' 때문에, 덩어리 없이 조종의 자유를 없애 버렸다."
5074,沈没,「本当に沈没したかな」独言が出る。,'정말 침몰했을까' 독언이 나온다.
5075,無線,その時、「こんな事に一々ビク、ビクしていたら、このカムサツカまでワザワザ来て仕事なんか出来るかい」――そう浅川の云ったことが、無線係から洩れた。,"그 때, 「이런 일에 일단 빅, 빅 하고 있으면, 이 캄사츠카까지 와자와자 와서 일 뭔가 할 수 있을까」――그렇게 아사카와의 말한 것이, 무선계로부터 빠졌다."
5076,軍艦,だからこそ、あっちへ行っても始終我帝国の軍艦が我々を守っていてくれることになっているのだ。,그러므로 저쪽으로 가도 시종제 제국의 군함이 우리를 지켜주게 되는 것이다.
5077,転落,が、次の瞬間、こっちがアプ、アプでもするように、谷底に転落して行った。,"하지만, 다음 순간, 이쪽이 압, 압에서도 하도록, 골짜기 바닥으로 전락해 갔다."
5078,追跡,ところが、それが露国の監視船に見付けられて、追跡された。,그런데 그것이 노국의 감시선에 발견되어 추적되었다.
5079,逃亡,虐使に堪えられなくて逃亡する。,학사에 참을 수 없어 도망한다.
5080,過労,「一体あいつにあんなことを云う権利があるのか」――船酔と過労で、ゲッソリやせた学生上りが、ブツブツ云った。,"「도대체 그 녀석에게 그런 일을 말할 권리가 있는 것인가」――선취와 과로로, 엎질러진 학생상이, 부츠부츠 말했다."
5081,配当,それに株主へ二割二分五厘なんて滅法界もない配当をする会社なんて、日本にだってそうないんだ。,게다가 주주에게 2할 2분 5厘는 멸법계도 없는 배당을 하는 회사는 일본에게도 그렇지 않다.
5082,領海,――三浬までロシアの領海なので、それ以内に入ることは出来ない「ことになっていた」。,"――미나미까지 러시아의 영해이므로, 그 이내에 들어갈 수 없는 「일이 되어 있었다」."
5083,主任,特高主任が其処で薄く笑った。,특고 주임이 그곳에서 얇게 웃었다.
5084,加入,――これは或いは滅多に云えない事だが、僕等はある方法によって、そこは世界一を誇る警察網の力だが、すでに河田たちが共産党に加入しているということの確証を握ったのだ。,"――이것은 혹은 멸종으로 말할 수 없는 일이지만, 저등은 어떤 방법에 의해서, 거기는 세계 제일을 자랑하는 경찰망의 힘이지만, 이미 가와다들이 공산당에 가입하고 있다는 것의 확증을 잡은 것이다."
5085,匿名,「キャン・クラブ」に投稿するには匿名でもいゝので、表立って云えないことをドシ、ドシ書いてくるらしかった。,"「캔・클럽」에 투고하기에는 익명이라도 있어, 겉으로 서 말할 수 없는 것을 도시, 도시 써 올 정도였다."
5086,協定,こういう時、銀行はその必要から、又自分が債権者であるという力から、それ等の同種産業者間に協定と合同を策して、打って一丸とし、本来ならば未だ競争時代にある経済的発展段階を独占的地位に導く作用を営むのだ。,"이럴 때 은행은 그 필요로부터, 또 자신이 채권자라는 힘으로부터, 그 같은 동종산업자들 사이에 협정과 합동을 책정하고, 한마디로 하고, 본래라면 아직 경쟁시대에 있는 경제적 발전 단계를 독점적 지위로 이끄는 작용을 하는 것이다."
5087,収益,で、その窮極の目的は、残された収益性に富む大企業をして安々と独占の甘い汁を吸わせるところにあった。,그리고 그 궁극의 목적은 남은 수익성이 풍부한 대기업을 해서 안락하게 독점의 달콤한 국물을 피우게 하는 곳에 있었다.
5088,可決,――それが可決されて、時期、方法その他の具体案が長い時間かゝって、慎重に練られた。,"――그것이 가결되어, 시기, 방법 그 밖의 구체안이 오랜 시간인가, 신중하게 반죽되었다."
5089,基金,「共済会」の基金や「健保」の掛金が何処にどう、誰の利益のために流用されているか。,'공제회'의 기금이나 '건보'의 은행이 어디에 어떻게 누구의 이익을 위해 유용되고 있는가.
5090,守衛,職工の一人も問題にしないばかりか、巡査上りの守衛から、工場長さえ取り合いもしない。,"직공의 한 사람도 문제로 하지 않을 뿐 아니라, 순사 오름의 수위로부터, 공장장마저 대처도 하지 않는다."
5091,就業,就業のボーが波形の屋根を巾広くひゞかせた。,취업의 보가 파형의 지붕을 폭넓게 걸었다.
5092,幅広い,人達は、方向のちがった二本の幅広い調帯のように、両側を流れていた。,사람들은 방향이 다른 두 개의 넓은 조대처럼 양쪽을 흐르고 있었다.
5093,引きずる,離れていると、その一つ一つの言葉が余韻を引きずるように、ハッキリ職工たちをとらえている。,멀리 있으면 그 하나하나의 말이 여운을 끌어당기도록 확실히 직공들을 포착하고 있다.
5094,従業員,――彼等は、金菱の悪ラツな進出が如何に全工場の「親愛なる」職工を犠牲にし、その生活を低下させ、「Ｙのフォード」を一躍「Ｙの監獄部屋」にまで蹴落してしまうものであるか、と煽動し、全従業員の一致的行動によって、没落に傾いている自分達の地位を守ろうとでもするらしかった。,"――그들은 김비만의 악라트한 진출이 어떻게 전공장의 ‘친애하는’ 직공을 희생하고, 그 생활을 저하시키고, ‘Y의 포드’를 일약 ‘Y의 감옥방’으로까지 걷어버리는 것인가, 라고 부동하고, 전 종업원의 일치적 행동에 의해서, 몰락에"
5095,方策,職工たちがせゝッこましい工場の中のことで、頭をつッこんでグズ／＼しているまに、彼等は「世界」と歩調を合せて、その方策を進めていた。,"직공들이 세세한 공장 속의 일로, 머리를 꽂아 구즈/＼하고 있을 때까지, 그들은 “세계”와 보조를 맞추고, 그 방책을 진행하고 있었다."
5096,暴動,それじゃ革命にも、暴動にも同じく一たまりもないワケだ。,그러면 혁명에도 폭동에도 똑같은 덩어리도 없는 이유다.
5097,最先端,――その鉄のような組織というのは、工場細胞を通して工場労働者にしっかりと基礎を置き、労働者の最先端に立って闘う政党ということになる。,――그 철 같은 조직이라는 것은 공장 세포를 통해 공장 노동자에게 확실히 기초를 두고 노동자의 최첨단에 서서 싸우는 정당이 된다.
5098,業務,毎月三田銀行へ提出する「業務報告」を書かせられている笠原は、資本関係としての「銀行と会社」というものが、どんな関係で結びつけられているか知っていた。,매월 미타은행에 제출하는 '업무보고'를 쓰고 있는 가사하라는 자본관계로서의 '은행과 회사'라는 것이 어떤 관계로 연결되어 있는지 알고 있었다.
5099,機構,然し彼は今までの長い工場生活の経験と、この頃のようやく分りかけてきたその色々な機構のうちに、自分の位置を知ることが出来るように思った。,그러나 그는 지금까지의 긴 공장 생활의 경험과 요즘과 같이 나누어 온 그 다양한 기구 가운데 자신의 위치를 ​​알 수 있을 것 같았다.
5100,決議,それには工場細胞が全力をあげて、それと工場独特の問題と結びつけて、宣伝、煽動をまき起すこと等が決議された。,"여기에는 공장세포가 전력을 들고, 그것과 공장 독특한 문제와 결합하여 선전, 선동을 일으키는 것 등이 결의되었다."
5101,激励,手筈をきめて置いた激励の演説がそれを太くつらぬいた。,손수건을 빚어놓은 격려의 연설이 그것을 굵게 괴롭혔다.
5102,照明,多燈式照明燈が両側から腕をのばして、その下に夜店が並んでいた。,"다등식 조명등이 양측에서 팔을 펴고, 그 아래에 밤 가게가 줄지어 있었다."
5103,結束,工場主たちは「三々会」だとか、「水曜会」だとか、そんな名称でチャンとお互の連絡と結束を計ってるんだ。,"공장주들은 '삼들회'라든가, '수요회'라든가, 그런 명칭으로 장과 서로의 연락과 결속을 잰다."
5104,融資,――合理化の政策は明かに「大金融資本家」の利益に追随していた。,――합리화 정책은 명백하게 ‘대금융자본가’의 이익에 추종하고 있었다.
5105,補助,「Ｈ・Ｓ会社」から幾分補助を貰っているらしかった。,'H·S회사'로부터 약간 보조를 받고 있는 것 같았다.
5106,討議,何か別な討議がされた後らしい。,무언가 다른 토의가 된 후에인 것 같다.
5107,議案,今迄提出する議案は工場長は一応眼を通して、差支えのないものばかり出していた。,"지금까지 제출하는 의안은 공장장은 일단 눈을 통해서, 지지가 없는 것만 내고 있었다."
5108,購入,資本家同志で「共同購入」や「共同販売」の組合を作って、原料価格と販売価格の「統制」をする。,자본가 동지에서 '공동구매'와 '공동판매'의 조합을 만들어 원료가격과 판매가격의 '통제'를 한다.
5109,運輸,Ｙ市は港町の関係上、海陸連絡の運輸労働者――浜人足、仲仕が圧倒的に多かった。,"Y시는 미나토마치의 관계상, 해륙 연락의 운수 노동자――하마토족, 중사가 압도적으로 많았다."
5110,閉鎖,――要らなくなったゴミ／＼した工場は閉鎖される。,―― 필요없게 된 쓰레기/＼한 공장은 폐쇄된다.
5111,開催,ビラを撒いてからの第二弾、第三弾の戦術、従業員大会開催の件などが、決議された。,"빌라를 뿌리고 나서의 제2탄, 제3탄의 전술, 종업원 대회 개최의 건 등이, 결의되었다."
5112,不可欠,だから私は自分の犠牲も、この幾百万という大きな犠牲を解放するための不可欠な犠牲であると考えている。,그래서 저의 희생도 이 수백만이라는 큰 희생을 해방하기 위한 필수적인 희생이라고 생각합니다.
5113,不審な,洋服の男は私の方を見たようだったが、その見方は張り込んでいる見方にしては、何処か不審なところがあるように思われた。,"옷을 입은 남자는 내 쪽을 본 것 같았지만, 그 견해는 붙잡고 있는 견해로는, 어딘가 의심스러운 곳이 있는 것 같았다."
5114,交通費,然し他の地区ということになれば交通費の関係上困った。,그러나 다른 지구라는 것이 되면 교통비 관계상 곤란했다.
5115,偏見,だからサクラになるものは、意識の低い、普通の女工が知らずに抱いているような考えや偏見などをハッキリ知っていなければならなかった。,"그래서 사쿠라가 되는 것은, 의식이 낮은, 보통의 여공이 모르고 안고 있는 것 같은 생각이나 편견 등을 분명히 알아야 했다."
5116,停滞,七夜、「マスク」の原稿を書いたり、地方の「オル」に出す報告を整理したり、それに配布の方から廻ってきて、少し停滞しているパンフレットや資料を読んで遅くなったので、次の朝十時頃まで寝ていた。,"칠밤, 「마스크」의 원고를 쓰거나, 지방의 「올」에 내는 보고를 정리하거나, 거기에 배포의 분으로부터 돌아오고, 조금 정체하고 있는 팜플렛이나 자료를 읽고 늦어졌으므로, 다음 아침 10시경까지 자고 있었다."
5117,強行,須山はまず皆の前で、これだけの労働者や農民が戦地に引き出され、且つ日常生活でもこれだけの強行軍をやらされているときに、「僚友会」が一度も真剣に開かれなかったことは、階級的裏切りだ、というところから始めた。,스야마는 우선 모두 앞에서 이만큼의 노동자나 농민이 전지로 끌려나가며 일상생활에서도 이만큼의 강행군을 받고 있을 때 '료친회'가 한번도 진지하게 열리지 않았다는 것은 계급적 배신이다는 점에서 시작했다.
5118,戸籍,然し、警察どもは小商人などのところへは度々戸籍調らべにやって来て、無遠慮な調らべ方をして行く代りに、門構でもあるような家には二度のところを一度にし、それもたゞ「変ったことがありませんか」位にとゞめる。,"그러나 경찰들은 소상인 등의 곳으로는 자주 호적 푹신한 곳으로 와서, 비원심한 작별을 하는 대신 문구이기도 한 집에는 두 번을 한 번에 하고, 그것도 ""변한 적이 없습니까""위에 둔다."
5119,支障,そうすれば私達が首になったとしても、残っている組織の根と緊密な外部からの連繋によって、少しの支障もなく仕事を継続することが出来る。,"그렇게 하면 우리가 목이 되었다고 해도, 남아 있는 조직의 뿌리와 긴밀한 외부로부터의 연계에 의해, 약간의 지장 없이 일을 계속할 수 있다."
5120,枠内,非常に精細な見方をしているようで、実はある固定した枠内で蚤取眼を見張っていたと云える。,"매우 정밀한 견해를 하고 있는 것 같고, 실은 어느 고정한 프레임내에서 잠취안을 바라보고 있었다고 말한다."
5121,点検,Ｓによると、外国の雑誌に、日本では夜遅く外を歩く自由も、喫茶店で無理矢理な官憲の点検を受けずには、のんびりと話し込む自由もないと書いてあるそうだが、それは本当だ。,"S에 의하면, 외국의 잡지에, 일본에서는 밤늦게 밖을 걷는 자유도, 찻집에서 무리 화려한 관헌의 점검을 받지 않고는, 한가롭게 말할 자유도 없다고 쓰고 있다고 하지만, 그것은 사실이다."
5122,生活費,その後、交通費や生活費に困り、仕方なく人を使って母親のところへ金を貰いに行くと、今迄は帰って来なければ「金は渡せん」といったのに、二円と云えば四円、五円と云えば七八円も渡してくれて、「家のことは心配しなくてもいゝ」と云うようになった。,"그 후, 교통비나 생활비에 곤란해, 어쩔 수 없이 사람을 사용해 어머니에게 돈을 받으러 가면, 지금까지는 돌아오지 않으면 「돈은 건네주지 않는다」라고 하는데, 2엔이라고 말하면 4엔, 5엔이라고 말하면 78엔도 건네주어, 「가정은 걱정하지 않아도 된다."
5123,確保,だから私は太田などに云っている、出来るだけ永い間合法性を確保しろ、と。,"그러니까 나는 오오타 등에 말하고 있는, 가능한 한 오랫동안 합법성을 확보하라, 라고."
5124,精密な,が、連絡だけでは精密な対策が立たないので、一週に一度の予定で三人一緒に「エンコ」（坐ること）することになっていた、その家の世話は伊藤がやった。,"하지만, 연락만으로는 정밀한 대책이 서지 않기 때문에, 일주일에 한번의 예정으로 3명 같이 「엔코」(앉는 것) 하게 되어 있었다, 그 집의 신세는 이토가 했다."
5125,総会,須山は慰問金のことで、「僚友会」の定期総会を開いたらどうか、と清川のところへ持って行った。,"스야마는 위문금으로, 「료우회」의 정기총회를 열면 어떨지, 라고 기요카와에게 가져갔다."
5126,補充,即刻太田の補充をすること、太田の検挙のことをビラに書いれて倉田工業の全従業員に訴えること。,"즉각 오오타의 보충을 하는 것, 오타의 검거를 빌라에 써져 쿠라타 공업의 전 종업원에게 호소하는 것."
5127,規制,私はそこでの反対派として仕事をしていた）と無駄話をしながら、新宿とか浅草などを歩き廻わることもしたし、工場細胞としての厳重な政治生活が規制されていたが、合法生活が当然伴う「交際」だとか、活動写真を見るとか、（そう云えば私は最近この活動写真の存在ということをすッかり忘れてしまっている！,"나는 거기에서의 반대파로서 일을 하고 있었다)와 낭비를 하면서, 신주쿠라든지 아사쿠사 등을 걸어 돌아가기도 했고, 공장 세포로서의 엄중한 정치 생활이 규제되고 있었지만, 합법 생활이 당연히 수반하는 「교제」라든지, 활동 사진을 본다든가,(그렇게 말하면 나는 최근 이 활동 사진의 존재라는 것을"
5128,追及,今獄中で闘争している同志Ｈは料理屋、喫茶店、床屋、お湯屋などに写真を廻わされるような、私達とは比べものにならない追及のさ中を活動するために、或る時は下宿の人を帝劇に連れて行ってやったりしている。,"지금 옥중에서 투쟁하고 있는 동지 H는 요리점, 다방, 이발사, 온천탕 등에 사진을 돌려받는 것 같은, 우리와는 비교할 수 없는 추궁의 속을 활동하기 위해, 어느 때는 하숙의 사람을 제극에 데려 가거나 하고 있다."
5129,逆転,私たちは直ぐ立ち直り、この失敗の経験を取り上げ、逆転した情勢をそのまゝに放棄せずに、次の闘争に役立てるようにしなければならない。,"우리는 곧바로 되돌아가 이 실패의 경험을 다루고, 역전한 정세를 그 밖에 포기하지 않고 다음 투쟁에 도움이 되도록 해야 한다."
5130,配布,七夜、「マスク」の原稿を書いたり、地方の「オル」に出す報告を整理したり、それに配布の方から廻ってきて、少し停滞しているパンフレットや資料を読んで遅くなったので、次の朝十時頃まで寝ていた。,"칠밤, 「마스크」의 원고를 쓰거나, 지방의 「올」에 내는 보고를 정리하거나, 거기에 배포의 분으로부터 돌아오고, 조금 정체하고 있는 팜플렛이나 자료를 읽고 늦어졌으므로, 다음 아침 10시경까지 자고 있었다."
5131,健在,せき、くさめ、屁屁の音で隣りの独房にいる同志の健在なことを知る――三・一五の同志の歌で、シャバにいたとき、俺は何かの雑誌でそれを読んだことがあった。,"세키, 쓰레기, 쓰레기의 소리로 이웃의 독방에 있는 동지의 건재한 것을 알다――3·15의 동지의 노래로, 샤바에 있었을 때, 나는 무언가의 잡지로 그것을 읽은 적이 있었다."
5132,半端な,そのコンクリートの壁には、看守の目を盗んで書いたらしく、泥や――時には、何処から手に入れるものか白墨で「共」という字や、中途半端な「※」「※や、Ｋ・Ｐ（共産党の略字）という字が幾つも書かれている。,"그 콘크리트의 벽에는, 간수의 눈을 훔쳐 쓴 것 같고, 진흙이나――때로는, 어디에서 손에 넣는 것인가 백묵으로 「공」이라고 하는 글자나, 어중간한 「※」「※나, K·P(공산당의 약자)라고 하는 글자가 많이 쓰여져 있다."
5133,排水,八時に「排水」と「給水」がある。,8시에 '배수'와 '급수'가 있다.
5134,着工,「どうだ、初めての着工合は……」と看守が云った。,"""어째서, 첫 착공합은……""라고 간수가 말했다."
5135,議事堂,時代錯誤な議事堂の建物も、大方出来ていた。,"시대착오한 의사당의 건물도, 대단히 되어 있었다."
5136,法廷,この時、傍聴していた若い男が拍手をして、法廷の外へ引ずり出された。,이때 방청하던 젊은 남자가 박수를 하고 법정 밖으로 끌려갔다.
5137,税務署,お前がこっちにいた時知っているだろう、「役所バカ」と云って、五十恰好の女が何時でも決まった時間に、市役所とか、税務署とか、裁判所とか、銀行とか、そんな建物だけを廻って歩いて、「わが夫様は米穀何百俵を詐欺横領しましたという――」きまった始まりで、御詠歌のように云って歩く「バカ」のいたのを。,"너가 이쪽에 있을 때 알고 있을 것이다, 「청 바보」라고 말해, 이십 요호의 여자가 몇시라도 정해진 시간에, 시청이나, 세무서라든지, 법원이라든지, 은행이라든지, 그런 건물만을 돌고 걷고, “우리 남편은 쌀 곡 수백개를 사기 횡령했습니다."
5138,詐欺,お前がこっちにいた時知っているだろう、「役所バカ」と云って、五十恰好の女が何時でも決まった時間に、市役所とか、税務署とか、裁判所とか、銀行とか、そんな建物だけを廻って歩いて、「わが夫様は米穀何百俵を詐欺横領しましたという――」きまった始まりで、御詠歌のように云って歩く「バカ」のいたのを。,"너가 이쪽에 있을 때 알고 있을 것이다, 「청 바보」라고 말해, 이십 요호의 여자가 몇시라도 정해진 시간에, 시청이나, 세무서라든지, 법원이라든지, 은행이라든지, 그런 건물만을 돌고 걷고, “우리 남편은 쌀 곡 수백개를 사기 횡령했습니다."
5139,てきぱきと,伴の家では、伴のお内儀さんや阿部のお内儀さんも出て来て、てきぱきと家の中の細かい仕事を片付け、――暇々には、小作の家を廻って歩いて「女は女同志」その方からも結束を固めていた。,"동반의 집에서는, 동반의 내의씨나 아베의 내의씨도 나오고, 테키파키와 집안의 세세한 일을 정리,――가끔은, 소작의 집을 돌아서 걷고 「여자는 여자 동지」 그분으로부터도 결속을 굳히고 있었다."
5140,余興,余興に入り、薩摩琵琶、落語、小樽新聞から派遣された年のとった記者の修養講話――「一日講」――があり、――そして、「酒」が出ることになった。,"여흥에 들어가 사츠마 비와, 라쿠고, 오타루 신문에서 파견된 나이가 든 기자의 수양강화――「하루강」――이 있어――그리고, ‘술’이 나오게 되었다."
5141,外来,殊に外来悪思想がややもすれば前途ある青年を捉え、この尊い社会秩序を破壊せんとするに於ては、益※健全なる軍人精神が、実に農村に於てこそ要求されなければならないのである。,특히 외래 악사상이 조금만 하면 전도 있는 청년을 포착하고 이 소중한 사회질서를 파괴하지 않으려면 익※건전한 군인정신이 실로 농촌에 있어서야 요구되어야 하는 것이다.
5142,寄贈,┌───────────────────────┐│酒一斗校長先生││金三十円也岸野殿││ビール一打※殿││ビール一打吉岡殿││手拭百本Ｈ町長殿││金十円也相馬殿││右本会設立ヲ祝シ、各位ヨリ御寄贈下サイマシ││タ。,"┌───────────────────────┐│술 잇토 교장 선생님 ││김삼십엔야기시노덴 맥주 일타 요시오카전 ││손닦이 백본 H쵸장전││금십엔야상마전││오른쪽 본회 설립 ヲ축시, 각위 요리 기증하 사이마시││타."
5143,提携,白米五俵（日本農民組合××部外三）行カレヌ、労農提携ニヨル勝利ヲ天下ニ示セ（大阪農民組合本部）岸野搾取魔ヲ徹底的ニヤッツケロ（日農××支部）五円八十銭市内運輸労働者四十一名弐銭切手四十枚一労働者鶏卵七個〃阿部からの手紙。,"白米五俵(일본농민조합××부외3)행 카레누, 노농제휴 니요르 승리 오천하 니시세(오사카농민조합본부) 기시노 착취마오 철저 적 니야츠케로(일농××지부) 5엔 80전 시내 운수 노동자 41명 弐銭 우표 40장 1 노동자 닭 계란 7개 〃아베로부터의 편지."
5144,来場,）来場の聴衆を一々誰何し、身体検査をもって威怖せしめるのだ。,") 방문 청중을 일일이 누구 하고, 신체검사로 위협하게 하는 것이다."
5145,結成,阿部、伴、健、荒川、その他小作人三人、組合員二人――これだけが、二日の間に三時間位しか寝らずに、「岸野小作争議団」結成のために馳けずり廻った。,"아베, 동반, 켄, 아라카와, 기타 소작인 3명, 조합원 2명――이것만이, 이틀 사이에 3시간 정도밖에 잠들지 않고, 「기시노 소작쟁 의단」결성을 위해서 흩어져 돌아갔다."
5146,耐える,――軍人と辛苦をともにして、如何な難事にも耐える精神を養うのだ、というのだ。,"――군인과 괴로움을 함께 하고, 어떠한 난사에도 견디는 정신을 기르는 것이다, 라는 것이다."
5147,解除,それが「受理」されると同時に、小作米の差押えが解除された。,그것이 '수리'됨과 동시에 소작미의 압류가 해제되었다.
5148,財源,――石狩、上川、空知の地味の優良なところは、道庁が「開拓資金」の財源の名によって、殆んど只のような価格で華族や大金持に何百町歩ずつ払下げてしまっていた。,"――이시카리, 카미카와, 공치의 수수함의 우량한 곳은, 도청이 「개척 자금」의 재원의 이름에 의해, 대부분 견과 같은 가격으로 화족이나 대금지에 수백 마을 걸음씩 내려 버리고 있었다."
5149,配る,「……あんなにしてやったのに、ビラば配るなんて恩知らずだッて、怒ってるワ。,「…
5150,願書,「この前のように、嘆願書をブッつける事はないだろうな。,“이전처럼 탄원서를 부팅할 일은 없을 것이다.
5225,損失,当今、本当の文学のわかる人のすくないおりから、君を失ったことは大きな文学的損失でもある。,"당 지금, 진짜 문학을 아는 사람의 굉장한 대로에서, 너를 잃은 것은 큰 문학적 손실이기도 하다."
5226,思い立つ,これより外に、その夫人が良人のいい土産でありその上彼女の可愛い小さな娘たちのいい友達を人手に渡そうなどと思い立つ理由を、わたしは思い究めることが出来ないのです。,"이것보다 밖에, 그 부인이 양인의 좋은 선물이며 게다가 그녀의 귀여운 작은 딸들의 좋은 친구를 사람에게 건네주려고 하는 이유를, 나는 생각해 볼 수 없는 것입니다."
5227,観点,今度津和野に建立された詩碑の文について相談をうけたので、少なくとも小学校の先生にも理解が出来、子供に説明のできるものをと思って、すぐれて、判り易く、戦争的な色彩のないものという観点から、先生の陣中詩集の中から「カフスボタン」を選んだ。,"이번 쓰와노에 건립된 시비의 문장에 대해 상담을 받았으므로, 적어도 초등학교의 선생님도 이해할 수 있어, 아이에게 설명을 할 수 있는 것을 생각해, 뛰어나고, 알기 쉽고, 전쟁적인 색채가 없는 것의 관점에서, 선생님의 진중시집 중에서 「커프스 버튼」을 선택했다."
5228,参上,僕はそのころ度々偏奇館へも参上したが、僕のために包みなおされたという品はついぞ見せてもらったこともないし、この話の真実性は僕にもほんとうは幾分うたがわしい。,"나는 그 당시 자주 편기관에도 참가했지만, 나를 위해 다시 싸웠다는 물건은 결국 보여준 적도 없고, 이 이야기의 진실성은 나에게도 정말 다소 귀찮다."
5229,発足,宗教は人間の理智の無力で頼むに足らぬことを知るところから発足するのである。,종교는 인간의 이치의 무력으로 부탁에 부족하다는 것을 아는 곳에서 발족하는 것이다.
5230,満喫,去年は偶然にも紅葉の美を満喫したから、ことしは花をぞんぶんに見たいものである。,"작년에는 우연히 단풍의 아름다움을 만끽했기 때문에, 올해는 꽃을 살짝 보고 싶은 것이다."
5268,かろうじて,銃を力にかろうじて立ち上がった。,총을 힘에 겨우 일어섰다.
5288,年鑑,『物理年鑑』に出した論文だけでも四つでその外に学位論文をも書いた。,'물리연감'에 내놓은 논문만으로도 네 가지로 그 밖에 학위논문도 썼다.
5289,磁気,ところが近代になって電子などというものが発見され、あらゆる電磁気や光熱の現象はこの不思議な物の作用に帰納されるようになった。,"그런데 근대가 되어 전자 등이라는 것이 발견되어, 모든 전자기기나 광열의 현상은 이 이상한 물건의 작용에 귀납되게 되었다."
5290,必修,その代り生徒に何かしら実用になる手工を必修させ、指物なり製本なり錠前なりとにかく物になるだけに仕込んでやりたいという考えである。,"대신 학생들에게 뭔가 실용이 되는 수공을 필수하게 하고, 손가락이 되어 제본이 되어 자물쇠가 되어 어쨌든 물건이 되는 만큼 넣어 하고 싶다는 생각이다."
5291,授ける,先ず一番の基礎的な事柄は教場でやらないで戸外で授ける方がいい。,우선 제일의 기초적인 일은 교장에서 하지 않고 밖에서 주는 것이 좋다.
5292,教材,大抵の場合に教師は必要な事項はよく理解もし、また教材として自由にこなすだけの力はある。,"대부분의 경우에 교사는 필요한 사항은 잘 이해하고, 또한 교재로서 자유롭게 해낼 만한 힘은 있다."
5293,無制限,そして一体天才の出現を無制限に望むのがいいか悪いかという根本問題に触れたところで、アインシュタインの独特な社会観をほのめかしている。,그리고 도대체 천재의 출현을 무제한으로 바라는 게 좋든 나쁜가 하는 근본 문제를 접한 곳에서 아인슈타인의 독특한 사회관을 은은히 하고 있다.
5294,冒頭,そのような聯想から私はふとエマーソンが「シェークスピア論」の冒頭に書いてある言葉を思いだした。,그런 연상에서 나는 문득 에머슨이 '셰익스피어론'의 시작 부분에 쓴 말을 생각했다.
5295,堅実な,しかし紙の材料をもっと精選し、もっとよくこなし、もういっそうよく洗濯して、純白な平滑な、光沢があって堅実な紙に仕上げる事は出来るはずである。,"그러나 종이의 재료를 더 정선하고, 더 잘 처리하고, 좀 더 잘 세탁하고, 순백한 매끄러운, 광택이 있어 견실한 종이로 완성하는 것은 할 수 있을 것이다."
5296,平方,そんな事はどうでもよいが、私の眼についたのは、この灰色の四十平方寸ばかりの面積の上に不規則に散在しているさまざまの斑点であった。,"그런 것은 아무래도 좋지만, 내 눈에 붙은 것은, 이 회색의 40평방 치수만의 면적 위에 불규칙하게 흩어져 있는 다양한 반점이었다."
5297,点線,それがただ一様な色紙ではなくて、よく見るとその上には色々の規則正しい模様や縞や点線が現われている。,"그것이 단지 균일한 색지가 아니고, 잘 보면 그 위에는 다양한 규칙적인 모양이나 줄무늬나 점선이 나타나고 있다."
5298,冷却,しかし噴火口から流れ出した熔岩は、重力という「鬼」の力で押されて山腹を下り、その余力のほんのわずかな剰余で冷却固結した岩塊を揉み砕き、つかみ潰して訳もなくこんなに積み上げたのである。,그러나 분화구에서 흘러나온 용암은 중력이라는 '귀신'의 힘으로 밀려 산배를 내려 그 여력의 약간의 잉여로 냉각고결된 암괴를 쏟아 부수고 잡아서 역시 이렇게 쌓아 올린 것이다.
5299,同等,それで乗客の感覚の上では、恰度かなりな不連続線の通過に遭遇したと同等な効果になるわけである。,그러므로 승객의 감각 위에서는 뾰도 상당한 불연속선의 통과에 조우한 것과 동등한 효과가 되는 것이다.
5300,専用,あとで聞くとこれは箱根土地株式会社の作った道路で専用道路だからとの事であった。,나중에 들으면 이것은 하코네 토지 주식회사가 만든 도로에서 전용 도로이기 때문이라는 것이었다.
5301,海抜,その層の一番どん底を潜って喘ぎ喘ぎ北進する汽車が横川駅を通過して碓氷峠の第一トンネルにかかるころには、もうこの異常高温層の表面近く浮かみ上がって、乗客はそろそろ海抜五百メートルの空気を皮膚に鼻にまた唇に感じはじめる。,"그 층의 제일 밑바닥을 숨어 헐떡거리며 북진하는 기차가 요코가와역을 통과해 괭이 고개의 제1터널에 걸릴 무렵에는, 이제 이 이상 고온층의 표면 가까이 떠오르고, 승객은 이제 해발 500m의 공기를 피부에 코에 다시 입술에 느끼기 시작한다."
5302,目録,藤村庵というのがあって、そこには藤村氏の筆跡が壁に掛け並べてあったり、藤村文献目録なども備えてある。,"후지무라 암이라는 것이 있고, 거기에는 후지무라 씨의 필적이 벽에 늘어서 있고, 후지무라 문헌 목록 등도 갖추고 있다."
5303,遺跡,現に生きて活動している文人にゆかりのある家をこういうふうにしてあたかも古人の遺跡のように仕立ててあるのもやはりちょっと珍しいような気がする。,지금 살아 활동하고 있는 문인에게 연고가 있는 집을 이런 식으로 하고 마치 고인의 유적처럼 만들어져 있는 것도 역시 조금 드문 것 같은 생각이 든다.
5304,天体,この疑問はやがて天体の構造如何という事になるので、昔から幾多の天文学者の想像力を逞しうする種になっていた。,"이 의문은 이윽고 천체의 구조여부라는 것이 되기 때문에, 옛날부터 수많은 천문학자의 상상력을 거둘 수 있는 종이 되어 있었다."
5305,聳える,窓際の籐椅子に腰かけて、正面に聳える六百山と霞沢山とが曇天の夕空の光に照らされて映し出した色彩の盛観に見惚れていた。,창가의 등나무 의자에 자리 잡고 정면에 떠오르는 육백산과 카스미자와가 흐린 하늘의 밤하늘의 빛에 비추어 비춰진 색채의 성관에 반해 있었다.
5306,有数,彼らは皆なこの土地において、有数な地位を占めている人たちであった。,그들은 모두 이 땅에서 유수한 지위를 차지하고 있는 사람들이었다.
5307,果たす,雪江との約束を果たすべく、私は一日須磨明石の方へ遊びにいった。,"유키에와의 약속을 완수하기 위해, 나는 하루 스마 아카시로 놀러 갔다."
5308,衰退,何事もすべて小器用にやすやすとし遂げられているこの商工業の都会では、精神的には衰退しつつあるのでなければ幸いだというような気がした。,"아무것도 모두 소기용으로 용이하게 여겨지고 있는 이 상공업의 도시에서는, 정신적으로는 쇠퇴하고 있는 것이 아니면 다행이라고 하는 생각이 들었다."
5309,費やす,もちろん私自身はそれらのことに深い考慮を費やす必要を感じなかった。,물론 나 자신은 그 일에 깊은 고려를 보낼 필요를 느끼지 않았다.
5310,おっかない,八十二「真実におっかない人ですよ。,야십이「진실하게 모르는 사람이에요.
5311,ちやほや,洋服屋は、今日もお袋にちやほやされて、養女のお庄を相手に騒いでいた。,옷가게는 오늘도 가방에 희미해져 양녀의 쇼를 상대로 떠들고 있었다.
5312,克明な,この女が、母子と一所にあり余る財産を持っていながら、いつも着物らしい着物を引っ張っていたこともなく、顔には白粉一つ塗らずに、克明な姿をして、家賃を取り立てて歩いているのがお庄には不思議なようであった。,"이 여자가 모자와 한 곳에 남아있는 재산을 가지고 있으면서 항상 기모노다운 기모노를 끌고 있던 적도 없고, 얼굴에는 하얀 가루 하나 칠하지 않고 극명한 모습을 하고 집세를 세워 걸어가는 것이 망설임에는 이상한 것 같았다."
5313,公立,父親は本家の方の家の世話をしたり、町で長く公立の病院長をしていて、金を拵えて村へ引っ込んでから、間もなく腐骨症の脚を切って死んだ親類の、妾と、独り取り残されたその祖母との家を見たりして日を暮していた。,"아버지는 본가쪽의 집을 돌보거나, 마을에서 오랫동안 공립의 병원장을 하고 있어, 돈을 싣고 마을에 끌어들인 후, 곧 부골증의 다리를 잘라 죽은 친류의, 날과, 혼자 남겨진 그 ​​할머니와의 집을 보거나 해를 살고 있었다."
5314,取り次ぐ,」お庄は時々、こんな電話を向島の方の妾宅から受け取って、それを奥へ取り次ぐことがあった。,쇼는 때때로 이런 전화를 무코지마 쪽의 가옥에서 받고 그것을 안쪽으로 옮기는 일이 있었다.
5315,つぶらな,「水をかけられても、目をつぶらないところを見ると、これは確に狂気です」責道具などの懸けられてあるその室で、お島は係の警官から、笑いながらそんな事を言われた。,"“물을 뿌려도 눈을 찌르지 않는 곳을 보면, 이것은 확실히 광기입니다”책도구 등의 걸려 있는 그 방에서, 섬은 계의 경관으로부터, 웃으면서 그런 일을 말해졌다."
5316,不動産,動産不動産を合せて、十万より凹むことはなかろうと云うのであった。,동산 부동산을 합쳐서 10만보다 오목한 것은 없으려고 말하는 것이었다.
5317,仕切る,馬糧用達の西田の爺いから、不断ここの世話になっている、小作人に至るまで、お島では随分助かっている連中も、お島が一切を取仕切る時の来るのを待設けているらしくも思われた。,"마량용들의 니시다의 소리부터, 불단 여기의 신세가 되고 있는, 소작인에 이르기까지, 섬에서는 상당히 살아가고 있는 무리도, 섬이 일절을 잡을 때의 오는 것을 기다리고 있는 것 같아도 생각되었다."
5318,企画,事によったら、上さんあの店を出て、この人に裁をやってもらって、独立でやるかも知れないよ」お島は順吉にそうも言って、この頃考えている自分の企画をほのめかした。,"일에 의하면, 우에씨 그 가게를 나와, 이 사람에게 재판을 받고, 독립으로 할지도 모르겠어」 섬은 순길에게 그렇게 말해, 요즘 생각하고 있는 자신의 기획을 칭찬했다."
5319,弾む,四十一一つは人に媚びるため、働かずにはいられないように癖つけられて来たお島は、一年弱の鶴さんとの夫婦暮しに嘗めさせられた、甘いとも苦いとも解らないような苦しい生活の紛紜から脱れて、何処まで弾むか知れないような体を、ここでまた荒い仕事に働かせることのできるのが、寧ろその日その日の幸福であるらしく見えた。,"사십일 하나는 사람에게 미워하기 때문에, 일하지 않고는 있을 수 없도록 버릇해져 온 섬은, 일년 약의 츠루 씨와의 부부 생활에 슬퍼하게 된, 달콤하다고도 괴롭다고 몰라 괴로운 삶의 분사에서 벗어나 어디까지 튀는지 모르는 몸을 여기에서 또 거친 일에 일하게 할 수 있는 것이 영원히 그 날 그 날의 행복인 것 같았다."
5320,新入生,百三時間割表などの刷込まれた、二つ折小形のその広告札を、羅紗の袋に入れて、お島は朝早く新入生などの多く出入する学校の門の入口に立った。,"백3시간 할표 등의 쇄입된, 2개 소형의 그 광고표를, 나사의 봉투에 넣고, 섬은 아침 일찍 신입생 등의 많은 출입하는 학교의 문의 입구에 서 있었다."
5321,照合,そんな連中のなかにお島をおくことの危険なことが、今夜の事実と照合せて、一層明白して来るように思えた父親は、愈お島を引取ることに、決心したのであったが、迎いが来たことが知れると、矢張心が動かずにはいなかった。,"그런 무리 속에 섬을 두는 위험한 일이 오늘 밤의 사실과 대조해 한층 명백해 오는 것 같았던 아버지는, 아오시마를 인수하기로 결심했지만, 마중이 온 것으로 알려지면, 야하리 마음이 움직이지 않고는 없었다."
5322,途絶える,職人達の口に、嗄れ疲れた話声が途絶えると、寝不足のついて廻っているようなお島の重い頭脳が、時々ふらふらして来たりした。,장인들의 입에 엎드려 지친 목소리가 끊어지자 잠이 부족하여 돌고 있는 섬의 무거운 두뇌가 가끔 흔들리고 왔다.
5323,やり通す,時とすると、小野のために、こんなにひどい目に逢わされたのがくやしいと言って、小野を呪うて見たり、こうなれば、私は腕一つでやり通すと言って、鼻息を荒くすることもあった。,"때로는, 오노를 위해서, 이렇게 심한 눈에 만나게 된 것이 어려웠다고 말해, 오노를 저주해 보거나, 이렇게 되면, 나는 팔 하나로 통한다고 말해, 콧숨을 거칠게 하기도 했다."
5324,思い詰める,何や彼や思い詰めると、あくせく働く甲斐がないようにも思われた。,"아무래도 그나 생각나게 하면, 아끼게 일하는 보람이 없는 것 같았다."
5325,会談,ある日庸三は、小夜子の家の、水に臨んだ部屋の一つで、ある大新聞の社会面記者と会談していた。,"어느 닛쇼조는, 코야코의 집의, 물에 임한 방의 하나로, 어느 대신문의 사회면 기자와 회담하고 있었다."
5326,公演,それもその前に、丸の内のあるビルディングの講堂で、高田夫妻の舞踊の公演のあった時も、帰る時にはぐらかされてしまって、気持を悪くしていたからで、せっかく熱心に誘われても、狐につままれたようで、感じがよくなかった。,그것도 그 전에 마루노우치의 한 빌딩 강당에서 타카다 부부의 무용 공연이 있었을 때도 돌아갈 때는 얼룩져 버려 기분을 나쁘게 하고 있었기 때문에 모처럼 열심히 초대받아도 여우에 붙어있는 것 같아 느낌이 좋지 않았다.
5327,冬眠,庸三は乾ききった心と衰えはてた肉体にはとても盛りきれないような青春を、今初めて感じたのだったが、そうしてぼんやり意識を失ったもののように、昨夜一夜のことを考えていると、今まで冬眠に入っていた情熱が一時に呼び覚まされて来るのを感じた――それに堪えきれない寂しさが、彼を悲痛な悶えに追いこむのであった。,"켄조는 마른 마음과 쇠약해진 육체에는 너무 담을 수 없는 청춘을, 지금 처음 느꼈지만, 그렇게 흐릿한 의식을 잃은 것처럼, 어젯밤 일을 생각하고 있으면, 지금까지 동면에 들어가 있던 열정이 일시적으로 깨어져 오는 것을 느꼈다――거기에 참을 수 없는 외로움이, 그를 비통한 괴로움에 몰아넣는 것이었다."
5328,几帳面,」水商売の女としては、小夜子はいつも几帳面であった。,"""수상매의 여자로서는, 코야코는 언제나 꼼꼼한 것이었다."
5329,取り扱い,次第に彼女は新しい主題を取り扱い、自身の境地を拓いて行った。,점차 그녀는 새로운 주제를 다루고 자신의 경지를 개척했다.
5330,契機,独りで踊りを持て扱い引込みもつかなくて、さんざんに痴態を演じているうちにも、心は次第に白けて来たが、転身の契機もそうやすやすとは来ないのであった。,"혼자서 춤을 추고 취급 끌어들이기도 하지 않고, 산잔에 치태를 연기하고 있는 사이에도, 마음은 점차 하얗게 왔지만, 전신의 계기도 그렇게 쉬우면은 오지 않았다."
5331,小児科,」庸三は小児科の先生に嗤われたが、子供をあまりいろいろな場所へ連れ行くのはどうかと、人に警告されたこともあった。,"'소조는 소아과의 선생님에게 엎어졌지만, 아이를 너무 많은 장소로 데려가는 것은 어떨까라고 사람에게 경고된 적도 있었다."
5332,引き止める,」と引き止めるのであった。,라고 멈추는 것이었다.
5333,思い悩む,お浚いが済んだ後で、その青年はじめ二三の淑女だちとともに、庸三と葉子も、軽い夜食の待遇を受けて、白いテイブル・クロオスのかかった食卓のまわりに坐って、才気ばしったお愛相の好い師匠を中心に、しばし雑談に時を移したが、その間も葉子は始終俛きがちな蒼白い顔に、深く思い悩むらしい風情を浮かべて、黙りとおしていた。,"준설이 끝난 후, 그 청년 처음 23의 숙녀들과 함께, 쇼조와 하코도, 가벼운 야식의 대우를 받고, 흰 테이블 크로오스가 걸린 식탁의 주위에 앉고, 재 기뻐한 애상이 좋아하는 스승을 중심으로, 잠시 잡담으로 시간을 옮겼지만, 그동안도 하코는 시종을 떠나기 쉬운 창백한 얼굴에, 깊게 생각 고민하는 것 같은 풍정을 띄워, 묵묵히 하고 있었다."
5334,惑星,目も眉もぱらっとして、覗き鼻の鼻梁が、附け根から少し不自然に高くなっているのも、そう気になるほどではなく、ややもすると惑星のように輝く目に何か不安定な感じを与えもして、奈良で産まれたせいでもあるか、のんびりした面差しであった。,"눈도 눈썹도 파라로, 들여다 보는 코의 비빔이 부근에서 조금 부자연스럽게 높아지고 있는 것도, 그렇게 신경이 쓰일 정도는 아니고, 자칫 행성처럼 빛나는 눈에 뭔가 불안정한 느낌을 주기도 하고, 나라에서 태어난 탓이기도 하고, 한가로운 면적이었다."
5335,押し込む,葉子は庸三を押し込むように乗せて、自分も乗ってドアをがちゃんと締めた。,"하코는 칸조를 밀어넣도록 태우고, 자신도 타고 문을 제대로 조였다."
5336,担架,庸三はその時担架に乗って、病室から搬び出されて行く葉子について、つい手術室の次ぎの室に入って行った。,쇼조는 그때 담가를 ​​타고 병실에서 꺼내 나가는 하자에 대해 드디어 수술실의 다음 방으로 들어갔다.
5337,政府筋,」クルベーという独逸の貴族は、新しい軍器などを取扱って盛大にやっていたものらしいが、支那の当路へ軍器を売り込もうとして、財産のほとんど全部を品物の購入や運動費に投じて、すっかりお膳立てが出来たところで、政府筋と支那との直接契約が成立してしまった。,"쿠루베라는 독일의 귀족은, 새로운 군기 등을 취급해 성대하게 하고 있던 것 같지만, 지나의 당로에 군기를 팔려고 하고, 재산의 거의 전부를 물건의 구입이나 운동비에 투입해, 완전히 돈을 세울 수 있었던 곳에서, 정부근처와 지나와의 직접 계약이 성립해."
5338,教習,庸三は小夜子と人形町のホオルを見学に入ったとき、いかにも教習所仕立らしい真面目なステップを踏んでいる、彼の勇ましい姿を群衆のなかに発見して、思わず微笑したものだった。,"쇼조는 코야코와 닌교초의 호올을 견학에 들어갔을 때, 아무래도 교습소 짜릿한 심각한 스텝을 밟고 있는 그의 용감한 모습을 군중 속에서 발견해 무심코 미소한 것이었다."
5339,最善,そうでもしてこの際お互いを縛ることが最善の方法だとは承知していたが。,그래도 이 때 서로를 묶는 것이 최선의 방법이라고는 알고 있었지만.
5340,清純な,葉子が庸三の近くに家を構えていた時分、よく北山を訪ねて来て、清純な恋愛を葉子にも訴え訴えしていた若い塑像家の噂も出た。,"하코가 쇼조 근처에 집을 짓고 있던 시절, 자주 키타야마를 찾아와 청순한 연애를 하코에게도 호소하고 있던 젊은 소상가의 소문도 나왔다."
5341,生き残る,加世子は自分が生き残るつもりで庸三の死んだ後のことばかり心配していたのだったが、庸三も健康に自信がもてないので、大体そのつもりでいたが、無計画に初まったこの家庭生活はどこまでも無成算で、不安な心と心とが寄り合ってどうにかその日その日を生きていたものであった。,"카세코는 자신이 살아남을 생각으로 쇼조의 죽은 후만 걱정하고 있었지만, 죠조도 건강에 자신이 없기 때문에, 대체로 그 생각이었지만, 무계획에 처음인 이 가정생활은 어디까지나 무성산으로, 불안한 마음과 마음이 서로 닿았는데 어떻게든."
5342,眼科,」しかし馴れて来ると、それはそう大して不自由を感ずるほどでもなかったが、今ふと池の畔を歩いていると、それがちょうどＯ――眼科医院の裏手になっているのに気がついた。,"""그러나 익숙해지자, 그것은 그렇게 크게 부자유를 느낄 정도는 아니었지만, 이마 문득 연못의 농담을 걷고 있으면, 그것이 바로 O--안과 의원의 뒷면이 되어 있는 것을 깨달았다."
5343,絡む,ここは水に臨んでいるというだけでも、部屋へ入った瞬間、だれでもちょっと埃っぽい巷から遠ざかった気分になるのであったが、庸三たちには格別身分不相応というほどの構えでもなく、文学にもいくらか色気のある小夜子を相手に無駄口をききながら、手軽に食事などしていると、葉子事件に絡む苦難が、いくらか紛らせるのであった。,"여기는 물에 임하고 있다고 하는 것만으로도, 방에 들어간 순간, 누구라도 조금 먼지 같은 항으로부터 멀어진 기분이 되었지만, 삼삼들에게는 각별한 신분 불상응이라고 하는 호 어떤 자세도 아니고, 문학에도 다소 성적 매력이 있는 코야코를 상대로 헛소리를 내면서, 간편하게 식사 등을 하고 있으면, 하코코 사건에 관련되는 고난이, 다소 혼동하는 것이었다."
5344,要望,しかし庸三自身にしても、彼女に園田のような輝かしい前途をもっている青年との結婚生活に入るに当たっては、ぜひとも葉子に要望しなくてはならないはずのもので、その覚悟次第で、この問題を解決するわけだが、しかしそうした葉子の新生活への心構えや決心については、真実のところ庸三の手にも鍵が握られてあるわけではなかった。,"그러나 쇼조 자신으로 해도, 그녀에게 소노다와 같은 빛나는 전도를 가지고 있는 청년과의 결혼 생활에 들어가면, 꼭 하야코에게 요망하지 않으면 안 되는 것으로, 의 각오 나름으로, 이 문제를 해결하는 것이지만, 그런 하자의 신생활에의 마음가짐이나 결심에 대해서는, 진실로 쇼조의 손에도 열쇠가 잡혀 있는 것은 아니었다."
5345,要請,それはある時彼女のたっての要請に応じて、一つの誓文を書かされた時であった。,그것은 어느 때 그녀의 단지 요청에 따라 하나의 맹세를 썼을 때였다.
5346,賠償,と言っても恋の起請誓紙といったような色っぽいものではなくて、今後一切彼女のことに関する限り、作品には書かないという誓いで、もし少しでもそれを書いた場合には、賠償金大枚千円なりを異議なく支払うべきものなりという、子供瞞しのような証書であった。,"그렇다고 해도 사랑의 기청 맹세 같은 듯한 것이 아니라, 향후 일절 그녀에 관한 한, 작품에는 쓰지 않는다는 맹세로, 만약 조금이라도 그것을 썼을 경우에는, 배상금 대장 천엔 나름을 이의 없이 지불해야 하는 것이 된다, 아이 확실한 증서였다."
5347,開幕,肝腎の中幕の大晏寺がすでに開幕に迫っていた。,간신의 중막인 오이토지가 이미 개막에 다가왔다.
5348,麻酔,」「局所麻酔か何かですの？,"""국소 마취인가?"
5349,戒める,」Ｂ―は戒めるように言った。,B-는 계명하라고 말했다.
5350,打ち切る,ふと筆をおいて、疲れた体を後へ引っくら反ると、頭がまたいろいろの考えに捉えられて、いつまでも打ち切ることが出来なかった。,"문득 붓을 두고, 피곤한 몸을 뒤로 잡아당기면, 머리가 또 여러가지 생각에 포착되어, 언제까지나 끊을 수 없었다."
5351,抱負,」日本一の大家という抱負は、病に臥してから一層先生の頭脳に確かめられて来たようであった。,'일본 제일의 집이란 포부는 병에 걸리고 나서 한층 선생님의 두뇌에 확인되어 온 것 같았다.
5352,潤う,そのころは一時潤うていた深山の生活状態がまた寂しくなっていたので、家主のＫ―へやるべきものも一時そのまま残して行くことになった。,그 무렵은 한때 촉촉한 심산의 생활상태가 다시 외로워졌기 때문에 집주인의 K-에게 해야 할 것도 일시 그대로 남겨 가게 되었다.
5353,立ち寄る,家を畳んで、そのころ渋谷の方のある華族の邸に住み込んでいた父親が、時々羽織袴のままでここへ立ち寄ると、珍らしい菓子などを袂から出して正一にくれなどした。,"집을 접어 그 무렵 시부야 쪽이 있는 화족의 저택에 살고 있던 아버지가, 때때로 하오리카마 그대로 여기에 들르면, 드문 과자 등을 허리에서 내어 정일로 주고 등했다."
5354,薬剤師,東京で薬剤師になろうとしていたこの弟は、そんなことを嫌って、洋服裁縫にかなりな腕を持っていた。,도쿄에서 약사가 되려던 이 동생은 그런 것을 싫어하고 옷 재봉에 상당한 팔을 가지고 있었다.
5355,踏み込む,」「東京で多少成功すると、誰でもきっと踏み込む径路さ。,"""도쿄에서 다소 성공하면 누구나 반드시 밟는 지름길."
5356,退化,それより一層退化されてこの世へ出て来る、赤子のことを考えるのも厭であった。,그보다 한층 퇴화되어 이 세상에 나오는 아카코를 생각하는 것도 왕이었다.
5357,使用人,使用人の芸者にも金の観念はなかったが、主人にも算盤を弾くことをいやがるのがあり、春よしのお神の、勘定をきちきちしないのも、あながち狡猾いとばかりも言えなかった。,"하인의 게이샤에게도 금의 관념은 없었지만, 주인에게도 산반을 연주하는 것을 괴롭히는 것이 있어, 봄 요시의 신의, 계정을 제대로 하지 않는 것도, 아나가치 교활하다고 말할 수 없었다."
5358,兼業,その辺には洋食屋やカフエ、映画館などもあり、殷賑地帯で、芸者の数も今銀子のいる東京のこの土地と乙甲で、旅館料理屋兼業の大きい出先に、料亭も幾つかあった。,"그 근처에는 양식 가게나 카후에, 영화관 등도 있어, 활활 지대에서, 게이샤의 수도 지금 긴코가 있는 도쿄의 이 토지와 을갑으로, 여관 요리점 겸업의 큰 출처에, 요정도 몇개 있었다."
5359,兼用,しかし均平との関係はそれきりにはならず、商売を始めてから、その報告の気持もあって、ある日忘れて来た袱紗だとか、晴雨兼用の傘などを取りに行くと、均平はちょうど、風邪の気味で臥せっていたが、身辺が何だか寂しそうで、顎髭がのび目も落ち窪んで、哀れに見えた。,"그러나 균평과의 관계는 그리 되지 않고, 장사를 시작하고 나서, 그 보고의 기분도 있어, 어느 날 잊어 온 가사라든가, 하루우 겸용의 우산인 목을 잡으러 가면, 균평은 딱 감기의 기미로 버티고 있었지만, 몸변이 왠지 외로울 것 같고, 턱수염이 노비목도 떨어지고, 불쌍해 보였다."
5360,印鑑,早産後妻が病院で死んだこと、そのころから三村本家の人たちの感情がにわかに冷たくなり、自分の気持に僻みというものを初めて経験したこと、郁子の印鑑はもちろん、名義になっている公債や、身につけていた金目の装身具など、誰かいつの間にもって行ったのか、あらかたなくなっていたことも不愉快であった。,"조산 후처가 병원에서 죽은 것, 그 무렵부터 미무라 본가의 사람들의 감정이 왠지 차갑게 되어, 자신의 기분에 승리라는 것을 처음 경험한 것, 이쿠코의 인감 물론, 명의가 되어 있는 공채나, 몸에 익히고 있던 금눈의 장신구 등, 누군가 어느새에 갔는지, 어쩔 수 없게 되어 있던 것도 불쾌했다."
5361,却下,どうもそれが却下されそうな形勢にあるということも、銀子は倉持から聞いていた。,"아무래도 그것이 각하될 것 같은 형태에 있다는 것도, 긴코는 쿠라모치로부터 듣고 있었다."
5362,受け継ぐ,マダムは死際に、浜龍にはどうせ好い相手があって、家を出るだろうから、銀子は年も行かないから無理かも知らないけど、気心がよく解っているから、マダムの後釜になって、商売を受け継ぐようにと、そんな意味のことも洩らしていた。,"마담은 죽을 때 하마류에게는 어쨌든 좋아하는 상대가 있고, 집을 나올 것이니까, 긴코는 나이도 가지 않아 무리일지도 모르지만, 기심이 잘 알고 있기 때문에, 마담의 후부가 되어, 장사를 계승하자고, 그런 의미도 빠져 있었다."
5363,合議,倉持もせっかく株券を持ち出して来ても、それが売れない山と同じに先を越されて罐詰になっており、下手をすれば親類合議で準禁治産という手もあり、妄動して叔父たちの係蹄にかからないとも限らないのであった。,"쿠라모치도 모처럼 주권을 꺼내 와도 그것이 팔리지 않는 산과 똑같이 앞을 넘어서 찢어져 있어, 서투르면 친류 합의로 준금치산이라는 손도 있어, 망동해 삼촌들의 계제에 걸리지 않는다고도 할 수 없었다."
5364,定食,銀子と均平とは、しばらく二階の片隅の長椅子で席の空くのを待った後、やがてずっと奥の方の右側の窓際のところへ座席をとることができ、銀子の好みでこの食堂での少し上等の方の定食を註文した。,"긴코와 균평이란, 잠시 2층의 한쪽 구석의 긴 의자로 자리가 빈 것을 기다린 후, 이윽고 계속 안쪽의 우측의 창가의 곳에 좌석을 취할 수 있어, 은자의 기호로 이 식당에서의 조금 상등의 쪽의 정식을 주문했다."
5365,尽くす,それに比べると、銀子には親を見る目もようやく開けかけており、感傷のゆえに親に尽くすのとは違って、かかる醜悪な職業に従事する女の恥辱の、心のやり場をそこに求めているのであった。,"그것에 비하면, 긴코에게는 부모를 보는 눈도 드디어 열어 왔고, 감상 때문에 부모에게 다하는 것과는 달리, 추악한 직업에 종사하는 여자의 치욕의, 마음의 주장을 거기에 요구하고 있는 것이었다."
5366,弁論,十一十月の末、控訴院から大審院まで持って行った猪野の詐欺、横領に関する事件がいよいよ第二審通り決定した旨の電報が入り、渡弁護士の斡旋によって、弁護士の権威五人もの弁論を煩わしたこの係争も、猪野の犯した悪事の割には、事実刑も軽くて済むのにかかわらず、寿々廼家夫婦は今更のように力を落とした。,"십일십월 말, 항소원에서 대심원까지 가져간 이노노의 사기, 횡령에 관한 사건이 드디어 제2심대로 결정한 취지의 전보가 들어가, 와타나베 호사의 알선에 의해, 밸브 호사의 권위 다섯 명의 변론을 번거로운 이 계쟁도 이노노가 저지른 악사에 비해서는 사실형도 가볍고 끝나는 데도 불구하고, 수다랑가 부부는 지금처럼 힘을 잃었다."
5367,未婚,倉持はまだ年が若く、学生時代はスポーツの選手であり、色の浅黒い筋骨の逞しい大男であったが、東北では指折りの豪農の総領で、そのころはまだ未婚の青年であり、遊びの味は身に染みてもいなかった。,"쿠라모치는 아직 나이가 많았고, 학생 시절은 스포츠 선수였고, 색이 얕은 근골의 둔한 대남이었지만, 토호쿠에서는 손가락 접기의 호농의 총령으로, 그 무렵은 아직 미혼의 청년이며, 놀이의 맛은 몸에 얼룩도 없었다."
5368,産婦人科,八八月の中旬に倉持が神経痛が持病の母について、遠い青森の温泉へ行っている間に、銀子もちょっと小手術を受けるために、産婦人科へ入院した。,"88월 중순에 쿠라모치가 신경통이 지병의 어머니에 대해서, 먼 아오모리의 온천에 가고 있는 동안, 긴코도 조금 작은 수술을 받기 위해, 산부인과에 입원했다."
5369,端的な,銀座にはうまい珈琲や菓子を食べさす家が出来、勧工場の階上に尖端的なキャヴァレイが出現したりした。,긴자에는 능숙한 커피나 과자를 먹는 집이 생겨 권공장의 층상에 첨단적인 카바레이가 출현하기도 했다.
5370,言論,均平も学校を卒業するとすぐ、地方庁に官職をもったこともあるので、政治には人並みに興味があり、議会や言論界の動静に、それとなく注意を払ったものだったが、彼自身の生活がそれどころではなかった。,"균평도 학교를 졸업하자마자 지방청에 관직을 가졌기 때문에 정치에는 사람처럼 흥미가 있었고, 의회나 언론계의 동정에, 그 밖에 주의를 기울인 것이었지만, 그 자신의 생활이 그동안은 아니었다."
5371,追い返す,第一岩谷もあの時分お金に困っていたんだか何だか、解決するなら前借を払うのならいいんだけれど、そうでもないし、帰るも帰らないも私の肚一つだというんだから、わざわざお母さんまで来たのに、追い返すのもどうかと思って、一緒に帰ってしまったの。,"제일 이와타니도 그 시분 돈에 곤란하고 있었는지 왠지, 해결한다면 전차를 지불하는 것이 좋지만, 그렇지도 않고, 돌아가도 돌아오지 않는 것도 나의 팔꿈치 하나라고 하기 때문에, 일부러 엄마까지 왔는데, 되찾는 것도 어떨까 생각하고, 함께 돌아 버렸어."
5372,受け持つ,女を買おうと思えば、少しいいのは皆んな封鎖だろう」「そういったような工合だけれど、この節はあながちそうとも限らんのや」電話が二度も演舞場からかかってきて、何やらの踊りの鼓を受け持つことになっている歌子の来ようが遅いので、一度は後と廻しにしたけれど、早く来てくれないと困るというのであった。,"여자를 사고 싶다면, 작은 것은 모두 봉쇄 일 것입니다 """"그런 것 같은 공합이지만,이 절은 아나가치라고도 한정되지?""전화가 두 번이나 연무장에서 걸려 와서 아무래도 춤의 고를 받아들이게 되어 있는 가코의 오자 느리기 때문에, 한번은 나중에 돌고 싶었지만, 빨리 오지 않으면 곤란하다고 하는 것이었다."
5373,外す,辰之助を除外すれば、色気はないにしても、慾気か何かの意味があって、道太を引きつけておくように、道太の姉たちに思われるのが厭であった。,"타츠유스케를 제외하면, 성적 매력이 없어도, 망설임이나 무언가의 의미가 있어, 도타를 끌어 놓는 것처럼, 도타의 언니들에게 생각되는 것이 게이였다."
5374,大掃除,八お絹がだいぶ前から苦にしていた大掃除の日が来た。,하치오 실크가 상당히 전부터 괴로웠던 대청소의 날이 왔다.
5375,手薄な,十九夜のものなどの一向手薄なそこの家に、落着きのない一晩があけると、その午後浅井はつい近所に、当分お増を置くような下宿の空間を探しに出た。,"19밤의 것 등의 일향 수박한 그곳의 집에, 침착하지 않은 하룻밤이 열리면, 그 오후 아사이는 그 근처에, 당분간 증가를 두는 것 같은 하숙의 공간을 찾아 나왔다."
5376,栽培,村で葡萄を栽培したり、葡萄酒の醸造に腐心したりしていたという、その叔父の様子なども目に見えるようであった。,마을에서 포도를 재배하거나 포도주 양조에 부심하거나 했다는 그 삼촌의 모습 등도 눈에 보이는 것 같았다.
5377,随時,学年試験の時、生徒は答案を書いて居る間随時に教室の外へ出て休息しても差閊がない事になって居ました。,"학년시험 때, 학생은 답안을 쓰고 있는 동안 수시로 교실 밖으로 나와 휴식해도 차이가 없는 일이 되어 있었습니다."
5378,中和,彼は自在に多数の反対色を用ふれども巧みにこれを中和すべき間色の媒介を忘れざるが故に、その画面は一見甚だ清楚にして乱雑ならず、常に軽く軟かき感情を与ふ。,"그는 자유자재로 다수의 반대색을 사용해도 능숙하게 이를 중화해야 하는 동안 색깔의 매개를 잊어버리지 않기 때문에, 그 화면은 겉보기에 청초하게 해 지저분하지 않고, 항상 가볍고 부드러운 감정을 준다."
5379,交易,明治維新以来東西両文明の接触は彼にのみ利多くして我に益なき事宛硝子玉を以て砂金に換へたる野蛮島の交易を見るに異ならず。,메이지 유신 이래 동서 양문명의 접촉은 그에게만 많아서 나에게 유익한 일로 유리구슬을 통해 사금으로 바꾸는 야만도의 교역을 보는 것과 다르지 않다.
5380,加味,北斎は従来の浮世絵に南画の画風と西洋画とを加味したる処多かりしが、広重は専狩野の支派たる一蝶の筆致に倣ひたるが如し。,"호쿠사이는 기존의 우키요에에 남화의 화풍과 서양화를 가미하는 처다카리시가, 히로시게는 전카노의 지파인 한 나비의 필치에 모방하는 듯."
5381,喜劇,西洋にても伊太利亜の喜劇には幕明に作者の現れ出づるもの往々にしてこれありといふ。,서양에서도 이타이아의 희극에는 막명에 작자의 나타나고 나오는 것 흔히 이것이 있다고 한다.
5382,放任,余は今日の状態にして放任せしめんか、十年を出ずして旧劇は全く滅亡すべしと信ず。,"나머지는 오늘의 상태로 하고 방임하게 하지 않거나, 10년을 내지 않고 구극은 전혀 멸망할 것이라고 믿지 않는다."
5383,添付,然れども当時の板画は悉く単色の墨摺にして黒色と白色との対照を主とし、これに丹及び黄色褐色等を添付したれども、こは墨摺の後に筆を以て補色したるものなるが故に、いまだ純然たる色摺板物の名称を下し得べきものにては非ざりき。,"그러나 당시의 판화는 깨끗이 단색의 묵슬로 하여 흑색과 백색과의 대조를 주로 하고, 이것에 단과 황갈색 등을 첨부했지만, 이것은 묵슬 후에 붓을 써 보색하는 것이 되지 않기 때문에, 아직 순연한 색 접판물의 명칭을 내릴 수 있는 것에 비"
5384,無用な,『鬼一法眼』菊畑の場にて奴虎蔵が奥庭に忍び入らんとして身がまへしつつ進み行くあたりの床の三絃を聴かば誰かチョボを無用なりとせん。,『오니이치 법안』 국화의 장에서 노호구라가 안뜰에 빠져들지 않고 몸이 뻗으면서 나아가는 근처의 바닥의 산호를 들으면 누군가 초보를 무용해지지 않는다.
5385,物議,（林忠正の蒐集せし北斎伝の資料は巴里の好事家にして浮世絵蒐集家たるビングの依頼によりて為されたるものなりしを、林はいかなる故にやこれをビングに渡さずしてゴンクウルに売却したりとて、一時巴里の好事家中に物議を生じたる事ありしといふ。,"(하야시 타다마사의 모집 북사전의 자료는 巴里의 호사가로 하여 우키요에 蒐集家인 빙의 의뢰에 의하여 이루어진 것이 되는 것을, 숲은 어떠한 고로나 이것을 빙에 건네주지 않고 곤쿠을에게 매각하거나 하고, 일시 巴里의 호사가 중."
5386,着目,当時十八世紀における此の如き特殊の風俗流行並に美術の研究は専門の史家といへども、いまだ着目せざりし所なるを以て、この事既に漸新なるに加へてまたその考証研究の態度も従来の史家とは全く趣を異にしたり。,"당시 18세기에 있어서의 이와 같은 특수한 풍속 유행과 같이 미술의 연구는 전문의 사가라고 해도, 아직도 주목할 수 없는 곳이기 때문에, 이 사 이미 점신되는 것에 가세해 또 그 고증 연구의 태도도 종래의 사가와는 완전히 정취를 달리거나."
5387,良好な,今その最も良好なるものを見るに二代歌麿の板画よりもかへつてよく先代歌麿の面影を忍ばしむ。,지금 그 가장 양호한 것을 보기에 2대 가면의 판화보다 걸려서 잘 선대 가면의 모습을 숨긴다.
5388,配列,）なほ道灌山の図についていふべきは、左方に立つ崖の側面を画くに北寿は三角形の連続を以てし、またその麓に横る広き畠をば黄と緑と褐色の三色を以て染分けたる格子となし、これを遠近法によりて配列せしめたる事なり。,") 나호도 관산의 그림에 대해 이부나가는, 좌측에 서 있는 절벽의 측면을 획기에 북수는 삼각형의 연속을 이루고, 또 그 기슭에 옆에 있는 넓은 하타를 노란과 초록과 갈색의 3색을 써 염색한 격자로 하고, 이것을 원근법에 의해서 배열하게 하는 것이 된다."
5389,閲覧,彼はその生涯の慰安たりし絵画人形絵本その他の美術品が博物館と呼ばれし冷なる墳墓に輸送せられ、無頓着なる観覧人の無神経なる閲覧に供せられんよりは、むしろ競売者の打叩く合図の槌の響と共に四散せん事を望みしなり。,"그는 그 생애의 위안 굉장히 회화 인형 그림책 그 외의 미술품이 박물관이라고 불려 차가운 분묘에 수송될 수 있어, 무관착한 관람인의 무신경한 열람에 제공되지 않기보다는, 오히려 경매자의 두드리는 신호의 망치의 울림과 함께 사산선을 바라며."
5406,おおむね,子路という特殊な個人に在ってはかえって魅力となり得るものが、他の門生一般についてはおおむね害となることが多いからである。,"자로라는 특수한 개인에 있어서는 오히려 매력이 될 수 있는 것이, 다른 문생 일반에 대해서는 대체로 해가 되는 것이 많기 때문이다."
