word,reading_hiragana,meaning_ko,source_title,source_author,source_url,example_jp,example_ko,source
あえて,あえて,굳이,或る女,有島武郎,https://www.aozora.gr.jp/cards/000025/files/201_ruby_2682.zip,実際葉子はその後、母にその告白を信じさすほどの生活をあえてしていたのだった。,,public_domain:青空文庫:或る女:有島武郎
あっさり,あっさり,담백하게,或る女,有島武郎,https://www.aozora.gr.jp/cards/000025/files/201_ruby_2682.zip,あたりまえならば、なんとかかとか必ず苦情の持ち上がるべき英国風の小やかましい検疫もあっさり済んで放蕩者らしい血気盛りな検疫官は、船に来てから二時間そこそこできげんよく帰って行く事になった。,,public_domain:青空文庫:或る女:有島武郎
あらかじめ,あらかじめ,미리,或る女,有島武郎,https://www.aozora.gr.jp/cards/000025/files/201_ruby_2682.zip,葉子はあらかじめこの刹那に対する態度を決めていたからあわても騒ぎもしなかった。,,public_domain:青空文庫:或る女:有島武郎
いかに,いかに,얼마나,或る女,有島武郎,https://www.aozora.gr.jp/cards/000025/files/201_ruby_2682.zip,古藤は停車場の前方の川添いにある休憩所まで走って行って見たが、帰って来るとぶりぶりして、駅夫あがりらしい茶店の主人は古藤の書生っぽ姿をいかにもばかにしたような断わりかたをしたといった。,,public_domain:青空文庫:或る女:有島武郎
いかにも,いかにも,정말로,或る女,有島武郎,https://www.aozora.gr.jp/cards/000025/files/201_ruby_2682.zip,古藤は停車場の前方の川添いにある休憩所まで走って行って見たが、帰って来るとぶりぶりして、駅夫あがりらしい茶店の主人は古藤の書生っぽ姿をいかにもばかにしたような断わりかたをしたといった。,,public_domain:青空文庫:或る女:有島武郎
いきなり,いきなり,갑자기,或る女,有島武郎,https://www.aozora.gr.jp/cards/000025/files/201_ruby_2682.zip,いちばん近い二等車の昇降口の所に立っていた車掌は右の手をポッケットに突っ込んで、靴の爪先で待ちどおしそうに敷き石をたたいていたが、葉子がデッキに足を踏み入れると、いきなり耳をつんざくばかりに呼び子を鳴らした。,,public_domain:青空文庫:或る女:有島武郎
いっそ,いっそ,차라리,或る女,有島武郎,https://www.aozora.gr.jp/cards/000025/files/201_ruby_2682.zip,それだったのに思い入って内田の所に来て見れば、内田は世の常の人々よりもいっそう冷ややかに酷く思われた。,,public_domain:青空文庫:或る女:有島武郎
いったん,いったん,일단,或る女,有島武郎,https://www.aozora.gr.jp/cards/000025/files/201_ruby_2682.zip,いったん木部から離れた葉子の心は、何者も触れた事のない処女のそれのようにさえ見えた。,,public_domain:青空文庫:或る女:有島武郎
いやに,いやに,유난히,或る女,有島武郎,https://www.aozora.gr.jp/cards/000025/files/201_ruby_2682.zip,それを聞くと葉子はみごと期待に背負投げをくわされて、その場の滑稽に思わずふき出そうとしたが、いかに事務長に対する恋におぼれきった女心の残虐さからも、さすがに木村の他意ない誠実を笑いきる事は得しないで、葉子はただ心の中で失望したように「あれだからいやになっちまう」とくさくさしながら喞った。,,public_domain:青空文庫:或る女:有島武郎
うっとり,うっとり,황홀하게,或る女,有島武郎,https://www.aozora.gr.jp/cards/000025/files/201_ruby_2682.zip,化粧をすました葉子は長椅子にゆっくり腰をかけて、両足をまっすぐにそろえて長々と延ばしたまま、うっとりと思うともなく事務長の事を思っていた。,,public_domain:青空文庫:或る女:有島武郎
おそらく,おそらく,아마,或る女,有島武郎,https://www.aozora.gr.jp/cards/000025/files/201_ruby_2682.zip,この日髪の毛の濃い、口の大きい、色白な一人の青年を乗せた人力車が、仙台の町中を忙しく駆け回ったのを注意した人はおそらくなかったろうが、その青年は名を木村といって、日ごろから快活な活動好きな人として知られた男で、その熱心な奔走の結果、翌日の新聞紙の広告欄には、二段抜きで、知事令夫人以下十四五名の貴婦人の連名で早月親佐の冤罪が雪がれる事になった。,,public_domain:青空文庫:或る女:有島武郎
かえって,かえって,오히려,或る女,有島武郎,https://www.aozora.gr.jp/cards/000025/files/201_ruby_2682.zip,もし葉子が素直な女だったら、かえって食い残しというほどの遺産はあてがわれていたに違いない。,,public_domain:青空文庫:或る女:有島武郎
かつて,かつて,일찍이,或る女,有島武郎,https://www.aozora.gr.jp/cards/000025/files/201_ruby_2682.zip,これほどな席にさえかつて臨んだ習慣のないらしいその人の素性がそのあわてかたに充分に見えすいていた。,,public_domain:青空文庫:或る女:有島武郎
がっくり,がっくり,맥없이,或る女,有島武郎,https://www.aozora.gr.jp/cards/000025/files/201_ruby_2682.zip,そしてにやりとしながらがっくりと顔を上向きにはねて、床の間の一蝶のひどい偽い物を見やっていた。,,public_domain:青空文庫:或る女:有島武郎
がっしり,がっしり,튼튼하게,或る女,有島武郎,https://www.aozora.gr.jp/cards/000025/files/201_ruby_2682.zip,五十川女史が四角を思い出させるような頑丈な骨組みで、がっしりと正座に居直って、葉子を子供あしらいにしようとするのを見て取ると、葉子の心は逸り熱した。,,public_domain:青空文庫:或る女:有島武郎
きっぱり,きっぱり,단호하게,或る女,有島武郎,https://www.aozora.gr.jp/cards/000025/files/201_ruby_2682.zip,そして日ごろの柔和に似ず、傷ついた牡牛のように元どおりの生活を回復しようとひしめく良人や、中にはいっていろいろ言いなそうとした親類たちの言葉を、きっぱりとしりぞけてしまって、良人を釘店のだだっ広い住宅にたった一人残したまま、葉子ともに三人の娘を連れて、親佐は仙台に立ちのいてしまった。,,public_domain:青空文庫:或る女:有島武郎
ごく,ごく,극히,或る女,有島武郎,https://www.aozora.gr.jp/cards/000025/files/201_ruby_2682.zip,ごく実際的な鋭い頭が針のように光ってとがっていた。,,public_domain:青空文庫:或る女:有島武郎
さぞ,さぞ,틀림없이,或る女,有島武郎,https://www.aozora.gr.jp/cards/000025/files/201_ruby_2682.zip,あなたのような方から御覧になったら、さぞいやな気がなさいましょうねえ」「えゝ」と古藤は目も動かさずにぶっきらぼうに答えた。,,public_domain:青空文庫:或る女:有島武郎
さほど,さほど,그다지,或る女,有島武郎,https://www.aozora.gr.jp/cards/000025/files/201_ruby_2682.zip,葉子も部屋に帰って見たが、今まで閉じこもってばかりいるとさほどにも思わなかったけれども、食堂ほどの広さの所からでもそこに来て見ると、息気づまりがしそうに狭苦しかった。,,public_domain:青空文庫:或る女:有島武郎
さも,さも,정말인 듯,或る女,有島武郎,https://www.aozora.gr.jp/cards/000025/files/201_ruby_2682.zip,そしてさらに、母の死んだ夜、日ごろは見向きもしなかった親類たちが寄り集まって来て、早月家には毛の末ほども同情のない心で、早月家の善後策について、さも重大らしく勝手気ままな事を親切ごかしにしゃべり散らすのを聞かされた時、どうにでもなれという気になって、暴れ抜いた事が、自分にさえ悲しい思い出となって、葉子の頭の中を矢のように早くひらめき通った。,,public_domain:青空文庫:或る女:有島武郎
しいて,しいて,굳이,或る女,有島武郎,https://www.aozora.gr.jp/cards/000025/files/201_ruby_2682.zip,古藤はしいてとめようとはしなかった。,,public_domain:青空文庫:或る女:有島武郎
しきりに,しきりに,자꾸,或る女,有島武郎,https://www.aozora.gr.jp/cards/000025/files/201_ruby_2682.zip,教師はしきりにその用途を問いただしたが、恥じやすい乙女心にどうしてこの夢よりもはかない目論見を白状する事ができよう。,,public_domain:青空文庫:或る女:有島武郎
しとやかな,しとやかな,얌전한,或る女,有島武郎,https://www.aozora.gr.jp/cards/000025/files/201_ruby_2682.zip,愛子がいつものように素直に立ち上がって、洟をすすりながら黙って床を取っている間に、葉子はおりおり往来のほうから振り返って、愛子のしとやかな足音や、綿を薄く入れた夏ぶとんの畳に触れるささやかな音を見入りでもするようにそのほうに目を定めた。,,public_domain:青空文庫:或る女:有島武郎
しなやかな,しなやかな,유연한,或る女,有島武郎,https://www.aozora.gr.jp/cards/000025/files/201_ruby_2682.zip,その興奮してぶるぶる震えるしなやかな手を葉子は手欄ごとじっと押えた。,,public_domain:青空文庫:或る女:有島武郎
しんなり,しんなり,축 늘어진,或る女,有島武郎,https://www.aozora.gr.jp/cards/000025/files/201_ruby_2682.zip,ちゃんとお写真をお飾りなすって、おやさしゅうござんすわね」葉子はしんなりと立ち上がってその写真の前に行った。,,public_domain:青空文庫:或る女:有島武郎
じめじめ,じめじめ,축축하게,或る女,有島武郎,https://www.aozora.gr.jp/cards/000025/files/201_ruby_2682.zip,時雨らしく照ったり降ったりしていた雨の脚も、やがてじめじめと降り続いて、煮しめたようなきたない部屋の中は、ことさら湿りが強く来るように思えた。,,public_domain:青空文庫:或る女:有島武郎
すかさず,すかさず,곧바로,或る女,有島武郎,https://www.aozora.gr.jp/cards/000025/files/201_ruby_2682.zip,葉子はすかさず豹のようになめらかに身を起こしていち早くもしっかり古藤のさし出す手を握っていた。,,public_domain:青空文庫:或る女:有島武郎
すでに,すでに,이미,或る女,有島武郎,https://www.aozora.gr.jp/cards/000025/files/201_ruby_2682.zip,葉子はその時十九だったが、すでに幾人もの男に恋をし向けられて、その囲みを手ぎわよく繰りぬけながら、自分の若い心を楽しませて行くタクトは充分に持っていた。,,public_domain:青空文庫:或る女:有島武郎
すなわち,すなわち,즉,或る女,有島武郎,https://www.aozora.gr.jp/cards/000025/files/201_ruby_2682.zip,こういう事があってから五日とたたぬうちに、葉子の家庭すなわち早月家は砂の上の塔のようにもろくもくずれてしまった。,,public_domain:青空文庫:或る女:有島武郎
せかせかと,せかせかと,조급하게,或る女,有島武郎,https://www.aozora.gr.jp/cards/000025/files/201_ruby_2682.zip,そしてせかせかとあたりを見回したが、あわてながら眼窓のカーテンをしめきった。,,public_domain:青空文庫:或る女:有島武郎
せっせと,せっせと,부지런히,或る女,有島武郎,https://www.aozora.gr.jp/cards/000025/files/201_ruby_2682.zip,そしてせっせせっせと世話女房らしく切り回す事に興味をつないでみた。,,public_domain:青空文庫:或る女:有島武郎
せめて,せめて,적어도,或る女,有島武郎,https://www.aozora.gr.jp/cards/000025/files/201_ruby_2682.zip,せめては雷のような激しいその怒りの声に打たれたかった。,,public_domain:青空文庫:或る女:有島武郎
そうそう,そうそう,그렇게 쉽게,或る女,有島武郎,https://www.aozora.gr.jp/cards/000025/files/201_ruby_2682.zip,……おゝそうそう……これは寝ぼけ返っとるぞ、はゝゝゝ」そして互いに顔を見合わせながら二人はしたたか笑った。,,public_domain:青空文庫:或る女:有島武郎
そっと,そっと,살짝,或る女,有島武郎,https://www.aozora.gr.jp/cards/000025/files/201_ruby_2682.zip,意地の弱い葉子の父だけは孫のかわいさからそっと赤ん坊を葉子の乳母の家に引き取るようにしてやった。,,public_domain:青空文庫:或る女:有島武郎
そろそろ,そろそろ,슬슬,或る女,有島武郎,https://www.aozora.gr.jp/cards/000025/files/201_ruby_2682.zip,世故に慣れきって、落ち付き払った中年の婦人が、心の底の動揺に刺激されてたくらみ出すと見える残虐な譎計は、年若い二人の急所をそろそろとうかがいよって、腸も通れと突き刺してくる。,,public_domain:青空文庫:或る女:有島武郎
そわそわ,そわそわ,안절부절못하며,或る女,有島武郎,https://www.aozora.gr.jp/cards/000025/files/201_ruby_2682.zip,少し怪訝そうに葉子のいつになくそわそわした様子を見守る青年をそこに捨ておいたまま葉子は険しく細い階子段を降りた。,,public_domain:青空文庫:或る女:有島武郎
たちまち,たちまち,순식간에,或る女,有島武郎,https://www.aozora.gr.jp/cards/000025/files/201_ruby_2682.zip,葉子はちょっと改まって、「ほんとにありがとうございました」と頭を下げたが、たちまちroughishな目つきをして、「まあそんな事はいずれあとで、ね、……何しろお寒かったでしょう、さ」といいながら飲み残りの酒を盆の上に無造作に捨てて、二三度左手をふってしずくを切ってから、コップを古藤にさしつけた。,,public_domain:青空文庫:或る女:有島武郎
たまたま,たまたま,우연히,或る女,有島武郎,https://www.aozora.gr.jp/cards/000025/files/201_ruby_2682.zip,たまたま大きな声で呼び留める人があるかと思えば、裏表の見えすいたぺてんにかけて、昔のままの女であらせようとするものばかりだった。,,public_domain:青空文庫:或る女:有島武郎
たやすい,たやすい,쉽다,或る女,有島武郎,https://www.aozora.gr.jp/cards/000025/files/201_ruby_2682.zip,始めて遠い航海を試みる葉子にしては、それが不思議なくらいたやすい旅だった。,,public_domain:青空文庫:或る女:有島武郎
だぶだぶ,だぶだぶ,헐렁헐렁,或る女,有島武郎,https://www.aozora.gr.jp/cards/000025/files/201_ruby_2682.zip,だぶだぶのズボン一つで、節くれ立った厚みのある毛胸に一糸もつけない大男は、やおら人中から立ち上がると、ずかずか葉子に突きあたらんばかりにすれ違って、すれ違いざまに葉子の顔を孔のあくほどにらみつけて、聞くにたえない雑言を高々とののしって、自分の群れを笑わした。,,public_domain:青空文庫:或る女:有島武郎
つくづく,つくづく,절실히,或る女,有島武郎,https://www.aozora.gr.jp/cards/000025/files/201_ruby_2682.zip,そしてつくづく自分の心の変わりかたの激しさに驚かずにはいられなかった。,,public_domain:青空文庫:或る女:有島武郎
てっきり,てっきり,틀림없이,或る女,有島武郎,https://www.aozora.gr.jp/cards/000025/files/201_ruby_2682.zip,「戸もあけてくれずに……」との岡の言葉から、てっきり鍵がかかっていると思っていた葉子にはそれが意外でもあり、あたりまえにも思えた。,,public_domain:青空文庫:或る女:有島武郎
とかく,とかく,아무래도,或る女,有島武郎,https://www.aozora.gr.jp/cards/000025/files/201_ruby_2682.zip,そして葉子が久しぶりで汽車の中で出あった今は、妻子を里に返してしまって、ある由緒ある堂上華族の寄食者となって、これといってする仕事もなく、胸の中だけにはいろいろな空想を浮かべたり消したりして、とかく回想にふけりやすい日送りをしている時だった。,,public_domain:青空文庫:或る女:有島武郎
とっさに,とっさに,순간적으로,或る女,有島武郎,https://www.aozora.gr.jp/cards/000025/files/201_ruby_2682.zip,この人を自分から離れさすくらいなら殺してみせる、そう葉子はとっさに思いつめてみたりした。,,public_domain:青空文庫:或る女:有島武郎
ともかく,ともかく,어쨌든,或る女,有島武郎,https://www.aozora.gr.jp/cards/000025/files/201_ruby_2682.zip,この五十川女史のまあまあというような不思議なあいまいな切り盛りで、木村は、どこか不確実ではあるが、ともかく葉子を妻としうる保障を握ったのだった。,,public_domain:青空文庫:或る女:有島武郎
どうか,どうか,부디,或る女,有島武郎,https://www.aozora.gr.jp/cards/000025/files/201_ruby_2682.zip,こんな性質でこんな境遇にいるわたしがこう考えるのにもし間違いがあったら、どうか遠慮なくおっしゃってください。,,public_domain:青空文庫:或る女:有島武郎
なお,なお,여전히,或る女,有島武郎,https://www.aozora.gr.jp/cards/000025/files/201_ruby_2682.zip,葉子は今まで急ぎ気味であった歩みをぴったり止めてしまって、落ち付いた顔で、車夫のほうに向きなおった。,,public_domain:青空文庫:或る女:有島武郎
なおさら,なおさら,더욱더,或る女,有島武郎,https://www.aozora.gr.jp/cards/000025/files/201_ruby_2682.zip,それがなおさらその人をあわれにして見せた。,,public_domain:青空文庫:或る女:有島武郎
なまじ,なまじ,어설프게,或る女,有島武郎,https://www.aozora.gr.jp/cards/000025/files/201_ruby_2682.zip,擲身報国は官吏たるものの一特権だが、木村さんのようなまじめな信者にしこたま金を造ってもらわんじゃ、神の道を日本に伝え広げるにしてからが容易な事じゃありませんよ。,,public_domain:青空文庫:或る女:有島武郎
なんとか,なんとか,어떻게든,或る女,有島武郎,https://www.aozora.gr.jp/cards/000025/files/201_ruby_2682.zip,「それでもあなた」と葉子は切なさそうに半ば起き上がって、「外面だけで人のする事をなんとかおっしゃるのは少し残酷ですわ。,,public_domain:青空文庫:或る女:有島武郎
なんとなく,なんとなく,왠지,或る女,有島武郎,https://www.aozora.gr.jp/cards/000025/files/201_ruby_2682.zip,葉子はなんとなくその行燈に興味をひかれてしまっていた。,,public_domain:青空文庫:或る女:有島武郎
はかない,はかない,덧없다,或る女,有島武郎,https://www.aozora.gr.jp/cards/000025/files/201_ruby_2682.zip,白紙のようなはかない寂しさと、「裸になるならきれいさっぱり裸になって見せよう」という火のような反抗心とが、むちゃくちゃに葉子の胸を冷やしたり焼いたりした。,,public_domain:青空文庫:或る女:有島武郎
はたして,はたして,과연,或る女,有島武郎,https://www.aozora.gr.jp/cards/000025/files/201_ruby_2682.zip,木部の全霊はただ一目でこの美しい才気のみなぎりあふれた葉子の容姿に吸い込まれてしまった。,,public_domain:青空文庫:或る女:有島武郎
はるかに,はるかに,훨씬,或る女,有島武郎,https://www.aozora.gr.jp/cards/000025/files/201_ruby_2682.zip,和服よりもはるかに洋服に適した葉子は、そこの交際社会でも風俗では米国人を笑わせない事ができる。,,public_domain:青空文庫:或る女:有島武郎
ひたすら,ひたすら,오로지,或る女,有島武郎,https://www.aozora.gr.jp/cards/000025/files/201_ruby_2682.zip,葉子は早く早くここを切り上げて日本に帰りたいという子供じみた考えのほかには、おかしいほどそのほかの興味を失ってしまって、他郷の風景に一瞥を与える事もいとわしく、自分の部屋の中にこもりきって、ひたすら発船の日を待ちわびた。,,public_domain:青空文庫:或る女:有島武郎
ひとまず,ひとまず,일단,或る女,有島武郎,https://www.aozora.gr.jp/cards/000025/files/201_ruby_2682.zip,葉子は物慣れぬ弟を教えいたわるように、「それに万一わたしの病気がよくならないで、ひとまず日本へでも帰るようになれば、なおなお帰りの船の中では世話にならなければならないでしょう。,,public_domain:青空文庫:或る女:有島武郎
ひょっとすると,ひょっとすると,어쩌면,或る女,有島武郎,https://www.aozora.gr.jp/cards/000025/files/201_ruby_2682.zip,ひょっとすると邪魔物扱いにされてあの老人は殺されてしまうかもしれない。,,public_domain:青空文庫:或る女:有島武郎
ふと,ふと,문득,或る女,有島武郎,https://www.aozora.gr.jp/cards/000025/files/201_ruby_2682.zip,古藤は何かに腹を立てているらしい足どりでずかずかと縁側を伝って来たが、ふと立ち止まると大きな声で帳場のほうにどなった。,,public_domain:青空文庫:或る女:有島武郎
ふらふら,ふらふら,비틀비틀,或る女,有島武郎,https://www.aozora.gr.jp/cards/000025/files/201_ruby_2682.zip,葉子は思わずふらふらッと立ち上がろうとするのを、何気ない顔でじっとこらえた。,,public_domain:青空文庫:或る女:有島武郎
まさしく,まさしく,바로,或る女,有島武郎,https://www.aozora.gr.jp/cards/000025/files/201_ruby_2682.zip,見ると葉子の前にはまさしく、角燈を持って焦茶色のマントを着た事務長が立っていた。,,public_domain:青空文庫:或る女:有島武郎
まして,まして,하물며,或る女,有島武郎,https://www.aozora.gr.jp/cards/000025/files/201_ruby_2682.zip,女中がランプを持って来た物音に葉子はようやく目をさまして、仰向いたまま、すすけた天井に描かれたランプの丸い光輪をぼんやりとながめていた。,,public_domain:青空文庫:或る女:有島武郎
むしろ,むしろ,오히려,或る女,有島武郎,https://www.aozora.gr.jp/cards/000025/files/201_ruby_2682.zip,田川といえば、法曹界ではかなり名の聞こえた割合に、どこといって取りとめた特色もない政客ではあるが、その人の名はむしろ夫人のうわさのために世人の記憶にあざやかであった。,,public_domain:青空文庫:或る女:有島武郎
むやみに,むやみに,함부로,或る女,有島武郎,https://www.aozora.gr.jp/cards/000025/files/201_ruby_2682.zip,それと入れ代わりに、帽子、上着、ズボン、ネクタイ、靴などの調和の少しも取れていないくせに、むやみに気取った洋装をした非番の下級船員たちが、ぬれた傘を光らしながら駆けこんで来た。,,public_domain:青空文庫:或る女:有島武郎
めきめき,めきめき,눈에 띄게,或る女,有島武郎,https://www.aozora.gr.jp/cards/000025/files/201_ruby_2682.zip,上野の音楽学校にはいってヴァイオリンのけいこを始めてから二か月ほどの間にめきめき上達して、教師や生徒の舌を巻かした時、ケーべル博士一人は渋い顔をした。,,public_domain:青空文庫:或る女:有島武郎
めっきり,めっきり,부쩍,或る女,有島武郎,https://www.aozora.gr.jp/cards/000025/files/201_ruby_2682.zip,五年たっても昔のままの構えで、まばらにさし代えた屋根板と、めっきり延びた垣添いの桐の木とが目立つばかりだった。,,public_domain:青空文庫:或る女:有島武郎
ようやく,ようやく,겨우,或る女,有島武郎,https://www.aozora.gr.jp/cards/000025/files/201_ruby_2682.zip,木部が狂気のようになって、ようやく葉子の隠れ場所を見つけて会いに来た時は、葉子は冷静な態度でしらじらしく面会した。,,public_domain:青空文庫:或る女:有島武郎
よほど,よほど,상당히,或る女,有島武郎,https://www.aozora.gr.jp/cards/000025/files/201_ruby_2682.zip,こんなくらいなら定子の所にでもいるほうがよほどましだった。,,public_domain:青空文庫:或る女:有島武郎
ろくな,ろくな,변변한,或る女,有島武郎,https://www.aozora.gr.jp/cards/000025/files/201_ruby_2682.zip,列車の中からはある限りの顔が二人を見迎え見送るので、青年が物慣れない処女のようにはにかんで、しかも自分ながら自分を怒っているのが葉子にはおもしろくながめやられた。,,public_domain:青空文庫:或る女:有島武郎
ろくに,ろくに,제대로,或る女,有島武郎,https://www.aozora.gr.jp/cards/000025/files/201_ruby_2682.zip,車夫はろくに見知りもないものに大金を渡して平気でいる女の顔を今さらのようにきょときょとと見やりながら空俥を引いて立ち去った。,,public_domain:青空文庫:或る女:有島武郎
わざと,わざと,일부러,或る女,有島武郎,https://www.aozora.gr.jp/cards/000025/files/201_ruby_2682.zip,それを全く気づきもしないような物腰で、葉子は親しげに青年と肩を並べて、しずしずと歩きながら、車夫の届けた包み物の中には何があるかあててみろとか、横浜のように自分の心をひく町はないとか、切符を一緒にしまっておいてくれろとかいって、音楽者のようにデリケートなその指先で、わざとらしく幾度か青年の手に触れる機会を求めた。,,public_domain:青空文庫:或る女:有島武郎
わざわざ,わざわざ,일부러,或る女,有島武郎,https://www.aozora.gr.jp/cards/000025/files/201_ruby_2682.zip,その余の人々の中にはわざわざ葉子の部屋を訪れて来たものが数人はあったけれども、葉子はいかにも親しみをこめた別れの言葉を与えはしたが、あとまで心に残る人とては一人もいなかった。,,public_domain:青空文庫:或る女:有島武郎
一心に,いっしんに,한마음으로,或る女,有島武郎,https://www.aozora.gr.jp/cards/000025/files/201_ruby_2682.zip,葉子はその男から離れたい一心に、手に持った手鞄と包み物とを甲板の上にほうりなげて、若者の手をやさしく振りほどこうとして見たが無益だった。,,public_domain:青空文庫:或る女:有島武郎
一部分,いちぶぶん,일부분,或る女,有島武郎,https://www.aozora.gr.jp/cards/000025/files/201_ruby_2682.zip,自分の財産となればなるべきものを一部分だけあてがわれて、黙って引っ込んでいる葉子ではなかった。,,public_domain:青空文庫:或る女:有島武郎
上陸,じょうりく,상륙,或る女,有島武郎,https://www.aozora.gr.jp/cards/000025/files/201_ruby_2682.zip,米国への上陸が禁ぜられているシナの苦力がここから上陸するのと、相当の荷役とで、船の内外は急に騒々しくなった。,,public_domain:青空文庫:或る女:有島武郎
下す,くだす,내리다,或る女,有島武郎,https://www.aozora.gr.jp/cards/000025/files/201_ruby_2682.zip,その胸に書かれた「中将湯」という文字を、何げなしに一字ずつ読み下すと、彼女は突然私生児の定子の事を思い出した。,,public_domain:青空文庫:或る女:有島武郎
不意,ふい,뜻밖,或る女,有島武郎,https://www.aozora.gr.jp/cards/000025/files/201_ruby_2682.zip,あまりの不意に細君は目を見張って顔をあげた。,,public_domain:青空文庫:或る女:有島武郎
世辞,せじ,아첨,或る女,有島武郎,https://www.aozora.gr.jp/cards/000025/files/201_ruby_2682.zip,が、田川夫妻が自分と反対の舷の籐椅子に腰かけて、世辞世辞しく近寄って来る同船者と何か戯談口でもきいているとひとりで決めると、安心でもしたように幻想はまたかの若者にかえって行った。,,public_domain:青空文庫:或る女:有島武郎
主権,しゅけん,주권,或る女,有島武郎,https://www.aozora.gr.jp/cards/000025/files/201_ruby_2682.zip,倫理学者や、教育家や、家庭の主権者などもそのころから猜疑の目を見張って少女国を監視し出した。,,public_domain:青空文庫:或る女:有島武郎
久しい,ひさしい,오래되다,或る女,有島武郎,https://www.aozora.gr.jp/cards/000025/files/201_ruby_2682.zip,鴎が群れをなして猫に似た声でなきながら、船のまわりを水に近くのどかに飛び回るのを見るのも、葉子には絶えて久しい物珍しさだった。,,public_domain:青空文庫:或る女:有島武郎
乏しい,とぼしい,부족한,或る女,有島武郎,https://www.aozora.gr.jp/cards/000025/files/201_ruby_2682.zip,田川の威厳に乏しい目にも鋭い光がきらめいては消え、さらにきらめいて消えたのを見すまして、葉子は始めて田川夫人の目を迎えた。,,public_domain:青空文庫:或る女:有島武郎
乗り出す,のりだす,나서다,或る女,有島武郎,https://www.aozora.gr.jp/cards/000025/files/201_ruby_2682.zip,これを聞いた一座は、ことに外国人たちは、椅子から乗り出すようにして夫人を見た。,,public_domain:青空文庫:或る女:有島武郎
予想,よそう,예상,或る女,有島武郎,https://www.aozora.gr.jp/cards/000025/files/201_ruby_2682.zip,この短い瞬間に、今までの出来事でいいかげん乱れていた心は、身の破滅がとうとう来てしまったのだというおそろしい予想に押しひしがれて、頭は氷で巻かれたように冷たく気うとくなった。,,public_domain:青空文庫:或る女:有島武郎
予言,よげん,예언,或る女,有島武郎,https://www.aozora.gr.jp/cards/000025/files/201_ruby_2682.zip,内田は熱心なキリスト教の伝道者として、憎む人からは蛇蝎のように憎まれるし、好きな人からは予言者のように崇拝されている天才肌の人だった。,,public_domain:青空文庫:或る女:有島武郎
事業,じぎょう,사업,或る女,有島武郎,https://www.aozora.gr.jp/cards/000025/files/201_ruby_2682.zip,キリスト教婦人同盟の事業に奔走し、社会では男まさりのしっかり者という評判を取り、家内では趣味の高いそして意志の弱い良人を全く無視して振る舞ったその母の最も深い隠れた弱点を、拇指と食指との間にちゃんと押えて、一歩もひけを取らなかったのも彼女である。,,public_domain:青空文庫:或る女:有島武郎
互い,たがい,서로,或る女,有島武郎,https://www.aozora.gr.jp/cards/000025/files/201_ruby_2682.zip,葉子と古藤とは話の腰を折られて互いに不快な顔をしながら、手欄から下のほうをのぞいて見ると、すぐ目の下に、そのころ人の少し集まる所にはどこにでも顔を出す轟という剣舞の師匠だか撃剣の師匠だかする頑丈な男が、大きな五つ紋の黒羽織に白っぽい鰹魚縞の袴をはいて、桟橋の板を朴の木下駄で踏み鳴らしながら、ここを先途とわめいていた。,,public_domain:青空文庫:或る女:有島武郎
些細な,ささいな,사소한,或る女,有島武郎,https://www.aozora.gr.jp/cards/000025/files/201_ruby_2682.zip,こういうはめになった今、米国にいようが日本にいようが少しばかりの財産があろうが無かろうが、そんな事は些細な話だった。,,public_domain:青空文庫:或る女:有島武郎
交渉,こうしょう,교섭 협상,或る女,有島武郎,https://www.aozora.gr.jp/cards/000025/files/201_ruby_2682.zip,ただ一つこれらの群れからは全く没交渉な一団があった。,,public_domain:青空文庫:或る女:有島武郎
人一倍,ひといちばい,남보다 갑절로,或る女,有島武郎,https://www.aozora.gr.jp/cards/000025/files/201_ruby_2682.zip,日本人が着るといかにもいや味に見えるアメリカ風の背広も、さして取ってつけたようには見えないほど、太平洋を幾度も往来したらしい人たちで、どんな職業に従事しているのか、そういう見分けには人一倍鋭敏な観察力を持っている葉子にすら見当がつかなかった。,,public_domain:青空文庫:或る女:有島武郎
人体,じんたい,인체,或る女,有島武郎,https://www.aozora.gr.jp/cards/000025/files/201_ruby_2682.zip,青年の前に座を取っていた四十三四の脂ぎった商人体の男は、あたふたと立ち上がって自分の後ろのシェードをおろして、おりふし横ざしに葉子に照りつける朝の光線をさえぎった。,,public_domain:青空文庫:或る女:有島武郎
人影,ひとかげ,사람 그림자,或る女,有島武郎,https://www.aozora.gr.jp/cards/000025/files/201_ruby_2682.zip,その目は小さくなった人影の中から乳母の姿を探り出そうとせず、一種のなつかしみを持つ横浜の市街を見納めにながめようとせず、凝然として小さくうずくまる若者ののらしい黒点を見つめていた。,,public_domain:青空文庫:或る女:有島武郎
人情,にんじょう,인정,或る女,有島武郎,https://www.aozora.gr.jp/cards/000025/files/201_ruby_2682.zip,木部の友人たちが葉子の不人情を怒って、木部のとめるのもきかずに、社会から葬ってしまえとひしめいているのを葉子は聞き知っていたから、ふだんならば一も二もなく父をかばって母に楯をつくべきところを、素直に母のするとおりになって、葉子は母と共に仙台に埋もれに行った。,,public_domain:青空文庫:或る女:有島武郎
人柄,ひとがら,인품,或る女,有島武郎,https://www.aozora.gr.jp/cards/000025/files/201_ruby_2682.zip,いかにも人柄に不似合いな下手な字体で、葉子がひょっとすると上陸を見合わせてそのまま帰るという事を聞いたが、もしそうなったら自分も断然帰朝する。,,public_domain:青空文庫:或る女:有島武郎
今にも,いまにも,금방이라도,或る女,有島武郎,https://www.aozora.gr.jp/cards/000025/files/201_ruby_2682.zip,おっかぶさって来るかと見上くれば、目のまわるほど遠のいて見え、遠いと思って見れば、今にも頭を包みそうに近く逼ってる鋼色の沈黙した大空が、際限もない羽をたれたように、同じ暗色の海原に続く所から波がわいて、闇の中をのたうちまろびながら、見渡す限りわめき騒いでいる。,,public_domain:青空文庫:或る女:有島武郎
伝言,でんごん,전언,或る女,有島武郎,https://www.aozora.gr.jp/cards/000025/files/201_ruby_2682.zip,靴の先で甲板をこつこつとたたいて、うつむいてそれをながめながら、帯の間に手をさし込んで、木村への伝言を古藤はひとり言のように葉子にいった。,,public_domain:青空文庫:或る女:有島武郎
余る,あまる,남다,或る女,有島武郎,https://www.aozora.gr.jp/cards/000025/files/201_ruby_2682.zip,二週間に余る苦心の末にそれはあらかたでき上がった。,,public_domain:青空文庫:或る女:有島武郎
作戦,さくせん,작전,或る女,有島武郎,https://www.aozora.gr.jp/cards/000025/files/201_ruby_2682.zip,葉子の母が暴力では及ばないのを悟って、すかしつなだめつ、良人までを道具につかったり、木部の尊信する牧師を方便にしたりして、あらん限りの知力をしぼった懐柔策も、なんのかいもなく、冷静な思慮深い作戦計画を根気よく続ければ続けるほど、葉子は木部を後ろにかばいながら、健気にもか弱い女の手一つで戦った。,,public_domain:青空文庫:或る女:有島武郎
作用,さよう,작용,或る女,有島武郎,https://www.aozora.gr.jp/cards/000025/files/201_ruby_2682.zip,口から喉はあえぎたいほどにひからびて、岡の肩に乗せた手は、生理的な作用から冷たく堅くなっていた。,,public_domain:青空文庫:或る女:有島武郎
依然,いぜん,여전히,或る女,有島武郎,https://www.aozora.gr.jp/cards/000025/files/201_ruby_2682.zip,その鋭い小さな目は依然として葉子を見守っていた。,,public_domain:青空文庫:或る女:有島武郎
侮辱,ぶじょく,모욕,或る女,有島武郎,https://www.aozora.gr.jp/cards/000025/files/201_ruby_2682.zip,今は車内の人が申し合わせて侮辱でもしているように葉子には思えた。,,public_domain:青空文庫:或る女:有島武郎
保障,ほしょう,보장,或る女,有島武郎,https://www.aozora.gr.jp/cards/000025/files/201_ruby_2682.zip,この五十川女史のまあまあというような不思議なあいまいな切り盛りで、木村は、どこか不確実ではあるが、ともかく葉子を妻としうる保障を握ったのだった。,,public_domain:青空文庫:或る女:有島武郎
信仰,しんこう,신앙,或る女,有島武郎,https://www.aozora.gr.jp/cards/000025/files/201_ruby_2682.zip,早月母子が東京を去るとまもなく、ある新聞は早月ドクトルの女性に関するふしだらを書き立てて、それにつけての親佐の苦心と貞操とを吹聴したついでに、親佐が東京を去るようになったのは、熱烈な信仰から来る義憤と、愛児を父の悪感化から救おうとする母らしい努力に基づくものだ。,,public_domain:青空文庫:或る女:有島武郎
信者,しんじゃ,신자,或る女,有島武郎,https://www.aozora.gr.jp/cards/000025/files/201_ruby_2682.zip,二十五というそのころまで、熱心な信者で、清教徒風の誇りを唯一の立場としていた木部がこの初恋においてどれほど真剣になっていたかは想像する事ができる。,,public_domain:青空文庫:或る女:有島武郎
個性,こせい,개성,或る女,有島武郎,https://www.aozora.gr.jp/cards/000025/files/201_ruby_2682.zip,女学校や音楽学校で、葉子の強い個性に引きつけられて、理想の人ででもあるように近寄って来た少女たちは、葉子におどおどしい同性の恋をささげながら、葉子にinspireされて、われ知らず大胆な奔放な振る舞いをするようになった。,,public_domain:青空文庫:或る女:有島武郎
傾ける,かたむける,기울이다,或る女,有島武郎,https://www.aozora.gr.jp/cards/000025/files/201_ruby_2682.zip,葉子はそれに耳を傾けるような様子はしていたけれども、ほんとうはさして注意もせずに、ちょうど自分の目の前に、たくさんの見送り人に囲まれて、応接に暇もなげな田川法学博士の目じりの下がった顔と、その夫人のやせぎすな肩との描く微細な感情の表現を、批評家のような心で鋭くながめやっていた。,,public_domain:青空文庫:或る女:有島武郎
優越,ゆうえつ,우월,或る女,有島武郎,https://www.aozora.gr.jp/cards/000025/files/201_ruby_2682.zip,横浜の桟橋につながれた絵島丸の甲板の上で、始めて猛獣のようなこの男を見た時から、稲妻のように鋭く葉子はこの男の優越を感受した。,,public_domain:青空文庫:或る女:有島武郎
光沢,こうたく,광택,或る女,有島武郎,https://www.aozora.gr.jp/cards/000025/files/201_ruby_2682.zip,やや荒れ始めた三十男の皮膚の光沢は、神経的な青年の蒼白い膚の色となって、黒く光った軟らかい頭の毛がきわ立って白い額をなでている。,,public_domain:青空文庫:或る女:有島武郎
入浴,にゅうよく,입욕,或る女,有島武郎,https://www.aozora.gr.jp/cards/000025/files/201_ruby_2682.zip,そんな事を思うと葉子は悒鬱が生み出す反抗的な気分になって、湯をわかさせて入浴し、寝床をしかせ、最上等の三鞭酒を取りよせて、したたかそれを飲むと前後も知らず眠ってしまった。,,public_domain:青空文庫:或る女:有島武郎
公然,こうぜん,공공연함,或る女,有島武郎,https://www.aozora.gr.jp/cards/000025/files/201_ruby_2682.zip,新橋で車夫が若奥様と呼んだのも、この事が出入りのものの間に公然と知れわたっていたからの事だった。,,public_domain:青空文庫:或る女:有島武郎
共鳴,きょうめい,공명,或る女,有島武郎,https://www.aozora.gr.jp/cards/000025/files/201_ruby_2682.zip,同じ胎を借りてこの世に生まれ出た二人の胸には、ひたと共鳴する不思議な響きが潜んでいた。,,public_domain:青空文庫:或る女:有島武郎
内部,ないぶ,내부,或る女,有島武郎,https://www.aozora.gr.jp/cards/000025/files/201_ruby_2682.zip,その瞑想的な無邪気な態度が、葉子の内部的経験や苦悶と少しも縁が続いていないで、二人の間には金輸際理解が成り立ち得ないと思うと、彼女は特別に毛色の変わった自分の境界に、そっとうかがい寄ろうとする探偵をこの青年に見いだすように思って、その五分刈りにした地蔵頭までが顧みるにも足りない木のくずかなんぞのように見えた。,,public_domain:青空文庫:或る女:有島武郎
円滑な,えんかつな,원활한,或る女,有島武郎,https://www.aozora.gr.jp/cards/000025/files/201_ruby_2682.zip,五十川女史は日ごろの円滑な人ずれのした調子に似ず、何かひどく激昂した様子で、「わたしは亡くなった親佐さんのお考えはこうもあろうかと思った所を申したまでですから、それを葉子さんが悪いとおっしゃるなら、その上とやかく言いともないのですが、親佐さんは堅い昔風な信仰を持った方ですから、田島さんの塾は前からきらいでね……よろしゅうございましょう、そうなされば。,,public_domain:青空文庫:或る女:有島武郎
再び,ふたたび,다시,或る女,有島武郎,https://www.aozora.gr.jp/cards/000025/files/201_ruby_2682.zip,そして、なんの感じも起こさないうちに、熟睡からちょっと驚かされた赤児が、またたわいなく眠りに落ちて行くように、再び夢ともうつつともない心に返って行った。,,public_domain:青空文庫:或る女:有島武郎
冷淡な,れいたんな,냉담한,或る女,有島武郎,https://www.aozora.gr.jp/cards/000025/files/201_ruby_2682.zip,古藤は冷淡な調子で、「そういったようでしたね」と答えながら、何か他の事でも考えているらしかった。,,public_domain:青空文庫:或る女:有島武郎
冷酷な,れいこくな,냉혹한,或る女,有島武郎,https://www.aozora.gr.jp/cards/000025/files/201_ruby_2682.zip,事務長の顔は振り返った葉子の顔に息気のかかるほどの近さで、葉子を見入っていたが、葉子が与えた冷酷なひとみには目もくれぬまで狂わしく熱していた。,,public_domain:青空文庫:或る女:有島武郎
処分,しょぶん,처분,或る女,有島武郎,https://www.aozora.gr.jp/cards/000025/files/201_ruby_2682.zip,あとの事はわたしどもがたしかに引き受けたから心配は無用にして、身をしめて妹さん方のしめしにもなるほどの奮発を頼みます……えゝと、財産のほうの処分はわたしと田中さんとで間違いなく固めるし、愛子さんと貞世さんのお世話は、五十川さん、あなたにお願いしようじゃありませんか、御迷惑ですが。,,public_domain:青空文庫:或る女:有島武郎
処置,しょち,조치,或る女,有島武郎,https://www.aozora.gr.jp/cards/000025/files/201_ruby_2682.zip,しかし実際の処置としては、くやしくても虫を殺して、自分を葉子まで引き下げるか、葉子を自分まで引き上げるよりしかたがなかった。,,public_domain:青空文庫:或る女:有島武郎
分別,ふんべつ,분별 판단력,或る女,有島武郎,https://www.aozora.gr.jp/cards/000025/files/201_ruby_2682.zip,興録は事務長の意向を読んで取ると、分別ぶった顔をさし出して、「それに限りますよ。,,public_domain:青空文庫:或る女:有島武郎
切ない,せつない,애달픈,或る女,有島武郎,https://www.aozora.gr.jp/cards/000025/files/201_ruby_2682.zip,葉子は吸い取られるようにその響きに心を集めていたが、この子もやがては自分が通って来たような道を歩くのかと思うと、自分をあわれむとも妹をあわれむとも知れない切ない心に先だたれて、思わずぎゅっと貞世を抱きしめながら物をいおうとした。,,public_domain:青空文庫:或る女:有島武郎
利子,りし,이자,或る女,有島武郎,https://www.aozora.gr.jp/cards/000025/files/201_ruby_2682.zip,女子教育とか、家庭の薫陶とかいう事をおりあるごとに口にしていた親佐は、その言葉に対して虚偽という利子を払わねばならなかった。,,public_domain:青空文庫:或る女:有島武郎
利益,りえき,이익,或る女,有島武郎,https://www.aozora.gr.jp/cards/000025/files/201_ruby_2682.zip,葉子はもとより夫人のあわてたこの処置が夫人には致命的な不利益であり、自分には都合のいい仕合わせであるのを知っていたからだ。,,public_domain:青空文庫:或る女:有島武郎
到底,とうてい,도저히,或る女,有島武郎,https://www.aozora.gr.jp/cards/000025/files/201_ruby_2682.zip,葉子の頭に描かれた夫人は我の強い、情の恣ままな、野心の深い割合に手練の露骨な、良人を軽く見てややともすると笠にかかりながら、それでいて良人から独立する事の到底できない、いわば心の弱い強がり家ではないかしらんというのだった。,,public_domain:青空文庫:或る女:有島武郎
動的な,どうてきな,동적인,或る女,有島武郎,https://www.aozora.gr.jp/cards/000025/files/201_ruby_2682.zip,すでに自分が勝ち味になっているという自覚は、葉子に反動的な寛大な心を与えて、夫人が事務長を※にしようとしている事などはてんで問題にはしまいとした。,,public_domain:青空文庫:或る女:有島武郎
勘定,かんじょう,계산 셈,或る女,有島武郎,https://www.aozora.gr.jp/cards/000025/files/201_ruby_2682.zip,殉情的なくせに恐ろしく勘定高いのがたまらなかった。,,public_domain:青空文庫:或る女:有島武郎
勝利,しょうり,승리,或る女,有島武郎,https://www.aozora.gr.jp/cards/000025/files/201_ruby_2682.zip,そして母に対する勝利の分捕り品として、木部は葉子一人のものとなった。,,public_domain:青空文庫:或る女:有島武郎
募る,つのる,모집하다,或る女,有島武郎,https://www.aozora.gr.jp/cards/000025/files/201_ruby_2682.zip,木部の葉子に対する愛着が募れば募るほど、葉子は一生が暗くなりまさるように思った。,,public_domain:青空文庫:或る女:有島武郎
勢力,せいりょく,세력,或る女,有島武郎,https://www.aozora.gr.jp/cards/000025/files/201_ruby_2682.zip,ことに親佐が仙台支部長として働き出したキリスト教婦人同盟の運動は、その当時野火のような勢いで全国に広がり始めた赤十字社の勢力にもおさおさ劣らない程の盛況を呈した。,,public_domain:青空文庫:或る女:有島武郎
勤まる,つとまる,감당되다,或る女,有島武郎,https://www.aozora.gr.jp/cards/000025/files/201_ruby_2682.zip,資本入らずで大役が勤まるんだ。,,public_domain:青空文庫:或る女:有島武郎
卑しい,いやしい,천하다,或る女,有島武郎,https://www.aozora.gr.jp/cards/000025/files/201_ruby_2682.zip,開港場のがさつな卑しい調子は、すぐ葉子の神経にびりびりと感じて来た。,,public_domain:青空文庫:或る女:有島武郎
単に,たんに,단지,或る女,有島武郎,https://www.aozora.gr.jp/cards/000025/files/201_ruby_2682.zip,当座の費用として金を少し送っておくという意味を簡単にしたためて、永田から送ってよこした為替の金を封入して、その店を出た。,,public_domain:青空文庫:或る女:有島武郎
単調な,たんちょうな,단조로운,或る女,有島武郎,https://www.aozora.gr.jp/cards/000025/files/201_ruby_2682.zip,そして自分のからだがずっと高まってやがてまた落ちて行くなと思わしいころに、窓に近い舷にざあっとあたって砕けて行く波濤が、単調な底力のある震動を船室に与えて、船はかすかに横にかしいだ。,,public_domain:青空文庫:或る女:有島武郎
占領,せんりょう,점령,或る女,有島武郎,https://www.aozora.gr.jp/cards/000025/files/201_ruby_2682.zip,葉子を確実に占領したという意識に裏書きされた木部は、今までおくびにも葉子に見せなかった女々しい弱点を露骨に現わし始めた。,,public_domain:青空文庫:或る女:有島武郎
去る,さる,떠나다,或る女,有島武郎,https://www.aozora.gr.jp/cards/000025/files/201_ruby_2682.zip,早月母子が東京を去るとまもなく、ある新聞は早月ドクトルの女性に関するふしだらを書き立てて、それにつけての親佐の苦心と貞操とを吹聴したついでに、親佐が東京を去るようになったのは、熱烈な信仰から来る義憤と、愛児を父の悪感化から救おうとする母らしい努力に基づくものだ。,,public_domain:青空文庫:或る女:有島武郎
反感,はんかん,반감,或る女,有島武郎,https://www.aozora.gr.jp/cards/000025/files/201_ruby_2682.zip,葉子自身が行き得ないほど葉子に対して反感を持っている永田が、あの単純なタクトのない古藤をどんなふうに扱ったろう。,,public_domain:青空文庫:或る女:有島武郎
取り入れる,とりいれる,받아들이다,或る女,有島武郎,https://www.aozora.gr.jp/cards/000025/files/201_ruby_2682.zip,母は新しい型にわが子を取り入れることを心得てはいたが、それを取り扱う術は知らなかった。,,public_domain:青空文庫:或る女:有島武郎
取り扱う,とりあつかう,취급하다,或る女,有島武郎,https://www.aozora.gr.jp/cards/000025/files/201_ruby_2682.zip,母は新しい型にわが子を取り入れることを心得てはいたが、それを取り扱う術は知らなかった。,,public_domain:青空文庫:或る女:有島武郎
取り組む,とりくむ,몰두하다,或る女,有島武郎,https://www.aozora.gr.jp/cards/000025/files/201_ruby_2682.zip,思い入った決心を眉に集めて、日ごろの楽天的な性情にも似ず、運命と取り組むような真剣な顔つきで大事の結着を待つ木村の顔。,,public_domain:青空文庫:或る女:有島武郎
同士,どうし,동료,或る女,有島武郎,https://www.aozora.gr.jp/cards/000025/files/201_ruby_2682.zip,食堂の卓をはさんで向かい合う夫妻が他人同士のような顔をして互い互いにぬすみ見をするのを葉子がすばやく見て取った事などもあった。,,public_domain:青空文庫:或る女:有島武郎
同封,どうふう,동봉,或る女,有島武郎,https://www.aozora.gr.jp/cards/000025/files/201_ruby_2682.zip,ときっぱり書いて、その金額だけの為替が同封してあった。,,public_domain:青空文庫:或る女:有島武郎
同居,どうきょ,동거,或る女,有島武郎,https://www.aozora.gr.jp/cards/000025/files/201_ruby_2682.zip,両親を失ってからこの叔母夫婦と、六歳になる白痴の一人息子とが移って来て同居する事になったのだ。,,public_domain:青空文庫:或る女:有島武郎
同情,どうじょう,동정,或る女,有島武郎,https://www.aozora.gr.jp/cards/000025/files/201_ruby_2682.zip,それを払いかねて木部が命限りにもがくのを見ると、葉子の心に純粋な同情と、男に対する無条件的な捨て身な態度が生まれ始めた。,,public_domain:青空文庫:或る女:有島武郎
同盟,どうめい,동맹,或る女,有島武郎,https://www.aozora.gr.jp/cards/000025/files/201_ruby_2682.zip,そのころ女流キリスト教徒の先覚者として、キリスト教婦人同盟の副会長をしていた葉子の母は、木部の属していた新聞社の社長と親しい交際のあった関係から、ある日その社の従軍記者を自宅に招いて慰労の会食を催した。,,public_domain:青空文庫:或る女:有島武郎
名乗る,なのる,이름을 대다,或る女,有島武郎,https://www.aozora.gr.jp/cards/000025/files/201_ruby_2682.zip,葉子がはいって行っても、彼らは格別自分たちの名前を名乗るでもなく、いちばん安楽な椅子に腰かけていた男が、それを葉子に譲って、自分は二つに折れるように小さくなって、すでに一人腰かけている寝台に曲がりこむと、一同はその様子に声を立てて笑ったが、すぐまた前どおり平気な顔をして勝手な口をきき始めた。,,public_domain:青空文庫:或る女:有島武郎
名誉,めいよ,명예,或る女,有島武郎,https://www.aozora.gr.jp/cards/000025/files/201_ruby_2682.zip,早く身を堅めて地道に暮らさなければ母の名誉をけがす事になる。,,public_domain:青空文庫:或る女:有島武郎
吟味,ぎんみ,음미,或る女,有島武郎,https://www.aozora.gr.jp/cards/000025/files/201_ruby_2682.zip,「古藤さんに連れて行っていただいてあれを買った時は、ずいぶん吟味したつもりでしたけれども、船に来てから見ているうちにすぐあきてしまいましたの。,,public_domain:青空文庫:或る女:有島武郎
告げる,つげる,알리다,或る女,有島武郎,https://www.aozora.gr.jp/cards/000025/files/201_ruby_2682.zip,それともあすの船出の不吉を告げる何かの業かもしれない。,,public_domain:青空文庫:或る女:有島武郎
告白,こくはく,고백,或る女,有島武郎,https://www.aozora.gr.jp/cards/000025/files/201_ruby_2682.zip,それから普通の期間を過ぎて葉子は木部の子を分娩したが、もとよりその事を木部に知らせなかったばかりでなく、母にさえある他の男によって生んだ子だと告白した。,,public_domain:青空文庫:或る女:有島武郎
問う,とう,묻다,或る女,有島武郎,https://www.aozora.gr.jp/cards/000025/files/201_ruby_2682.zip,そして恋というものを生来知らぬげな四十五六の醜い容貌の舎監は、葉子を監禁同様にして置いて、暇さえあればその帯の持ち主たるべき人の名を迫り問うた。,,public_domain:青空文庫:或る女:有島武郎
固める,かためる,굳히다,或る女,有島武郎,https://www.aozora.gr.jp/cards/000025/files/201_ruby_2682.zip,あとの事はわたしどもがたしかに引き受けたから心配は無用にして、身をしめて妹さん方のしめしにもなるほどの奮発を頼みます……えゝと、財産のほうの処分はわたしと田中さんとで間違いなく固めるし、愛子さんと貞世さんのお世話は、五十川さん、あなたにお願いしようじゃありませんか、御迷惑ですが。,,public_domain:青空文庫:或る女:有島武郎
土俵,どひょう,씨름판,或る女,有島武郎,https://www.aozora.gr.jp/cards/000025/files/201_ruby_2682.zip,青年らしく土俵ぎわまで踏み込んで事業を楽しむという父に似た性格さえこましゃくれて見えた。,,public_domain:青空文庫:或る女:有島武郎
圧迫,あっぱく,압박,或る女,有島武郎,https://www.aozora.gr.jp/cards/000025/files/201_ruby_2682.zip,こっちから何か物をいいかけて、この苦しい圧迫を打ち破ろうと思ってもそれができなかった。,,public_domain:青空文庫:或る女:有島武郎
執着,しゅうちゃく,집착,或る女,有島武郎,https://www.aozora.gr.jp/cards/000025/files/201_ruby_2682.zip,葉子は不思議な心の執着から定子にはとうとう会わないでしまった。,,public_domain:青空文庫:或る女:有島武郎
堂々と,どうどうと,당당하게,或る女,有島武郎,https://www.aozora.gr.jp/cards/000025/files/201_ruby_2682.zip,二〇船の着いたその晩、田川夫妻は見舞いの言葉も別れの言葉も残さずに、おおぜいの出迎え人に囲まれて堂々と威儀を整えて上陸してしまった。,,public_domain:青空文庫:或る女:有島武郎
夕闇,ゆうやみ,땅거미,或る女,有島武郎,https://www.aozora.gr.jp/cards/000025/files/201_ruby_2682.zip,それは夕闇の催した晩秋だった。,,public_domain:青空文庫:或る女:有島武郎
多少,たしょう,다소,或る女,有島武郎,https://www.aozora.gr.jp/cards/000025/files/201_ruby_2682.zip,葉子はべつに読みたくもなかったが、多少の好奇心も手伝うのでとにかく目を通して見た。,,public_domain:青空文庫:或る女:有島武郎
大役,たいやく,큰 역할 중책,或る女,有島武郎,https://www.aozora.gr.jp/cards/000025/files/201_ruby_2682.zip,資本入らずで大役が勤まるんだ。,,public_domain:青空文庫:或る女:有島武郎
大急ぎ,おおいそぎ,매우 급함,或る女,有島武郎,https://www.aozora.gr.jp/cards/000025/files/201_ruby_2682.zip,葉子はきょう一日に目まぐるしいほどあるたくさんの用事をちょっと胸の中で数えて見て、大急ぎでそこらを片づけて、錠をおろすものには錠をおろし切って、雨戸を一枚繰って、そこからさし込む光で大きな手文庫からぎっしりつまった男文字の手紙を引き出すと風呂敷に包み込んだ。,,public_domain:青空文庫:或る女:有島武郎
大柄,おおがら,큰 체격,或る女,有島武郎,https://www.aozora.gr.jp/cards/000025/files/201_ruby_2682.zip,二人がてんでんに切符を出そうとする時、「若奥様、これをお忘れになりました」といいながら、羽被の紺の香いの高くするさっきの車夫が、薄い大柄なセルの膝掛けを肩にかけたままあわてたように追いかけて来て、オリーヴ色の絹ハンケチに包んだ小さな物を渡そうとした。,,public_domain:青空文庫:或る女:有島武郎
大柄な,おおがらな,큰 체격,或る女,有島武郎,https://www.aozora.gr.jp/cards/000025/files/201_ruby_2682.zip,二人がてんでんに切符を出そうとする時、「若奥様、これをお忘れになりました」といいながら、羽被の紺の香いの高くするさっきの車夫が、薄い大柄なセルの膝掛けを肩にかけたままあわてたように追いかけて来て、オリーヴ色の絹ハンケチに包んだ小さな物を渡そうとした。,,public_domain:青空文庫:或る女:有島武郎
大概,たいがい,대개,或る女,有島武郎,https://www.aozora.gr.jp/cards/000025/files/201_ruby_2682.zip,そのほかの船客も大概はすでに卓に向かっていた。,,public_domain:青空文庫:或る女:有島武郎
大金,たいきん,큰돈,或る女,有島武郎,https://www.aozora.gr.jp/cards/000025/files/201_ruby_2682.zip,車夫はろくに見知りもないものに大金を渡して平気でいる女の顔を今さらのようにきょときょとと見やりながら空俥を引いて立ち去った。,,public_domain:青空文庫:或る女:有島武郎
天才,てんさい,천재,或る女,有島武郎,https://www.aozora.gr.jp/cards/000025/files/201_ruby_2682.zip,それはちょうど日清戦争が終局を告げて、国民一般はだれかれの差別なく、この戦争に関係のあった事柄や人物やに事実以上の好奇心をそそられていたころであったが、木部は二十五という若い齢で、ある大新聞社の従軍記者になってシナに渡り、月並みな通信文の多い中に、きわだって観察の飛び離れた心力のゆらいだ文章を発表して、天才記者という名を博してめでたく凱旋したのであった。,,public_domain:青空文庫:或る女:有島武郎
奮闘,ふんとう,분투,或る女,有島武郎,https://www.aozora.gr.jp/cards/000025/files/201_ruby_2682.zip,「葉子さん、それは疑い過ぎというもんです」そして自分が米国に来てからなめ尽くした奮闘生活もつまりは葉子というものがあればこそできたので、もし葉子がそれに同情と鼓舞とを与えてくれなかったら、その瞬間に精も根も枯れ果ててしまうに違いないという事を繰り返し繰り返し熱心に説いた。,,public_domain:青空文庫:或る女:有島武郎
妥協,だきょう,타협,或る女,有島武郎,https://www.aozora.gr.jp/cards/000025/files/201_ruby_2682.zip,あすをも頼み難い命の夕闇にさまよいながら、切れ切れな言葉で葉子と最後の妥協を結ぼうとする病床の母――その顔は葉子の幻想を断ち切るほどの強さで現われ出た。,,public_domain:青空文庫:或る女:有島武郎
妨げる,さまたげる,방해하다,或る女,有島武郎,https://www.aozora.gr.jp/cards/000025/files/201_ruby_2682.zip,不思議なほどに緊張した葉子の心は、それらの世間話にはいささかの興味も持ち得ないで、むしろその無意味に近い言葉の数々を、自分の瞑想を妨げる騒音のようにうるさく思っていた。,,public_domain:青空文庫:或る女:有島武郎
妬む,ねたむ,시기하다,或る女,有島武郎,https://www.aozora.gr.jp/cards/000025/files/201_ruby_2682.zip,そう思う間もあらせず、今度は親類の人たちが五六人ずつ、口々に小やかましく何かいって、あわれむような妬むような目つきを投げ与えながら、幻影のように葉子の目と記憶とから消えて行った。,,public_domain:青空文庫:或る女:有島武郎
始末,しまつ,처리,或る女,有島武郎,https://www.aozora.gr.jp/cards/000025/files/201_ruby_2682.zip,葉子はその朝暗いうちに床を離れて、蔵の陰になつた自分の小部屋にはいって、前々から片づけかけていた衣類の始末をし始めた。,,public_domain:青空文庫:或る女:有島武郎
威力,いりょく,위력,或る女,有島武郎,https://www.aozora.gr.jp/cards/000025/files/201_ruby_2682.zip,木村を勝手気ままにこづき回す威力を備えた自分はまただれに何者に勝手にされるのだろう。,,public_domain:青空文庫:或る女:有島武郎
嫉妬,しっと,질투,或る女,有島武郎,https://www.aozora.gr.jp/cards/000025/files/201_ruby_2682.zip,葉子に対してかねてからある事では一種の敵意を持ってさえいるように見えるその母が、この事件に対して嫉妬とも思われるほど厳重な故障を持ち出したのは、不思議でないというべき境を通り越していた。,,public_domain:青空文庫:或る女:有島武郎
字体,じたい,자체,或る女,有島武郎,https://www.aozora.gr.jp/cards/000025/files/201_ruby_2682.zip,いかにも人柄に不似合いな下手な字体で、葉子がひょっとすると上陸を見合わせてそのまま帰るという事を聞いたが、もしそうなったら自分も断然帰朝する。,,public_domain:青空文庫:或る女:有島武郎
安堵,あんど,안도,或る女,有島武郎,https://www.aozora.gr.jp/cards/000025/files/201_ruby_2682.zip,そしてすぐぎょっとしてあたりを見回したが、われに返って自分一人きりなのに安堵して、いそいそと着物を着かえ始めた。,,public_domain:青空文庫:或る女:有島武郎
実業家,じつぎょうか,실업가,或る女,有島武郎,https://www.aozora.gr.jp/cards/000025/files/201_ruby_2682.zip,いまに見なさい木村という仁なりゃ、立派に成功して、第一流の実業家に成り上がるにきまっている。,,public_domain:青空文庫:或る女:有島武郎
宣教,せんきょう,선교,或る女,有島武郎,https://www.aozora.gr.jp/cards/000025/files/201_ruby_2682.zip,そのうち母がキリスト教婦人同盟の事業に関係して、たちまちのうちにその牛耳を握り、外国宣教師だとか、貴婦人だとかを引き入れて、政略がましく事業の拡張に奔走するようになると、内田はすぐきげんを損じて、早月親佐を責めて、キリストの精神を無視した俗悪な態度だといきまいたが、親佐がいっこうに取り合う様子がないので、両家の間は見る見る疎々しいものになってしまった。,,public_domain:青空文庫:或る女:有島武郎
宮殿,きゅうでん,궁전,或る女,有島武郎,https://www.aozora.gr.jp/cards/000025/files/201_ruby_2682.zip,絵島丸が横浜の桟橋につながれている間から、人々の注意の中心となっていた田川夫人を、海気にあって息気をふき返した人魚のような葉子のかたわらにおいて見ると、身分、閲歴、学殖、年齢などといういかめしい資格が、かえって夫人を固い古ぼけた輪郭にはめこんで見せる結果になって、ただ神体のない空虚な宮殿のような空いかめしい興なさを感じさせるばかりだった。,,public_domain:青空文庫:或る女:有島武郎
対等,たいとう,대등,或る女,有島武郎,https://www.aozora.gr.jp/cards/000025/files/201_ruby_2682.zip,案のじょう、田川夫人のこの譲歩は、夫人に何らかの同情なり尊敬なりが加えられる結果とならなかったばかりでなく、その勢力はますます下り坂になって、葉子はいつのまにか田川夫人と対等で物をいい合っても少しも不思議とは思わせないほどの高みに自分を持ち上げてしまっていた。,,public_domain:青空文庫:或る女:有島武郎
対話,たいわ,대화,或る女,有島武郎,https://www.aozora.gr.jp/cards/000025/files/201_ruby_2682.zip,あらかじめ申し合わせができていたらしく一同は待ち設けたようにうなずいて見せた）どうじゃろう葉子さん」葉子は乞食の嘆願を聞く女王のような心持ちで、○○局長といわれるこの男のいう事を聞いていたが、財産の事などはどうでもいいとして、妹たちの事が話題に上るとともに、五十川女史を向こうに回して詰問のような対話を始めた。,,public_domain:青空文庫:或る女:有島武郎
崇拝,すうはい,숭배,或る女,有島武郎,https://www.aozora.gr.jp/cards/000025/files/201_ruby_2682.zip,ことに日清戦役という、その当時の日本にしては絶大な背景を背負っているので、この年少記者はある人々からは英雄の一人とさえして崇拝された。,,public_domain:青空文庫:或る女:有島武郎
巣,す,둥지,或る女,有島武郎,https://www.aozora.gr.jp/cards/000025/files/201_ruby_2682.zip,葉子は事務長の広い胸に巣食うように丸まって少し震えていた。,,public_domain:青空文庫:或る女:有島武郎
巧妙な,こうみょうな,교묘한,或る女,有島武郎,https://www.aozora.gr.jp/cards/000025/files/201_ruby_2682.zip,その鋭くなった批判力で見ると、自分と似よった姿なり性格なりを木部に見いだすという事は、自然が巧妙な皮肉をやっているようなものだった。,,public_domain:青空文庫:或る女:有島武郎
市街,しがい,시가지,或る女,有島武郎,https://www.aozora.gr.jp/cards/000025/files/201_ruby_2682.zip,きのうの風が凪いでから、気温は急に夏らしい蒸し暑さに返って、横浜の市街は、疫病にかかって弱りきった労働者が、そぼふる雨の中にぐったりとあえいでいるように見えた。,,public_domain:青空文庫:或る女:有島武郎
弁解,べんかい,변명,或る女,有島武郎,https://www.aozora.gr.jp/cards/000025/files/201_ruby_2682.zip,流行おくれとなると値段の張ったものほどみっともないんですもの」しばらくしてから、「でもあのお金はあなた御入用ですわね」木村はあわてて弁解的に、「いゝえ、あれはどの道あなたに上げるつもりでいたんですから……」というのを葉子は耳にも入れないふうで、「ほんとにばかねわたしは……思いやりもなんにもない事を申し上げてしまって、どうしましょうねえ。,,public_domain:青空文庫:或る女:有島武郎
引き上げる,ひきあげる,끌어올리다,或る女,有島武郎,https://www.aozora.gr.jp/cards/000025/files/201_ruby_2682.zip,しかし実際の処置としては、くやしくても虫を殺して、自分を葉子まで引き下げるか、葉子を自分まで引き上げるよりしかたがなかった。,,public_domain:青空文庫:或る女:有島武郎
引き下げる,ひきさげる,끌어내리다,或る女,有島武郎,https://www.aozora.gr.jp/cards/000025/files/201_ruby_2682.zip,しかし実際の処置としては、くやしくても虫を殺して、自分を葉子まで引き下げるか、葉子を自分まで引き上げるよりしかたがなかった。,,public_domain:青空文庫:或る女:有島武郎
引き取る,ひきとる,인수하다,或る女,有島武郎,https://www.aozora.gr.jp/cards/000025/files/201_ruby_2682.zip,意地の弱い葉子の父だけは孫のかわいさからそっと赤ん坊を葉子の乳母の家に引き取るようにしてやった。,,public_domain:青空文庫:或る女:有島武郎
強制,きょうせい,강제,或る女,有島武郎,https://www.aozora.gr.jp/cards/000025/files/201_ruby_2682.zip,やさしく、愛らしく、しおらしく、生まれたままの美しい好意と欲念との命ずるままに、おぼろげながら神というものを恋しかけた十二三歳ごろの葉子に、学校は祈祷と、節欲と、殺情とを強制的にたたき込もうとした。,,public_domain:青空文庫:或る女:有島武郎
強烈な,きょうれつな,강렬한,或る女,有島武郎,https://www.aozora.gr.jp/cards/000025/files/201_ruby_2682.zip,このごろはことさらだれにもいわれないようなごたごたが家の内にあるもんですから、よけいむしゃくしゃしていて、ほんとうにわたしどうしたらいいかと思う事がありますの」意地も生地も内田の強烈な性格のために存分に打ち砕かれた細君は、上品な顔立てに中世紀の尼にでも見るような思いあきらめた表情を浮かべて、捨て身の生活のどん底にひそむさびしい不足をほのめかした。,,public_domain:青空文庫:或る女:有島武郎
弾力,だんりょく,탄력,或る女,有島武郎,https://www.aozora.gr.jp/cards/000025/files/201_ruby_2682.zip,葉子の手はもうめれんすの弾力のある軟らかい触感を感じていた。,,public_domain:青空文庫:或る女:有島武郎
征服,せいふく,정복,或る女,有島武郎,https://www.aozora.gr.jp/cards/000025/files/201_ruby_2682.zip,葉子はふとした出来心から古藤をおとしいれようとした目論見に失敗して、自分の征服力に対するかすかな失望と、存分の不快とを感じていた。,,public_domain:青空文庫:或る女:有島武郎
徐々に,じょじょに,서서히,或る女,有島武郎,https://www.aozora.gr.jp/cards/000025/files/201_ruby_2682.zip,汽車は徐々に進行をゆるめていた。,,public_domain:青空文庫:或る女:有島武郎
従う,したがう,따르다,或る女,有島武郎,https://www.aozora.gr.jp/cards/000025/files/201_ruby_2682.zip,葉子はほんとうをいうと、必要に従うというほかに何をすればいいのかわからなかった。,,public_domain:青空文庫:或る女:有島武郎
従事,じゅうじ,종사,或る女,有島武郎,https://www.aozora.gr.jp/cards/000025/files/201_ruby_2682.zip,彼らがどんな種類の人でどんな職業に従事しているかを知る者はなかった。,,public_domain:青空文庫:或る女:有島武郎
微妙,びみょう,미묘,或る女,有島武郎,https://www.aozora.gr.jp/cards/000025/files/201_ruby_2682.zip,田川夫人は微妙な女の本能と直覚とで、じりじりと葉子の心のすみずみを探り回しているようだったが、ついにここぞという急所をつかんだらしく見えた。,,public_domain:青空文庫:或る女:有島武郎
微妙な,びみょうな,미묘한,或る女,有島武郎,https://www.aozora.gr.jp/cards/000025/files/201_ruby_2682.zip,田川夫人は微妙な女の本能と直覚とで、じりじりと葉子の心のすみずみを探り回しているようだったが、ついにここぞという急所をつかんだらしく見えた。,,public_domain:青空文庫:或る女:有島武郎
心中,しんじゅう,동반 자살,或る女,有島武郎,https://www.aozora.gr.jp/cards/000025/files/201_ruby_2682.zip,そして木部と別れて以来絶えて味わわなかったこの甘い情緒に自分からほだされおぼれて、心中でもする人のような、恋に身をまかせる心安さにひたりながら小机に突っ伏してしまった。,,public_domain:青空文庫:或る女:有島武郎
心得,こころえ,소양,或る女,有島武郎,https://www.aozora.gr.jp/cards/000025/files/201_ruby_2682.zip,そして心得顔に次の部屋との間の襖をあける間に、葉子は手早く大きな銀貨を紙に包んで、「少しかげんが悪いし、またいろいろお世話になるだろうから」といいながら、それを女中に渡した。,,public_domain:青空文庫:或る女:有島武郎
心構え,こころがまえ,마음가짐,或る女,有島武郎,https://www.aozora.gr.jp/cards/000025/files/201_ruby_2682.zip,葉子は大それた謀反人の心で木村のcaressを受くべき身構え心構えを案じていた。,,public_domain:青空文庫:或る女:有島武郎
心細い,こころぼそい,불안한,或る女,有島武郎,https://www.aozora.gr.jp/cards/000025/files/201_ruby_2682.zip,膝から下がふらつくのを葉子にすがって危うくささえながら、「結婚をなさるんですか……おめでとう……おめでとう……だがあなたが日本にいなくなると思うと……いたたまれないほど心細いんだ……わたしは……」もう声さえ続かなかった。,,public_domain:青空文庫:或る女:有島武郎
忘却,ぼうきゃく,망각,或る女,有島武郎,https://www.aozora.gr.jp/cards/000025/files/201_ruby_2682.zip,その先には暗い忘却が待ち設けていた。,,public_domain:青空文庫:或る女:有島武郎
快い,こころよい,쾌적한,或る女,有島武郎,https://www.aozora.gr.jp/cards/000025/files/201_ruby_2682.zip,ただ涼しい風がそよそよと鬢の毛をそよがして通るのを快いと思っていた。,,public_domain:青空文庫:或る女:有島武郎
念頭,ねんとう,염두,或る女,有島武郎,https://www.aozora.gr.jp/cards/000025/files/201_ruby_2682.zip,そこには十日ほど念頭から絶え果てていたようなものが海面から浅くもれ上がって続いていた。,,public_domain:青空文庫:或る女:有島武郎
思い込む,おもいこむ,굳게 믿다,或る女,有島武郎,https://www.aozora.gr.jp/cards/000025/files/201_ruby_2682.zip,葉子が気を落ち付けて、米国に着いてからの生活を考えてみると、こうあってこそと思い込むような生活には、木村はのけ物になるか、邪魔者になるほかはないようにも思えた。,,public_domain:青空文庫:或る女:有島武郎
恋愛,れんあい,연애,或る女,有島武郎,https://www.aozora.gr.jp/cards/000025/files/201_ruby_2682.zip,そして十八の時木部孤※に対して、最初の恋愛らしい恋愛の情を傾けた時、葉子の心はもう処女の心ではなくなっていた。,,public_domain:青空文庫:或る女:有島武郎
恨む,うらむ,원망하다,或る女,有島武郎,https://www.aozora.gr.jp/cards/000025/files/201_ruby_2682.zip,そうして捨てられた多くの男は、葉子を恨むよりも自分たちの獣性を恥じるように見えた。,,public_domain:青空文庫:或る女:有島武郎
悩ましい,なやましい,고민스러운,或る女,有島武郎,https://www.aozora.gr.jp/cards/000025/files/201_ruby_2682.zip,とにかく今までの狭い悩ましい過去と縁を切って、何の関りもない社会の中に乗り込むのはおもしろい。,,public_domain:青空文庫:或る女:有島武郎
情けない,なさけない,한심한,或る女,有島武郎,https://www.aozora.gr.jp/cards/000025/files/201_ruby_2682.zip,木村は、葉子という女はどうしてこうむら気で上すべりがしてしまうのだろう、情けないというような表情を顔いちめんにみなぎらして、何かいうべき言葉を胸の中で整えているようだったが、急に思い捨てたというふうで、黙ったままでほっと深いため息をついた。,,public_domain:青空文庫:或る女:有島武郎
情熱,じょうねつ,정열,或る女,有島武郎,https://www.aozora.gr.jp/cards/000025/files/201_ruby_2682.zip,葉子は思いもかけず木部の火のような情熱に焼かれようとする自分を見いだす事がしばしばだった。,,public_domain:青空文庫:或る女:有島武郎
情緒,じょうちょ,정서,或る女,有島武郎,https://www.aozora.gr.jp/cards/000025/files/201_ruby_2682.zip,葉子の控え目なしおらしい様子がいやが上にも人のうわさを引く種となって、葉子という名は、多才で、情緒の細やかな、美しい薄命児をだれにでも思い起こさせた。,,public_domain:青空文庫:或る女:有島武郎
惜しむ,おしむ,아까워하다,或る女,有島武郎,https://www.aozora.gr.jp/cards/000025/files/201_ruby_2682.zip,自分の草履を始末しながら、葉子はすぐに二階の客間の模様を想像して、自分のために親戚や知人が寄って別れを惜しむというその席に顔を出すのが、自分自身をばかにしきったことのようにしか思われなかった。,,public_domain:青空文庫:或る女:有島武郎
意向,いこう,의향,或る女,有島武郎,https://www.aozora.gr.jp/cards/000025/files/201_ruby_2682.zip,興録は事務長の意向を読んで取ると、分別ぶった顔をさし出して、「それに限りますよ。,,public_domain:青空文庫:或る女:有島武郎
意地,いじ,고집 심술,或る女,有島武郎,https://www.aozora.gr.jp/cards/000025/files/201_ruby_2682.zip,意地の弱い葉子の父だけは孫のかわいさからそっと赤ん坊を葉子の乳母の家に引き取るようにしてやった。,,public_domain:青空文庫:或る女:有島武郎
意気込み,いきごみ,의욕,或る女,有島武郎,https://www.aozora.gr.jp/cards/000025/files/201_ruby_2682.zip,でも古藤さんも手紙の上では一枚がた男を上げていますわね」木村の意気込みはしかしそんな事ではごまかされそうにはなかったので、葉子はめんどうくさくなって少し険しい顔になった。,,public_domain:青空文庫:或る女:有島武郎
愚かな,おろかな,어리석은,或る女,有島武郎,https://www.aozora.gr.jp/cards/000025/files/201_ruby_2682.zip,暴力は愚かなこった。,,public_domain:青空文庫:或る女:有島武郎
愛着,あいちゃく,애착,或る女,有島武郎,https://www.aozora.gr.jp/cards/000025/files/201_ruby_2682.zip,木部の葉子に対する愛着が募れば募るほど、葉子は一生が暗くなりまさるように思った。,,public_domain:青空文庫:或る女:有島武郎
慎む,つつしむ,삼가다,或る女,有島武郎,https://www.aozora.gr.jp/cards/000025/files/201_ruby_2682.zip,性質が母親とどこか似すぎているためか、似たように見えて一調子違っているためか、それとも自分を慎むためであったか、はたの人にはわからなかったが、とにかく葉子はそんなはなやかな雰囲気に包まれながら、不思議なほど沈黙を守って、ろくろく晴れの座などには姿を現わさないでいた。,,public_domain:青空文庫:或る女:有島武郎
成熟,せいじゅく,성숙,或る女,有島武郎,https://www.aozora.gr.jp/cards/000025/files/201_ruby_2682.zip,人々は木部が成熟した思想をひっさげて世の中に出て来る時の華々しさをうわさし合った。,,public_domain:青空文庫:或る女:有島武郎
戦術,せんじゅつ,전술,或る女,有島武郎,https://www.aozora.gr.jp/cards/000025/files/201_ruby_2682.zip,しかし同時に葉子は戦術家の冷静さをもって、実際問題を勘定に入れる事も忘れはしなかった。,,public_domain:青空文庫:或る女:有島武郎
所在,しょざい,소재,或る女,有島武郎,https://www.aozora.gr.jp/cards/000025/files/201_ruby_2682.zip,懇意ずくらしく戸もたたかなかった興録もさすがにどぎまぎして、はいろうにも出ようにも所在に窮して、閾に片足を踏み入れたまま当惑そうに立っていた。,,public_domain:青空文庫:或る女:有島武郎
手当,てあて,수당,或る女,有島武郎,https://www.aozora.gr.jp/cards/000025/files/201_ruby_2682.zip,ただなんでもいいせっせと手当たり次第したくをしておかなければ、それだけの心尽くしを見せて置かなければ、目論見どおり首尾が運ばないように思ったので、一ぺん横になったものをまたむくむくと起き上がった。,,public_domain:青空文庫:或る女:有島武郎
打ち明ける,うちあける,털어놓다,或る女,有島武郎,https://www.aozora.gr.jp/cards/000025/files/201_ruby_2682.zip,ところが検疫医がこれなんだ」事務長は朋輩にでも打ち明けるように、大きな食指を鍵形にまげて、たぐるような格好をして見せた。,,public_domain:青空文庫:或る女:有島武郎
打ち消す,うちけす,부정하다,或る女,有島武郎,https://www.aozora.gr.jp/cards/000025/files/201_ruby_2682.zip,今度こっちに来るにつけても、それは困って、ありったけのものを払ったりして、ようやく間に合わせたくらいだったもんですから……」なおいおうとするのを木村は忙しく打ち消すようにさえぎって、「それは充分わかっています」と顔を上げた拍子に涙のしずくがぽたりと鼻の先からズボンの上に落ちたのを見た。,,public_domain:青空文庫:或る女:有島武郎
扱う,あつかう,다루다,或る女,有島武郎,https://www.aozora.gr.jp/cards/000025/files/201_ruby_2682.zip,若者はこの乱暴にかっとなって怒り狂ったが、その船員は小さな荷物でも扱うように、若者の胴のあたりを右わきにかいこんで、やすやすと舷梯を降りて行った。,,public_domain:青空文庫:或る女:有島武郎
承諾,しょうだく,승낙,或る女,有島武郎,https://www.aozora.gr.jp/cards/000025/files/201_ruby_2682.zip,結婚を承諾した以上はその良人に行きづまるのが女の人の当然な道ではないでしょうか。,,public_domain:青空文庫:或る女:有島武郎
折り返す,おりかえす,되돌리다,或る女,有島武郎,https://www.aozora.gr.jp/cards/000025/files/201_ruby_2682.zip,ごわっごわっと時々新聞を折り返す音だけが聞こえて、積み荷があらかた片付いた船室の夜は静かにふけて行った。,,public_domain:青空文庫:或る女:有島武郎
折れる,おれる,꺾이다,或る女,有島武郎,https://www.aozora.gr.jp/cards/000025/files/201_ruby_2682.zip,葉子がはいって行っても、彼らは格別自分たちの名前を名乗るでもなく、いちばん安楽な椅子に腰かけていた男が、それを葉子に譲って、自分は二つに折れるように小さくなって、すでに一人腰かけている寝台に曲がりこむと、一同はその様子に声を立てて笑ったが、すぐまた前どおり平気な顔をして勝手な口をきき始めた。,,public_domain:青空文庫:或る女:有島武郎
抱く,いだく,품다,或る女,有島武郎,https://www.aozora.gr.jp/cards/000025/files/201_ruby_2682.zip,しかし葉子を抱く手はきびしく震えこそすれ、ゆるみそうな様子は少しも見えなかった。,,public_domain:青空文庫:或る女:有島武郎
抵抗,ていこう,저항,或る女,有島武郎,https://www.aozora.gr.jp/cards/000025/files/201_ruby_2682.zip,窮屈な階子段をややよろよろしながらのぼって、重い戸をあけようとすると外気の抵抗がなかなか激しくって押しもどされようとした。,,public_domain:青空文庫:或る女:有島武郎
拒む,こばむ,거부하다,或る女,有島武郎,https://www.aozora.gr.jp/cards/000025/files/201_ruby_2682.zip,モンロー主義もその主張は初めのうちは、北米の独立諸州に対してヨーロッパの干渉を拒むというだけのものであったのです。,,public_domain:青空文庫:或る女:有島武郎
拡張,かくちょう,확장,或る女,有島武郎,https://www.aozora.gr.jp/cards/000025/files/201_ruby_2682.zip,そのうち母がキリスト教婦人同盟の事業に関係して、たちまちのうちにその牛耳を握り、外国宣教師だとか、貴婦人だとかを引き入れて、政略がましく事業の拡張に奔走するようになると、内田はすぐきげんを損じて、早月親佐を責めて、キリストの精神を無視した俗悪な態度だといきまいたが、親佐がいっこうに取り合う様子がないので、両家の間は見る見る疎々しいものになってしまった。,,public_domain:青空文庫:或る女:有島武郎
挑戦,ちょうせん,도전,或る女,有島武郎,https://www.aozora.gr.jp/cards/000025/files/201_ruby_2682.zip,それは底意地の悪い挑戦的な調子で震えていた。,,public_domain:青空文庫:或る女:有島武郎
捕虜,ほりょ,포로,或る女,有島武郎,https://www.aozora.gr.jp/cards/000025/files/201_ruby_2682.zip,しかし男が葉子の目の前で弱味を見せた瞬間に、葉子は驕慢な女王のように、その捕虜から面をそむけて、その出来事を悪夢のように忌みきらった。,,public_domain:青空文庫:或る女:有島武郎
探る,さぐる,살피다,或る女,有島武郎,https://www.aozora.gr.jp/cards/000025/files/201_ruby_2682.zip,物のない所に物を探るような心持ちで葉子は人力車を大塚のほうに走らした。,,public_domain:青空文庫:或る女:有島武郎
控える,ひかえる,삼가다,或る女,有島武郎,https://www.aozora.gr.jp/cards/000025/files/201_ruby_2682.zip,たまたま葉子の姉妹の内実を知って気の毒だと思っても、葉子ではというように手出しを控えるものばかりだった。,,public_domain:青空文庫:或る女:有島武郎
推進,すいしん,추진,或る女,有島武郎,https://www.aozora.gr.jp/cards/000025/files/201_ruby_2682.zip,検疫官がその忙しい間にも何かしきりに物をいおうとした時、けたたましい汽笛が一抹の白煙を青空に揚げて鳴りはためき、船尾からはすさまじい推進機の震動が起こり始めた。,,public_domain:青空文庫:或る女:有島武郎
描く,えがく,그리다,或る女,有島武郎,https://www.aozora.gr.jp/cards/000025/files/201_ruby_2682.zip,空想で木村を描く事は、木村と顔を見合わす時ほどの厭わしい思いを葉子に起こさせなかった。,,public_domain:青空文庫:或る女:有島武郎
提供,ていきょう,제공,或る女,有島武郎,https://www.aozora.gr.jp/cards/000025/files/201_ruby_2682.zip,そうした生活では葉子が自然に船客の注意の焦点となり、話題の提供者となったのは不思議もない。,,public_domain:青空文庫:或る女:有島武郎
握る,にぎる,쥐다,或る女,有島武郎,https://www.aozora.gr.jp/cards/000025/files/201_ruby_2682.zip,筆一本握る事もせずに朝から晩まで葉子に膠着し、感傷的なくせに恐ろしくわがままで、今日今日の生活にさえ事欠きながら、万事を葉子の肩になげかけてそれが当然な事でもあるような鈍感なお坊ちゃんじみた生活のしかたが葉子の鋭い神経をいらいらさせ出した。,,public_domain:青空文庫:或る女:有島武郎
揺らぐ,ゆらぐ,흔들리다,或る女,有島武郎,https://www.aozora.gr.jp/cards/000025/files/201_ruby_2682.zip,船の上下は最後のどよめきに揺らぐように見えた。,,public_domain:青空文庫:或る女:有島武郎
故意に,こいに,고의로,或る女,有島武郎,https://www.aozora.gr.jp/cards/000025/files/201_ruby_2682.zip,葉子を故意に威圧しようとたくらむわざとな改まりかたも見えた。,,public_domain:青空文庫:或る女:有島武郎
断然,だんぜん,단연,或る女,有島武郎,https://www.aozora.gr.jp/cards/000025/files/201_ruby_2682.zip,いかにも人柄に不似合いな下手な字体で、葉子がひょっとすると上陸を見合わせてそのまま帰るという事を聞いたが、もしそうなったら自分も断然帰朝する。,,public_domain:青空文庫:或る女:有島武郎
旅客,りょかく,여객,或る女,有島武郎,https://www.aozora.gr.jp/cards/000025/files/201_ruby_2682.zip,「葉子さん、あなたは私を見殺しにするんですか……見殺しにするん……」一〇始めての旅客も物慣れた旅客も、抜錨したばかりの船の甲板に立っては、落ち付いた心でいる事ができないようだった。,,public_domain:青空文庫:或る女:有島武郎
映る,うつる,비치다,或る女,有島武郎,https://www.aozora.gr.jp/cards/000025/files/201_ruby_2682.zip,そして飛び回りながら、髪をほごしにかかって、時々鏡に映る自分の顔を見やりながら、こらえきれないようにぬすみ笑いをした。,,public_domain:青空文庫:或る女:有島武郎
暴力,ぼうりょく,폭력,或る女,有島武郎,https://www.aozora.gr.jp/cards/000025/files/201_ruby_2682.zip,葉子の母が暴力では及ばないのを悟って、すかしつなだめつ、良人までを道具につかったり、木部の尊信する牧師を方便にしたりして、あらん限りの知力をしぼった懐柔策も、なんのかいもなく、冷静な思慮深い作戦計画を根気よく続ければ続けるほど、葉子は木部を後ろにかばいながら、健気にもか弱い女の手一つで戦った。,,public_domain:青空文庫:或る女:有島武郎
望ましい,のぞましい,바람직한,或る女,有島武郎,https://www.aozora.gr.jp/cards/000025/files/201_ruby_2682.zip,無条件的な服従という事も事務長に対してだけはただ望ましい事にばかり思えた。,,public_domain:青空文庫:或る女:有島武郎
望む,のぞむ,바라다,或る女,有島武郎,https://www.aozora.gr.jp/cards/000025/files/201_ruby_2682.zip,放埒な、移り気な、想像も及ばぬパッションにのたうち回ってうめき悩むあの大海原――葉子は失われた楽園を慕い望むイヴのように、静かに小さくうねる水の皺を見やりながら、はるかな海の上の旅路を思いやった。,,public_domain:青空文庫:或る女:有島武郎
未練,みれん,미련,或る女,有島武郎,https://www.aozora.gr.jp/cards/000025/files/201_ruby_2682.zip,内田は離縁した最初の妻が連れて行ってしまったたった一人の娘にいつまでも未練を持っているらしかった。,,public_domain:青空文庫:或る女:有島武郎
本体,ほんたい,본체,或る女,有島武郎,https://www.aozora.gr.jp/cards/000025/files/201_ruby_2682.zip,葉子が食堂に現われて自分の視界にはいってくると、臆面もなくじっと目を定めてその顔を見やった後に、無頓着にスプーンを動かしながら、時々食卓の客を見回して気を配っていた事務長は、下くちびるを返して鬚の先を吸いながら、塩さびのした太い声で、「それからモンロー主義の本体は」と話の糸目を引っぱり出しておいて、まともに博士を打ち見やった。,,public_domain:青空文庫:或る女:有島武郎
本気,ほんき,진심,或る女,有島武郎,https://www.aozora.gr.jp/cards/000025/files/201_ruby_2682.zip,そして葉子に対する乗客の好奇心が衰え始めたころになって、彼は本気に葉子を見つめ始めたのだ。,,public_domain:青空文庫:或る女:有島武郎
本能,ほんのう,본능,或る女,有島武郎,https://www.aozora.gr.jp/cards/000025/files/201_ruby_2682.zip,女の本能が生まれて始めて芽をふき始めた。,,public_domain:青空文庫:或る女:有島武郎
枝,えだ,가지,或る女,有島武郎,https://www.aozora.gr.jp/cards/000025/files/201_ruby_2682.zip,葉子も今まで続けていた回想の惰力に引かされて、思わずほほえみかけたのであったが、その瞬間燕返しに、見も知りもせぬ路傍の人に与えるような、冷刻な驕慢な光をそのひとみから射出したので、木部の微笑は哀れにも枝を離れた枯れ葉のように、二人の間をむなしくひらめいて消えてしまった。,,public_domain:青空文庫:或る女:有島武郎
根気,こんき,끈기,或る女,有島武郎,https://www.aozora.gr.jp/cards/000025/files/201_ruby_2682.zip,葉子の母が暴力では及ばないのを悟って、すかしつなだめつ、良人までを道具につかったり、木部の尊信する牧師を方便にしたりして、あらん限りの知力をしぼった懐柔策も、なんのかいもなく、冷静な思慮深い作戦計画を根気よく続ければ続けるほど、葉子は木部を後ろにかばいながら、健気にもか弱い女の手一つで戦った。,,public_domain:青空文庫:或る女:有島武郎
権威,けんい,권위,或る女,有島武郎,https://www.aozora.gr.jp/cards/000025/files/201_ruby_2682.zip,あなたが木村君の妻になると約束した以上は、僕のいう事にも権威があるはずだと思います。,,public_domain:青空文庫:或る女:有島武郎
欲望,よくぼう,욕망,或る女,有島武郎,https://www.aozora.gr.jp/cards/000025/files/201_ruby_2682.zip,こんな不思議な、葉子にはあり得ない欲望すらが少しも不思議でなく受け入れられた。,,public_domain:青空文庫:或る女:有島武郎
残酷な,ざんこくな,잔혹한,或る女,有島武郎,https://www.aozora.gr.jp/cards/000025/files/201_ruby_2682.zip,今まで味わって来たすべての悲哀よりもさらに残酷な悲哀が、葉子の胸をかきむしって襲って来た。,,public_domain:青空文庫:或る女:有島武郎
気象,きしょう,기상,或る女,有島武郎,https://www.aozora.gr.jp/cards/000025/files/201_ruby_2682.zip,木村はそのくらいな事で葉子から手を引くようなはきはきした気象の男ではない。,,public_domain:青空文庫:或る女:有島武郎
求める,もとめる,구하다,或る女,有島武郎,https://www.aozora.gr.jp/cards/000025/files/201_ruby_2682.zip,自分より年下で、しかも良人からさんざん悪評を投げられているはずの葉子に対してまで、すぐ心が砕けてしまって、張りのない言葉で同情を求めるかと思うと、葉子は自分の事のように歯がゆかった。,,public_domain:青空文庫:或る女:有島武郎
汽船,きせん,기선,或る女,有島武郎,https://www.aozora.gr.jp/cards/000025/files/201_ruby_2682.zip,さらぬだにどこかじめじめするような船室には、きょうの雨のために蒸すような空気がこもっていて、汽船特有な西洋臭いにおいがことに強く鼻についた。,,public_domain:青空文庫:或る女:有島武郎
沈む,しずむ,가라앉다,或る女,有島武郎,https://www.aozora.gr.jp/cards/000025/files/201_ruby_2682.zip,日清戦争というものの光も太陽が西に沈むたびごとに減じて行った。,,public_domain:青空文庫:或る女:有島武郎
沈黙,ちんもく,침묵,或る女,有島武郎,https://www.aozora.gr.jp/cards/000025/files/201_ruby_2682.zip,仙台における早月親佐はしばらくの間は深く沈黙を守っていたが、見る見る周囲に人を集めて華々しく活動をし始めた。,,public_domain:青空文庫:或る女:有島武郎
沖,おき,먼바다,或る女,有島武郎,https://www.aozora.gr.jp/cards/000025/files/201_ruby_2682.zip,九底光りのする雲母色の雨雲が縫い目なしにどんよりと重く空いっぱいにはだかって、本牧の沖合いまで東京湾の海は物すごいような草色に、小さく波の立ち騒ぐ九月二十五日の午後であった。,,public_domain:青空文庫:或る女:有島武郎
法学,ほうがく,법학,或る女,有島武郎,https://www.aozora.gr.jp/cards/000025/files/201_ruby_2682.zip,葉子はそれに耳を傾けるような様子はしていたけれども、ほんとうはさして注意もせずに、ちょうど自分の目の前に、たくさんの見送り人に囲まれて、応接に暇もなげな田川法学博士の目じりの下がった顔と、その夫人のやせぎすな肩との描く微細な感情の表現を、批評家のような心で鋭くながめやっていた。,,public_domain:青空文庫:或る女:有島武郎
洋風,ようふう,양풍,或る女,有島武郎,https://www.aozora.gr.jp/cards/000025/files/201_ruby_2682.zip,そして洋風の白い寝衣に着かえて、髪を長い編み下げにして寝床にはいった。,,public_domain:青空文庫:或る女:有島武郎
浅ましい,あさましい,비열하다,或る女,有島武郎,https://www.aozora.gr.jp/cards/000025/files/201_ruby_2682.zip,女よりも浅ましい熱情を鼻にかけて、今でも自分の運命に差し出がましく立ち入ろうとしている。,,public_domain:青空文庫:或る女:有島武郎
浮かぶ,うかぶ,떠오르다,或る女,有島武郎,https://www.aozora.gr.jp/cards/000025/files/201_ruby_2682.zip,どうかしてこの大事な瀬戸を漕ぎぬけなければ浮かぶ瀬はない。,,public_domain:青空文庫:或る女:有島武郎
海路,かいろ,해로,或る女,有島武郎,https://www.aozora.gr.jp/cards/000025/files/201_ruby_2682.zip,幾日の荒々しい海路からここに来て見ると、さすがにそこには人間の隠れ場らしい静かさがあった。,,public_domain:青空文庫:或る女:有島武郎
混乱,こんらん,혼란,或る女,有島武郎,https://www.aozora.gr.jp/cards/000025/files/201_ruby_2682.zip,事もなげに落ち付いた様子に見える博士の心の中に、軽い混乱が起こっているのを、葉子はすぐ見て取った。,,public_domain:青空文庫:或る女:有島武郎
済ます,すます,끝내다,或る女,有島武郎,https://www.aozora.gr.jp/cards/000025/files/201_ruby_2682.zip,夕食を済ますと葉子はいつでも不満と失望とでいらいらしながら夜を迎えねばならなかった。,,public_domain:青空文庫:或る女:有島武郎
渋い,しぶい,떫다,或る女,有島武郎,https://www.aozora.gr.jp/cards/000025/files/201_ruby_2682.zip,その青年の単純な明らさまな心に、自分の笑顔の奥の苦い渋い色が見抜かれはしないかと、葉子は思わずたじろいだほどだった。,,public_domain:青空文庫:或る女:有島武郎
源,みなもと,근원,或る女,有島武郎,https://www.aozora.gr.jp/cards/000025/files/201_ruby_2682.zip,砒石の用法を謬った患者が、その毒の恐ろしさを知りぬきながら、その力を借りなければ生きて行けないように、葉子は生の喜びの源を、まかり違えば、生そのものを虫ばむべき男というものに、求めずにはいられないディレンマに陥ってしまったのだ。,,public_domain:青空文庫:或る女:有島武郎
漁村,ぎょそん,어촌,或る女,有島武郎,https://www.aozora.gr.jp/cards/000025/files/201_ruby_2682.zip,くずした崕の土で埋め立てをして造った、桟橋まで小さな漁村で、四角な箱に窓を明けたような、生々しい一色のペンキで塗り立てた二三階建ての家並みが、けわしい斜面に沿うて、高く低く立ち連なって、岡の上には水上げの風車が、青空に白い羽根をゆるゆる動かしながら、かったんこっとんとのんきらしく音を立てて回っていた。,,public_domain:青空文庫:或る女:有島武郎
無性に,むしょうに,몹시,或る女,有島武郎,https://www.aozora.gr.jp/cards/000025/files/201_ruby_2682.zip,葉子はうるさそうに頭の中にある手のようなもので無性に払いのけようと試みたがむだだった。,,public_domain:青空文庫:或る女:有島武郎
無意味,むいみ,무의미,或る女,有島武郎,https://www.aozora.gr.jp/cards/000025/files/201_ruby_2682.zip,それを見ると、人はよく無意味な涙を流すものだと葉子は思った。,,public_domain:青空文庫:或る女:有島武郎
無条件,むじょうけん,무조건,或る女,有島武郎,https://www.aozora.gr.jp/cards/000025/files/201_ruby_2682.zip,それを払いかねて木部が命限りにもがくのを見ると、葉子の心に純粋な同情と、男に対する無条件的な捨て身な態度が生まれ始めた。,,public_domain:青空文庫:或る女:有島武郎
無知な,むちな,무지한,或る女,有島武郎,https://www.aozora.gr.jp/cards/000025/files/201_ruby_2682.zip,葉子は陥穽にかかった無知な獣を憫み笑うような微笑を口びるに浮かべながら、「そんな事がされますものかこの小さな船の中で。,,public_domain:青空文庫:或る女:有島武郎
無邪気,むじゃき,천진난만,或る女,有島武郎,https://www.aozora.gr.jp/cards/000025/files/201_ruby_2682.zip,始めのうちは葉子もそれを木部の詩人らしい無邪気さからだと思ってみた。,,public_domain:青空文庫:或る女:有島武郎
無関心,むかんしん,무관심,或る女,有島武郎,https://www.aozora.gr.jp/cards/000025/files/201_ruby_2682.zip,ことに葉子の心を深く傷つけたのは、事務長の物懶げな無関心な態度だった。,,public_domain:青空文庫:或る女:有島武郎
照らす,てらす,비추다,或る女,有島武郎,https://www.aozora.gr.jp/cards/000025/files/201_ruby_2682.zip,古綿に似た薄雲をもれる朝日の光が力弱くそれを照らすたびごとに、煮え切らない影と光の変化がかすかに山と海とをなでて通るばかりだ。,,public_domain:青空文庫:或る女:有島武郎
熱意,ねつい,열의,或る女,有島武郎,https://www.aozora.gr.jp/cards/000025/files/201_ruby_2682.zip,木部の熱意が見る見る抑えがたく募り出したのはもちろんの事である。,,public_domain:青空文庫:或る女:有島武郎
牧師,ぼくし,목사,或る女,有島武郎,https://www.aozora.gr.jp/cards/000025/files/201_ruby_2682.zip,葉子の母が暴力では及ばないのを悟って、すかしつなだめつ、良人までを道具につかったり、木部の尊信する牧師を方便にしたりして、あらん限りの知力をしぼった懐柔策も、なんのかいもなく、冷静な思慮深い作戦計画を根気よく続ければ続けるほど、葉子は木部を後ろにかばいながら、健気にもか弱い女の手一つで戦った。,,public_domain:青空文庫:或る女:有島武郎
物事,ものごと,사물,或る女,有島武郎,https://www.aozora.gr.jp/cards/000025/files/201_ruby_2682.zip,二人が一緒になってから二か月目に、葉子は突然失踪して、父の親友で、いわゆる物事のよくわかる高山という医者の病室に閉じこもらしてもらって、三日ばかりは食う物も食わずに、浅ましくも男のために目のくらんだ自分の不覚を泣き悔やんだ。,,public_domain:青空文庫:或る女:有島武郎
物好きな,ものずきな,호기심 많은,或る女,有島武郎,https://www.aozora.gr.jp/cards/000025/files/201_ruby_2682.zip,食堂に現われる時の葉子の服装だけでも、退屈に倦じ果てた人々には、物好きな期待を与えた。,,public_domain:青空文庫:或る女:有島武郎
特有,とくゆう,특유,或る女,有島武郎,https://www.aozora.gr.jp/cards/000025/files/201_ruby_2682.zip,さらぬだにどこかじめじめするような船室には、きょうの雨のために蒸すような空気がこもっていて、汽船特有な西洋臭いにおいがことに強く鼻についた。,,public_domain:青空文庫:或る女:有島武郎
特権,とっけん,특권,或る女,有島武郎,https://www.aozora.gr.jp/cards/000025/files/201_ruby_2682.zip,擲身報国は官吏たるものの一特権だが、木村さんのようなまじめな信者にしこたま金を造ってもらわんじゃ、神の道を日本に伝え広げるにしてからが容易な事じゃありませんよ。,,public_domain:青空文庫:或る女:有島武郎
犠牲,ぎせい,희생,或る女,有島武郎,https://www.aozora.gr.jp/cards/000025/files/201_ruby_2682.zip,「いよいよお別れになったが、いつぞやお話しした田川の奥さんにおひきあわせしようからちょっと」葉子は五十川女史の親切ぶりの犠牲になるのを承知しつつ、一種の好奇心にひかされて、そのあとについて行こうとした。,,public_domain:青空文庫:或る女:有島武郎
猛烈な,もうれつな,맹렬한,或る女,有島武郎,https://www.aozora.gr.jp/cards/000025/files/201_ruby_2682.zip,猛烈な胃痙攣を起こした患者が、モルヒネの注射を受けて、間歇的に起こる痛みのために無意識に顔をしかめながら、麻薬の恐ろしい力の下に、ただ昏々と奇怪な仮睡に陥り込むように、葉子の心は無理無体な努力で時々驚いたように乱れさわぎながら、たちまち物すごい沈滞の淵深く落ちて行くのだった。,,public_domain:青空文庫:或る女:有島武郎
理屈,りくつ,이치,或る女,有島武郎,https://www.aozora.gr.jp/cards/000025/files/201_ruby_2682.zip,僕は心の底に起こるこんな働きをもしいて押しつぶして理屈一方に固まろうとは思いません。,,public_domain:青空文庫:或る女:有島武郎
生温い,なまぬるい,미지근하다,或る女,有島武郎,https://www.aozora.gr.jp/cards/000025/files/201_ruby_2682.zip,なんだってこう生温いんでしょう。,,public_domain:青空文庫:或る女:有島武郎
生理,せいり,생리,或る女,有島武郎,https://www.aozora.gr.jp/cards/000025/files/201_ruby_2682.zip,口から喉はあえぎたいほどにひからびて、岡の肩に乗せた手は、生理的な作用から冷たく堅くなっていた。,,public_domain:青空文庫:或る女:有島武郎
生臭い,なまぐさい,비린내 나다,或る女,有島武郎,https://www.aozora.gr.jp/cards/000025/files/201_ruby_2682.zip,その騒ぎの間に、一種生臭いような暖かい蒸気が甲板の人を取り巻いて、フォクスルのほうで、今までやかましく荷物をまき上げていた扛重機の音が突然やむと、かーんとするほど人々の耳はかえって遠くなった。,,public_domain:青空文庫:或る女:有島武郎
用法,ようほう,용법,或る女,有島武郎,https://www.aozora.gr.jp/cards/000025/files/201_ruby_2682.zip,砒石の用法を謬った患者が、その毒の恐ろしさを知りぬきながら、その力を借りなければ生きて行けないように、葉子は生の喜びの源を、まかり違えば、生そのものを虫ばむべき男というものに、求めずにはいられないディレンマに陥ってしまったのだ。,,public_domain:青空文庫:或る女:有島武郎
田舎,いなか,시골,或る女,有島武郎,https://www.aozora.gr.jp/cards/000025/files/201_ruby_2682.zip,大八車が続けさまに田舎に向いて帰って行く小石川の夕暮れの中を、葉子は傘を杖にしながら思いにふけって歩いて行った。,,public_domain:青空文庫:或る女:有島武郎
由緒,ゆいしょ,유서,或る女,有島武郎,https://www.aozora.gr.jp/cards/000025/files/201_ruby_2682.zip,そして葉子が久しぶりで汽車の中で出あった今は、妻子を里に返してしまって、ある由緒ある堂上華族の寄食者となって、これといってする仕事もなく、胸の中だけにはいろいろな空想を浮かべたり消したりして、とかく回想にふけりやすい日送りをしている時だった。,,public_domain:青空文庫:或る女:有島武郎
疎い,うとい,어두운,或る女,有島武郎,https://www.aozora.gr.jp/cards/000025/files/201_ruby_2682.zip,その代わり目と脳との間と覚しいあたりを、親しい人や疎い人が、何かわけもなくせわしそうに現われ出て、銘々いちばん深い印象を与えるような動作をしては消えて行った。,,public_domain:青空文庫:或る女:有島武郎
疑惑,ぎわく,의혹,或る女,有島武郎,https://www.aozora.gr.jp/cards/000025/files/201_ruby_2682.zip,少し眉根を寄せながら、手紙に読みふける木村の表情には、時々苦痛や疑惑やの色が往ったり来たりした。,,public_domain:青空文庫:或る女:有島武郎
発言,はつげん,발언,或る女,有島武郎,https://www.aozora.gr.jp/cards/000025/files/201_ruby_2682.zip,見えるようですわね」と水を向けると、木村は始めて話の領分が自分のほうに移って来たように、顔色をなおしながら、事務長をそっちのけにした態度で、葉子に対しては自分が第一の発言権を持っているといわんばかりに、いろいろと話し出した。,,public_domain:青空文庫:或る女:有島武郎
監視,かんし,감시,或る女,有島武郎,https://www.aozora.gr.jp/cards/000025/files/201_ruby_2682.zip,木部はだんだん監視の目をもって葉子の一挙一動を注意するようになって来た。,,public_domain:青空文庫:或る女:有島武郎
目先,めさき,눈앞,或る女,有島武郎,https://www.aozora.gr.jp/cards/000025/files/201_ruby_2682.zip,母が当惑して立った姿がはっきり目先に現われた。,,public_domain:青空文庫:或る女:有島武郎
矛盾,むじゅん,모순,或る女,有島武郎,https://www.aozora.gr.jp/cards/000025/files/201_ruby_2682.zip,どうしてもはっきりと事務長の心を握るまでは……葉子は自分の心の矛盾に業を煮やしながら、自分をさげすみ果てたような絶望的な怒りの色を口びるのあたりに宿して、黙ったまま陰鬱に立っていた。,,public_domain:青空文庫:或る女:有島武郎
破裂,はれつ,파열,或る女,有島武郎,https://www.aozora.gr.jp/cards/000025/files/201_ruby_2682.zip,破裂するような事務長の笑い声がまた聞こえて来た。,,public_domain:青空文庫:或る女:有島武郎
社交,しゃこう,사교,或る女,有島武郎,https://www.aozora.gr.jp/cards/000025/files/201_ruby_2682.zip,その結果として葉子はたちまち船中の社交から葬られてしまった。,,public_domain:青空文庫:或る女:有島武郎
祈る,いのる,기도하다,或る女,有島武郎,https://www.aozora.gr.jp/cards/000025/files/201_ruby_2682.zip,どうか兄らの生活が最後の栄冠に至らん事を神に祈る」こんな文句が断片的に葉子の心にしみて行った。,,public_domain:青空文庫:或る女:有島武郎
種々,しゅじゅ,여러 가지,或る女,有島武郎,https://www.aozora.gr.jp/cards/000025/files/201_ruby_2682.zip,なんの因縁で……」葉子は自分をこう卑しみながらも、男の目を迎え慣れた媚びの色を知らず知らず上まぶたに集めて、それに応じようとする途端、日に向かって目を閉じた時に綾をなして乱れ飛ぶあの不思議な種々な色の光体、それに似たものが繚乱として心を取り囲んだ。,,public_domain:青空文庫:或る女:有島武郎
穏やかな,おだやかな,온화한,或る女,有島武郎,https://www.aozora.gr.jp/cards/000025/files/201_ruby_2682.zip,海岸線に沿うてはるか遠くまで連続して見渡されるロッキーの山々はもうたっぷりと雪がかかって、穏やかな夕空に現われ慣れた雲の峰も、古綿のように形のくずれた色の寒い霰雲に変わって、人をおびやかす白いものが、今にも地を払って降りおろして来るかと思われた。,,public_domain:青空文庫:或る女:有島武郎
突く,つく,찌르다,或る女,有島武郎,https://www.aozora.gr.jp/cards/000025/files/201_ruby_2682.zip,男の誇りも何も忘れ果て、捨て果てて、葉子の前に誓いを立てている木村を、うまうま偽っているのだと思うと、葉子はさすがに針で突くような痛みを鋭く深く良心の一隅に感ぜずにはいられなかった。,,public_domain:青空文庫:或る女:有島武郎
立ち去る,たちさる,떠나다,或る女,有島武郎,https://www.aozora.gr.jp/cards/000025/files/201_ruby_2682.zip,しばらくの間葉子はこの奇怪な心の動揺のために店を立ち去る事もしないでたたずんでいたが、ふとどうにでもなれという捨てばちな気になって元気を取り直しながら、いくらかの礼をしてそこを出た。,,public_domain:青空文庫:或る女:有島武郎
立場,たちば,입장,或る女,有島武郎,https://www.aozora.gr.jp/cards/000025/files/201_ruby_2682.zip,二十五というそのころまで、熱心な信者で、清教徒風の誇りを唯一の立場としていた木部がこの初恋においてどれほど真剣になっていたかは想像する事ができる。,,public_domain:青空文庫:或る女:有島武郎
端,はし,끝,或る女,有島武郎,https://www.aozora.gr.jp/cards/000025/files/201_ruby_2682.zip,結婚前までは葉子のほうから迫ってみたにも係わらず、崇高と見えるまでに極端な潔癖屋だった彼であったのに、思いもかけぬ貪婪な陋劣な情欲の持ち主で、しかもその欲求を貧弱な体質で表わそうとするのに出っくわすと、葉子は今まで自分でも気がつかずにいた自分を鏡で見せつけられたような不快を感ぜずにはいられなかった。,,public_domain:青空文庫:或る女:有島武郎
粋な,いきな,세련된,或る女,有島武郎,https://www.aozora.gr.jp/cards/000025/files/201_ruby_2682.zip,それを払いかねて木部が命限りにもがくのを見ると、葉子の心に純粋な同情と、男に対する無条件的な捨て身な態度が生まれ始めた。,,public_domain:青空文庫:或る女:有島武郎
紫,むらさき,보라색,或る女,有島武郎,https://www.aozora.gr.jp/cards/000025/files/201_ruby_2682.zip,「なんにも考えていやしないが、陰になった崕の色が、あまりきれいだもんで……紫に見えるでしょう。,,public_domain:青空文庫:或る女:有島武郎
紳士,しんし,신사,或る女,有島武郎,https://www.aozora.gr.jp/cards/000025/files/201_ruby_2682.zip,この時突然けたたましい笑い声が、何か熱心に話し合っていた二人の中年の紳士の口から起こった。,,public_domain:青空文庫:或る女:有島武郎
絶えず,たえず,끊임없이,或る女,有島武郎,https://www.aozora.gr.jp/cards/000025/files/201_ruby_2682.zip,葉子の乳母は、どんな大きな船でも船は船だというようにひどく臆病そうな青い顔つきをして、サルンの入り口の戸の陰にたたずみながら、四角にたたんだ手ぬぐいをまっ赤になった目の所に絶えず押しあてては、ぬすみ見るように葉子を見やっていた。,,public_domain:青空文庫:或る女:有島武郎
絶つ,たつ,끊다,或る女,有島武郎,https://www.aozora.gr.jp/cards/000025/files/201_ruby_2682.zip,寒気のために感覚の痲痺しかかった膝の関節はしいて曲げようとすると、筋を絶つほどの痛みを覚えた。,,public_domain:青空文庫:或る女:有島武郎
絶大な,ぜつだいな,절대한,或る女,有島武郎,https://www.aozora.gr.jp/cards/000025/files/201_ruby_2682.zip,ことに日清戦役という、その当時の日本にしては絶大な背景を背負っているので、この年少記者はある人々からは英雄の一人とさえして崇拝された。,,public_domain:青空文庫:或る女:有島武郎
絶望,ぜつぼう,절망,或る女,有島武郎,https://www.aozora.gr.jp/cards/000025/files/201_ruby_2682.zip,鍵が合わないので、「糞っ」と後ろ向きになってつぶやく倉地の声が最後の宣告のように絶望的に低く部屋の中に響いた。,,public_domain:青空文庫:或る女:有島武郎
締める,しめる,조이다,或る女,有島武郎,https://www.aozora.gr.jp/cards/000025/files/201_ruby_2682.zip,十五の時に、袴をひもで締める代わりに尾錠で締めるくふうをして、一時女学生界の流行を風靡したのも彼女である。,,public_domain:青空文庫:或る女:有島武郎
繕う,つくろう,수선하다,或る女,有島武郎,https://www.aozora.gr.jp/cards/000025/files/201_ruby_2682.zip,田川博士はこのとっさの気まずい場面を繕うため何か言葉を入れてその不愉快な緊張をゆるめようとするらしかったが、夫人の悪意はせき立って募るばかりだった。,,public_domain:青空文庫:或る女:有島武郎
群集,ぐんしゅう,군집,或る女,有島武郎,https://www.aozora.gr.jp/cards/000025/files/201_ruby_2682.zip,田川夫人は忙しく葉子から目を移して、群集に取っときの笑顔を見せながら、レースで笹縁を取ったハンケチを振らねばならなかった。,,public_domain:青空文庫:或る女:有島武郎
義理,ぎり,의리,或る女,有島武郎,https://www.aozora.gr.jp/cards/000025/files/201_ruby_2682.zip,親しい間の人たちは別れの切なさに心がわくわくしてろくに口もきかず、義理一ぺんの見送り人は、ややともするとまわりに気が取られて見送るべき人を見失う。,,public_domain:青空文庫:或る女:有島武郎
翻す,ひるがえす,뒤집다,或る女,有島武郎,https://www.aozora.gr.jp/cards/000025/files/201_ruby_2682.zip,帰ろうと思っている葉子の下心をおぼろげながら見て取って、それを翻す事はできないとあきらめていた。,,public_domain:青空文庫:或る女:有島武郎
聖書,せいしょ,성서,或る女,有島武郎,https://www.aozora.gr.jp/cards/000025/files/201_ruby_2682.zip,ある時聖書の講義の講座でそっと机の下で仕事を続けていると、運悪くも教師に見つけられた。,,public_domain:青空文庫:或る女:有島武郎
肉体,にくたい,육체,或る女,有島武郎,https://www.aozora.gr.jp/cards/000025/files/201_ruby_2682.zip,心よりも肉体のほうがよけいに定子のいる所にひき付けられるようにさえ思えた。,,public_domain:青空文庫:或る女:有島武郎
脅かす,おびやかす,위협하다,或る女,有島武郎,https://www.aozora.gr.jp/cards/000025/files/201_ruby_2682.zip,どんな秘密が潜んでいるかだれも知る人のないその内部は、船中では機関室よりも危険な一区域と見なされていただけに、その入り口さえが一種人を脅かすような薄気味わるさを持っていた。,,public_domain:青空文庫:或る女:有島武郎
腐敗,ふはい,부패,或る女,有島武郎,https://www.aozora.gr.jp/cards/000025/files/201_ruby_2682.zip,薄暗い腐敗した空気は蒸れ上がるように人を襲って、陰の中にうようよとうごめく群れの中からは太く錆びた声が投げかわされた。,,public_domain:青空文庫:或る女:有島武郎
臆病な,おくびょうな,겁이 많다,或る女,有島武郎,https://www.aozora.gr.jp/cards/000025/files/201_ruby_2682.zip,あの自信のない臆病な男に自分はさっき媚びを見せようとしたのだ。,,public_domain:青空文庫:或る女:有島武郎
自尊心,じそんしん,자존심,或る女,有島武郎,https://www.aozora.gr.jp/cards/000025/files/201_ruby_2682.zip,自分もあんな事を想い、あんな事をいうのかと思うと、葉子の自尊心は思う存分に傷つけられた。,,public_domain:青空文庫:或る女:有島武郎
自己,じこ,자기 자신,或る女,有島武郎,https://www.aozora.gr.jp/cards/000025/files/201_ruby_2682.zip,事務長が自己の勢力範囲から離れてしまった事も不快の一つだった。,,public_domain:青空文庫:或る女:有島武郎
良い・よし,よい・よし,좋다,或る女,有島武郎,https://www.aozora.gr.jp/cards/000025/files/201_ruby_2682.zip,自分の事すら次の瞬間には取りとめもないものを、他人の事――それはよし自分の血を分けた大切な独子であろうとも――などを考えるだけがばかな事だと思った。,,public_domain:青空文庫:或る女:有島武郎
良心,りょうしん,양심,或る女,有島武郎,https://www.aozora.gr.jp/cards/000025/files/201_ruby_2682.zip,あの自由らしく見える女の生活、男と立ち並んで自分を立てて行く事のできる女の生活……古い良心が自分の心をさいなむたびに、葉子は外国人の良心というものを見たく思った。,,public_domain:青空文庫:或る女:有島武郎
色彩,しきさい,색채,或る女,有島武郎,https://www.aozora.gr.jp/cards/000025/files/201_ruby_2682.zip,青白い皮膚に嵌め込まれたその紅さを、色彩に敏感な葉子は見のがす事ができなかった。,,public_domain:青空文庫:或る女:有島武郎
芝居,しばい,연극,或る女,有島武郎,https://www.aozora.gr.jp/cards/000025/files/201_ruby_2682.zip,役者下手なために、せっかくの芝居が芝居にならずにしまった事を物足らなく思った。,,public_domain:青空文庫:或る女:有島武郎
芽,め,싹,或る女,有島武郎,https://www.aozora.gr.jp/cards/000025/files/201_ruby_2682.zip,女の本能が生まれて始めて芽をふき始めた。,,public_domain:青空文庫:或る女:有島武郎
英雄,えいゆう,영웅,或る女,有島武郎,https://www.aozora.gr.jp/cards/000025/files/201_ruby_2682.zip,ことに日清戦役という、その当時の日本にしては絶大な背景を背負っているので、この年少記者はある人々からは英雄の一人とさえして崇拝された。,,public_domain:青空文庫:或る女:有島武郎
華奢な,きゃしゃな,가냘픈,或る女,有島武郎,https://www.aozora.gr.jp/cards/000025/files/201_ruby_2682.zip,十九でいながら十七にも十六にも見れば見られるような華奢な可憐な姿をした葉子が、慎みの中にも才走った面影を見せて、二人の妹と共に給仕に立った。,,public_domain:青空文庫:或る女:有島武郎
葛藤,かっとう,갈등,或る女,有島武郎,https://www.aozora.gr.jp/cards/000025/files/201_ruby_2682.zip,死にかけた蛇ののたうち回るのを見やる蛇使いのように、葉子は冷ややかにあざ笑いながら、夫人の心の葛藤を見やっていた。,,public_domain:青空文庫:或る女:有島武郎
融通,ゆうずう,융통,或る女,有島武郎,https://www.aozora.gr.jp/cards/000025/files/201_ruby_2682.zip,モンローの宣言は立派に文字になって残っているけれども、法律というわけではなし、文章も融通がきくようにできているので、取りようによっては、どうにでも伸縮する事ができるのです。,,public_domain:青空文庫:或る女:有島武郎
衆議院,しゅうぎいん,중의원,或る女,有島武郎,https://www.aozora.gr.jp/cards/000025/files/201_ruby_2682.zip,衆議院議員の候補に立ってもみたり、純文学に指を染めてもみたり、旅僧のような放浪生活も送ったり、妻を持ち子を成し、酒にふけり、雑誌の発行も企てた。,,public_domain:青空文庫:或る女:有島武郎
衣類,いるい,의류,或る女,有島武郎,https://www.aozora.gr.jp/cards/000025/files/201_ruby_2682.zip,葉子はその朝暗いうちに床を離れて、蔵の陰になつた自分の小部屋にはいって、前々から片づけかけていた衣類の始末をし始めた。,,public_domain:青空文庫:或る女:有島武郎
裸,はだか,알몸,或る女,有島武郎,https://www.aozora.gr.jp/cards/000025/files/201_ruby_2682.zip,妹だって裸でお嫁入りもできまいといわれれば、わたし立派に木村の妻になって御覧にいれます。,,public_domain:青空文庫:或る女:有島武郎
要領,ようりょう,요령,或る女,有島武郎,https://www.aozora.gr.jp/cards/000025/files/201_ruby_2682.zip,斎藤と呼ばれた、ワシントン公使館赴任の外交官補は、まっ赤になって、今まで葉子に向けていた目を大急ぎで博士のほうにそらして見たが、質問の要領をはっきり捕えそこねて、さらに赤くなって術ない身ぶりをした。,,public_domain:青空文庫:或る女:有島武郎
見合わせる,みあわせる,보류하다,或る女,有島武郎,https://www.aozora.gr.jp/cards/000025/files/201_ruby_2682.zip,葉子はそのくせ、船客と顔を見合わせるのが不快でならなかったので、事務長に頼んで船橋に上げてもらった。,,public_domain:青空文庫:或る女:有島武郎
見失う,みうしなう,놓치다,或る女,有島武郎,https://www.aozora.gr.jp/cards/000025/files/201_ruby_2682.zip,親しい間の人たちは別れの切なさに心がわくわくしてろくに口もきかず、義理一ぺんの見送り人は、ややともするとまわりに気が取られて見送るべき人を見失う。,,public_domain:青空文庫:或る女:有島武郎
見渡す,みわたす,멀리 바라보다,或る女,有島武郎,https://www.aozora.gr.jp/cards/000025/files/201_ruby_2682.zip,おっかぶさって来るかと見上くれば、目のまわるほど遠のいて見え、遠いと思って見れば、今にも頭を包みそうに近く逼ってる鋼色の沈黙した大空が、際限もない羽をたれたように、同じ暗色の海原に続く所から波がわいて、闇の中をのたうちまろびながら、見渡す限りわめき騒いでいる。,,public_domain:青空文庫:或る女:有島武郎
見送る,みおくる,배웅하다,或る女,有島武郎,https://www.aozora.gr.jp/cards/000025/files/201_ruby_2682.zip,列車の中からはある限りの顔が二人を見迎え見送るので、青年が物慣れない処女のようにはにかんで、しかも自分ながら自分を怒っているのが葉子にはおもしろくながめやられた。,,public_domain:青空文庫:或る女:有島武郎
見違える,みちがえる,몰라보다,或る女,有島武郎,https://www.aozora.gr.jp/cards/000025/files/201_ruby_2682.zip,青灰色によごれていた雲そのものすらが見違えるように白く軽くなって美しい笹縁をつけていた。,,public_domain:青空文庫:或る女:有島武郎
解剖,かいぼう,해부,或る女,有島武郎,https://www.aozora.gr.jp/cards/000025/files/201_ruby_2682.zip,そして解剖刀のような日ごろの批判力は鉛のように鈍ってしまった。,,public_domain:青空文庫:或る女:有島武郎
訪れる,おとずれる,방문하다,或る女,有島武郎,https://www.aozora.gr.jp/cards/000025/files/201_ruby_2682.zip,この木部がたびたび葉子の家を訪れるようになった。,,public_domain:青空文庫:或る女:有島武郎
試み,こころみ,시도,或る女,有島武郎,https://www.aozora.gr.jp/cards/000025/files/201_ruby_2682.zip,藍の地に簡単に白で模様を抜くだけならさしたる事でもないが、葉子は他人のまだしなかった試みを加えようとして、模様の周囲に藍と白とを組み合わせにした小さな笹縁のようなものを浮き上げて編み込んだり、ひどく伸び縮みがして模様が歪形にならないように、目立たないようにカタン糸を編み込んで見たりした。,,public_domain:青空文庫:或る女:有島武郎
試みる,こころみる,시도하다,或る女,有島武郎,https://www.aozora.gr.jp/cards/000025/files/201_ruby_2682.zip,始めて遠い航海を試みる葉子にしては、それが不思議なくらいたやすい旅だった。,,public_domain:青空文庫:或る女:有島武郎
誇る,ほこる,자랑하다,或る女,有島武郎,https://www.aozora.gr.jp/cards/000025/files/201_ruby_2682.zip,玄関にはいろいろの足駄や靴がならべてあったが、流行を作ろう、少なくとも流行に遅れまいというはなやかな心を誇るらしい履物といっては一つも見当たらなかった。,,public_domain:青空文庫:或る女:有島武郎
認める,みとめる,인정하다,或る女,有島武郎,https://www.aozora.gr.jp/cards/000025/files/201_ruby_2682.zip,そして少しひがんだ者たちは自分の愚を認めるよりも葉子を年不相当にませた女と見るほうが勝手だったから。,,public_domain:青空文庫:或る女:有島武郎
語る,かたる,말하다,或る女,有島武郎,https://www.aozora.gr.jp/cards/000025/files/201_ruby_2682.zip,岡はさすがに育ちだけに事務長と葉子との間のいきさつを想像に任せて、はしたなく木村に語る事はしなかったらしい。,,public_domain:青空文庫:或る女:有島武郎
調和,ちょうわ,조화,或る女,有島武郎,https://www.aozora.gr.jp/cards/000025/files/201_ruby_2682.zip,それと入れ代わりに、帽子、上着、ズボン、ネクタイ、靴などの調和の少しも取れていないくせに、むやみに気取った洋装をした非番の下級船員たちが、ぬれた傘を光らしながら駆けこんで来た。,,public_domain:青空文庫:或る女:有島武郎
諸君,しょくん,제군,或る女,有島武郎,https://www.aozora.gr.jp/cards/000025/files/201_ruby_2682.zip,『諸君』とかなんとかいって大手を振り立ててしゃべっているのを、肝心の禁酒会員たちはあっけに取られて、黙ったまま引きさがって見ているんですから、見物人がわいわいとおもしろがってたかっているのも全くもっともですわ。,,public_domain:青空文庫:或る女:有島武郎
貧弱な,ひんじゃくな,빈약한,或る女,有島武郎,https://www.aozora.gr.jp/cards/000025/files/201_ruby_2682.zip,結婚前までは葉子のほうから迫ってみたにも係わらず、崇高と見えるまでに極端な潔癖屋だった彼であったのに、思いもかけぬ貪婪な陋劣な情欲の持ち主で、しかもその欲求を貧弱な体質で表わそうとするのに出っくわすと、葉子は今まで自分でも気がつかずにいた自分を鏡で見せつけられたような不快を感ぜずにはいられなかった。,,public_domain:青空文庫:或る女:有島武郎
貨幣,かへい,화폐,或る女,有島武郎,https://www.aozora.gr.jp/cards/000025/files/201_ruby_2682.zip,だれにも貧乏らしいけしきは露ほども見せないでいながら、葉子は始終貨幣一枚一枚の重さを計って支払いするような注意をしていた。,,public_domain:青空文庫:或る女:有島武郎
資格,しかく,자격,或る女,有島武郎,https://www.aozora.gr.jp/cards/000025/files/201_ruby_2682.zip,絵島丸が横浜の桟橋につながれている間から、人々の注意の中心となっていた田川夫人を、海気にあって息気をふき返した人魚のような葉子のかたわらにおいて見ると、身分、閲歴、学殖、年齢などといういかめしい資格が、かえって夫人を固い古ぼけた輪郭にはめこんで見せる結果になって、ただ神体のない空虚な宮殿のような空いかめしい興なさを感じさせるばかりだった。,,public_domain:青空文庫:或る女:有島武郎
質素な,しっそな,검소한,或る女,有島武郎,https://www.aozora.gr.jp/cards/000025/files/201_ruby_2682.zip,そしていろいろな風聞が、清教徒風に質素な早月の佗住居の周囲を霞のように取り巻き始めた。,,public_domain:青空文庫:或る女:有島武郎
赴任,ふにん,부임,或る女,有島武郎,https://www.aozora.gr.jp/cards/000025/files/201_ruby_2682.zip,斎藤と呼ばれた、ワシントン公使館赴任の外交官補は、まっ赤になって、今まで葉子に向けていた目を大急ぎで博士のほうにそらして見たが、質問の要領をはっきり捕えそこねて、さらに赤くなって術ない身ぶりをした。,,public_domain:青空文庫:或る女:有島武郎
軽蔑,けいべつ,경멸,或る女,有島武郎,https://www.aozora.gr.jp/cards/000025/files/201_ruby_2682.zip,……なら余の部屋もついでに見せておもらいしましょうかしらん」女中はもう葉子には軽蔑の色は見せなかった。,,public_domain:青空文庫:或る女:有島武郎
輝く,かがやく,빛나다,或る女,有島武郎,https://www.aozora.gr.jp/cards/000025/files/201_ruby_2682.zip,そうやって気を静めようと目をつぶっているうちに、まつ毛を通し袖を通して木部の顔とことにその輝く小さな両眼とがまざまざと想像に浮かび上がって来た。,,public_domain:青空文庫:或る女:有島武郎
農地,のうち,농지,或る女,有島武郎,https://www.aozora.gr.jp/cards/000025/files/201_ruby_2682.zip,そして水夫のような仕事にはとても役に立たないから、幸いオークランドに小農地を持ってとにかく暮らしを立てている甥を尋ねて厄介になる事になったので、礼かたがた暇乞いに来たというのだった。,,public_domain:青空文庫:或る女:有島武郎
返答,へんとう,답변,或る女,有島武郎,https://www.aozora.gr.jp/cards/000025/files/201_ruby_2682.zip,「僕は飲みません」「おやなぜ」「飲みたくないから飲まないんです」この角ばった返答は男を手もなくあやし慣れている葉子にも意外だった。,,public_domain:青空文庫:或る女:有島武郎
迫る,せまる,다가오다,或る女,有島武郎,https://www.aozora.gr.jp/cards/000025/files/201_ruby_2682.zip,しかし葉子も勢いに乗って追い迫るような事はしなかった。,,public_domain:青空文庫:或る女:有島武郎
退学,たいがく,퇴학,或る女,有島武郎,https://www.aozora.gr.jp/cards/000025/files/201_ruby_2682.zip,それを聞くと「そうでございますか」と無造作にいいながら、ヴァイオリンを窓の外にほうりなげて、そのまま学校を退学してしまったのも彼女である。,,public_domain:青空文庫:或る女:有島武郎
連中,れんちゅう,패거리,或る女,有島武郎,https://www.aozora.gr.jp/cards/000025/files/201_ruby_2682.zip,そこからだんだん細く糸のようにつながれて若い留学生とか学者とかいう連中が陣を取り、それからまただんだん太くつながれて、葉子と少年少女らの群れがいた。,,public_domain:青空文庫:或る女:有島武郎
進行,しんこう,진행,或る女,有島武郎,https://www.aozora.gr.jp/cards/000025/files/201_ruby_2682.zip,汽車は徐々に進行をゆるめていた。,,public_domain:青空文庫:或る女:有島武郎
運命,うんめい,운명,或る女,有島武郎,https://www.aozora.gr.jp/cards/000025/files/201_ruby_2682.zip,そして運命は不思議ないたずらをするものだ。,,public_domain:青空文庫:或る女:有島武郎
遠ざかる,とおざかる,멀어지다,或る女,有島武郎,https://www.aozora.gr.jp/cards/000025/files/201_ruby_2682.zip,船に乗った当座は、しばらくの間は忘れるようにこの不快な痛みから遠ざかる事ができて、幾年ぶりかで申し所のない健康のよろこびを味わったのだったが、近ごろはまただんだん痛みが激しくなるようになって来ていた。,,public_domain:青空文庫:或る女:有島武郎
遮断,しゃだん,차단,或る女,有島武郎,https://www.aozora.gr.jp/cards/000025/files/201_ruby_2682.zip,地上の生活からすっかり遮断された船の中には、ごく小さな事でも目新しい事件の起こる事のみが待ち設けられていた。,,public_domain:青空文庫:或る女:有島武郎
郷土,きょうど,향토,或る女,有島武郎,https://www.aozora.gr.jp/cards/000025/files/201_ruby_2682.zip,ことに東京生まれといってもいいくらい都慣れた言葉や身のこなしの間に、ふと東北の郷土の香いをかぎ出した時にはかんで捨てたいような反感に襲われた。,,public_domain:青空文庫:或る女:有島武郎
配置,はいち,배치,或る女,有島武郎,https://www.aozora.gr.jp/cards/000025/files/201_ruby_2682.zip,松が自然に美しく配置されて生え茂った岩がかった岸がすぐ目の先に見えて、海はいかにも入り江らしく可憐なさざ波をつらね、その上を絵島丸は機関の動悸を打ちながら徐かに走っていた。,,public_domain:青空文庫:或る女:有島武郎
鈍感な,どんかんな,둔감한,或る女,有島武郎,https://www.aozora.gr.jp/cards/000025/files/201_ruby_2682.zip,筆一本握る事もせずに朝から晩まで葉子に膠着し、感傷的なくせに恐ろしくわがままで、今日今日の生活にさえ事欠きながら、万事を葉子の肩になげかけてそれが当然な事でもあるような鈍感なお坊ちゃんじみた生活のしかたが葉子の鋭い神経をいらいらさせ出した。,,public_domain:青空文庫:或る女:有島武郎
錯覚,さっかく,착각,或る女,有島武郎,https://www.aozora.gr.jp/cards/000025/files/201_ruby_2682.zip,それにたたずんでいるのに足が爪先からだんだんに冷えて行って、やがて膝から下は知覚を失い始めたので、気分は妙に上ずって来て、葉子の幼い時からの癖である夢ともうつつとも知れない音楽的な錯覚に陥って行った。,,public_domain:青空文庫:或る女:有島武郎
隣,となり,옆,或る女,有島武郎,https://www.aozora.gr.jp/cards/000025/files/201_ruby_2682.zip,古藤が隣座にいるのさえ、一種の苦痛だった。,,public_domain:青空文庫:或る女:有島武郎
雑貨,ざっか,잡화,或る女,有島武郎,https://www.aozora.gr.jp/cards/000025/files/201_ruby_2682.zip,背水の陣と自分でもいっているように、亡父の財産をありったけ金に代えて、手っ払いに日本の雑貨を買い入れて、こちらから通知書一つ出せば、いつでも日本から送ってよこすばかりにしてあるものの、手もとにはいささかの銭も残ってはいなかった。,,public_domain:青空文庫:或る女:有島武郎
青春,せいしゅん,청춘,或る女,有島武郎,https://www.aozora.gr.jp/cards/000025/files/201_ruby_2682.zip,女にしてもみまほしいかの華車な青春の姿がどうかするといとしい思い出となって、葉子の心のすみに潜むようになった。,,public_domain:青空文庫:或る女:有島武郎
面会,めんかい,면회,或る女,有島武郎,https://www.aozora.gr.jp/cards/000025/files/201_ruby_2682.zip,木部が狂気のようになって、ようやく葉子の隠れ場所を見つけて会いに来た時は、葉子は冷静な態度でしらじらしく面会した。,,public_domain:青空文庫:或る女:有島武郎
面目,めんもく,면목,或る女,有島武郎,https://www.aozora.gr.jp/cards/000025/files/201_ruby_2682.zip,男一匹なりゃどこにころがり込んだからって、――そんな経験もおもしろいくらいのものですが、これんばかりじゃあなたが足りなかろうと思うと、面目もないんです。,,public_domain:青空文庫:或る女:有島武郎
革命,かくめい,혁명,或る女,有島武郎,https://www.aozora.gr.jp/cards/000025/files/201_ruby_2682.zip,葉子の多感な心は、自分でも知らない革命的ともいうべき衝動のためにあてもなく揺ぎ始めた。,,public_domain:青空文庫:或る女:有島武郎
預金,よきん,예금,或る女,有島武郎,https://www.aozora.gr.jp/cards/000025/files/201_ruby_2682.zip,葉子は抜け毛の丸めたのや、巻煙草の袋のちぎれたのが散らばって箒の目一つない自分の家の前を目をつぶって駆けぬけたいほどの思いをして、ついそばの日本銀行にはいってありったけの預金を引き出した。,,public_domain:青空文庫:或る女:有島武郎
顧みる,かえりみる,돌아보다,或る女,有島武郎,https://www.aozora.gr.jp/cards/000025/files/201_ruby_2682.zip,その瞑想的な無邪気な態度が、葉子の内部的経験や苦悶と少しも縁が続いていないで、二人の間には金輸際理解が成り立ち得ないと思うと、彼女は特別に毛色の変わった自分の境界に、そっとうかがい寄ろうとする探偵をこの青年に見いだすように思って、その五分刈りにした地蔵頭までが顧みるにも足りない木のくずかなんぞのように見えた。,,public_domain:青空文庫:或る女:有島武郎
風俗,ふうぞく,풍속,或る女,有島武郎,https://www.aozora.gr.jp/cards/000025/files/201_ruby_2682.zip,和服よりもはるかに洋服に適した葉子は、そこの交際社会でも風俗では米国人を笑わせない事ができる。,,public_domain:青空文庫:或る女:有島武郎
風車,ふうしゃ,풍차,或る女,有島武郎,https://www.aozora.gr.jp/cards/000025/files/201_ruby_2682.zip,くずした崕の土で埋め立てをして造った、桟橋まで小さな漁村で、四角な箱に窓を明けたような、生々しい一色のペンキで塗り立てた二三階建ての家並みが、けわしい斜面に沿うて、高く低く立ち連なって、岡の上には水上げの風車が、青空に白い羽根をゆるゆる動かしながら、かったんこっとんとのんきらしく音を立てて回っていた。,,public_domain:青空文庫:或る女:有島武郎
飽きる,あきる,질리다,或る女,有島武郎,https://www.aozora.gr.jp/cards/000025/files/201_ruby_2682.zip,葉子の心はただ渾沌と暗く固まった物のまわりを飽きる事もなく幾度も幾度も左から右に、右から左に回っていた。,,public_domain:青空文庫:或る女:有島武郎
骨董品,こっとうひん,골동품,或る女,有島武郎,https://www.aozora.gr.jp/cards/000025/files/201_ruby_2682.zip,父の書斎道具や骨董品は蔵書と一緒に糶売りをされたが、売り上げ代はとうとう葉子の手にははいらなかった。,,public_domain:青空文庫:或る女:有島武郎
魂,たましい,영혼,或る女,有島武郎,https://www.aozora.gr.jp/cards/000025/files/201_ruby_2682.zip,二葉子は木部が魂を打ちこんだ初恋の的だった。,,public_domain:青空文庫:或る女:有島武郎
くっきり,くっきり,뚜렷하게,生まれいずる悩み,有島武郎,https://www.aozora.gr.jp/cards/000025/files/1111_ruby_20599.zip,雪におおわれた野は雷電峠のふもとのほうへ爪先上がりに広がって、おりから晴れ気味になった雲間を漏れる日の光が、地面の陰ひなたを銀と藍とでくっきりといろどっている。,,public_domain:青空文庫:生まれいずる悩み:有島武郎
どっと,どっと,한꺼번에,生まれいずる悩み,有島武郎,https://www.aozora.gr.jp/cards/000025/files/1111_ruby_20599.zip,地面からおどり上がった雪が二三度はずみを取っておいて、どっと一気に天に向かって、謀反でもするように、降りかかって行くあの悲壮な光景が、まざまざと部屋の中にすくんでいる私の想像に浮かべられた。,,public_domain:青空文庫:生まれいずる悩み:有島武郎
ぼろぼろ,ぼろぼろ,너덜너덜,生まれいずる悩み,有島武郎,https://www.aozora.gr.jp/cards/000025/files/1111_ruby_20599.zip,春立った時節とは言いながら一日寒空に、切り株の上にさらされていたので、飯粒は一粒一粒ぼろぼろに固くなって、持った手の中からこぼれ落ちる。,,public_domain:青空文庫:生まれいずる悩み:有島武郎
めいめい,めいめい,각자,生まれいずる悩み,有島武郎,https://www.aozora.gr.jp/cards/000025/files/1111_ruby_20599.zip,漁夫たちは力強い鈍さをもって、互いに今まで立ち尽くしていた所を歩み離れてめいめいの持ち場につく。,,public_domain:青空文庫:生まれいずる悩み:有島武郎
やむなく,やむなく,어쩔 수 없이,生まれいずる悩み,有島武郎,https://www.aozora.gr.jp/cards/000025/files/1111_ruby_20599.zip,模範船からすぐ引き上げろという信号がかかったので、今までも気づかいながら仕事を続けていた漁船は、打ち込み打ち込む波濤と戦いながら配縄をたくし上げにかかったけれども、吹き始めた暴風は一秒ごとに募るばかりで、船頭はやむなく配縄を切って捨てさせなければならなくなった。,,public_domain:青空文庫:生まれいずる悩み:有島武郎
一気に,いっきに,단숨에,生まれいずる悩み,有島武郎,https://www.aozora.gr.jp/cards/000025/files/1111_ruby_20599.zip,灰色からねずみ色に、ねずみ色から墨色にぼかされた大きな紙を目の前にかけて、上から下へと一気に視線を落として行く時に感ずるような速さで、昼の光は夜の闇に変わって行こうとしていた。,,public_domain:青空文庫:生まれいずる悩み:有島武郎
不景気,ふけいき,불경기,生まれいずる悩み,有島武郎,https://www.aozora.gr.jp/cards/000025/files/1111_ruby_20599.zip,汗水が凝り固まってできたような銀行の貯金は、その銀行が不景気のあおりを食って破産したために、水の泡になってしまった。,,public_domain:青空文庫:生まれいずる悩み:有島武郎
丘,おか,언덕,生まれいずる悩み,有島武郎,https://www.aozora.gr.jp/cards/000025/files/1111_ruby_20599.zip,ニセコアンの丘陵の裂け目からまっしぐらにこの高原の畑地を目がけて吹きおろして来る風は、割合に粒の大きい軽やかな初冬の雪片をあおり立てあおり立て横ざまに舞い飛ばした。,,public_domain:青空文庫:生まれいずる悩み:有島武郎
丘陵,きゅうりょう,구릉,生まれいずる悩み,有島武郎,https://www.aozora.gr.jp/cards/000025/files/1111_ruby_20599.zip,ニセコアンの丘陵の裂け目からまっしぐらにこの高原の畑地を目がけて吹きおろして来る風は、割合に粒の大きい軽やかな初冬の雪片をあおり立てあおり立て横ざまに舞い飛ばした。,,public_domain:青空文庫:生まれいずる悩み:有島武郎
会心,かいしん,회심,生まれいずる悩み,有島武郎,https://www.aozora.gr.jp/cards/000025/files/1111_ruby_20599.zip,「くだらない出来がこれほどなら、会心の作というのはたいしたものでしょうね」とかなんとか。,,public_domain:青空文庫:生まれいずる悩み:有島武郎
傾斜,けいしゃ,경사,生まれいずる悩み,有島武郎,https://www.aozora.gr.jp/cards/000025/files/1111_ruby_20599.zip,いろいろな光度といろいろな光彩でちりばめられた無数の星々の間に、冬の空の誇りなる参宿が、微妙な傾斜をもって三つならんで、何かの凶徴のようにひときわぎらぎらと光っていた。,,public_domain:青空文庫:生まれいずる悩み:有島武郎
努める,つとめる,힘쓰다,生まれいずる悩み,有島武郎,https://www.aozora.gr.jp/cards/000025/files/1111_ruby_20599.zip,日光と雲との明暗にいろどられた雪の重なりには、熱愛をもって見きわめようと努める人々にのみ説き明かされる貴いなぞが潜めてあった。,,public_domain:青空文庫:生まれいずる悩み:有島武郎
励ます,はげます,격려하다,生まれいずる悩み,有島武郎,https://www.aozora.gr.jp/cards/000025/files/1111_ruby_20599.zip,君は励ます言葉も慰める言葉も知らなかった。,,public_domain:青空文庫:生まれいずる悩み:有島武郎
勇ましい,いさましい,용감한,生まれいずる悩み,有島武郎,https://www.aozora.gr.jp/cards/000025/files/1111_ruby_20599.zip,なんとも言えない勇ましい新しい力――上げ潮のように、腹のどん底からむらむらとわき出して来る新しい力を感じて、君は「さあ来い」と言わんばかりに、艪をひしげるほど押しつかんだ。,,public_domain:青空文庫:生まれいずる悩み:有島武郎
勤勉な,きんべんな,근면한,生まれいずる悩み,有島武郎,https://www.aozora.gr.jp/cards/000025/files/1111_ruby_20599.zip,もし彼に独自の道を切り開いて行く天稟がないのなら、どうか正直な勤勉な凡人として一生を終わってくれ。,,public_domain:青空文庫:生まれいずる悩み:有島武郎
危機,きき,위기,生まれいずる悩み,有島武郎,https://www.aozora.gr.jp/cards/000025/files/1111_ruby_20599.zip,心の中に起こったそんな危機の中で、私は捨て身になって、見も知らぬ新しい世界に乗り出す事を余儀なくされた。,,public_domain:青空文庫:生まれいずる悩み:有島武郎
反響,はんきょう,반향,生まれいずる悩み,有島武郎,https://www.aozora.gr.jp/cards/000025/files/1111_ruby_20599.zip,遠い山のほうからその汽笛の音はかすかに反響になって、二重にも三重にも聞こえて来た。,,public_domain:青空文庫:生まれいずる悩み:有島武郎
同感,どうかん,동감,生まれいずる悩み,有島武郎,https://www.aozora.gr.jp/cards/000025/files/1111_ruby_20599.zip,私の鈍い頭にも同感というものの力がどのくらい働きうるかを私は自分でためしてみたいのだ。,,public_domain:青空文庫:生まれいずる悩み:有島武郎
味わう,あじわう,맛보다,生まれいずる悩み,有島武郎,https://www.aozora.gr.jp/cards/000025/files/1111_ruby_20599.zip,しかしながら狐疑は待ちかまえていたように、君が満足の心を充分味わう暇もなく、足もとから押し寄せて来て君を不安にする。,,public_domain:青空文庫:生まれいずる悩み:有島武郎
圧倒,あっとう,압도,生まれいずる悩み,有島武郎,https://www.aozora.gr.jp/cards/000025/files/1111_ruby_20599.zip,地球の北端――そこでは人の生活が、荒くれた自然の威力に圧倒されて、痩地におとされた雑草の種のように弱々しく頭をもたげてい、人類の活動の中心からは見のがされるほど隔たった地球の北端の一つの地角に、今、一つのすぐれた魂は悩んでいるのだ。,,public_domain:青空文庫:生まれいずる悩み:有島武郎
地獄,じごく,지옥,生まれいずる悩み,有島武郎,https://www.aozora.gr.jp/cards/000025/files/1111_ruby_20599.zip,彼らがそれを意識せず、生きるという事はすべてこうしたものだとあきらめをつけて、疑いもせず、不平も言わず、自分のために、自分の養わなければならない親や妻や子のために、毎日毎日板子一枚の下は地獄のような境界に身を放げ出して、せっせと骨身を惜しまず働く姿はほんとうに悲壮だ。,,public_domain:青空文庫:生まれいずる悩み:有島武郎
天地,てんち,천지,生まれいずる悩み,有島武郎,https://www.aozora.gr.jp/cards/000025/files/1111_ruby_20599.zip,突然、ど、ど、ど‥‥という音が――運動が（そういう場合、音と運動との区別はない）天地に起こった。,,public_domain:青空文庫:生まれいずる悩み:有島武郎
契約,けいやく,계약,生まれいずる悩み,有島武郎,https://www.aozora.gr.jp/cards/000025/files/1111_ruby_20599.zip,建網に損じの有る無し、網をおろす場所の海底の模様、大釜を据えるべき位置、桟橋の改造、薪炭の買い入れ、米塩の運搬、仲買い人との契約、肥料会社との交渉‥‥そのほか鰊漁の始まる前に漁場の持ち主がしておかなければならない事は有り余るほどあるのだ。,,public_domain:青空文庫:生まれいずる悩み:有島武郎
奪う,うばう,빼앗다,生まれいずる悩み,有島武郎,https://www.aozora.gr.jp/cards/000025/files/1111_ruby_20599.zip,だれだったか何かの雑誌で『愛は奪う』というものを書いて、人間が物を愛するのはその物を強奪るだと言っていたようだが、おら山を見ていると、そんな気は起こしたくも起こらないね。,,public_domain:青空文庫:生まれいずる悩み:有島武郎
定める,さだめる,정하다,生まれいずる悩み,有島武郎,https://www.aozora.gr.jp/cards/000025/files/1111_ruby_20599.zip,「おも舵っ」「右にかわすだってえば」「右だ‥‥右だぞっ」「帆綱をしめろやっ」「友船は見えねえかよう、いたらくっつけやーい」どう吹こうとためらっていたような疾風がやがてしっかり方向を定めると、これまでただあてもなく立ち騒いでいたらしく見える三角波は、だんだんと丘陵のような紆濤に変わって行った。,,public_domain:青空文庫:生まれいずる悩み:有島武郎
尊い・貴い,とうとい,존귀하다,生まれいずる悩み,有島武郎,https://www.aozora.gr.jp/cards/000025/files/1111_ruby_20599.zip,「だれも気もつかず注意も払わない地球のすみっこで、尊い一つの魂が母胎を破り出ようとして苦しんでいる」私はそう思ったのだ。,,public_domain:青空文庫:生まれいずる悩み:有島武郎
導く,みちびく,이끌다,生まれいずる悩み,有島武郎,https://www.aozora.gr.jp/cards/000025/files/1111_ruby_20599.zip,そして彼らが彼らの導くような生活をするのは道理があると合点がゆく。,,public_domain:青空文庫:生まれいずる悩み:有島武郎
居住,きょじゅう,거주,生まれいずる悩み,有島武郎,https://www.aozora.gr.jp/cards/000025/files/1111_ruby_20599.zip,そして雲が空を動くたびごとに、山は居住まいを直したかのように姿を変える。,,public_domain:青空文庫:生まれいずる悩み:有島武郎
山腹,さんぷく,산허리,生まれいずる悩み,有島武郎,https://www.aozora.gr.jp/cards/000025/files/1111_ruby_20599.zip,山脚は海の中に、山頂は雲の中に、山腹は雪の中にもみにもまれながら、決して動かないものが始めて君たちの前に現われたのだ。,,public_domain:青空文庫:生まれいずる悩み:有島武郎
崩壊,ほうかい,붕괴,生まれいずる悩み,有島武郎,https://www.aozora.gr.jp/cards/000025/files/1111_ruby_20599.zip,いつのまにか元どおりな崩壊したようなさびしい表情に満たされて涯もなく君の周囲に広がっていた。,,public_domain:青空文庫:生まれいずる悩み:有島武郎
平常,へいじょう,평상,生まれいずる悩み,有島武郎,https://www.aozora.gr.jp/cards/000025/files/1111_ruby_20599.zip,どうすればこの苦しさこのさびしさから救われるのだろう」平常のこの考えがＫと向かい合っても頭から離れないので、君は思わず「親父にも兄貴にもすまない」と言ってしまったのだ。,,public_domain:青空文庫:生まれいずる悩み:有島武郎
広大な,こうだいな,광대한,生まれいずる悩み,有島武郎,https://www.aozora.gr.jp/cards/000025/files/1111_ruby_20599.zip,なんという広大なおごそかな景色だ。,,public_domain:青空文庫:生まれいずる悩み:有島武郎
微塵,みじん,미진,生まれいずる悩み,有島武郎,https://www.aozora.gr.jp/cards/000025/files/1111_ruby_20599.zip,私の庭下駄に踏まれた落ち葉はかわいた音をたてて微塵に押しひしゃがれた。,,public_domain:青空文庫:生まれいずる悩み:有島武郎
忍耐,にんたい,인내,生まれいずる悩み,有島武郎,https://www.aozora.gr.jp/cards/000025/files/1111_ruby_20599.zip,ましてや彼らがこの目ざましいけなげな生活を、やむを得ぬ、苦しい、しかし当然な正しい生活として、誇りもなく、矯飾もなく、不平もなく、素直に受け取り、軛にかかった輓牛のような柔順な忍耐と覚悟とをもって、勇ましく迎え入れている、その姿を見ると、君は人間の運命のはかなさと美しさとに同時に胸をしめ上げられる。,,public_domain:青空文庫:生まれいずる悩み:有島武郎
成就,じょうじゅ,성취,生まれいずる悩み,有島武郎,https://www.aozora.gr.jp/cards/000025/files/1111_ruby_20599.zip,しかしいったんその企図が頭をもたげたが最後、君は魅入られた者のように、もがき苦しみながらも、じりじりとそれを成就するためには、すべてを犠牲にしても悔いないような心になって行くのだ、その恐ろしい企図とは自殺する事なのだ。,,public_domain:青空文庫:生まれいずる悩み:有島武郎
所有,しょゆう,소유,生まれいずる悩み,有島武郎,https://www.aozora.gr.jp/cards/000025/files/1111_ruby_20599.zip,また落葉松の幹の表皮からあすこここにのぞき出している針葉の一本をも見のがさずに、愛撫し理解しようとする、スケッチ帳で想像されるような鋭敏な神経の所有者らしい姿はどこにあるのだろう。,,public_domain:青空文庫:生まれいずる悩み:有島武郎
打ち込む,うちこむ,몰두하다,生まれいずる悩み,有島武郎,https://www.aozora.gr.jp/cards/000025/files/1111_ruby_20599.zip,模範船からすぐ引き上げろという信号がかかったので、今までも気づかいながら仕事を続けていた漁船は、打ち込み打ち込む波濤と戦いながら配縄をたくし上げにかかったけれども、吹き始めた暴風は一秒ごとに募るばかりで、船頭はやむなく配縄を切って捨てさせなければならなくなった。,,public_domain:青空文庫:生まれいずる悩み:有島武郎
打撃,だげき,타격,生まれいずる悩み,有島武郎,https://www.aozora.gr.jp/cards/000025/files/1111_ruby_20599.zip,家から火事を出すとか、家から出さないまでも類焼の災難にあうとか、持ち船が沈んでしまうとか、働き盛りの兄上が死病に取りつかれるとか、鰊の群来がすっかりはずれるとか、ワク船が流されるとか、いろいろに想像されるこれらの不幸の一つだけに出くわしても、君の家にとっては、足腰の立たない打撃となるのだ。,,public_domain:青空文庫:生まれいずる悩み:有島武郎
拒絶,きょぜつ,거절,生まれいずる悩み,有島武郎,https://www.aozora.gr.jp/cards/000025/files/1111_ruby_20599.zip,新しい生活の芽が周囲の拒絶をも無みして、そろそろと芽ぐみかけていた。,,public_domain:青空文庫:生まれいずる悩み:有島武郎
捕獲,ほかく,포획,生まれいずる悩み,有島武郎,https://www.aozora.gr.jp/cards/000025/files/1111_ruby_20599.zip,こうして岩内じゅうの漁夫たちが一生懸命に捕獲して来た魚はまたたくうちにさらわれてしまって、墨のように煙突から煙を吐く怪物のような会社の製造所へと運ばれて行く。,,public_domain:青空文庫:生まれいずる悩み:有島武郎
据える,すえる,놓다,生まれいずる悩み,有島武郎,https://www.aozora.gr.jp/cards/000025/files/1111_ruby_20599.zip,建網に損じの有る無し、網をおろす場所の海底の模様、大釜を据えるべき位置、桟橋の改造、薪炭の買い入れ、米塩の運搬、仲買い人との契約、肥料会社との交渉‥‥そのほか鰊漁の始まる前に漁場の持ち主がしておかなければならない事は有り余るほどあるのだ。,,public_domain:青空文庫:生まれいずる悩み:有島武郎
採掘,さいくつ,채굴,生まれいずる悩み,有島武郎,https://www.aozora.gr.jp/cards/000025/files/1111_ruby_20599.zip,硫黄採掘場の風景画もとうとう私の手もとには届いて来なかった。,,public_domain:青空文庫:生まれいずる悩み:有島武郎
改めて,あらためて,다시,生まれいずる悩み,有島武郎,https://www.aozora.gr.jp/cards/000025/files/1111_ruby_20599.zip,しかし改めて君の顔を見ると、言わさないじゃおかないぞといったような真剣さが現われていた。,,public_domain:青空文庫:生まれいずる悩み:有島武郎
暴れる,あばれる,난동부리다,生まれいずる悩み,有島武郎,https://www.aozora.gr.jp/cards/000025/files/1111_ruby_20599.zip,海の上はただ狂い暴れる風と雪と波ばかりだ。,,public_domain:青空文庫:生まれいずる悩み:有島武郎
暴風,ぼうふう,폭풍,生まれいずる悩み,有島武郎,https://www.aozora.gr.jp/cards/000025/files/1111_ruby_20599.zip,模範船からすぐ引き上げろという信号がかかったので、今までも気づかいながら仕事を続けていた漁船は、打ち込み打ち込む波濤と戦いながら配縄をたくし上げにかかったけれども、吹き始めた暴風は一秒ごとに募るばかりで、船頭はやむなく配縄を切って捨てさせなければならなくなった。,,public_domain:青空文庫:生まれいずる悩み:有島武郎
模範,もはん,모범,生まれいずる悩み,有島武郎,https://www.aozora.gr.jp/cards/000025/files/1111_ruby_20599.zip,模範船（港内に四五艘あるのだが、船も大きいし、それに老練な漁夫が乗り込んでいて、他の船にかけ引き進退の合図をする）の船頭が頭をあつめて相談をし始める。,,public_domain:青空文庫:生まれいずる悩み:有島武郎
樹木,じゅもく,수목,生まれいずる悩み,有島武郎,https://www.aozora.gr.jp/cards/000025/files/1111_ruby_20599.zip,そしてどれにも山と樹木ばかりが描かれてあった。,,public_domain:青空文庫:生まれいずる悩み:有島武郎
次第に,しだいに,점차,生まれいずる悩み,有島武郎,https://www.aozora.gr.jp/cards/000025/files/1111_ruby_20599.zip,そして無邪気な微笑をもって、私の唯一の生命である空想が勝手次第に育って行くのを見守っていてくれるだろう。,,public_domain:青空文庫:生まれいずる悩み:有島武郎
比重,ひじゅう,비중,生まれいずる悩み,有島武郎,https://www.aozora.gr.jp/cards/000025/files/1111_ruby_20599.zip,ざぶり‥‥ざぶり‥‥寒気のために比重の高くなった海の水は、凍りかかった油のような重さで、物すごいインド藍の底のほうに、雲間を漏れる日光で鈍く光る配縄の餌をのみ込んで行く。,,public_domain:青空文庫:生まれいずる悩み:有島武郎
没頭,ぼっとう,몰두,生まれいずる悩み,有島武郎,https://www.aozora.gr.jp/cards/000025/files/1111_ruby_20599.zip,明鯛から鱈、鱈から鰊、鰊から烏賊というように、四季絶える事のない忙しい漁撈の仕事にたずさわりながら、君は一年じゅうかの北海の荒波や激しい気候と戦って、さびしい漁夫の生活に没頭しなければならなかった。,,public_domain:青空文庫:生まれいずる悩み:有島武郎
沸騰,ふっとう,비등,生まれいずる悩み,有島武郎,https://www.aozora.gr.jp/cards/000025/files/1111_ruby_20599.zip,胆振の分水嶺から分かれて西南をさす一連の山波が、地平から力強く伸び上がってだんだん高くなりながら、岩内の南方へ走って来ると、そこに図らずも陸の果てがあったので、突然水ぎわに走りよった奔馬が、そろえた前脚を踏み立てて、思わず平頸を高くそびやかしたように、山は急にそそり立って、沸騰せんばかりに天を摩している。,,public_domain:青空文庫:生まれいずる悩み:有島武郎
泥沼,どろぬま,수렁,生まれいずる悩み,有島武郎,https://www.aozora.gr.jp/cards/000025/files/1111_ruby_20599.zip,君の父上と兄上と妹とが気をそろえて水入らずにせっせと働くにも係わらず、そろそろと泥沼の中にめいり込むような家運の衰勢をどうする事もできなかった。,,public_domain:青空文庫:生まれいずる悩み:有島武郎
消息,しょうそく,소식,生まれいずる悩み,有島武郎,https://www.aozora.gr.jp/cards/000025/files/1111_ruby_20599.zip,その後君からは一度か二度問い合わせか何かの手紙が来たきりでぱったり消息が途絶えてしまった。,,public_domain:青空文庫:生まれいずる悩み:有島武郎
淡い,あわい,옅은,生まれいずる悩み,有島武郎,https://www.aozora.gr.jp/cards/000025/files/1111_ruby_20599.zip,北西の風が東に回るにつれて、単色に堅く凍りついていた雲が、蒸されるようにもやもやとくずれ出して、淡いながら暖かい色の晴れ雲に変わって行く。,,public_domain:青空文庫:生まれいずる悩み:有島武郎
漂う,ただよう,떠돌다,生まれいずる悩み,有島武郎,https://www.aozora.gr.jp/cards/000025/files/1111_ruby_20599.zip,艫を波のほうへ向ける事も得しないで、力なく漂う船の前まで来ると、波の山は、いきなり、獲物に襲いかかる猛獣のように思いきり背延びをした。,,public_domain:青空文庫:生まれいずる悩み:有島武郎
熱湯,ねっとう,끓는 물,生まれいずる悩み,有島武郎,https://www.aozora.gr.jp/cards/000025/files/1111_ruby_20599.zip,山すその岩壁に打ちつけた波は、煮えくりかえった熱湯をぶちつけたように、湯げのような白沫を五丈も六丈も高く飛ばして、反りを打ちながら海の中にどっとくずれ込む。,,public_domain:青空文庫:生まれいずる悩み:有島武郎
物体,ぶったい,물체,生まれいずる悩み,有島武郎,https://www.aozora.gr.jp/cards/000025/files/1111_ruby_20599.zip,樹木モドウモ物体感ニトボシク思ワレマス。,,public_domain:青空文庫:生まれいずる悩み:有島武郎
独自,どくじ,독자,生まれいずる悩み,有島武郎,https://www.aozora.gr.jp/cards/000025/files/1111_ruby_20599.zip,もし彼に独自の道を切り開いて行く天稟がないのなら、どうか正直な勤勉な凡人として一生を終わってくれ。,,public_domain:青空文庫:生まれいずる悩み:有島武郎
生かす,いかす,살리다,生まれいずる悩み,有島武郎,https://www.aozora.gr.jp/cards/000025/files/1111_ruby_20599.zip,しかし自然と抱き合い、自然を絵の上に生かすという事は、君の住む所では君一人だけが知っている喜びであり悲しみであるのだ。,,public_domain:青空文庫:生まれいずる悩み:有島武郎
生死,せいし,생사,生まれいずる悩み,有島武郎,https://www.aozora.gr.jp/cards/000025/files/1111_ruby_20599.zip,生死の瀬戸ぎわにはまり込んでいる人々の本能は恐ろしいほど敏捷な働きをする。,,public_domain:青空文庫:生まれいずる悩み:有島武郎
生計,せいけい,생계,生まれいずる悩み,有島武郎,https://www.aozora.gr.jp/cards/000025/files/1111_ruby_20599.zip,軒を並べて住みなしていると、どこの家にもそれ相当な生計が立てられているようだけれども、一軒一軒に立ち入ってみると、このごろの岩内の町には鼻を酸くしなければならないような事がそこいらじゅうにまくしあがっていた。,,public_domain:青空文庫:生まれいずる悩み:有島武郎
産物,さんぶつ,산물,生まれいずる悩み,有島武郎,https://www.aozora.gr.jp/cards/000025/files/1111_ruby_20599.zip,海産物会社の印袢天を着たり、犬の皮か何かを裏につけた外套を深々と羽織ったりした男たちが、右往左往に走りまわるそのあたりを目がけて、君の兄上が手慣れたさばきでさっと艫綱を投げると、それがすぐ幾十人もの男女の手で引っぱられる。,,public_domain:青空文庫:生まれいずる悩み:有島武郎
用紙,ようし,용지,生まれいずる悩み,有島武郎,https://www.aozora.gr.jp/cards/000025/files/1111_ruby_20599.zip,コトシノ七月カラ始メテ画用紙ヲトジテ画帖ヲ作リ、鉛筆デ（モノ）ニ向カッテミマシタ。,,public_domain:青空文庫:生まれいずる悩み:有島武郎
疑う,うたがう,의심하다,生まれいずる悩み,有島武郎,https://www.aozora.gr.jp/cards/000025/files/1111_ruby_20599.zip,すぐ次の瞬間に来ると、君はしかし私を疑うような、自分を冷笑うような冷ややかな表情をして、しばらくの間私と絵とを等分に見くらべていたが、ふいと庭のほうへ顔をそむけてしまった。,,public_domain:青空文庫:生まれいずる悩み:有島武郎
直感,ちょっかん,직감,生まれいずる悩み,有島武郎,https://www.aozora.gr.jp/cards/000025/files/1111_ruby_20599.zip,自分が文学者であるだけに、私は他人の書いた文字の中にも真実と虚偽とを直感するかなり鋭い能力が発達している。,,public_domain:青空文庫:生まれいずる悩み:有島武郎
真実,しんじつ,진실,生まれいずる悩み,有島武郎,https://www.aozora.gr.jp/cards/000025/files/1111_ruby_20599.zip,自分が文学者であるだけに、私は他人の書いた文字の中にも真実と虚偽とを直感するかなり鋭い能力が発達している。,,public_domain:青空文庫:生まれいずる悩み:有島武郎
破産,はさん,파산,生まれいずる悩み,有島武郎,https://www.aozora.gr.jp/cards/000025/files/1111_ruby_20599.zip,汗水が凝り固まってできたような銀行の貯金は、その銀行が不景気のあおりを食って破産したために、水の泡になってしまった。,,public_domain:青空文庫:生まれいずる悩み:有島武郎
神秘,しんぴ,신비,生まれいずる悩み,有島武郎,https://www.aozora.gr.jp/cards/000025/files/1111_ruby_20599.zip,夕方に近づくにつれて、やや煙り始めた空気の中に、声も立てずに粛然とそびえているその姿には、くんでもくんでも尽きない平明な神秘が宿っている。,,public_domain:青空文庫:生まれいずる悩み:有島武郎
空腹,くうふく,공복,生まれいずる悩み,有島武郎,https://www.aozora.gr.jp/cards/000025/files/1111_ruby_20599.zip,それでも夕飯という声を聞き、戸のすきから漏れる焼きざかなのにおいをかぐと、君は急に空腹を感じだした。,,public_domain:青空文庫:生まれいずる悩み:有島武郎
素朴な,そぼくな,소박한,生まれいずる悩み,有島武郎,https://www.aozora.gr.jp/cards/000025/files/1111_ruby_20599.zip,すっかり頭巾をかぶって、十二分に身じたくをしてから出かけたらいいだろうとみんなが寄って勧めたけれども、君は素朴なはばかりから帽子もかぶらずに、重々しい口調で別れの挨拶をすますと、ガラス戸を引きあけて戸外に出た。,,public_domain:青空文庫:生まれいずる悩み:有島武郎
絶える,たえる,끊기다,生まれいずる悩み,有島武郎,https://www.aozora.gr.jp/cards/000025/files/1111_ruby_20599.zip,明鯛から鱈、鱈から鰊、鰊から烏賊というように、四季絶える事のない忙しい漁撈の仕事にたずさわりながら、君は一年じゅうかの北海の荒波や激しい気候と戦って、さびしい漁夫の生活に没頭しなければならなかった。,,public_domain:青空文庫:生まれいずる悩み:有島武郎
総合,そうごう,종합,生まれいずる悩み,有島武郎,https://www.aozora.gr.jp/cards/000025/files/1111_ruby_20599.zip,君の談話や手紙を総合した僕のこれまでの想像は謬っていない事を僕に信ぜしめる。,,public_domain:青空文庫:生まれいずる悩み:有島武郎
群衆,ぐんしゅう,군중,生まれいずる悩み,有島武郎,https://www.aozora.gr.jp/cards/000025/files/1111_ruby_20599.zip,船が波の上に乗った時には、波打ちぎわに集まって何か騒ぎ立てている群衆が見やられるまでになった。,,public_domain:青空文庫:生まれいずる悩み:有島武郎
翼,つばさ,날개,生まれいずる悩み,有島武郎,https://www.aozora.gr.jp/cards/000025/files/1111_ruby_20599.zip,どこからともなく海鳥の群れが、白く長い翼に羽音を立てて風を切りながら、船の上に現われて来る。,,public_domain:青空文庫:生まれいずる悩み:有島武郎
老いる,おいる,늙다,生まれいずる悩み,有島武郎,https://www.aozora.gr.jp/cards/000025/files/1111_ruby_20599.zip,この季節になると長く地の上を領していた冬が老いる。,,public_domain:青空文庫:生まれいずる悩み:有島武郎
草花,くさばな,풀꽃,生まれいずる悩み,有島武郎,https://www.aozora.gr.jp/cards/000025/files/1111_ruby_20599.zip,日ゴロ愛惜シタ樹木ヤ草花ナドガ、イツトハナク落葉シテシマッテイル。,,public_domain:青空文庫:生まれいずる悩み:有島武郎
荒れる,あれる,거칠어지다,生まれいずる悩み,有島武郎,https://www.aozora.gr.jp/cards/000025/files/1111_ruby_20599.zip,吹き荒れる風すらがそのためにさえぎりとめられて、船の周囲には気味の悪い静かさが満ち広がった。,,public_domain:青空文庫:生まれいずる悩み:有島武郎
荒廃,こうはい,황폐,生まれいずる悩み,有島武郎,https://www.aozora.gr.jp/cards/000025/files/1111_ruby_20599.zip,無際限なただ一つの荒廃――その中に君だけが呼吸を続けている、それがたまらぬほどさびしく恐ろしい事に思いなされる荒廃が君の上下四方に広がっている。,,public_domain:青空文庫:生まれいずる悩み:有島武郎
覆す,くつがえす,뒤집다,生まれいずる悩み,有島武郎,https://www.aozora.gr.jp/cards/000025/files/1111_ruby_20599.zip,それが一方の舷に取りついて力をこめればまた顛覆するにきまっている。,,public_domain:青空文庫:生まれいずる悩み:有島武郎
見落とす,みおとす,놓치다,生まれいずる悩み,有島武郎,https://www.aozora.gr.jp/cards/000025/files/1111_ruby_20599.zip,海の中から生まれて来たような老漁夫の、皺にたたまれた鋭い眼は、雲一片の徴をさえ見落とすまいと注意しながら、顔には木彫のような深い落ち付きを見せている。,,public_domain:青空文庫:生まれいずる悩み:有島武郎
視覚,しかく,시각,生まれいずる悩み,有島武郎,https://www.aozora.gr.jp/cards/000025/files/1111_ruby_20599.zip,大きな男の姿が部屋からのっそりと消えて行くのを、視覚のはずれに感じて、都会から久しぶりで来て見ると、物でも人でも大きくゆったりしているのに今さらながら一種の圧迫をさえ感ずるのだった。,,public_domain:青空文庫:生まれいずる悩み:有島武郎
視野,しや,시야,生まれいずる悩み,有島武郎,https://www.aozora.gr.jp/cards/000025/files/1111_ruby_20599.zip,君はまざまざと私の想像の視野に現われ出て来て、見るように君の生活とその周囲とを私に見せてくれる。,,public_domain:青空文庫:生まれいずる悩み:有島武郎
言い切る,いいきる,단언하다,生まれいずる悩み,有島武郎,https://www.aozora.gr.jp/cards/000025/files/1111_ruby_20599.zip,専門家でもない私が、五六枚の絵を見ただけで、その少年の未来の運命全体をどうして大胆にも決定的に言い切る事ができよう。,,public_domain:青空文庫:生まれいずる悩み:有島武郎
誤る,あやまる,잘못하다,生まれいずる悩み,有島武郎,https://www.aozora.gr.jp/cards/000025/files/1111_ruby_20599.zip,君の兄上は帆綱を握って、舵座にいる父上の合図どおりに帆の上げ下げを誤るまいと一心になっている。,,public_domain:青空文庫:生まれいずる悩み:有島武郎
警戒,けいかい,경계,生まれいずる悩み,有島武郎,https://www.aozora.gr.jp/cards/000025/files/1111_ruby_20599.zip,赤と白との二つの球は、危険警戒を標示する信号だ。,,public_domain:青空文庫:生まれいずる悩み:有島武郎
象徴,しょうちょう,상징,生まれいずる悩み,有島武郎,https://www.aozora.gr.jp/cards/000025/files/1111_ruby_20599.zip,向こうに見える山はそのまま寛大と希望とを象徴するような一つの生きた塊的であるのに、君のスケッチ帳に縮め込まれた同じものの姿は、なんの表情も持たない線と面との集まりとより君の目には見えない。,,public_domain:青空文庫:生まれいずる悩み:有島武郎
農場,のうじょう,농장,生まれいずる悩み,有島武郎,https://www.aozora.gr.jp/cards/000025/files/1111_ruby_20599.zip,札幌での用事を済まして農場に行く前に、私は岩内にあてて君に手紙を出しておいた。,,public_domain:青空文庫:生まれいずる悩み:有島武郎
退く,しりぞく,물러나다,生まれいずる悩み,有島武郎,https://www.aozora.gr.jp/cards/000025/files/1111_ruby_20599.zip,やがて兄上と嫂とが次の部屋に退くと、囲炉裏のそばには、君と君の妹だけが残るのだ。,,public_domain:青空文庫:生まれいずる悩み:有島武郎
退ける,しりぞける,물리치다,生まれいずる悩み,有島武郎,https://www.aozora.gr.jp/cards/000025/files/1111_ruby_20599.zip,自分を憐れむともＫを憐れむとも知れない哀情がこみ上げて、Ｋの手を取り上げてなでてみたい衝動を幾度も感じながら、女々しさを退けるようにむずかゆい手を腕の所で堅く組む。,,public_domain:青空文庫:生まれいずる悩み:有島武郎
運搬,うんぱん,운반,生まれいずる悩み,有島武郎,https://www.aozora.gr.jp/cards/000025/files/1111_ruby_20599.zip,建網に損じの有る無し、網をおろす場所の海底の模様、大釜を据えるべき位置、桟橋の改造、薪炭の買い入れ、米塩の運搬、仲買い人との契約、肥料会社との交渉‥‥そのほか鰊漁の始まる前に漁場の持ち主がしておかなければならない事は有り余るほどあるのだ。,,public_domain:青空文庫:生まれいずる悩み:有島武郎
鉢,はち,화분,生まれいずる悩み,有島武郎,https://www.aozora.gr.jp/cards/000025/files/1111_ruby_20599.zip,東西南北は一つの鉢の中ですりまぜたように渾沌としてしまった。,,public_domain:青空文庫:生まれいずる悩み:有島武郎
領土,りょうど,영토,生まれいずる悩み,有島武郎,https://www.aozora.gr.jp/cards/000025/files/1111_ruby_20599.zip,自然の暴威をせき止めるために人間が苦心して創り上げたこのみじめな家屋という領土がもろく小さく私の周囲にながめやられた。,,public_domain:青空文庫:生まれいずる悩み:有島武郎
高原,こうげん,고원,生まれいずる悩み,有島武郎,https://www.aozora.gr.jp/cards/000025/files/1111_ruby_20599.zip,ニセコアンの丘陵の裂け目からまっしぐらにこの高原の畑地を目がけて吹きおろして来る風は、割合に粒の大きい軽やかな初冬の雪片をあおり立てあおり立て横ざまに舞い飛ばした。,,public_domain:青空文庫:生まれいずる悩み:有島武郎
もはや,もはや,이미,惜みなく愛は奪う,有島武郎,https://www.aozora.gr.jp/cards/000025/files/1144_ruby_12163.zip,個性はもはや個性の社会に対する本能的要求を以て満足せず、個性自身、その全体の満足の中にのみ満足する。,,public_domain:青空文庫:惜みなく愛は奪う:有島武郎
一変,いっぺん,일변,惜みなく愛は奪う,有島武郎,https://www.aozora.gr.jp/cards/000025/files/1144_ruby_12163.zip,科学的な立場から愛を説こうとする愛己主義者は、自己保存の一変態と見るべき種族保存の本能なるものによってこの難題に当ろうとしている。,,public_domain:青空文庫:惜みなく愛は奪う:有島武郎
一層,いっそう,한층,惜みなく愛は奪う,有島武郎,https://www.aozora.gr.jp/cards/000025/files/1144_ruby_12163.zip,だから一層正しくいえば、根柢的な人間の生活は自由なる意志によって導かれ得るのだ。,,public_domain:青空文庫:惜みなく愛は奪う:有島武郎
一応,いちおう,일단,惜みなく愛は奪う,有島武郎,https://www.aozora.gr.jp/cards/000025/files/1144_ruby_12163.zip,道徳は対人的なものだという見解は一応道理ではあるけれども、私はそうは思わない。,,public_domain:青空文庫:惜みなく愛は奪う:有島武郎
一概に,いちがいに,일률적으로,惜みなく愛は奪う,有島武郎,https://www.aozora.gr.jp/cards/000025/files/1144_ruby_12163.zip,そう思われることを私は一概に排斥するものではない。,,public_domain:青空文庫:惜みなく愛は奪う:有島武郎
一見,いっけん,언뜻,惜みなく愛は奪う,有島武郎,https://www.aozora.gr.jp/cards/000025/files/1144_ruby_12163.zip,例えば個性の要求の結果が一見肉に属する慾の遂行のように思われる時があっても、それをお前が今まで考えていたように、簡単に肉慾の遂行とのみ見てはならぬ。,,public_domain:青空文庫:惜みなく愛は奪う:有島武郎
上位,じょうい,상위,惜みなく愛は奪う,有島武郎,https://www.aozora.gr.jp/cards/000025/files/1144_ruby_12163.zip,何故なら、私は本能的生活を智的生活の上位に置こうと思うからだ。,,public_domain:青空文庫:惜みなく愛は奪う:有島武郎
不当な,ふとうな,부당한,惜みなく愛は奪う,有島武郎,https://www.aozora.gr.jp/cards/000025/files/1144_ruby_12163.zip,若し価値をもってそれを定めるのが不当ならば、より尊い生活である。,,public_domain:青空文庫:惜みなく愛は奪う:有島武郎
不服,ふふく,불복,惜みなく愛は奪う,有島武郎,https://www.aozora.gr.jp/cards/000025/files/1144_ruby_12163.zip,然しながら智的生活が本能的生活によって指導されねばならぬということについては不服を有つ人がないとはいえない。,,public_domain:青空文庫:惜みなく愛は奪う:有島武郎
両極,りょうきょく,양극,惜みなく愛は奪う,有島武郎,https://www.aozora.gr.jp/cards/000025/files/1144_ruby_12163.zip,相反して見ゆる二つの極の間に彷徨うために、内部に必然的に起る不安を得ようとも、それに忍んで両極を恐れることなく掴まねばならぬ。,,public_domain:青空文庫:惜みなく愛は奪う:有島武郎
主体,しゅたい,주체,惜みなく愛は奪う,有島武郎,https://www.aozora.gr.jp/cards/000025/files/1144_ruby_12163.zip,私自身がこの事実を知る主体である以上、この私の生命は何といっても私のものだ。,,public_domain:青空文庫:惜みなく愛は奪う:有島武郎
主題,しゅだい,주제,惜みなく愛は奪う,有島武郎,https://www.aozora.gr.jp/cards/000025/files/1144_ruby_12163.zip,×何故に恋愛が屡※芸術の主題となるか。,,public_domain:青空文庫:惜みなく愛は奪う:有島武郎
予感,よかん,예감,惜みなく愛は奪う,有島武郎,https://www.aozora.gr.jp/cards/000025/files/1144_ruby_12163.zip,私はかかる試みをする始めから、何かどうしてもその境遇では満足し得ない予感を持ち、そしてそれがいつでも事実になって現われた。,,public_domain:青空文庫:惜みなく愛は奪う:有島武郎
享受,きょうじゅ,향유,惜みなく愛は奪う,有島武郎,https://www.aozora.gr.jp/cards/000025/files/1144_ruby_12163.zip,それは思想の提供者を空しく働かせ、享受者を空しく苦しめる。,,public_domain:青空文庫:惜みなく愛は奪う:有島武郎
人民,じんみん,인민,惜みなく愛は奪う,有島武郎,https://www.aozora.gr.jp/cards/000025/files/1144_ruby_12163.zip,国家の組織が無反省にそのまま人民によって肯定せられていた時代には、この神人関係の概念もまた無反省に受取られることが出来たろう。,,public_domain:青空文庫:惜みなく愛は奪う:有島武郎
任務,にんむ,임무,惜みなく愛は奪う,有島武郎,https://www.aozora.gr.jp/cards/000025/files/1144_ruby_12163.zip,然しそれは決して性的任務の常道ではない。,,public_domain:青空文庫:惜みなく愛は奪う:有島武郎
伝説,でんせつ,전설,惜みなく愛は奪う,有島武郎,https://www.aozora.gr.jp/cards/000025/files/1144_ruby_12163.zip,私はお前が従う為めに結果される思想なり言説なり行為なりが、仮りに外界の伝説、習慣、教訓と衝突矛盾を惹き起すことがあろうとも、お前は決して心を乱して、私を疑うようなことをしてはならぬ。,,public_domain:青空文庫:惜みなく愛は奪う:有島武郎
伴う,ともなう,동반하다,惜みなく愛は奪う,有島武郎,https://www.aozora.gr.jp/cards/000025/files/1144_ruby_12163.zip,そしてそんな浮薄なことをする結果として、不可避的に心の中に惹き起される不愉快な感じを、お前は努力に伴う自らの感じと強いて思いこんだ。,,public_domain:青空文庫:惜みなく愛は奪う:有島武郎
体力,たいりょく,체력,惜みなく愛は奪う,有島武郎,https://www.aozora.gr.jp/cards/000025/files/1144_ruby_12163.zip,女性は多くを失ったとしても、体力に失ったほどには脳力に失っていない。,,public_domain:青空文庫:惜みなく愛は奪う:有島武郎
体裁,ていさい,체재,惜みなく愛は奪う,有島武郎,https://www.aozora.gr.jp/cards/000025/files/1144_ruby_12163.zip,これほど体裁のいい外貌と、内容の空虚な実質とを併合した心の状態が外にあろうか。,,public_domain:青空文庫:惜みなく愛は奪う:有島武郎
体験,たいけん,체험,惜みなく愛は奪う,有島武郎,https://www.aozora.gr.jp/cards/000025/files/1144_ruby_12163.zip,私はその時読者の忍耐の弱さを不満に思うよりも私自身の体験の不十分さを悲しむ外はない。,,public_domain:青空文庫:惜みなく愛は奪う:有島武郎
余地,よち,여지,惜みなく愛は奪う,有島武郎,https://www.aozora.gr.jp/cards/000025/files/1144_ruby_12163.zip,どうしてそこに疑いの余地などがあろう。,,public_domain:青空文庫:惜みなく愛は奪う:有島武郎
依頼,いらい,의뢰 부탁,惜みなく愛は奪う,有島武郎,https://www.aozora.gr.jp/cards/000025/files/1144_ruby_12163.zip,かかる言葉に依頼して私はどうして私自身を誤りなく云い現わすことが出来よう。,,public_domain:青空文庫:惜みなく愛は奪う:有島武郎
侵す,おかす,침범하다,惜みなく愛は奪う,有島武郎,https://www.aozora.gr.jp/cards/000025/files/1144_ruby_12163.zip,その動向を満足する為めに人類は道徳的努力を伴う苦痛を侵すことを意としない。,,public_domain:青空文庫:惜みなく愛は奪う:有島武郎
便宜,べんぎ,편의,惜みなく愛は奪う,有島武郎,https://www.aozora.gr.jp/cards/000025/files/1144_ruby_12163.zip,然し私は自分の便宜の為めに仮りにそれを愛と名づける。,,public_domain:青空文庫:惜みなく愛は奪う:有島武郎
保護,ほご,보호,惜みなく愛は奪う,有島武郎,https://www.aozora.gr.jp/cards/000025/files/1144_ruby_12163.zip,男性はこの習慣に依頼して自己の強権を保護され、女性はまたこの制度の庇護によってその生存を保障される。,,public_domain:青空文庫:惜みなく愛は奪う:有島武郎
働きかける,はたらきかける,작용하다,惜みなく愛は奪う,有島武郎,https://www.aozora.gr.jp/cards/000025/files/1144_ruby_12163.zip,又或る時は外界の刺戟を待たずに、私の生命が或る已むなき内的の力に動かされて外界に働きかける。,,public_domain:青空文庫:惜みなく愛は奪う:有島武郎
元来,がんらい,원래,惜みなく愛は奪う,有島武郎,https://www.aozora.gr.jp/cards/000025/files/1144_ruby_12163.zip,赤青黄は元来白によって統一さるべき仮象であるからである。,,public_domain:青空文庫:惜みなく愛は奪う:有島武郎
元素,げんそ,원소,惜みなく愛は奪う,有島武郎,https://www.aozora.gr.jp/cards/000025/files/1144_ruby_12163.zip,水を考えようとする場合に、それを水素と酸素とに分解して、どれ程綿密に二つの元素を研究したところが、何の役にも立たないだろう。,,public_domain:青空文庫:惜みなく愛は奪う:有島武郎
充実,じゅうじつ,충실,惜みなく愛は奪う,有島武郎,https://www.aozora.gr.jp/cards/000025/files/1144_ruby_12163.zip,そこにある強い充実の味と人間らしさとは私を牽きつけるに十分である。,,public_domain:青空文庫:惜みなく愛は奪う:有島武郎
共存,きょうぞん,공존,惜みなく愛は奪う,有島武郎,https://www.aozora.gr.jp/cards/000025/files/1144_ruby_12163.zip,この一見矛盾した二つの心的傾向の共存は、私をいらだたせかつ不幸にする。,,public_domain:青空文庫:惜みなく愛は奪う:有島武郎
再現,さいげん,재현,惜みなく愛は奪う,有島武郎,https://www.aozora.gr.jp/cards/000025/files/1144_ruby_12163.zip,既に現われ終ったものはどれほど優れたものであろうとも、それを現在にも未来にも再現することは出来ない。,,public_domain:青空文庫:惜みなく愛は奪う:有島武郎
出現,しゅつげん,출현,惜みなく愛は奪う,有島武郎,https://www.aozora.gr.jp/cards/000025/files/1144_ruby_12163.zip,それは野獣にはない、人間にのみ見る偽善の出現だ。,,public_domain:青空文庫:惜みなく愛は奪う:有島武郎
分子,ぶんし,분자,惜みなく愛は奪う,有島武郎,https://www.aozora.gr.jp/cards/000025/files/1144_ruby_12163.zip,偽善者なる私の眼には、自ら教会の中の偽善の分子が見え透いてしまった。,,public_domain:青空文庫:惜みなく愛は奪う:有島武郎
分担,ぶんたん,분담,惜みなく愛は奪う,有島武郎,https://www.aozora.gr.jp/cards/000025/files/1144_ruby_12163.zip,だから私が男女関係の或る狂いといったのは、男女が分担すべき生殖現象の狂いを指すことになる。,,public_domain:青空文庫:惜みなく愛は奪う:有島武郎
分散,ぶんさん,분산,惜みなく愛は奪う,有島武郎,https://www.aozora.gr.jp/cards/000025/files/1144_ruby_12163.zip,若し然しその人の個性がその事があったために分散し、精神が糜爛し、肉慾が昂進したとするならば、もうその人に於て本能の統合は破れてしまったのだ。,,public_domain:青空文庫:惜みなく愛は奪う:有島武郎
分業,ぶんぎょう,분업,惜みなく愛は奪う,有島武郎,https://www.aozora.gr.jp/cards/000025/files/1144_ruby_12163.zip,お前の手は、お前の頭は、お前の職業は、いかに分業的な事柄にわたって行こうとも、お前は常にそれをお前の個性なる私に繋いでいるからだ。,,public_domain:青空文庫:惜みなく愛は奪う:有島武郎
分裂,ぶんれつ,분열,惜みなく愛は奪う,有島武郎,https://www.aozora.gr.jp/cards/000025/files/1144_ruby_12163.zip,この野獣の過去にまでの帰還は、また本能の分裂が結果するところのもので、人間を人間としての荘厳の座から引きおろすものではないか。,,public_domain:青空文庫:惜みなく愛は奪う:有島武郎
到達,とうたつ,도달,惜みなく愛は奪う,有島武郎,https://www.aozora.gr.jp/cards/000025/files/1144_ruby_12163.zip,或る人は私の最後の到達を私の卑屈がさせた業だというだろう。,,public_domain:青空文庫:惜みなく愛は奪う:有島武郎
創造,そうぞう,창조,惜みなく愛は奪う,有島武郎,https://www.aozora.gr.jp/cards/000025/files/1144_ruby_12163.zip,眼前の緊張からゆるんで、単に未来を空想することが何で未来の創造に塵ほどの益にもなり得よう。,,public_domain:青空文庫:惜みなく愛は奪う:有島武郎
功績,こうせき,공적,惜みなく愛は奪う,有島武郎,https://www.aozora.gr.jp/cards/000025/files/1144_ruby_12163.zip,今までのお前の名誉と、功績と、誇りとの凡てを捨てて私に立ち帰れ。,,public_domain:青空文庫:惜みなく愛は奪う:有島武郎
加える,くわえる,더하다,惜みなく愛は奪う,有島武郎,https://www.aozora.gr.jp/cards/000025/files/1144_ruby_12163.zip,そこに何等かの執着をつなぎ、葛藤を加えるのは、要するに下根粗笨な外面的見断に支配されての迷妄に過ぎない。,,public_domain:青空文庫:惜みなく愛は奪う:有島武郎
動力,どうりょく,동력,惜みなく愛は奪う,有島武郎,https://www.aozora.gr.jp/cards/000025/files/1144_ruby_12163.zip,頭脳もまた生活の大きな原動力となり得べき時代に到達した。,,public_domain:青空文庫:惜みなく愛は奪う:有島武郎
動向,どうこう,동향,惜みなく愛は奪う,有島武郎,https://www.aozora.gr.jp/cards/000025/files/1144_ruby_12163.zip,何等の意味に於てであれ、外界の刺戟に対して自己をよりよくして行こうという動向は道徳とはいえないだろうか。,,public_domain:青空文庫:惜みなく愛は奪う:有島武郎
動機,どうき,동기,惜みなく愛は奪う,有島武郎,https://www.aozora.gr.jp/cards/000025/files/1144_ruby_12163.zip,利と愛との両語が自明的に示すが如く、利は行為或は結果を現わす言葉で、愛は動機或は原因を現わす言葉であるからだ。,,public_domain:青空文庫:惜みなく愛は奪う:有島武郎
化合,かごう,화합,惜みなく愛は奪う,有島武郎,https://www.aozora.gr.jp/cards/000025/files/1144_ruby_12163.zip,氏が凡ての虚偽と堕落とに飽満した基督旧教の中にありながら、根ざし深く潜在する尊い要素に自分のけだかさを化合させて、巌のように堅く立つその態度は、私を驚かせ羨ませる。,,public_domain:青空文庫:惜みなく愛は奪う:有島武郎
十字路,じゅうじろ,십자로,惜みなく愛は奪う,有島武郎,https://www.aozora.gr.jp/cards/000025/files/1144_ruby_12163.zip,しかも両者は一度は相失う程に分れ別れても、何時かは何処かで十字路頭にふと出遇うのではないだろうか。,,public_domain:青空文庫:惜みなく愛は奪う:有島武郎
単独,たんどく,단독,惜みなく愛は奪う,有島武郎,https://www.aozora.gr.jp/cards/000025/files/1144_ruby_12163.zip,かの単独にしては何等の意味もなき音声、それを組合せてその中に愛を宿らせる仕事はいかに楽しくも快いことであろうぞ。,,public_domain:青空文庫:惜みなく愛は奪う:有島武郎
原則,げんそく,원칙,惜みなく愛は奪う,有島武郎,https://www.aozora.gr.jp/cards/000025/files/1144_ruby_12163.zip,即ち生物学の自己保存の原則を極めて安価に査定して、それを愛己の本能と結び付けたものではなかったろうか。,,public_domain:青空文庫:惜みなく愛は奪う:有島武郎
厳しい,きびしい,엄격한,惜みなく愛は奪う,有島武郎,https://www.aozora.gr.jp/cards/000025/files/1144_ruby_12163.zip,私に取って已み難き要求なる個性の表現の為めに、あらゆる有縁の個性と私のそれとを結び付けようとする厳しい欲求の為めに、私は敢えて私から出発して歩み出して行こう。,,public_domain:青空文庫:惜みなく愛は奪う:有島武郎
及ぶ,およぶ,미치다,惜みなく愛は奪う,有島武郎,https://www.aozora.gr.jp/cards/000025/files/1144_ruby_12163.zip,然し凡ての生存は、それが本能の及ぶだけ純粋なる表現である場合に最も真であるという大事な要件が許されるならば、本能的生活は私にとって智的生活よりもより価値ある生活である。,,public_domain:青空文庫:惜みなく愛は奪う:有島武郎
反射,はんしゃ,반사,惜みなく愛は奪う,有島武郎,https://www.aozora.gr.jp/cards/000025/files/1144_ruby_12163.zip,或る時は外界の刺戟に対して反射的に意識を動かして生活している。,,public_domain:青空文庫:惜みなく愛は奪う:有島武郎
受け入れる,うけいれる,받아들이다,惜みなく愛は奪う,有島武郎,https://www.aozora.gr.jp/cards/000025/files/1144_ruby_12163.zip,外界の刺戟をそのまま受け入れる生活を仮りに習性的生活（habituallife）と呼ぶ。,,public_domain:青空文庫:惜みなく愛は奪う:有島武郎
名称,めいしょう,명칭,惜みなく愛は奪う,有島武郎,https://www.aozora.gr.jp/cards/000025/files/1144_ruby_12163.zip,義人、偽善者、罪人、そうした名称が可なり判然区別されて、それがびしびしと人にあてはめられる社会から私が離れて行ったのは、結局悪いことではなかったと私は今でも思っている。,,public_domain:青空文庫:惜みなく愛は奪う:有島武郎
向上,こうじょう,향상,惜みなく愛は奪う,有島武郎,https://www.aozora.gr.jp/cards/000025/files/1144_ruby_12163.zip,しかし人間そのものの向上がどれ程彼女――人間の不断の無視にかかわらず――によって運ばれたかを知っているから。,,public_domain:青空文庫:惜みなく愛は奪う:有島武郎
君主,くんしゅ,군주,惜みなく愛は奪う,有島武郎,https://www.aozora.gr.jp/cards/000025/files/1144_ruby_12163.zip,そこの校長は自分が一度も少年の時期を潜りぬけた経験を持たぬような鹿爪らしい顔をして、君主の恩、父母の恩、先生の恩、境遇の恩、この四恩の尊さ難有さを繰返し繰返し説いて聞かせた。,,public_domain:青空文庫:惜みなく愛は奪う:有島武郎
否む,いなむ,부정하다,惜みなく愛は奪う,有島武郎,https://www.aozora.gr.jp/cards/000025/files/1144_ruby_12163.zip,誰がこの否む可らざる目前の事実に驚異せずにはいられよう。,,public_domain:青空文庫:惜みなく愛は奪う:有島武郎
味覚,みかく,미각,惜みなく愛は奪う,有島武郎,https://www.aozora.gr.jp/cards/000025/files/1144_ruby_12163.zip,感覚の中でも、実生活に縁の近い触覚若しくは味覚などに依るよりも、非功利的な機能を多量に有する視覚聴覚の如きに依ろうとする。,,public_domain:青空文庫:惜みなく愛は奪う:有島武郎
営む,いとなむ,영위하다,惜みなく愛は奪う,有島武郎,https://www.aozora.gr.jp/cards/000025/files/1144_ruby_12163.zip,若しそこに越えることの出来ない溝渠があるというならば、私は寧ろ社会生活を破壊して、かの孤棲生活を営む獅子や禿鷹の習性に依ろう。,,public_domain:青空文庫:惜みなく愛は奪う:有島武郎
嗜好,しこう,기호,惜みなく愛は奪う,有島武郎,https://www.aozora.gr.jp/cards/000025/files/1144_ruby_12163.zip,それは女性に能力がないというよりは、それらのものが凡てその根柢に於て男性の嗜好を満足するように作られているが故に、それを産出するのもまたおのずから男性の手によってなされるのを適当とするだけのことだ。,,public_domain:青空文庫:惜みなく愛は奪う:有島武郎
回顧,かいこ,회고,惜みなく愛は奪う,有島武郎,https://www.aozora.gr.jp/cards/000025/files/1144_ruby_12163.zip,緩慢な、回顧的な生活にのみ囲繞されている地上の生活に於て、私はその最も純粋に近い現われを、相愛の極、健全な愛人の間に結ばれる抱擁に於て見出だすことが出来ると思う。,,public_domain:青空文庫:惜みなく愛は奪う:有島武郎
囲む,かこむ,둘러싸다,惜みなく愛は奪う,有島武郎,https://www.aozora.gr.jp/cards/000025/files/1144_ruby_12163.zip,そして岸辺との摩擦によって私を囲む水も私自身も、中流の水にはおくれがちに流れ下る。,,public_domain:青空文庫:惜みなく愛は奪う:有島武郎
固定,こてい,고정,惜みなく愛は奪う,有島武郎,https://www.aozora.gr.jp/cards/000025/files/1144_ruby_12163.zip,然しそれが或る期間固定していて、私の生活の努力がその内容を充実し得ない間は、それはどこまでも、知識として又道徳として厳存する。,,public_domain:青空文庫:惜みなく愛は奪う:有島武郎
埋める,うめる,메우다,惜みなく愛は奪う,有島武郎,https://www.aozora.gr.jp/cards/000025/files/1144_ruby_12163.zip,人の前に私を私以上に立派に見せようとする虚妄な心は有り余るほど持っていたけれども、そこに埋めることの出来ない苦痛をも全く失ってはいなかった。,,public_domain:青空文庫:惜みなく愛は奪う:有島武郎
基調,きちょう,기조,惜みなく愛は奪う,有島武郎,https://www.aozora.gr.jp/cards/000025/files/1144_ruby_12163.zip,そして現在をも未来をも能うべくんば過去という基調によって導こうとする。,,public_domain:青空文庫:惜みなく愛は奪う:有島武郎
報酬,ほうしゅう,보수,惜みなく愛は奪う,有島武郎,https://www.aozora.gr.jp/cards/000025/files/1144_ruby_12163.zip,だから若し私がこの種の生活にのみ安住して、社会が規定した知識と道徳とに依拠していたならば、恐らく社会から最上の報酬を与えられるだろう。,,public_domain:青空文庫:惜みなく愛は奪う:有島武郎
壊す,こわす,부수다,惜みなく愛は奪う,有島武郎,https://www.aozora.gr.jp/cards/000025/files/1144_ruby_12163.zip,けれどもその実質をよく考えてみると、それは他の星の世界と同じ実質であり、その中に潜む力は一瞬時にして、地殻を思いのままに破壊することも出来、新たに地表を生み出すことも出来るのだ。,,public_domain:青空文庫:惜みなく愛は奪う:有島武郎
外観,がいかん,외관,惜みなく愛は奪う,有島武郎,https://www.aozora.gr.jp/cards/000025/files/1144_ruby_12163.zip,若し人がその自覚を逆用して、肉にまで至る愛の要求のない場合に、単に外観的に観察された野獣の本能に走ったならば、それは明かに人間の有する本能の全体的な活動ということが出来ない。,,public_domain:青空文庫:惜みなく愛は奪う:有島武郎
多様な,たような,다양한,惜みなく愛は奪う,有島武郎,https://www.aozora.gr.jp/cards/000025/files/1144_ruby_12163.zip,何という多趣多様な生活の相だろう。,,public_domain:青空文庫:惜みなく愛は奪う:有島武郎
大自然,だいしぜん,대자연,惜みなく愛は奪う,有島武郎,https://www.aozora.gr.jp/cards/000025/files/1144_ruby_12163.zip,ホイットマンが「アダムの子等」に於て、性慾を歌い、大自然の雄々しい裸かな姿を髣髴させるような瞬間を讃美したことに何んの不思議があろう。,,public_domain:青空文庫:惜みなく愛は奪う:有島武郎
天国,てんごく,천국,惜みなく愛は奪う,有島武郎,https://www.aozora.gr.jp/cards/000025/files/1144_ruby_12163.zip,霊と肉、天国と地獄、天使と悪魔、それから何、それから何……対立した観念を持ち出さなければ何んだか安心が出来ない、そのくせ観念が対立していると何んだか安心が出来ない、両天秤にかけられたような、底のない空虚に浮んでいるような不安がお前を襲って来るのだ。,,public_domain:青空文庫:惜みなく愛は奪う:有島武郎
失墜,しっつい,실추,惜みなく愛は奪う,有島武郎,https://www.aozora.gr.jp/cards/000025/files/1144_ruby_12163.zip,そして何故に現在の宗教がその権威を失墜してしまったか。,,public_domain:青空文庫:惜みなく愛は奪う:有島武郎
好ましい,このましい,바람직한,惜みなく愛は奪う,有島武郎,https://www.aozora.gr.jp/cards/000025/files/1144_ruby_12163.zip,即ち生命の緊張が一番好ましいものに思われる。,,public_domain:青空文庫:惜みなく愛は奪う:有島武郎
孤独な,こどくな,고독한,惜みなく愛は奪う,有島武郎,https://www.aozora.gr.jp/cards/000025/files/1144_ruby_12163.zip,孤独な者は自分の掌を見つめることにすら、熱い涙をさそわれるのではないか。,,public_domain:青空文庫:惜みなく愛は奪う:有島武郎
実質,じっしつ,실질,惜みなく愛は奪う,有島武郎,https://www.aozora.gr.jp/cards/000025/files/1144_ruby_12163.zip,これほど体裁のいい外貌と、内容の空虚な実質とを併合した心の状態が外にあろうか。,,public_domain:青空文庫:惜みなく愛は奪う:有島武郎
実践,じっせん,실천,惜みなく愛は奪う,有島武郎,https://www.aozora.gr.jp/cards/000025/files/1144_ruby_12163.zip,現代の政治も、教育も、学術も、産業も、大体に於てはこの智的生活の強調と実践とにその目標をおいている。,,public_domain:青空文庫:惜みなく愛は奪う:有島武郎
宿命,しゅくめい,숙명,惜みなく愛は奪う,有島武郎,https://www.aozora.gr.jp/cards/000025/files/1144_ruby_12163.zip,果てしのない迷執にさまよわねばならぬ人の宿命であって見れば、各※の瞬間をただ楽しんで生きる外に残される何事があろうぞとその人達はいう。,,public_domain:青空文庫:惜みなく愛は奪う:有島武郎
展望,てんぼう,전망,惜みなく愛は奪う,有島武郎,https://www.aozora.gr.jp/cards/000025/files/1144_ruby_12163.zip,私は新たなる展望から展望へと進み行くことが出来ない。,,public_domain:青空文庫:惜みなく愛は奪う:有島武郎
崩れる,くずれる,무너지다,惜みなく愛は奪う,有島武郎,https://www.aozora.gr.jp/cards/000025/files/1144_ruby_12163.zip,若し自然にあの絢爛な多種多様があり、独り人間界にそれがなかったならば、宇宙の美と真とはその時に崩れるといってもいいだろう。,,public_domain:青空文庫:惜みなく愛は奪う:有島武郎
巧みな,たくみな,교묘한,惜みなく愛は奪う,有島武郎,https://www.aozora.gr.jp/cards/000025/files/1144_ruby_12163.zip,非常に巧みな、そして狡猾な仮面の下に隠れた功利主義としか思われない。,,public_domain:青空文庫:惜みなく愛は奪う:有島武郎
幾多,いくた,수많은,惜みなく愛は奪う,有島武郎,https://www.aozora.gr.jp/cards/000025/files/1144_ruby_12163.zip,だから少し綿密な観察者は、智と情との間に、情と意志との間に、又意志と智との間に、判然とはその何れにも従わせることの出来ない幾多の心的活動を発見するだろう。,,public_domain:青空文庫:惜みなく愛は奪う:有島武郎
弁護,べんご,변호,惜みなく愛は奪う,有島武郎,https://www.aozora.gr.jp/cards/000025/files/1144_ruby_12163.zip,又お前の信仰の虚偽を発かれようとすると「主よ主よというもの悉く天国に入るにあらず、吾が天に在す神の旨に遵るもののみなり」といってお前を弁護したではないか。,,public_domain:青空文庫:惜みなく愛は奪う:有島武郎
強いる,しいる,강요하다,惜みなく愛は奪う,有島武郎,https://www.aozora.gr.jp/cards/000025/files/1144_ruby_12163.zip,経験する私と経験を強いる外界とがあって知識は生れ出る。,,public_domain:青空文庫:惜みなく愛は奪う:有島武郎
形態,けいたい,형태,惜みなく愛は奪う,有島武郎,https://www.aozora.gr.jp/cards/000025/files/1144_ruby_12163.zip,習性及び形態の保存に固着してカリバンのように固有の生活にしがみ附こうとする生物を或る神秘な力が鞭ちつつ、分化から分化へと飛躍させて来た。,,public_domain:青空文庫:惜みなく愛は奪う:有島武郎
彷徨う,さまよう,헤매다,惜みなく愛は奪う,有島武郎,https://www.aozora.gr.jp/cards/000025/files/1144_ruby_12163.zip,相反して見ゆる二つの極の間に彷徨うために、内部に必然的に起る不安を得ようとも、それに忍んで両極を恐れることなく掴まねばならぬ。,,public_domain:青空文庫:惜みなく愛は奪う:有島武郎
復活,ふっかつ,부활,惜みなく愛は奪う,有島武郎,https://www.aozora.gr.jp/cards/000025/files/1144_ruby_12163.zip,復活していたろうか。,,public_domain:青空文庫:惜みなく愛は奪う:有島武郎
微量,びりょう,미량,惜みなく愛は奪う,有島武郎,https://www.aozora.gr.jp/cards/000025/files/1144_ruby_12163.zip,若しそれが純であるならば、誠実は微量であっても事足りる。,,public_domain:青空文庫:惜みなく愛は奪う:有島武郎
必ずしも,かならずしも,반드시,惜みなく愛は奪う,有島武郎,https://www.aozora.gr.jp/cards/000025/files/1144_ruby_12163.zip,智的生活は多くの人々の経験の総和が生み出した結果であり約束であるが、本能的生活は純粋個性内部の衝動であるが故に、必ずしも社会生活と順応することが出来ないだろうとの杞憂は起りがちに見えるからである。,,public_domain:青空文庫:惜みなく愛は奪う:有島武郎
必然,ひつぜん,필연,惜みなく愛は奪う,有島武郎,https://www.aozora.gr.jp/cards/000025/files/1144_ruby_12163.zip,相反して見ゆる二つの極の間に彷徨うために、内部に必然的に起る不安を得ようとも、それに忍んで両極を恐れることなく掴まねばならぬ。,,public_domain:青空文庫:惜みなく愛は奪う:有島武郎
忠実な,ちゅうじつな,충실한,惜みなく愛は奪う,有島武郎,https://www.aozora.gr.jp/cards/000025/files/1144_ruby_12163.zip,陽の照る時には、彼の忠実な伴侶はその影であるだろう。,,public_domain:青空文庫:惜みなく愛は奪う:有島武郎
成り立つ,なりたつ,성립되다,惜みなく愛は奪う,有島武郎,https://www.aozora.gr.jp/cards/000025/files/1144_ruby_12163.zip,その言葉の後ろに安んじて巣喰うべき暗示の座が成り立つだろうかとそれを私は恐れる。,,public_domain:青空文庫:惜みなく愛は奪う:有島武郎
成長,せいちょう,성장,惜みなく愛は奪う,有島武郎,https://www.aozora.gr.jp/cards/000025/files/1144_ruby_12163.zip,その姿は無機物の結晶に起る成長らしい現象とは多くの点に於て相違していた。,,public_domain:青空文庫:惜みなく愛は奪う:有島武郎
承認,しょうにん,승인,惜みなく愛は奪う,有島武郎,https://www.aozora.gr.jp/cards/000025/files/1144_ruby_12163.zip,私の存在の確実な承認は各※の現在に於てのみ与えられる。,,public_domain:青空文庫:惜みなく愛は奪う:有島武郎
把握,はあく,파악,惜みなく愛は奪う,有島武郎,https://www.aozora.gr.jp/cards/000025/files/1144_ruby_12163.zip,私には生命に対する生命自身の把握という事が一番尊く思われる。,,public_domain:青空文庫:惜みなく愛は奪う:有島武郎
抑制,よくせい,억제,惜みなく愛は奪う,有島武郎,https://www.aozora.gr.jp/cards/000025/files/1144_ruby_12163.zip,社会の最大の要求なる平安の為めに、進歩と創造の衝動を抑制すべきであるか。,,public_domain:青空文庫:惜みなく愛は奪う:有島武郎
抑圧,よくあつ,억압,惜みなく愛は奪う,有島武郎,https://www.aozora.gr.jp/cards/000025/files/1144_ruby_12163.zip,この本能を抑圧する必要のある、若しくは抑圧すべき道徳の上に成り立たねばならぬとの主張の上に据えられた人類の集団生活には見遁すことの出来ないうそがある。,,public_domain:青空文庫:惜みなく愛は奪う:有島武郎
投入,とうにゅう,투입,惜みなく愛は奪う,有島武郎,https://www.aozora.gr.jp/cards/000025/files/1144_ruby_12163.zip,かくて愛の本能に従って、私は他を私の中に同化し、他に愛せらるることによって、私は他の中に投入し、私と他とは巻絹の経緯の如く、そこにおのずから美しい生活の紋様を織りなして行くのだ。,,public_domain:青空文庫:惜みなく愛は奪う:有島武郎
抗議,こうぎ,항의,惜みなく愛は奪う,有島武郎,https://www.aozora.gr.jp/cards/000025/files/1144_ruby_12163.zip,私はこの抗議を肯じよう。,,public_domain:青空文庫:惜みなく愛は奪う:有島武郎
抽象,ちゅうしょう,추상,惜みなく愛は奪う,有島武郎,https://www.aozora.gr.jp/cards/000025/files/1144_ruby_12163.zip,この問題を私がこのように抽象的に申し出ると異存のある人はないようだ。,,public_domain:青空文庫:惜みなく愛は奪う:有島武郎
持続,じぞく,지속,惜みなく愛は奪う,有島武郎,https://www.aozora.gr.jp/cards/000025/files/1144_ruby_12163.zip,外界との接触から自由であることの出来ない私の個性は、縦令自主的な生活を導きつつあっても、常に外界に対し何等かの角度を保ってその存在を持続しなければならない。,,public_domain:青空文庫:惜みなく愛は奪う:有島武郎
接触,せっしょく,접촉,惜みなく愛は奪う,有島武郎,https://www.aozora.gr.jp/cards/000025/files/1144_ruby_12163.zip,だから私は私の属していた団体を退くと共に、それまで指導を受けていた先輩達との直接の接触からも遠ざかり始めた。,,public_domain:青空文庫:惜みなく愛は奪う:有島武郎
撤回,てっかい,철회,惜みなく愛は奪う,有島武郎,https://www.aozora.gr.jp/cards/000025/files/1144_ruby_12163.zip,そしてエマアソンがその撤回を強要した時、敢然として耳を傾けなかった理由が如何に明白であるよ。,,public_domain:青空文庫:惜みなく愛は奪う:有島武郎
改良,かいりょう,개량,惜みなく愛は奪う,有島武郎,https://www.aozora.gr.jp/cards/000025/files/1144_ruby_12163.zip,私はかくの如き妥協的な改良説を一番恐れなければならない。,,public_domain:青空文庫:惜みなく愛は奪う:有島武郎
放射,ほうしゃ,방사,惜みなく愛は奪う,有島武郎,https://www.aozora.gr.jp/cards/000025/files/1144_ruby_12163.zip,実際愛するものの心理と行為との特徴は放射することであり与えることだ。,,public_domain:青空文庫:惜みなく愛は奪う:有島武郎
敗北,はいぼく,패배,惜みなく愛は奪う,有島武郎,https://www.aozora.gr.jp/cards/000025/files/1144_ruby_12163.zip,それは或る時には勝利で、或る時には敗北であるであろう。,,public_domain:青空文庫:惜みなく愛は奪う:有島武郎
教訓,きょうくん,교훈,惜みなく愛は奪う,有島武郎,https://www.aozora.gr.jp/cards/000025/files/1144_ruby_12163.zip,私はお前が従う為めに結果される思想なり言説なり行為なりが、仮りに外界の伝説、習慣、教訓と衝突矛盾を惹き起すことがあろうとも、お前は決して心を乱して、私を疑うようなことをしてはならぬ。,,public_domain:青空文庫:惜みなく愛は奪う:有島武郎
断つ,たつ,끊다,惜みなく愛は奪う,有島武郎,https://www.aozora.gr.jp/cards/000025/files/1144_ruby_12163.zip,或る時は神を見出だし得んためには、自分の生命を好んで断つのを意としなかった。,,public_domain:青空文庫:惜みなく愛は奪う:有島武郎
断言,だんげん,단언,惜みなく愛は奪う,有島武郎,https://www.aozora.gr.jp/cards/000025/files/1144_ruby_12163.zip,若しそういう人があるなら、私は明かにそれが誤謬であるのを自分の経験から断言することが出来る。,,public_domain:青空文庫:惜みなく愛は奪う:有島武郎
施す,ほどこす,베풀다,惜みなく愛は奪う,有島武郎,https://www.aozora.gr.jp/cards/000025/files/1144_ruby_12163.zip,若し愛が片務的に動いた場合に、愛するということを恩恵を施すという如く考えている人には、愛するという行為に一種の自己満足を感ずるが故に、愛する人の受ける心の豊かさは二倍になると主張するなら、それは愛の作用を没我的でなければならぬと強言する愛他主義者としてはあるまじきことだといわねばならぬ。,,public_domain:青空文庫:惜みなく愛は奪う:有島武郎
明瞭な,めいりょうな,명료한,惜みなく愛は奪う,有島武郎,https://www.aozora.gr.jp/cards/000025/files/1144_ruby_12163.zip,然しそこに出来上った結果はその政治家の肖像でもなく、民衆の投影でもなく、粗雑な不明瞭な重ね写真に過ぎない。,,public_domain:青空文庫:惜みなく愛は奪う:有島武郎
是正,ぜせい,시정,惜みなく愛は奪う,有島武郎,https://www.aozora.gr.jp/cards/000025/files/1144_ruby_12163.zip,智的生活が習性的生活を是正する時には、私は智的生活に従って習性的生活を導かねばならぬ。,,public_domain:青空文庫:惜みなく愛は奪う:有島武郎
普遍,ふへん,보편,惜みなく愛は奪う,有島武郎,https://www.aozora.gr.jp/cards/000025/files/1144_ruby_12163.zip,私の経験は狭く貧しくして、とてもそんな普遍的な訴えをなし得ないことを私はよく知っている。,,public_domain:青空文庫:惜みなく愛は奪う:有島武郎
暗示,あんじ,암시,惜みなく愛は奪う,有島武郎,https://www.aozora.gr.jp/cards/000025/files/1144_ruby_12163.zip,私は已むを得ず言葉に潜む暗示により多くの頼みをかけなければならない。,,public_domain:青空文庫:惜みなく愛は奪う:有島武郎
更に,さらに,더욱,惜みなく愛は奪う,有島武郎,https://www.aozora.gr.jp/cards/000025/files/1144_ruby_12163.zip,若し私のこの貧しい感想を読む人があった時、この出発点を首肯することが出来ないならば、私はその人に更にいい進むべき何物をも持ち得ない。,,public_domain:青空文庫:惜みなく愛は奪う:有島武郎
有機,ゆうき,유기,惜みなく愛は奪う,有島武郎,https://www.aozora.gr.jp/cards/000025/files/1144_ruby_12163.zip,地球が造られた始めにはそこに痕跡すら有機物は存在しなかった。,,public_domain:青空文庫:惜みなく愛は奪う:有島武郎
未知,みち,미지,惜みなく愛は奪う,有島武郎,https://www.aozora.gr.jp/cards/000025/files/1144_ruby_12163.zip,縦令蔑ろにしたところが、実際に於て過去は私の中に滲み透り、未来は私の現在を未知の世界に導いて行く。,,public_domain:青空文庫:惜みなく愛は奪う:有島武郎
本質,ほんしつ,본질,惜みなく愛は奪う,有島武郎,https://www.aozora.gr.jp/cards/000025/files/1144_ruby_12163.zip,然し偽善者とは弱いということばかりがその本質ではない。,,public_domain:青空文庫:惜みなく愛は奪う:有島武郎
栄える,さかえる,번영하다,惜みなく愛は奪う,有島武郎,https://www.aozora.gr.jp/cards/000025/files/1144_ruby_12163.zip,かのフェニックスが火に焼かれても、再び若々しい存在に甦って、絶えず両翼を大空に向って張るように、この精進努力の生活は人類がなお地上の王なる左券として、長くこの世に栄えるだろう。,,public_domain:青空文庫:惜みなく愛は奪う:有島武郎
根拠,こんきょ,근거,惜みなく愛は奪う,有島武郎,https://www.aozora.gr.jp/cards/000025/files/1144_ruby_12163.zip,これらの外面的な情実から、家族は国家の柱石、資本主義の根拠地となっている。,,public_domain:青空文庫:惜みなく愛は奪う:有島武郎
根本,こんぽん,근본,惜みなく愛は奪う,有島武郎,https://www.aozora.gr.jp/cards/000025/files/1144_ruby_12163.zip,科学に、従って科学的研究に絶大の価値をおこうとする現代にあっては、帰納法の根本的欠陥は往々無反省に閑却される。,,public_domain:青空文庫:惜みなく愛は奪う:有島武郎
極めて,きわめて,극히,惜みなく愛は奪う,有島武郎,https://www.aozora.gr.jp/cards/000025/files/1144_ruby_12163.zip,私は自分が極めて低い生活途上に立っているものであることをよく知りぬいている。,,public_domain:青空文庫:惜みなく愛は奪う:有島武郎
極める,きわめる,극에 달하다,惜みなく愛は奪う,有島武郎,https://www.aozora.gr.jp/cards/000025/files/1144_ruby_12163.zip,その異同を見極めるだけにでも女性の中から天才の出現するのは最も望まるべきことだ。,,public_domain:青空文庫:惜みなく愛は奪う:有島武郎
構える,かまえる,자세를 취하다,惜みなく愛は奪う,有島武郎,https://www.aozora.gr.jp/cards/000025/files/1144_ruby_12163.zip,彼は頑丈な石窟に身を託する事も、幽邃な深林にその住居を構えることも出来ない。,,public_domain:青空文庫:惜みなく愛は奪う:有島武郎
様式,ようしき,양식,惜みなく愛は奪う,有島武郎,https://www.aozora.gr.jp/cards/000025/files/1144_ruby_12163.zip,だから今の程度の人類生活の様式下にあっては、個人的の飛躍的動向を無視圧迫しても、智的生活の確立を希望する。,,public_domain:青空文庫:惜みなく愛は奪う:有島武郎
模倣,もほう,모방,惜みなく愛は奪う,有島武郎,https://www.aozora.gr.jp/cards/000025/files/1144_ruby_12163.zip,然しながら形象の模倣再現から這入ったこの芸術は永くその伝統から遁れ出ることが出来ないで、その色その面を形の奴婢にのみ充てていた。,,public_domain:青空文庫:惜みなく愛は奪う:有島武郎
模索,もさく,모색,惜みなく愛は奪う,有島武郎,https://www.aozora.gr.jp/cards/000025/files/1144_ruby_12163.zip,不完全な人間は一気にその普遍不易の道徳の根元を把握しがたい為めに、模索の結果として誤ってその一部を彼等の規準とするに過ぎぬ。,,public_domain:青空文庫:惜みなく愛は奪う:有島武郎
権力,けんりょく,권력,惜みなく愛は奪う,有島武郎,https://www.aozora.gr.jp/cards/000025/files/1144_ruby_12163.zip,×権力と輿論とは智的生活の所産である。,,public_domain:青空文庫:惜みなく愛は奪う:有島武郎
機能,きのう,기능,惜みなく愛は奪う,有島武郎,https://www.aozora.gr.jp/cards/000025/files/1144_ruby_12163.zip,駝鳥が一つの機能の働きだけを隠すことによって、全体を隠し得たと思いこむのと反対に、私は一つの機能だけを働かすことによって、私の全体を働かしていると信ずることが屡※ある。,,public_domain:青空文庫:惜みなく愛は奪う:有島武郎
欠く,かく,결여되다,惜みなく愛は奪う,有島武郎,https://www.aozora.gr.jp/cards/000025/files/1144_ruby_12163.zip,これまでお前が、自分を或る外界の型に篏める必要から、強いて不用のものと見て、切り捨ててしまったお前の部分は、今は本当の価値を回復して、お前に取ってはやはり必要欠くべからざる要素となった。,,public_domain:青空文庫:惜みなく愛は奪う:有島武郎
欺く,あざむく,속이다,惜みなく愛は奪う,有島武郎,https://www.aozora.gr.jp/cards/000025/files/1144_ruby_12163.zip,そしてお前自身を欺くことによって他人をまで欺いていた。,,public_domain:青空文庫:惜みなく愛は奪う:有島武郎
殺人,さつじん,살인,惜みなく愛は奪う,有島武郎,https://www.aozora.gr.jp/cards/000025/files/1144_ruby_12163.zip,然しクルーソーはやがてフライデーを殺人者から救い出した。,,public_domain:青空文庫:惜みなく愛は奪う:有島武郎
流出,りゅうしゅつ,유출,惜みなく愛は奪う,有島武郎,https://www.aozora.gr.jp/cards/000025/files/1144_ruby_12163.zip,お前の個性は分化拡張して、しかも稀薄な内容になって、中心から外部へ散漫に流出してしまった。,,public_domain:青空文庫:惜みなく愛は奪う:有島武郎
混同,こんどう,혼동,惜みなく愛は奪う,有島武郎,https://www.aozora.gr.jp/cards/000025/files/1144_ruby_12163.zip,私はこの橋梁即ち手段を実在そのものと混同することが出来ないのだ。,,public_domain:青空文庫:惜みなく愛は奪う:有島武郎
滅びる,ほろびる,멸망하다,惜みなく愛は奪う,有島武郎,https://www.aozora.gr.jp/cards/000025/files/1144_ruby_12163.zip,この一事が見過されていたなら教育の本義はその瞬間に滅びるのみならず、それは却って有害になる。,,public_domain:青空文庫:惜みなく愛は奪う:有島武郎
潔い,いさぎよい,깨끗한,惜みなく愛は奪う,有島武郎,https://www.aozora.gr.jp/cards/000025/files/1144_ruby_12163.zip,愛したものの死ほど心安い潔い死はない。,,public_domain:青空文庫:惜みなく愛は奪う:有島武郎
煩雑な,はんざつな,번잡한,惜みなく愛は奪う,有島武郎,https://www.aozora.gr.jp/cards/000025/files/1144_ruby_12163.zip,かかる生活を有するが為めに私の日常生活はどれ程煩雑な葛藤から救われているか知れない。,,public_domain:青空文庫:惜みなく愛は奪う:有島武郎
燃焼,ねんしょう,연소,惜みなく愛は奪う,有島武郎,https://www.aozora.gr.jp/cards/000025/files/1144_ruby_12163.zip,燃焼の生活とか白熱の生命とかいう言葉は紙と筆とをもってこそ表わし得ようけれども、私の実際の生活の上には容易に来てくれることがない。,,public_domain:青空文庫:惜みなく愛は奪う:有島武郎
物足りない,ものたりない,부족하다,惜みなく愛は奪う,有島武郎,https://www.aozora.gr.jp/cards/000025/files/1144_ruby_12163.zip,人のすることを自分もして見なければ、何か物足りないような淋しさから、お前は宗教というものにも指を染めて見たのだ。,,public_domain:青空文庫:惜みなく愛は奪う:有島武郎
犯す,おかす,범하다,惜みなく愛は奪う,有島武郎,https://www.aozora.gr.jp/cards/000025/files/1144_ruby_12163.zip,私達の発した言葉は私達が針ほどの誤謬を犯すや否や、すぐに刃を反えして私達に切ってかかる。,,public_domain:青空文庫:惜みなく愛は奪う:有島武郎
独創,どくそう,독창,惜みなく愛は奪う,有島武郎,https://www.aozora.gr.jp/cards/000025/files/1144_ruby_12163.zip,権威と独創とは本能的生活の所産である。,,public_domain:青空文庫:惜みなく愛は奪う:有島武郎
獲得,かくとく,획득,惜みなく愛は奪う,有島武郎,https://www.aozora.gr.jp/cards/000025/files/1144_ruby_12163.zip,即ち過去に対しては感情の自由を獲得し、未来に対しては意志の自由を主張し、現在の中にのみ必然の規範を立しようとするものだ。,,public_domain:青空文庫:惜みなく愛は奪う:有島武郎
現に,げんに,실제로,惜みなく愛は奪う,有島武郎,https://www.aozora.gr.jp/cards/000025/files/1144_ruby_12163.zip,然し本体の表現には役立たない。,,public_domain:青空文庫:惜みなく愛は奪う:有島武郎
理論,りろん,이론,惜みなく愛は奪う,有島武郎,https://www.aozora.gr.jp/cards/000025/files/1144_ruby_12163.zip,憎愛の二極を撥無して、陰陽を統合した太極というような形の愛、それは理論的に考えて見られぬでもないことではあるが、かくの如きものが果して私達人間の生活を築き上げてゆく上になくてはならぬ重大問題だろうか。,,public_domain:青空文庫:惜みなく愛は奪う:有島武郎
田園,でんえん,전원,惜みなく愛は奪う,有島武郎,https://www.aozora.gr.jp/cards/000025/files/1144_ruby_12163.zip,例えばここに或る田園がある。,,public_domain:青空文庫:惜みなく愛は奪う:有島武郎
異性,いせい,이성,惜みなく愛は奪う,有島武郎,https://www.aozora.gr.jp/cards/000025/files/1144_ruby_12163.zip,同性間の愛にあっては本能は分裂して、精神的（若し同性間に異性関係の仮想が成立しなければ）という一方面にのみ表現される。,,public_domain:青空文庫:惜みなく愛は奪う:有島武郎
発揮,はっき,발휘,惜みなく愛は奪う,有島武郎,https://www.aozora.gr.jp/cards/000025/files/1144_ruby_12163.zip,これまで外界に征服されて甘んじていた個性はその独自性を発揮して、外界を相手取って挑戦する。,,public_domain:青空文庫:惜みなく愛は奪う:有島武郎
発生,はっせい,발생,惜みなく愛は奪う,有島武郎,https://www.aozora.gr.jp/cards/000025/files/1144_ruby_12163.zip,努力せんとする私とその対象たる外界があって道徳は発生する。,,public_domain:青空文庫:惜みなく愛は奪う:有島武郎
直ちに,ただちに,즉시,惜みなく愛は奪う,有島武郎,https://www.aozora.gr.jp/cards/000025/files/1144_ruby_12163.zip,人は生れると直ちにこの「不可能」と「欲求」との間にさいなまれる。,,public_domain:青空文庫:惜みなく愛は奪う:有島武郎
相互,そうご,상호,惜みなく愛は奪う,有島武郎,https://www.aozora.gr.jp/cards/000025/files/1144_ruby_12163.zip,愛が与えることによって二倍するという現象は、愛するものと愛せられたるものとの間に愛が相互的に成り立った場合に限るのだ。,,public_domain:青空文庫:惜みなく愛は奪う:有島武郎
真理,しんり,진리,惜みなく愛は奪う,有島武郎,https://www.aozora.gr.jp/cards/000025/files/1144_ruby_12163.zip,沽ろうとした瞬間に美徳が美徳でなくなるという第一義的な真理を本能の如く知っているのは彼女だ。,,public_domain:青空文庫:惜みなく愛は奪う:有島武郎
真相,しんそう,진상,惜みなく愛は奪う,有島武郎,https://www.aozora.gr.jp/cards/000025/files/1144_ruby_12163.zip,然し概念的に物事を考える習慣に縛られている私達は、愛という重大な問題を考察する時にも、極めて習慣的な外面的な概念に捕えられて、その真相とは往々にして対角線的にかけへだたった結論に達していることはないだろうか。,,public_domain:青空文庫:惜みなく愛は奪う:有島武郎
着色,ちゃくしょく,착색,惜みなく愛は奪う,有島武郎,https://www.aozora.gr.jp/cards/000025/files/1144_ruby_12163.zip,私達はこの時代的着色から躍進しなければならぬと私は思う。,,public_domain:青空文庫:惜みなく愛は奪う:有島武郎
破壊,はかい,파괴,惜みなく愛は奪う,有島武郎,https://www.aozora.gr.jp/cards/000025/files/1144_ruby_12163.zip,けれどもその実質をよく考えてみると、それは他の星の世界と同じ実質であり、その中に潜む力は一瞬時にして、地殻を思いのままに破壊することも出来、新たに地表を生み出すことも出来るのだ。,,public_domain:青空文庫:惜みなく愛は奪う:有島武郎
破棄,はき,파기,惜みなく愛は奪う,有島武郎,https://www.aozora.gr.jp/cards/000025/files/1144_ruby_12163.zip,平安は既存の事体の調節的持続であり、進歩は既存の事体の建設的破棄である。,,public_domain:青空文庫:惜みなく愛は奪う:有島武郎
確信,かくしん,확신,惜みなく愛は奪う,有島武郎,https://www.aozora.gr.jp/cards/000025/files/1144_ruby_12163.zip,だからお前は安んじて、確信をもって、お前の道を選べばいいのだ。,,public_domain:青空文庫:惜みなく愛は奪う:有島武郎
確定,かくてい,확정,惜みなく愛は奪う,有島武郎,https://www.aozora.gr.jp/cards/000025/files/1144_ruby_12163.zip,この問題の決定的批判なしには、神に対する悟りも、道徳律の確定も、科学の基礎も、人間の立場も凡て不安定となるだろう。,,public_domain:青空文庫:惜みなく愛は奪う:有島武郎
確立,かくりつ,확립,惜みなく愛は奪う,有島武郎,https://www.aozora.gr.jp/cards/000025/files/1144_ruby_12163.zip,だから今の程度の人類生活の様式下にあっては、個人的の飛躍的動向を無視圧迫しても、智的生活の確立を希望する。,,public_domain:青空文庫:惜みなく愛は奪う:有島武郎
神殿,しんでん,신전,惜みなく愛は奪う,有島武郎,https://www.aozora.gr.jp/cards/000025/files/1144_ruby_12163.zip,私は今その神殿に徐ろに進みよったように思う。,,public_domain:青空文庫:惜みなく愛は奪う:有島武郎
移る,うつる,옮겨가다,惜みなく愛は奪う,有島武郎,https://www.aozora.gr.jp/cards/000025/files/1144_ruby_12163.zip,生存競争は個性から始まって始めて階級争闘に移るのだ。,,public_domain:青空文庫:惜みなく愛は奪う:有島武郎
空間,くうかん,공간,惜みなく愛は奪う,有島武郎,https://www.aozora.gr.jp/cards/000025/files/1144_ruby_12163.zip,そして或る世界が――時間と空間をさえ撥無するほどの拡がりを持った或る世界が――個性の中にしっかりと建立される。,,public_domain:青空文庫:惜みなく愛は奪う:有島武郎
窮乏,きゅうぼう,궁핍,惜みなく愛は奪う,有島武郎,https://www.aozora.gr.jp/cards/000025/files/1144_ruby_12163.zip,人は屡※いう、基督は有らゆるものを犠牲に供し、救世主たるの義務の故に、凡ての迫害と窮乏とを甘受し、十字架の死をさえ敢えて堪え忍んだ。,,public_domain:青空文庫:惜みなく愛は奪う:有島武郎
立法,りっぽう,입법,惜みなく愛は奪う,有島武郎,https://www.aozora.gr.jp/cards/000025/files/1144_ruby_12163.zip,立法の主体は稍※移動したかも知れない。,,public_domain:青空文庫:惜みなく愛は奪う:有島武郎
築く,きずく,쌓다,惜みなく愛は奪う,有島武郎,https://www.aozora.gr.jp/cards/000025/files/1144_ruby_12163.zip,多くの人は省察をここに限り、愛の体験を十分に噛みしめて見ることをせずに、逸早くこの観念を受け入れ、その上に各自の人生観を築く。,,public_domain:青空文庫:惜みなく愛は奪う:有島武郎
精巧な,せいこうな,정교한,惜みなく愛は奪う,有島武郎,https://www.aozora.gr.jp/cards/000025/files/1144_ruby_12163.zip,或は又精巧な機械といってもよい。,,public_domain:青空文庫:惜みなく愛は奪う:有島武郎
細胞,さいぼう,세포,惜みなく愛は奪う,有島武郎,https://www.aozora.gr.jp/cards/000025/files/1144_ruby_12163.zip,有機物の発生に次いで単細胞の生物が現われ出た。,,public_domain:青空文庫:惜みなく愛は奪う:有島武郎
経緯,けいい,경위,惜みなく愛は奪う,有島武郎,https://www.aozora.gr.jp/cards/000025/files/1144_ruby_12163.zip,かくて愛の本能に従って、私は他を私の中に同化し、他に愛せらるることによって、私は他の中に投入し、私と他とは巻絹の経緯の如く、そこにおのずから美しい生活の紋様を織りなして行くのだ。,,public_domain:青空文庫:惜みなく愛は奪う:有島武郎
結合,けつごう,결합,惜みなく愛は奪う,有島武郎,https://www.aozora.gr.jp/cards/000025/files/1144_ruby_12163.zip,愛なき男女の結合を強制することは、そのまま生活の堕落である。,,public_domain:青空文庫:惜みなく愛は奪う:有島武郎
結晶,けっしょう,결정,惜みなく愛は奪う,有島武郎,https://www.aozora.gr.jp/cards/000025/files/1144_ruby_12163.zip,その姿は無機物の結晶に起る成長らしい現象とは多くの点に於て相違していた。,,public_domain:青空文庫:惜みなく愛は奪う:有島武郎
統率,とうそつ,통솔,惜みなく愛は奪う,有島武郎,https://www.aozora.gr.jp/cards/000025/files/1144_ruby_12163.zip,それは生活の全部を統率するために、人間によって約束された規範であるからだ。,,public_domain:青空文庫:惜みなく愛は奪う:有島武郎
維持,いじ,유지,惜みなく愛は奪う,有島武郎,https://www.aozora.gr.jp/cards/000025/files/1144_ruby_12163.zip,何故ならば人間の社会は生きた人間に依ってのみ造り上げられ、維持され、存続され、発達させられるからだ。,,public_domain:青空文庫:惜みなく愛は奪う:有島武郎
綴る,つづる,엮어 쓰다,惜みなく愛は奪う,有島武郎,https://www.aozora.gr.jp/cards/000025/files/1144_ruby_12163.zip,散文を綴る人は前者であり、詩に行く人は後者である。,,public_domain:青空文庫:惜みなく愛は奪う:有島武郎
綿密な,めんみつな,면밀한,惜みなく愛は奪う,有島武郎,https://www.aozora.gr.jp/cards/000025/files/1144_ruby_12163.zip,だから少し綿密な観察者は、智と情との間に、情と意志との間に、又意志と智との間に、判然とはその何れにも従わせることの出来ない幾多の心的活動を発見するだろう。,,public_domain:青空文庫:惜みなく愛は奪う:有島武郎
美術,びじゅつ,미술,惜みなく愛は奪う,有島武郎,https://www.aozora.gr.jp/cards/000025/files/1144_ruby_12163.zip,美術の世界に於て、未来派の人々が企図するところも、またこの音楽の聖境に対する一路の憧憬でないといえようか。,,public_domain:青空文庫:惜みなく愛は奪う:有島武郎
聴覚,ちょうかく,청각,惜みなく愛は奪う,有島武郎,https://www.aozora.gr.jp/cards/000025/files/1144_ruby_12163.zip,感覚の中でも、実生活に縁の近い触覚若しくは味覚などに依るよりも、非功利的な機能を多量に有する視覚聴覚の如きに依ろうとする。,,public_domain:青空文庫:惜みなく愛は奪う:有島武郎
自ら,みずから,스스로,惜みなく愛は奪う,有島武郎,https://www.aozora.gr.jp/cards/000025/files/1144_ruby_12163.zip,偽善者なる私の眼には、自ら教会の中の偽善の分子が見え透いてしまった。,,public_domain:青空文庫:惜みなく愛は奪う:有島武郎
自主,じしゅ,자주,惜みなく愛は奪う,有島武郎,https://www.aozora.gr.jp/cards/000025/files/1144_ruby_12163.zip,外界との接触から自由であることの出来ない私の個性は、縦令自主的な生活を導きつつあっても、常に外界に対し何等かの角度を保ってその存在を持続しなければならない。,,public_domain:青空文庫:惜みなく愛は奪う:有島武郎
至る,いたる,이르다,惜みなく愛は奪う,有島武郎,https://www.aozora.gr.jp/cards/000025/files/1144_ruby_12163.zip,若し人がその自覚を逆用して、肉にまで至る愛の要求のない場合に、単に外観的に観察された野獣の本能に走ったならば、それは明かに人間の有する本能の全体的な活動ということが出来ない。,,public_domain:青空文庫:惜みなく愛は奪う:有島武郎
苗,なえ,모종,惜みなく愛は奪う,有島武郎,https://www.aozora.gr.jp/cards/000025/files/1144_ruby_12163.zip,その結果それが枯れ果てたら、花屋は遠慮なくその幹を切り倒して他の苗木を植えるだろうから。,,public_domain:青空文庫:惜みなく愛は奪う:有島武郎
華やかな,はなやかな,화려한,惜みなく愛は奪う,有島武郎,https://www.aozora.gr.jp/cards/000025/files/1144_ruby_12163.zip,ロマンティシストの快く華やかな想像も私にはない。,,public_domain:青空文庫:惜みなく愛は奪う:有島武郎
著しい,いちじるしい,현저하다,惜みなく愛は奪う,有島武郎,https://www.aozora.gr.jp/cards/000025/files/1144_ruby_12163.zip,そして動物中に行われる現状打破の本能を際立って著しいものと認めたのではなかったろうか。,,public_domain:青空文庫:惜みなく愛は奪う:有島武郎
虚ろな,うつろな,공허한,惜みなく愛は奪う,有島武郎,https://www.aozora.gr.jp/cards/000025/files/1144_ruby_12163.zip,私は遊離した状態に在る過去を現在と対立させて、その比較の上に個性の座位を造ろうとする虚ろな企てには厭き果てたのだ。,,public_domain:青空文庫:惜みなく愛は奪う:有島武郎
見地,けんち,견지,惜みなく愛は奪う,有島武郎,https://www.aozora.gr.jp/cards/000025/files/1144_ruby_12163.zip,けれども未来派の傾向を全然斥けらるべきものだと主張する人に対しては、私は以上の見地からこの派の傾向の可能性を申し出ることが出来はしないかと思っている。,,public_domain:青空文庫:惜みなく愛は奪う:有島武郎
規定,きてい,규정,惜みなく愛は奪う,有島武郎,https://www.aozora.gr.jp/cards/000025/files/1144_ruby_12163.zip,だから若し私がこの種の生活にのみ安住して、社会が規定した知識と道徳とに依拠していたならば、恐らく社会から最上の報酬を与えられるだろう。,,public_domain:青空文庫:惜みなく愛は奪う:有島武郎
規範,きはん,규범,惜みなく愛は奪う,有島武郎,https://www.aozora.gr.jp/cards/000025/files/1144_ruby_12163.zip,即ち過去に対しては感情の自由を獲得し、未来に対しては意志の自由を主張し、現在の中にのみ必然の規範を立しようとするものだ。,,public_domain:青空文庫:惜みなく愛は奪う:有島武郎
記述,きじゅつ,기술,惜みなく愛は奪う,有島武郎,https://www.aozora.gr.jp/cards/000025/files/1144_ruby_12163.zip,帰納法は記述にのみ役立つ。,,public_domain:青空文庫:惜みなく愛は奪う:有島武郎
訴える,うったえる,호소하다,惜みなく愛は奪う,有島武郎,https://www.aozora.gr.jp/cards/000025/files/1144_ruby_12163.zip,若し謂うところの芸術家のみが創造を司り、他はこれに与らないものだとするなら、どうして芸術品が一般の人に訴えることが出来よう。,,public_domain:青空文庫:惜みなく愛は奪う:有島武郎
証拠,しょうこ,증거,惜みなく愛は奪う,有島武郎,https://www.aozora.gr.jp/cards/000025/files/1144_ruby_12163.zip,一部分であるが故に、それは外界の事情によっては修正の必要を生ずるだろうけれども、それは直ちに徹底的に道徳そのものの変易性を証拠立てるものにはならない。,,public_domain:青空文庫:惜みなく愛は奪う:有島武郎
証言,しょうげん,증언,惜みなく愛は奪う,有島武郎,https://www.aozora.gr.jp/cards/000025/files/1144_ruby_12163.zip,それはこの境界が基督自身のものではなく、私達凡下の衆もまた同じ道を歩み得ることを、彼自身が証言してくれたのだ。,,public_domain:青空文庫:惜みなく愛は奪う:有島武郎
認識,にんしき,인식,惜みなく愛は奪う,有島武郎,https://www.aozora.gr.jp/cards/000025/files/1144_ruby_12163.zip,この認識を誇るべきにせよ、恥ずべきにせよ、私はごまかしておくことが出来ない。,,public_domain:青空文庫:惜みなく愛は奪う:有島武郎
説く,とく,설명하다,惜みなく愛は奪う,有島武郎,https://www.aozora.gr.jp/cards/000025/files/1144_ruby_12163.zip,（以下十余行内務省の注意により抹殺）私はこの本質から出発した社会生活改造の法式を説くことはしまいと思う。,,public_domain:青空文庫:惜みなく愛は奪う:有島武郎
読者,どくしゃ,독자,惜みなく愛は奪う,有島武郎,https://www.aozora.gr.jp/cards/000025/files/1144_ruby_12163.zip,二私の言おうとする事が読者に十分の理解を与え得なくはないかと恐れる。,,public_domain:青空文庫:惜みなく愛は奪う:有島武郎
貫く,つらぬく,관철하다,惜みなく愛は奪う,有島武郎,https://www.aozora.gr.jp/cards/000025/files/1144_ruby_12163.zip,私達を貫く本能の力強さ。,,public_domain:青空文庫:惜みなく愛は奪う:有島武郎
貴族,きぞく,귀족,惜みなく愛は奪う,有島武郎,https://www.aozora.gr.jp/cards/000025/files/1144_ruby_12163.zip,神の信仰とは強者のみが与かり得る貴族の団欒だ。,,public_domain:青空文庫:惜みなく愛は奪う:有島武郎
躍進,やくしん,약진,惜みなく愛は奪う,有島武郎,https://www.aozora.gr.jp/cards/000025/files/1144_ruby_12163.zip,私の個性は或る已みがたい力に促されて、新たなる存在へ躍進しようとする。,,public_domain:青空文庫:惜みなく愛は奪う:有島武郎
軌道,きどう,궤도,惜みなく愛は奪う,有島武郎,https://www.aozora.gr.jp/cards/000025/files/1144_ruby_12163.zip,即ち知識も道徳も既存の経験に基いて組み立てられたもので、それがそのまま役立つためには、私の生活が同一軌道を繰り返し繰り返し往来するのを一番便利とする。,,public_domain:青空文庫:惜みなく愛は奪う:有島武郎
転換,てんかん,전환,惜みなく愛は奪う,有島武郎,https://www.aozora.gr.jp/cards/000025/files/1144_ruby_12163.zip,百八十度角の方向転換はない。,,public_domain:青空文庫:惜みなく愛は奪う:有島武郎
迅速な,じんそくな,신속한,惜みなく愛は奪う,有島武郎,https://www.aozora.gr.jp/cards/000025/files/1144_ruby_12163.zip,然し私の生長は、お前が思う程迅速なものではない。,,public_domain:青空文庫:惜みなく愛は奪う:有島武郎
迫害,はくがい,박해,惜みなく愛は奪う,有島武郎,https://www.aozora.gr.jp/cards/000025/files/1144_ruby_12163.zip,同時に、人間の本能の中から野獣と共通な部分を理智的に引き離して、純霊というような境地を捏造しようとするのは、明かに本能に対する謂れのない迫害である。,,public_domain:青空文庫:惜みなく愛は奪う:有島武郎
追い求める,おいもとめる,추구하다,惜みなく愛は奪う,有島武郎,https://www.aozora.gr.jp/cards/000025/files/1144_ruby_12163.zip,私はその上に、私の個性の全要求を満足し、しかもその満足が同時によいことであるべき生活を追い求めるだろう。,,public_domain:青空文庫:惜みなく愛は奪う:有島武郎
逃す,のがす,놓치다,惜みなく愛は奪う,有島武郎,https://www.aozora.gr.jp/cards/000025/files/1144_ruby_12163.zip,その誠実を取り逃すな。,,public_domain:青空文庫:惜みなく愛は奪う:有島武郎
途上,とじょう,도상,惜みなく愛は奪う,有島武郎,https://www.aozora.gr.jp/cards/000025/files/1144_ruby_12163.zip,私は自分が極めて低い生活途上に立っているものであることをよく知りぬいている。,,public_domain:青空文庫:惜みなく愛は奪う:有島武郎
進展,しんてん,진전,惜みなく愛は奪う,有島武郎,https://www.aozora.gr.jp/cards/000025/files/1144_ruby_12163.zip,凡ての行為が義務でなく遊戯であらねばならぬとの要求が真に感ぜられた時、人間の生活がこれから如何に進展せねばならぬかの示唆は適確に与えられるのだ。,,public_domain:青空文庫:惜みなく愛は奪う:有島武郎
遂げる,とげる,이루다,惜みなく愛は奪う,有島武郎,https://www.aozora.gr.jp/cards/000025/files/1144_ruby_12163.zip,お前が私の全要求に応じた時に於てのみ私は生長を遂げるであろう。,,public_domain:青空文庫:惜みなく愛は奪う:有島武郎
遂行,すいこう,수행,惜みなく愛は奪う,有島武郎,https://www.aozora.gr.jp/cards/000025/files/1144_ruby_12163.zip,例えば個性の要求の結果が一見肉に属する慾の遂行のように思われる時があっても、それをお前が今まで考えていたように、簡単に肉慾の遂行とのみ見てはならぬ。,,public_domain:青空文庫:惜みなく愛は奪う:有島武郎
達する,たっする,도달하다,惜みなく愛は奪う,有島武郎,https://www.aozora.gr.jp/cards/000025/files/1144_ruby_12163.zip,生活そのものが目的に達する手段ではないが故に無目的といったのである。,,public_domain:青空文庫:惜みなく愛は奪う:有島武郎
達成,たっせい,달성,惜みなく愛は奪う,有島武郎,https://www.aozora.gr.jp/cards/000025/files/1144_ruby_12163.zip,この緩慢な生活が一面に成り立つことによって、私達は他面に、必要な方面、緊張した生活の欲求を感じ、それを達成することが出来る。,,public_domain:青空文庫:惜みなく愛は奪う:有島武郎
遮る,さえぎる,가로막다,惜みなく愛は奪う,有島武郎,https://www.aozora.gr.jp/cards/000025/files/1144_ruby_12163.zip,意志の欲求を認め、その意志の欲求が必然的であるのを認め、本能的境地に置かれた意志は本能そのものであって、それを遮る何者もないことを知ったなら、私達のいう意志の自由はそのまま肯定せられなければならぬ。,,public_domain:青空文庫:惜みなく愛は奪う:有島武郎
部門,ぶもん,부문,惜みなく愛は奪う,有島武郎,https://www.aozora.gr.jp/cards/000025/files/1144_ruby_12163.zip,然るに専門家となるということは、自分を人間生活の或る一部門に売り渡すことでもある。,,public_domain:青空文庫:惜みなく愛は奪う:有島武郎
重複,ちょうふく,중복,惜みなく愛は奪う,有島武郎,https://www.aozora.gr.jp/cards/000025/files/1144_ruby_12163.zip,私は徒らな重複を避けなければならない。,,public_domain:青空文庫:惜みなく愛は奪う:有島武郎
錯誤,さくご,착오,惜みなく愛は奪う,有島武郎,https://www.aozora.gr.jp/cards/000025/files/1144_ruby_12163.zip,そこから彼の超人の哲学は生れ出たが、そしてそれは強い人に恰好な背景を与える結果にはなったが、それを解して彼が強かったからだと思うのは大きな錯誤といわねばならぬ。,,public_domain:青空文庫:惜みなく愛は奪う:有島武郎
鑑賞,かんしょう,감상,惜みなく愛は奪う,有島武郎,https://www.aozora.gr.jp/cards/000025/files/1144_ruby_12163.zip,若しそれらを掴むのが不可能のことならば、公平な観察者鑑賞者となって、両極の持味を髣髴して死のう。,,public_domain:青空文庫:惜みなく愛は奪う:有島武郎
阻止,そし,저지,惜みなく愛は奪う,有島武郎,https://www.aozora.gr.jp/cards/000025/files/1144_ruby_12163.zip,そしてそれは当事者なる政治家その人の一生を無価値にし、民衆全体の進歩を阻止し、事業そのものは、段々人間の生活から分離して、遂には生活途上の用もない瓦礫となって、徒らに人類進歩の妨げになるだろう。,,public_domain:青空文庫:惜みなく愛は奪う:有島武郎
限る,かぎる,한정하다,惜みなく愛は奪う,有島武郎,https://www.aozora.gr.jp/cards/000025/files/1144_ruby_12163.zip,愛が与えることによって二倍するという現象は、愛するものと愛せられたるものとの間に愛が相互的に成り立った場合に限るのだ。,,public_domain:青空文庫:惜みなく愛は奪う:有島武郎
階級,かいきゅう,계급,惜みなく愛は奪う,有島武郎,https://www.aozora.gr.jp/cards/000025/files/1144_ruby_12163.zip,愛はかくの如き階級を経て最も明かに自己を表現する。,,public_domain:青空文庫:惜みなく愛は奪う:有島武郎
静止,せいし,정지,惜みなく愛は奪う,有島武郎,https://www.aozora.gr.jp/cards/000025/files/1144_ruby_12163.zip,千態万様の相に分れて、地殻は目まぐるしい変化を現じてはいるが、畢竟そこに見出されるものは、静止であり、結果であり、死に近づきつつあるものであり、奥行のない現象である。,,public_domain:青空文庫:惜みなく愛は奪う:有島武郎
驚異,きょうい,경이,惜みなく愛は奪う,有島武郎,https://www.aozora.gr.jp/cards/000025/files/1144_ruby_12163.zip,誰がこの否む可らざる目前の事実に驚異せずにはいられよう。,,public_domain:青空文庫:惜みなく愛は奪う:有島武郎
名残,なごり,아쉬움,溺れかけた兄妹,有島武郎,https://www.aozora.gr.jp/cards/000025/files/215_ruby_20450.zip,私の友達のＭと私と妹とはお名残だといって海水浴にゆくことにしました。,,public_domain:青空文庫:溺れかけた兄妹:有島武郎
呼びかける,よびかける,호소하다,溺れかけた兄妹,有島武郎,https://www.aozora.gr.jp/cards/000025/files/215_ruby_20450.zip,私の顔が見えると妹は後の方からあらん限りの声をしぼって「兄さん来てよ……もう沈む……苦しい」と呼びかけるのです。,,public_domain:青空文庫:溺れかけた兄妹:有島武郎
遥かな,はるかな,아득한,溺れかけた兄妹,有島武郎,https://www.aozora.gr.jp/cards/000025/files/215_ruby_20450.zip,それにしても友達のＭは何所に行ってしまったのだろうと思って、私は若者のそばに立ちながらあたりを見廻すと、遥かな砂山の所をお婆様を助けながら駈け下りて来るのでした。,,public_domain:青空文庫:溺れかけた兄妹:有島武郎
随分,ずいぶん,꽤,溺れかけた兄妹,有島武郎,https://www.aozora.gr.jp/cards/000025/files/215_ruby_20450.zip,波打際から随分遠い所に、波に隠れたり現われたりして、可哀そうな妹の頭だけが見えていました。,,public_domain:青空文庫:溺れかけた兄妹:有島武郎
高まる,たかまる,높아지다,溺れかけた兄妹,有島武郎,https://www.aozora.gr.jp/cards/000025/files/215_ruby_20450.zip,波が高まると妹の姿が見えなくなったその時の事を思うと、今でも私の胸は動悸がして、空恐ろしい気持ちになります。,,public_domain:青空文庫:溺れかけた兄妹:有島武郎
およそ,およそ,대략,親子,有島武郎,https://www.aozora.gr.jp/cards/000025/files/1143_ruby_23130.zip,農場の事務所に達するには、およそ一丁ほどの嶮しい赤土の坂を登らなければならない。,,public_domain:青空文庫:親子:有島武郎
なにしろ,なにしろ,아무튼,親子,有島武郎,https://www.aozora.gr.jp/cards/000025/files/1143_ruby_23130.zip,「私は実はこちらを拝見するのははじめてで、帳場に任して何もさせていたもんでございますから、……もっとも報告は確実にさせていましたからけっしてお気に障るような始末にはなっていないつもりでございますが、なにしろ少し手を延ばして見ますと、体がいくつあっても足りませんので」そう言って矢部は快げに日の光をまともに受けながら声高に笑った。,,public_domain:青空文庫:親子:有島武郎
やたらに,やたらに,마구,親子,有島武郎,https://www.aozora.gr.jp/cards/000025/files/1143_ruby_23130.zip,けれどもそうでありたくない気持ちがやたらに私を攻め立てるのです。,,public_domain:青空文庫:親子:有島武郎
一帯,いったい,일대,親子,有島武郎,https://www.aozora.gr.jp/cards/000025/files/1143_ruby_23130.zip,「それは早田からお聞きのことかもしれんが、おっしゃった値段は松沢農場に望み手があって折り合った値段で、村一帯の標準にはならんのですよ。,,public_domain:青空文庫:親子:有島武郎
不備,ふび,미비,親子,有島武郎,https://www.aozora.gr.jp/cards/000025/files/1143_ruby_23130.zip,監督に対してあらゆる質問を発しながら、帳簿の不備を詰って、自分で紙を取りあげて計算しなおしたりした。,,public_domain:青空文庫:親子:有島武郎
交える,まじえる,섞다,親子,有島武郎,https://www.aozora.gr.jp/cards/000025/files/1143_ruby_23130.zip,小作人たちと自分とが、本当に人間らしい気持ちで互いに膝を交えることができようとは、夢にも彼は望み得なかったのだ。,,public_domain:青空文庫:親子:有島武郎
備わる,そなわる,갖추어지다,親子,有島武郎,https://www.aozora.gr.jp/cards/000025/files/1143_ruby_23130.zip,いったい監査役というものが単に員に備わるというような役目なのか、それとも実際上の威力を営利事業のうえに持っているものなのかさえ本当に彼にははっきりしていなかった。,,public_domain:青空文庫:親子:有島武郎
催す,もよおす,개최하다,親子,有島武郎,https://www.aozora.gr.jp/cards/000025/files/1143_ruby_23130.zip,監督も懐旧の情を催すらしく、人のいい微笑を口のはたに浮かべて、「ほんとにそうでした」と気のなさそうな合槌を打っていた。,,public_domain:青空文庫:親子:有島武郎
出世,しゅっせ,출세,親子,有島武郎,https://www.aozora.gr.jp/cards/000025/files/1143_ruby_23130.zip,それに俺しには道楽という道楽も別段あるではなし、一家が暮らして行くのにはもったいないほどの出世をしたといってもいいのだ。,,public_domain:青空文庫:親子:有島武郎
土木,どぼく,토목,親子,有島武郎,https://www.aozora.gr.jp/cards/000025/files/1143_ruby_23130.zip,農場は父のものだが、開墾は全部矢部という土木業者に請負わしてあるので、早田はいわば矢部の手で入れた監督に当たるのだ。,,public_domain:青空文庫:親子:有島武郎
展開,てんかい,전개,親子,有島武郎,https://www.aozora.gr.jp/cards/000025/files/1143_ruby_23130.zip,けれどもこれから展開されるだろう場面の不愉快さを想像することによって、彼の心はどっちかというと暗くされがちだった。,,public_domain:青空文庫:親子:有島武郎
換算,かんさん,환산,親子,有島武郎,https://www.aozora.gr.jp/cards/000025/files/1143_ruby_23130.zip,彼は矢部の眼の前に自分の愚かしさを暴露するのを感じつつも、たどたどしく百二十七町を段に換算して、それに四段歩を加え始めた。,,public_domain:青空文庫:親子:有島武郎
業者,ぎょうしゃ,업자,親子,有島武郎,https://www.aozora.gr.jp/cards/000025/files/1143_ruby_23130.zip,農場は父のものだが、開墾は全部矢部という土木業者に請負わしてあるので、早田はいわば矢部の手で入れた監督に当たるのだ。,,public_domain:青空文庫:親子:有島武郎
決意,けつい,결심,親子,有島武郎,https://www.aozora.gr.jp/cards/000025/files/1143_ruby_23130.zip,「よしやり抜くぞ」という決意が鉄丸のように彼の胸の底に沈むのを覚えた。,,public_domain:青空文庫:親子:有島武郎
相場,そうば,시세,親子,有島武郎,https://www.aozora.gr.jp/cards/000025/files/1143_ruby_23130.zip,昨夜早田と話をした時、聞きただしてみると、この辺の土地の売買は思いのほか安いものですよ」父は例の手帳を取り出して、最近売買の行なわれた地所の価格を披露しにかかると、矢部はその言葉を奪うようにだいたいの相場を自分のほうから切り出した。,,public_domain:青空文庫:親子:有島武郎
精算,せいさん,정산,親子,有島武郎,https://www.aozora.gr.jp/cards/000025/files/1143_ruby_23130.zip,そして今年になって、農場がようやく成墾したので、明日は矢部もこの農場に出向いて来て、すっかり精算をしようというわけになっているのだ。,,public_domain:青空文庫:親子:有島武郎
細心,さいしん,세심,親子,有島武郎,https://www.aozora.gr.jp/cards/000025/files/1143_ruby_23130.zip,何処までも謹恪で細心な、そのくせ商売人らしい打算に疎い父の性格が、あまりに痛々しく生粋の商人の前にさらけ出されようとするのが剣呑にも気の毒にも思われた。,,public_domain:青空文庫:親子:有島武郎
経過,けいか,경과,親子,有島武郎,https://www.aozora.gr.jp/cards/000025/files/1143_ruby_23130.zip,「事業の経過はだいたい得心が行きました。,,public_domain:青空文庫:親子:有島武郎
規約,きやく,규약,親子,有島武郎,https://www.aozora.gr.jp/cards/000025/files/1143_ruby_23130.zip,それは彼が小作人の一人一人を招いて、その口から監督に対する訴訟と、農場の規約に関する希望とを聞き取っておく役廻りで、昨夜寝る時に父が彼に命令した仕事だった。,,public_domain:青空文庫:親子:有島武郎
訂正,ていせい,정정,親子,有島武郎,https://www.aozora.gr.jp/cards/000025/files/1143_ruby_23130.zip,それではこの件はこれでいいのですな」と附け足して、あとから訂正なぞはさせないぞという気勢を示したが、矢部はたじろぐ風も見せずに平気なものだった。,,public_domain:青空文庫:親子:有島武郎
訴訟,そしょう,소송,親子,有島武郎,https://www.aozora.gr.jp/cards/000025/files/1143_ruby_23130.zip,それは彼が小作人の一人一人を招いて、その口から監督に対する訴訟と、農場の規約に関する希望とを聞き取っておく役廻りで、昨夜寝る時に父が彼に命令した仕事だった。,,public_domain:青空文庫:親子:有島武郎
野生,やせい,야생,親子,有島武郎,https://www.aozora.gr.jp/cards/000025/files/1143_ruby_23130.zip,彼は野生になったティモシーの茎を抜き取って、その根もとのやわらかい甘味を噛みしめなどしながら父のあとに続いた。,,public_domain:青空文庫:親子:有島武郎
閉口,へいこう,말문이 막힘,親子,有島武郎,https://www.aozora.gr.jp/cards/000025/files/1143_ruby_23130.zip,酔うといつでも大肌ぬぎになって、すわったままひとり角力を取って見せたものだったが、どうした癖か、唇を締めておいて、ぷっぷっと唾を霧のように吹き出すのには閉口した」そんなことをおおげさに言いだして父は高笑いをした。,,public_domain:青空文庫:親子:有島武郎
領地,りょうち,영지,親子,有島武郎,https://www.aozora.gr.jp/cards/000025/files/1143_ruby_23130.zip,「おい早田」老人は今は眼の下に見わたされる自分の領地の一区域を眺めまわしながら、見向きもせずに監督の名を呼んだ。,,public_domain:青空文庫:親子:有島武郎
飲み込む,のみこむ,삼키다,親子,有島武郎,https://www.aozora.gr.jp/cards/000025/files/1143_ruby_23130.zip,監督は、質問の意味を飲み込むことができると礑たと答えに窮したりした。,,public_domain:青空文庫:親子:有島武郎
馬鹿馬鹿しい,ばかばかしい,어리석다,親子,有島武郎,https://www.aozora.gr.jp/cards/000025/files/1143_ruby_23130.zip,始めから先方に腹を立てさすつもりで談判をするなどというのは、馬鹿馬鹿しいくらい私にはいやな気持ちです」彼は思い切ってここまで突っ込んだ。,,public_domain:青空文庫:親子:有島武郎
驚嘆,きょうたん,경탄,親子,有島武郎,https://www.aozora.gr.jp/cards/000025/files/1143_ruby_23130.zip,いわば公私の区別とでもいうものをこれほど露骨にさらけ出して見せる父の気持ちを、彼はなぜか不快に思いながらも驚嘆せずにはいられなかった。,,public_domain:青空文庫:親子:有島武郎
ずるずる,ずるずる,질질,カインの末裔,有島武郎,https://www.aozora.gr.jp/cards/000025/files/204_ruby_3382.zip,彼れは女のたぶさを掴んで道の上をずるずる引張って行った。,,public_domain:青空文庫:カインの末裔:有島武郎
ひしひし,ひしひし,절실히,カインの末裔,有島武郎,https://www.aozora.gr.jp/cards/000025/files/204_ruby_3382.zip,餓えと寒さがひしひしと答え出してがたがた身をふるわしながら、挨拶一つせずにさっさと別れて歩き出した。,,public_domain:青空文庫:カインの末裔:有島武郎
ぶかぶか,ぶかぶか,헐렁헐렁,カインの末裔,有島武郎,https://www.aozora.gr.jp/cards/000025/files/204_ruby_3382.zip,低味の畦道に敷ならべたスリッパ材はぶかぶかと水のために浮き上って、その間から真菰が長く延びて出た。,,public_domain:青空文庫:カインの末裔:有島武郎
三味線,しゃみせん,샤미센,カインの末裔,有島武郎,https://www.aozora.gr.jp/cards/000025/files/204_ruby_3382.zip,市街地にも種物商や肥料商が入込んで、たった一軒の曖昧屋からは夜ごとに三味線の遠音が響くようになった。,,public_domain:青空文庫:カインの末裔:有島武郎
仕業,しわざ,소행,カインの末裔,有島武郎,https://www.aozora.gr.jp/cards/000025/files/204_ruby_3382.zip,広岡の馬を躓かしたのは間接ながら笠井の娘の仕業だった。,,public_domain:青空文庫:カインの末裔:有島武郎
仕様,しよう,사양,カインの末裔,有島武郎,https://www.aozora.gr.jp/cards/000025/files/204_ruby_3382.zip,「こんなに亜麻をつけては仕様がねえでねえか。,,public_domain:青空文庫:カインの末裔:有島武郎
償う,つぐなう,보상하다,カインの末裔,有島武郎,https://www.aozora.gr.jp/cards/000025/files/204_ruby_3382.zip,春先きの長雨を償うように雨は一滴も降らなかった。,,public_domain:青空文庫:カインの末裔:有島武郎
加わる,くわわる,더해지다,カインの末裔,有島武郎,https://www.aozora.gr.jp/cards/000025/files/204_ruby_3382.zip,競馬に加わる若い者はその妙齢な娘の前で手柄を見せようと争った。,,public_domain:青空文庫:カインの末裔:有島武郎
労力,ろうりょく,노력,カインの末裔,有島武郎,https://www.aozora.gr.jp/cards/000025/files/204_ruby_3382.zip,果敢ない労力に句点をうって、鍬の先きが日の加減でぎらっぎらっと光った。,,public_domain:青空文庫:カインの末裔:有島武郎
勤労,きんろう,근로,カインの末裔,有島武郎,https://www.aozora.gr.jp/cards/000025/files/204_ruby_3382.zip,妻の勤労のお蔭で一冬分の燃料にも差支ない準備は出来た。,,public_domain:青空文庫:カインの末裔:有島武郎
勧誘,かんゆう,권유,カインの末裔,有島武郎,https://www.aozora.gr.jp/cards/000025/files/204_ruby_3382.zip,彼らは農家の戸別訪問をして糧秣廠よりも遙かに高価に引受けると勧誘した。,,public_domain:青空文庫:カインの末裔:有島武郎
回送,かいそう,회송,カインの末裔,有島武郎,https://www.aozora.gr.jp/cards/000025/files/204_ruby_3382.zip,昼になっても荷の回送はなかった。,,public_domain:青空文庫:カインの末裔:有島武郎
土台,どだい,토대,カインの末裔,有島武郎,https://www.aozora.gr.jp/cards/000025/files/204_ruby_3382.zip,汝れが困ると俺らが困るとは困りようが土台ちがわい。,,public_domain:青空文庫:カインの末裔:有島武郎
小銭,こぜに,잔돈,カインの末裔,有島武郎,https://www.aozora.gr.jp/cards/000025/files/204_ruby_3382.zip,「俺ら銭こ一文も持たねえからちょっぴり借りたいだが」赤坊の事を思うと、急に小銭がほしくなって、彼れがこういい出すと、帳場は呆れたように彼れの顔を見詰めた、――こいつは馬鹿な面をしているくせに油断のならない横紙破りだと思いながら。,,public_domain:青空文庫:カインの末裔:有島武郎
工面,くめん,돈 마련,カインの末裔,有島武郎,https://www.aozora.gr.jp/cards/000025/files/204_ruby_3382.zip,来年の種子さえ工面のしようのないのは今から知れ切っていた。,,public_domain:青空文庫:カインの末裔:有島武郎
布巾,ふきん,행주,カインの末裔,有島武郎,https://www.aozora.gr.jp/cards/000025/files/204_ruby_3382.zip,仁右衛門はだらんと下げた右手に斧をぶらさげたまま、妻は雑巾のように汚い布巾を胸の所に押しあてたまま、憚るように顔を見合せて突立っていた。,,public_domain:青空文庫:カインの末裔:有島武郎
懸賞,けんしょう,현상,カインの末裔,有島武郎,https://www.aozora.gr.jp/cards/000025/files/204_ruby_3382.zip,場主の松川は少からざる懸賞までした。,,public_domain:青空文庫:カインの末裔:有島武郎
手配,てはい,수배,カインの末裔,有島武郎,https://www.aozora.gr.jp/cards/000025/files/204_ruby_3382.zip,二人は仕事の手配もきめずに働いた。,,public_domain:青空文庫:カインの末裔:有島武郎
控除,こうじょ,공제,カインの末裔,有島武郎,https://www.aozora.gr.jp/cards/000025/files/204_ruby_3382.zip,彼らは案の定燕麦売揚代金の中から厳密に小作料を控除された。,,public_domain:青空文庫:カインの末裔:有島武郎
昂奮,こうふん,흥분,カインの末裔,有島武郎,https://www.aozora.gr.jp/cards/000025/files/204_ruby_3382.zip,彼れは闇の中に突っ立ちながら焼くような昂奮のためによろめいた。,,public_domain:青空文庫:カインの末裔:有島武郎
水田,すいでん,논,カインの末裔,有島武郎,https://www.aozora.gr.jp/cards/000025/files/204_ruby_3382.zip,旱魃に饑饉なしといい慣わしたのは水田の多い内地の事で、畑ばかりのＫ村なぞは雨の多い方はまだ仕やすいとしたものだが、その年の長雨には溜息を漏さない農民はなかった。,,public_domain:青空文庫:カインの末裔:有島武郎
決勝,けっしょう,결승,カインの末裔,有島武郎,https://www.aozora.gr.jp/cards/000025/files/204_ruby_3382.zip,三、四軒の農場の主人たちは決勝点の所に一段高く桟敷をしつらえてそこから見物した。,,public_domain:青空文庫:カインの末裔:有島武郎
漏らす,もらす,누설하다,カインの末裔,有島武郎,https://www.aozora.gr.jp/cards/000025/files/204_ruby_3382.zip,な」仁右衛門は黒い地平線をすかして見ながら、耳に手を置き添えて笠井の言葉を聞き漏らすまいとした。,,public_domain:青空文庫:カインの末裔:有島武郎
燃料,ねんりょう,연료,カインの末裔,有島武郎,https://www.aozora.gr.jp/cards/000025/files/204_ruby_3382.zip,妻の勤労のお蔭で一冬分の燃料にも差支ない準備は出来た。,,public_domain:青空文庫:カインの末裔:有島武郎
畜生,ちくしょう,짐승,カインの末裔,有島武郎,https://www.aozora.gr.jp/cards/000025/files/204_ruby_3382.zip,「汝ゃ乞食か盗賊か畜生か。,,public_domain:青空文庫:カインの末裔:有島武郎
耕作,こうさく,경작,カインの末裔,有島武郎,https://www.aozora.gr.jp/cards/000025/files/204_ruby_3382.zip,少し高い所からは何処までも見渡される広い平坦な耕作地の上で二人は巣に帰り損ねた二匹の蟻のようにきりきりと働いた。,,public_domain:青空文庫:カインの末裔:有島武郎
薄れる,うすれる,옅어지다,カインの末裔,有島武郎,https://www.aozora.gr.jp/cards/000025/files/204_ruby_3382.zip,仰向けになって鋼線のような脚を伸したり縮めたりして藻掻く様は命の薄れるもののように見えた。,,public_domain:青空文庫:カインの末裔:有島武郎
観衆,かんしゅう,관중,カインの末裔,有島武郎,https://www.aozora.gr.jp/cards/000025/files/204_ruby_3382.zip,「危ねえ」――観衆は一度に固唾を飲んだ。,,public_domain:青空文庫:カインの末裔:有島武郎
跡地,あとち,터,カインの末裔,有島武郎,https://www.aozora.gr.jp/cards/000025/files/204_ruby_3382.zip,畑が枯れて跡地には何んだって出来はしねえぞ。,,public_domain:青空文庫:カインの末裔:有島武郎
軽減,けいげん,경감,カインの末裔,有島武郎,https://www.aozora.gr.jp/cards/000025/files/204_ruby_3382.zip,彼れは場主と一喧嘩して笠井の仕遂せなかった小作料の軽減を実行させ、自分も農場にいつづき、小作者の感情をも柔らげて少しは自分を居心地よくしようと思ったのだ。,,public_domain:青空文庫:カインの末裔:有島武郎
逃げ出す,にげだす,도망치다,カインの末裔,有島武郎,https://www.aozora.gr.jp/cards/000025/files/204_ruby_3382.zip,殴りつけられる時するように腕をまげて目八分の所にやって、逃げ出す事もし得ないでいた。,,public_domain:青空文庫:カインの末裔:有島武郎
運送,うんそう,운송,カインの末裔,有島武郎,https://www.aozora.gr.jp/cards/000025/files/204_ruby_3382.zip,運送店の前にはもう二台の馬力があって、脚をつまだてるようにしょんぼりと立つ輓馬の鬣は、幾本かの鞭を下げたように雨によれて、その先きから水滴が絶えず落ちていた。,,public_domain:青空文庫:カインの末裔:有島武郎
邸宅,ていたく,저택,カインの末裔,有島武郎,https://www.aozora.gr.jp/cards/000025/files/204_ruby_3382.zip,農場の事務所から想像していたのとは話にならないほどちがった宏大な邸宅だった。,,public_domain:青空文庫:カインの末裔:有島武郎
鉱山,こうざん,광산,カインの末裔,有島武郎,https://www.aozora.gr.jp/cards/000025/files/204_ruby_3382.zip,仁右衛門（これから彼れという代りに仁右衛門と呼ぼう）は固より明盲だったが、農場でも漁場でも鉱山でも飯を食うためにはそういう紙の端に盲判を押さなければならないという事は心得ていた。,,public_domain:青空文庫:カインの末裔:有島武郎
陰気な,いんきな,음침한,カインの末裔,有島武郎,https://www.aozora.gr.jp/cards/000025/files/204_ruby_3382.zip,聞くに堪えないような若者どもの馬鹿話も自然と陰気な気分に押えつけられて、動ともすると、沈黙と欠伸が拡がった。,,public_domain:青空文庫:カインの末裔:有島武郎
霜,しも,서리,カインの末裔,有島武郎,https://www.aozora.gr.jp/cards/000025/files/204_ruby_3382.zip,跡は小屋も畑も霜のために白茶けた鈍い狐色だった。,,public_domain:青空文庫:カインの末裔:有島武郎
びっしょり,びっしょり,흠뻑,火事とポチ,有島武郎,https://www.aozora.gr.jp/cards/000025/files/212_ruby_19526.zip,ぼくたちをおくとすぐまた出かけて行った橋本のおじさんが、びっしょりぬれてどろだらけになって、人ちがいするほど顔がよごれて帰って来たころには、夜がすっかり明けはなれて、ぼくの家の所からは黒いけむりと白いけむりとが別々になって、よじれ合いながらもくもくと立ち上っていた。,,public_domain:青空文庫:火事とポチ:有島武郎
大雨,おおあめ,큰비 폭우,火事とポチ,有島武郎,https://www.aozora.gr.jp/cards/000025/files/212_ruby_19526.zip,どこからどこまで大雨のあとのようにびしょびしょなので、ぞうりがすぐ重くなって足のうらが気味悪くぬれてしまった。,,public_domain:青空文庫:火事とポチ:有島武郎
駆ける,かける,달리다,火事とポチ,有島武郎,https://www.aozora.gr.jp/cards/000025/files/212_ruby_19526.zip,その乞食の人はどんなことがあっても駆けるということをしないで、ぼろを引きずったまま、のそりのそりと歩いていたから、それにとらえられる気づかいはなかったけれども、遠くの方からぼくたちのにげるのを見ながら、牛のような声でおどかすことがあった。,,public_domain:青空文庫:火事とポチ:有島武郎
市場,しじょう,시장,かたわ者,有島武郎,https://www.aozora.gr.jp/cards/000025/files/56501_ruby_70383.zip,このジャンとピエールとは初めの間は市場などに行って、あわれな声を出して自分のかたわを売りものにして一銭二銭の合力を願っていましたが、人々があわれがって親切をするのをいい事にしてだんだん増長しました。,,public_domain:青空文庫:かたわ者:有島武郎
賛美,さんび,찬미,かたわ者,有島武郎,https://www.aozora.gr.jp/cards/000025/files/56501_ruby_70383.zip,町の人々は大きな声で賛美の歌をうたいはじめました。,,public_domain:青空文庫:かたわ者:有島武郎
達者な,たっしゃな,능숙한,かたわ者,有島武郎,https://www.aozora.gr.jp/cards/000025/files/56501_ruby_70383.zip,足の達者な人でも登れないような所に、このかたわ者が命がけで登るというのですから、中には変だと思う人もありましたが、そういう人にはピエールはいつでも悲しげな顔をしてこう答えました。,,public_domain:青空文庫:かたわ者:有島武郎
重宝な,ちょうほうな,편리한,かたわ者,有島武郎,https://www.aozora.gr.jp/cards/000025/files/56501_ruby_70383.zip,ジャンがいうには、「こうしていればかたわも重宝なものだ。,,public_domain:青空文庫:かたわ者:有島武郎
ちょくちょく,ちょくちょく,자주,かんかん虫,有島武郎,https://www.aozora.gr.jp/cards/000025/files/2943_ruby_8114.zip,イフヒムといがみ合った様な噂もちょくちょく聞くから、貢ぐのは野郎じゃ無くって、これはてっきり外に出来たなとそう思ったんだ。,,public_domain:青空文庫:かんかん虫:有島武郎
再生,さいせい,재생,かんかん虫,有島武郎,https://www.aozora.gr.jp/cards/000025/files/2943_ruby_8114.zip,何うも女ってものは老者の再生だぜ。,,public_domain:青空文庫:かんかん虫:有島武郎
制裁,せいさい,제재,かんかん虫,有島武郎,https://www.aozora.gr.jp/cards/000025/files/2943_ruby_8114.zip,人間が法律を作れりゃあ、虫だって作れる筈だ」と云ったのを想い出して、虫の法律的制裁が今日こそ公然と行われるんだと思った。,,public_domain:青空文庫:かんかん虫:有島武郎
大事件,だいじけん,대사건,かんかん虫,有島武郎,https://www.aozora.gr.jp/cards/000025/files/2943_ruby_8114.zip,今日一日で仕事が打切りになると云う事も、一つの大なる期待ではあったが、軈て現われ来るべき大事件は若い好奇心と敵愾心とを極端に煽り立てて、私は勇士を乘せて戦場に駆け出そうとする牡馬の様に、暗闇の中で眼を輝かした。,,public_domain:青空文庫:かんかん虫:有島武郎
待ち遠しい,まちどおしい,기다려지는,かんかん虫,有島武郎,https://www.aozora.gr.jp/cards/000025/files/2943_ruby_8114.zip,而してヤコフ・イリイッチが更に語を次いだのは、三十秒にも足らぬ短い間であったが、それが恐ろしい様な、待ち遠しい様な長さであった。,,public_domain:青空文庫:かんかん虫:有島武郎
感慨,かんがい,감개,かんかん虫,有島武郎,https://www.aozora.gr.jp/cards/000025/files/2943_ruby_8114.zip,ヤコフ・イリイッチはイフヒムの言った事を繰返して居るのか、己れの感慨を漏らすのか解らぬ程、熱烈な調子になって居た。,,public_domain:青空文庫:かんかん虫:有島武郎
手近な,てぢかな,가까운,かんかん虫,有島武郎,https://www.aozora.gr.jp/cards/000025/files/2943_ruby_8114.zip,丁度私が其の不調和なヤコフ・イリイッチの面構えから眼を外らして、手近な海を見下しながら、草の緑の水が徐ろに高くなり低くなり、黒ペンキの半分剥げた吃水を嘗めて、ちゃぶりちゃぶりとやるのが、何かエジプト人でも奏で相な、階律の単調な音楽を聞く様だと思って居ると、睡いのか。,,public_domain:青空文庫:かんかん虫:有島武郎
旦那,だんな,남편,かんかん虫,有島武郎,https://www.aozora.gr.jp/cards/000025/files/2943_ruby_8114.zip,「旦那、お前さん手合は余り虫が宜過ぎまさあ。,,public_domain:青空文庫:かんかん虫:有島武郎
民族,みんぞく,민족,かんかん虫,有島武郎,https://www.aozora.gr.jp/cards/000025/files/2943_ruby_8114.zip,※本作品中には、身体的・精神的資質、職業、地域、階層、民族などに関する不適切な表現が見られます。,,public_domain:青空文庫:かんかん虫:有島武郎
決断,けつだん,결단,かんかん虫,有島武郎,https://www.aozora.gr.jp/cards/000025/files/2943_ruby_8114.zip,あり相で居て、色気と決断は全然無しよ、あるものは慾気ばかりだ。,,public_domain:青空文庫:かんかん虫:有島武郎
眼球,がんきゅう,안구,かんかん虫,有島武郎,https://www.aozora.gr.jp/cards/000025/files/2943_ruby_8114.zip,夢も見た事の無え己れにゃ、一晩中ぽかんと眼球をむいて居る苦しみったら無えや。,,public_domain:青空文庫:かんかん虫:有島武郎
補足,ほそく,보충,かんかん虫,有島武郎,https://www.aozora.gr.jp/cards/000025/files/2943_ruby_8114.zip,野郎が有難い事を云ったってかんかん虫手合いは鼾をかくばかりで全然補足になら無えってんで、工場長開けた事を思いつきやがった、女ならよかろうてんだとよ。,,public_domain:青空文庫:かんかん虫:有島武郎
警部,けいぶ,경부,かんかん虫,有島武郎,https://www.aozora.gr.jp/cards/000025/files/2943_ruby_8114.zip,己れっちらの境涯では、四辻に突っ立って、警部が来ると手を挙げたり、娘が通ると尻を横目で睨んだりして、一日三界お目出度い顔をしてござる様な、そんな呑気な真似は出来ません。,,public_domain:青空文庫:かんかん虫:有島武郎
階層,かいそう,계층,かんかん虫,有島武郎,https://www.aozora.gr.jp/cards/000025/files/2943_ruby_8114.zip,※本作品中には、身体的・精神的資質、職業、地域、階層、民族などに関する不適切な表現が見られます。,,public_domain:青空文庫:かんかん虫:有島武郎
再建,さいけん,재건,クララの出家,有島武郎,https://www.aozora.gr.jp/cards/000025/files/1146_ruby_5163.zip,その頃にフランシス――この間まで第一の生活の先頭に立って雄々しくも第二の世界に盾をついたフランシス――が百姓の服を着て、子供らに狂人と罵られながらも、聖ダミヤノ寺院の再建勧進にアッシジの街に現われ出した。,,public_domain:青空文庫:クララの出家:有島武郎
厳かな,おごそかな,엄숙한,クララの出家,有島武郎,https://www.aozora.gr.jp/cards/000025/files/1146_ruby_5163.zip,眼の下には夢で見たとおりのルフィノ寺院が暁闇の中に厳かな姿を見せていた。,,public_domain:青空文庫:クララの出家:有島武郎
合唱,がっしょう,합창,クララの出家,有島武郎,https://www.aozora.gr.jp/cards/000025/files/1146_ruby_5163.zip,寝しずまった町並を、張りのある男声の合唱が鳴りひびくと、無頓着な無恥な高笑いがそれに続いた。,,public_domain:青空文庫:クララの出家:有島武郎
感触,かんしょく,감촉,クララの出家,有島武郎,https://www.aozora.gr.jp/cards/000025/files/1146_ruby_5163.zip,胸から下の肢体は感触を失ったかと思うほどこわばって、その存在を思う事にすら、消え入るばかりの羞恥を覚えた。,,public_domain:青空文庫:クララの出家:有島武郎
慕う,したう,사모하다,クララの出家,有島武郎,https://www.aozora.gr.jp/cards/000025/files/1146_ruby_5163.zip,女猫を慕う男猫の思い入ったような啼声が時折り聞こえる外には、クララの部屋の時計の重子が静かに下りて歯車をきしらせる音ばかりがした。,,public_domain:青空文庫:クララの出家:有島武郎
縁談,えんだん,혼담,クララの出家,有島武郎,https://www.aozora.gr.jp/cards/000025/files/1146_ruby_5163.zip,クララの父母は僧正の言葉をフォルテブラッチョ家との縁談と取ったのだろう、笑みかまけながら挨拶の辞儀をした。,,public_domain:青空文庫:クララの出家:有島武郎
繁盛,はんじょう,번성,クララの出家,有島武郎,https://www.aozora.gr.jp/cards/000025/files/1146_ruby_5163.zip,その世界に何故渇仰の眼を向け出したか、クララ自身も分らなかったが、当時ペルジヤの町に対して勝利を得て独立と繁盛との誇りに賑やか立ったアッシジの辻を、豪奢の市民に立ち交りながら、「平和を求めよ而して永遠の平和あれ」と叫んで歩く名もない乞食の姿を彼女は何んとなく考え深く眺めないではいられなかった。,,public_domain:青空文庫:クララの出家:有島武郎
華々しい,はなばなしい,화려한,クララの出家,有島武郎,https://www.aozora.gr.jp/cards/000025/files/1146_ruby_5163.zip,やがて百人の処女の喉から華々しい頌歌が起った。,,public_domain:青空文庫:クララの出家:有島武郎
免れる,まぬがれる,면하다,小作人への告別,有島武郎,https://www.aozora.gr.jp/cards/000025/files/213_ruby_20456.zip,父は、私が農学を研究していたものだから、私の発展させていくべき仕事の緒口をここに定めておくつもりであり、また私たち兄弟の中に、不幸に遭遇して身動きのできなくなったものができたら、この農場にころがり込むことによって、とにかく餓死だけは免れることができようとの、親の慈悲心から、この農場の経営を決心したらしく見えます。,,public_domain:青空文庫:小作人への告別:有島武郎
採用,さいよう,채용,小作人への告別,有島武郎,https://www.aozora.gr.jp/cards/000025/files/213_ruby_20456.zip,けれどもこれら巨細にわたった施設に関しては、札幌農科大学経済部に依頼し、具体案を作製してもらうことになっていますから、それができ上がった時、諸君がそれを研究して、適当だと思ったらそれを採用されたなら、少なからず実際の上に便利でしょう。,,public_domain:青空文庫:小作人への告別:有島武郎
施設,しせつ,시설,小作人への告別,有島武郎,https://www.aozora.gr.jp/cards/000025/files/213_ruby_20456.zip,けれどもこれら巨細にわたった施設に関しては、札幌農科大学経済部に依頼し、具体案を作製してもらうことになっていますから、それができ上がった時、諸君がそれを研究して、適当だと思ったらそれを採用されたなら、少なからず実際の上に便利でしょう。,,public_domain:青空文庫:小作人への告別:有島武郎
沿岸,えんがん,연안,小作人への告別,有島武郎,https://www.aozora.gr.jp/cards/000025/files/213_ruby_20456.zip,爾来諸君はこの農場を貫通する川の沿岸に堀立小屋を営み、あらゆる艱難と戦って、この土地を開拓し、ついに今日のような美しい農作地を見るに至りました。,,public_domain:青空文庫:小作人への告別:有島武郎
物資,ぶっし,물자,小作人への告別,有島武郎,https://www.aozora.gr.jp/cards/000025/files/213_ruby_20456.zip,食料品はもとよりすべての物資は東倶知安から馬の背で運んで来ねばならぬ交通不便のところでした。,,public_domain:青空文庫:小作人への告別:有島武郎
資金,しきん,자금,小作人への告別,有島武郎,https://www.aozora.gr.jp/cards/000025/files/213_ruby_20456.zip,この土地の開墾については資金を必要としたことに疑いはありません。,,public_domain:青空文庫:小作人への告別:有島武郎
返済,へんさい,반제,小作人への告別,有島武郎,https://www.aozora.gr.jp/cards/000025/files/213_ruby_20456.zip,ただし正確にいうと、私の徴集した小作料のうち過剰の分をも諸君に返済せねば無償ということができぬのですが、それはこの際勘弁していただくことにしたいと思います。,,public_domain:青空文庫:小作人への告別:有島武郎
運用,うんよう,운용,小作人への告別,有島武郎,https://www.aozora.gr.jp/cards/000025/files/213_ruby_20456.zip,つまり今後の諸君のこの土地における生活は、諸君が組織する自由な組合というような形になると思いますが、その運用には相当の習練が必要です。,,public_domain:青空文庫:小作人への告別:有島武郎
開拓,かいたく,개척,小作人への告別,有島武郎,https://www.aozora.gr.jp/cards/000025/files/213_ruby_20456.zip,爾来諸君はこの農場を貫通する川の沿岸に堀立小屋を営み、あらゆる艱難と戦って、この土地を開拓し、ついに今日のような美しい農作地を見るに至りました。,,public_domain:青空文庫:小作人への告別:有島武郎
大いに,おおいに,크게,一利己主義者と友人との対話,石川啄木,https://www.aozora.gr.jp/cards/000153/files/43031_ruby_16275.zip,君は今それを始めたばかりで大いに満足してるね。,,public_domain:青空文庫:一利己主義者と友人との対話:石川啄木
工夫,くふう,궁리,一利己主義者と友人との対話,石川啄木,https://www.aozora.gr.jp/cards/000153/files/43031_ruby_16275.zip,もうその時の挨拶まで工夫してるのか。,,public_domain:青空文庫:一利己主義者と友人との対話:石川啄木
案外,あんがい,의외로,一利己主義者と友人との対話,石川啄木,https://www.aozora.gr.jp/cards/000153/files/43031_ruby_16275.zip,居処って奴は案外人間を束縛するもんだ。,,public_domain:青空文庫:一利己主義者と友人との対話:石川啄木
歴史上,れきしじょう,역사상,一利己主義者と友人との対話,石川啄木,https://www.aozora.gr.jp/cards/000153/files/43031_ruby_16275.zip,文芸上の作物は巧いにしろ拙いにしろ、それがそれだけで完了してると云う点に於て、人生の交渉は歴史上の事柄と同じく間接だ、とか何んとか。,,public_domain:青空文庫:一利己主義者と友人との対話:石川啄木
滅亡,めつぼう,멸망,一利己主義者と友人との対話,石川啄木,https://www.aozora.gr.jp/cards/000153/files/43031_ruby_16275.zip,この頃その短歌滅亡論という奴が流行って来たじゃないか。,,public_domain:青空文庫:一利己主義者と友人との対話:石川啄木
無責任,むせきにん,무책임,一利己主義者と友人との対話,石川啄木,https://www.aozora.gr.jp/cards/000153/files/43031_ruby_16275.zip,一体歌人にしろ小説家にしろ、すべて文学者といわれる階級に属する人間は無責任なものだ。,,public_domain:青空文庫:一利己主義者と友人との対話:石川啄木
短歌,たんか,단가,一利己主義者と友人との対話,石川啄木,https://www.aozora.gr.jp/cards/000153/files/43031_ruby_16275.zip,（間）そうそう、君は何日か短歌が滅びるとおれに言ったことがあるね。,,public_domain:青空文庫:一利己主義者と友人との対話:石川啄木
どうせ,どうせ,어차피,火星の芝居,石川啄木,https://www.aozora.gr.jp/cards/000153/files/43070_ruby_16276.zip,其処が地球と違ってるね』『其処ばかりじゃない』『どうせ違ってるさ。,,public_domain:青空文庫:火星の芝居:石川啄木
仰ぐ,あおぐ,우러르다,火星の芝居,石川啄木,https://www.aozora.gr.jp/cards/000153/files/43070_ruby_16276.zip,』『それを積み重ねて、高い、高い、無際限に高い壁を築き上げたもんだ、然も二列にだ、壁と壁との間が唯五間位しかないが、無際限に高いので、仰ぐと空が一本の銀の糸の様に見える』『五間の舞台で芝居がやれるのか？,,public_domain:青空文庫:火星の芝居:石川啄木
火星,かせい,화성,火星の芝居,石川啄木,https://www.aozora.gr.jp/cards/000153/files/43070_ruby_16276.zip,』『俺は昨夜火星に行って来た』『そうかえ』『真個に行って来たよ』『面白いものでもあったか？,,public_domain:青空文庫:火星の芝居:石川啄木
主観,しゅかん,주관,時代閉塞の現状,石川啄木,https://www.aozora.gr.jp/cards/000153/files/814_ruby_20611.zip,新浪漫主義を唱える人と主観の苦悶を説く自然主義者との心境にどれだけの扞格があるだろうか。,,public_domain:青空文庫:時代閉塞の現状:石川啄木
予想外,よそうがい,예상 밖,時代閉塞の現状,石川啄木,https://www.aozora.gr.jp/cards/000153/files/814_ruby_20611.zip,今日我々のうち誰でもまず心を鎮めて、かの強権と我々自身との関係を考えてみるならば、かならずそこに予想外に大きい疎隔（不和ではない）の横たわっていることを発見して驚くに違いない。,,public_domain:青空文庫:時代閉塞の現状:石川啄木
他方,たほう,다른 한편,時代閉塞の現状,石川啄木,https://www.aozora.gr.jp/cards/000153/files/814_ruby_20611.zip,一例を挙げるならば、近き過去において自然主義者から攻撃を享けた享楽主義と観照論当時の自然主義との間に、一方がやや贅沢で他方がややつつましやかだという以外に、どれだけの間隔があるだろうか。,,public_domain:青空文庫:時代閉塞の現状:石川啄木
個々,ここ,개개,時代閉塞の現状,石川啄木,https://www.aozora.gr.jp/cards/000153/files/814_ruby_20611.zip,時代閉塞の現状はただにそれら個々の問題に止まらないのである。,,public_domain:青空文庫:時代閉塞の現状:石川啄木
公認,こうにん,공인,時代閉塞の現状,石川啄木,https://www.aozora.gr.jp/cards/000153/files/814_ruby_20611.zip,はたまた今日我邦において、その法律の規定している罪人の数が驚くべき勢いをもって増してきた結果、ついにみすみすその国法の適用を一部において中止せねばならなくなっている事実（微罪不検挙の事実、東京並びに各都市における無数の売淫婦が拘禁する場所がないために半公認の状態にある事実）は何を語るか。,,public_domain:青空文庫:時代閉塞の現状:石川啄木
合致,がっち,합치,時代閉塞の現状,石川啄木,https://www.aozora.gr.jp/cards/000153/files/814_ruby_20611.zip,すこし例は違うが、小説「放浪」に描かれたる肉霊合致の全我的活動なるものは、その論理と表象の方法が新しくなったほかに、かつて本能満足主義という名の下に考量されたものとどれだけ違っているだろうか。,,public_domain:青空文庫:時代閉塞の現状:石川啄木
同志,どうし,동지,時代閉塞の現状,石川啄木,https://www.aozora.gr.jp/cards/000153/files/814_ruby_20611.zip,そうしてそれが過ぎてしまえば、ふたたび他人同志になるのである。,,public_domain:青空文庫:時代閉塞の現状:石川啄木
唱える,となえる,주장하다,時代閉塞の現状,石川啄木,https://www.aozora.gr.jp/cards/000153/files/814_ruby_20611.zip,新浪漫主義を唱える人と主観の苦悶を説く自然主義者との心境にどれだけの扞格があるだろうか。,,public_domain:青空文庫:時代閉塞の現状:石川啄木
対抗,たいこう,대항,時代閉塞の現状,石川啄木,https://www.aozora.gr.jp/cards/000153/files/814_ruby_20611.zip,すなわち、その共棲がまったく両者共通の怨敵たるオオソリテイ――国家というものに対抗するために政略的に行われた結婚であるとしていることである。,,public_domain:青空文庫:時代閉塞の現状:石川啄木
局限,きょくげん,국한,時代閉塞の現状,石川啄木,https://www.aozora.gr.jp/cards/000153/files/814_ruby_20611.zip,すなわち彼には、人間の偉大に関する伝習的迷信がきわめて多量に含まれていたとともに、いっさいの「既成」と青年との間の関係に対する理解がはるかに局限的（日露戦争以前における日本人の精神的活動があらゆる方面において局限的であったごとく）であった。,,public_domain:青空文庫:時代閉塞の現状:石川啄木
志す,こころざす,뜻하다,時代閉塞の現状,石川啄木,https://www.aozora.gr.jp/cards/000153/files/814_ruby_20611.zip,そうしてこの結論は、特に実業界などに志す一部の青年の間には、さらにいっそう明晰になっている。,,public_domain:青空文庫:時代閉塞の現状:石川啄木
指摘,してき,지적,時代閉塞の現状,石川啄木,https://www.aozora.gr.jp/cards/000153/files/814_ruby_20611.zip,この意味において、魚住氏の指摘はよくその時を得たものというべきである。,,public_domain:青空文庫:時代閉塞の現状:石川啄木
明白な,めいはくな,명백한,時代閉塞の現状,石川啄木,https://www.aozora.gr.jp/cards/000153/files/814_ruby_20611.zip,それが明白なる誤謬、むしろ明白なる虚偽であることは、ここに詳しく述べるまでもない。,,public_domain:青空文庫:時代閉塞の現状:石川啄木
正義,せいぎ,정의,時代閉塞の現状,石川啄木,https://www.aozora.gr.jp/cards/000153/files/814_ruby_20611.zip,正義だの、人道だのということにはおかまいなしに一生懸命儲けなければならぬ。,,public_domain:青空文庫:時代閉塞の現状:石川啄木
気風,きふう,기풍,時代閉塞の現状,石川啄木,https://www.aozora.gr.jp/cards/000153/files/814_ruby_20611.zip,今日我々の父兄は、だいたいにおいて一般学生の気風が着実になったといって喜んでいる。,,public_domain:青空文庫:時代閉塞の現状:石川啄木
脱出,だっしゅつ,탈출,時代閉塞の現状,石川啄木,https://www.aozora.gr.jp/cards/000153/files/814_ruby_20611.zip,かくて今や我々青年は、この自滅の状態から脱出するために、ついにその「敵」の存在を意識しなければならぬ時期に到達しているのである。,,public_domain:青空文庫:時代閉塞の現状:石川啄木
豊作,ほうさく,풍작,時代閉塞の現状,石川啄木,https://www.aozora.gr.jp/cards/000153/files/814_ruby_20611.zip,戦争とか豊作とか饑饉とか、すべてある偶然の出来事の発生するでなければ振興する見込のない一般経済界の状態は何を語るか。,,public_domain:青空文庫:時代閉塞の現状:石川啄木
限定,げんてい,한정,時代閉塞の現状,石川啄木,https://www.aozora.gr.jp/cards/000153/files/814_ruby_20611.zip,そうしてその論争によって、純粋自然主義がその最初から限定されている劃一線の態度を正確に決定し、その理論上の最後を告げて、ここにこの結合はまったく内部において断絶してしまっているのである。,,public_domain:青空文庫:時代閉塞の現状:石川啄木
意義,いぎ,의의 의미,性急な思想,石川啄木,https://www.aozora.gr.jp/cards/000153/files/813_ruby_19528.zip,目的を失った心は、その人の生活の意義を破産せしめるものである。,,public_domain:青空文庫:性急な思想:石川啄木
推理,すいり,추리,性急な思想,石川啄木,https://www.aozora.gr.jp/cards/000153/files/813_ruby_19528.zip,曰く、「あらゆる行為の根底であり、あらゆる思索の方針である智識を有せざる彼等文芸家が、少しでも事を論じようとすると、観察の錯誤と、推理の矛盾と重畳百出するのであるが、これが原因を繹ねると、つまり二つに帰する。,,public_domain:青空文庫:性急な思想:石川啄木
根底,こんてい,근저,性急な思想,石川啄木,https://www.aozora.gr.jp/cards/000153/files/813_ruby_19528.zip,……日本はその国家組織の根底の堅く、かつ深い点に於て、何れの国にも優っている国である。,,public_domain:青空文庫:性急な思想:石川啄木
痛切な,つうせつな,절실한,性急な思想,石川啄木,https://www.aozora.gr.jp/cards/000153/files/813_ruby_19528.zip,其処にもまた、呪うべく愍れむべき性急な心が頭を擡げて、深く、強く、痛切なるべき考察を回避し、早く既に、あたかも夫に忠実なる妻、妻に忠実なる夫を笑い、神経の過敏でないところの人を笑うと同じ態度を以て、国家というものに就いて真面目に考えている人を笑うような傾向が、或る種類の青年の間に風を成しているような事はないか。,,public_domain:青空文庫:性急な思想:石川啄木
背く,そむく,거스르다,性急な思想,石川啄木,https://www.aozora.gr.jp/cards/000153/files/813_ruby_19528.zip,そして、有妻の男子が他の女と通ずる事を罪悪とし、背倫の行為とし、唾棄すべき事として秋毫寛すなき従来の道徳を、無理であり、苛酷であり、自然に背くものと感じ、本来男女の関係は全く自由なものであるという原始的事実に論拠して、従来の道徳に何処までも服従すべき理由とては無いのだと考えたとする。,,public_domain:青空文庫:性急な思想:石川啄木
あくまで,あくまで,끝까지,初めて見たる小樽,石川啄木,https://www.aozora.gr.jp/cards/000153/files/812_ruby_20594.zip,予はあくまでも風のごとき漂泊者である。,,public_domain:青空文庫:初めて見たる小樽:石川啄木
侵略,しんりゃく,침략,初めて見たる小樽,石川啄木,https://www.aozora.gr.jp/cards/000153/files/812_ruby_20594.zip,これ他なし、幾十年もしくは幾百年幾千年の因襲的法則をもって個人の権能を束縛する社会に対して、我と我が天地を造らむとする人は、勢いまず奮闘の態度を採り侵略の行動に出なければならぬ。,,public_domain:青空文庫:初めて見たる小樽:石川啄木
勇敢な,ゆうかんな,용감한,初めて見たる小樽,石川啄木,https://www.aozora.gr.jp/cards/000153/files/812_ruby_20594.zip,階級といい習慣といい社会道徳という、我が作れる縄に縛られ、我が作れる狭き獄室に惰眠を貪る徒輩は、ここにおいて狼狽し、奮激し、あらん限りの手段をもって、血眼になって、我が勇敢なる侵略者を迫害する。,,public_domain:青空文庫:初めて見たる小樽:石川啄木
天下,てんか,천하,初めて見たる小樽,石川啄木,https://www.aozora.gr.jp/cards/000153/files/812_ruby_20594.zip,劫初以来人の足跡つかぬ白雲落日の山、千古斧入らぬ蓊鬱の大森林、広漠としてロシアの田園を偲ばしむる大原野、魚族群って白く泡立つ無限の海、ああこの大陸的な未開の天地は、いかに雄心勃々たる天下の自由児を動かしたであろう。,,public_domain:青空文庫:初めて見たる小樽:石川啄木
形成,けいせい,형성,初めて見たる小樽,石川啄木,https://www.aozora.gr.jp/cards/000153/files/812_ruby_20594.zip,されば階級といい習慣といういっさいの社会的法則の形成せられたる時は、すなわちその社会にもはや新らしき声の死んだ時、人がいたずらに過去と現在とに心を残して、新らしき未来を忘るるの時、保守と執着と老人とが夜の梟のごとく跋扈して、いっさいの生命がその新らしき希望と活動とを抑制せらるる時である。,,public_domain:青空文庫:初めて見たる小樽:石川啄木
日夜,にちや,밤낮으로,初めて見たる小樽,石川啄木,https://www.aozora.gr.jp/cards/000153/files/812_ruby_20594.zip,八月二十五日夜の大火は、函館における背自然の悪徳を残らず焼き払った天の火である。,,public_domain:青空文庫:初めて見たる小樽:石川啄木
未開,みかい,미개,初めて見たる小樽,石川啄木,https://www.aozora.gr.jp/cards/000153/files/812_ruby_20594.zip,劫初以来人の足跡つかぬ白雲落日の山、千古斧入らぬ蓊鬱の大森林、広漠としてロシアの田園を偲ばしむる大原野、魚族群って白く泡立つ無限の海、ああこの大陸的な未開の天地は、いかに雄心勃々たる天下の自由児を動かしたであろう。,,public_domain:青空文庫:初めて見たる小樽:石川啄木
経済上,けいざいじょう,경제상,初めて見たる小樽,石川啄木,https://www.aozora.gr.jp/cards/000153/files/812_ruby_20594.zip,自由に対する慾望とは、啻に政治上または経済上の束縛から個人の意志を解放せむとするばかりでなく、自己みずからの世界を自己みずからの力によって創造し、開拓し、司配せんとする慾望である。,,public_domain:青空文庫:初めて見たる小樽:石川啄木
論議,ろんぎ,논의,初めて見たる小樽,石川啄木,https://www.aozora.gr.jp/cards/000153/files/812_ruby_20594.zip,予は今ここに文明の意義と特質を論議せむとする者ではないが、もし叙上のごとき状態をもって真の文明と称するものとすれば、すべての人の誇りとするその「文明」なるものは、けっしてありがたいものではない。,,public_domain:青空文庫:初めて見たる小樽:石川啄木
人格,じんかく,인격,弓町より,石川啄木,https://www.aozora.gr.jp/cards/000153/files/818_ruby_20596.zip,趣味という語は、全人格の感情的傾向という意味でなければならぬのだが、おうおうにして、その判断をごまかした状態の事のように用いられている。,,public_domain:青空文庫:弓町より:石川啄木
切開,せっかい,절개,弓町より,石川啄木,https://www.aozora.gr.jp/cards/000153/files/818_ruby_20596.zip,眼を瞑ったようなつもりで生活というものの中へ深入りしていく気持は、時としてちょうど痒い腫物を自分でメスを執って切開するような快感を伴うこともあった。,,public_domain:青空文庫:弓町より:石川啄木
制約,せいやく,제약,弓町より,石川啄木,https://www.aozora.gr.jp/cards/000153/files/818_ruby_20596.zip,いうにしても、「しかし詩には本来ある制約がある。,,public_domain:青空文庫:弓町より:石川啄木
前提,ぜんてい,전제,弓町より,石川啄木,https://www.aozora.gr.jp/cards/000153/files/818_ruby_20596.zip,しかしそういう時は、「もし詩を作るなら」という前提を心に置いた時か、でなくば口語詩に対して極端な反感を抱いている人に逢った時かであった。,,public_domain:青空文庫:弓町より:石川啄木
変動,へんどう,변동,弓町より,石川啄木,https://www.aozora.gr.jp/cards/000153/files/818_ruby_20596.zip,二十歳の時、私の境遇には非常な変動が起った。,,public_domain:青空文庫:弓町より:石川啄木
変遷,へんせん,변천,弓町より,石川啄木,https://www.aozora.gr.jp/cards/000153/files/818_ruby_20596.zip,それは日本の国語がまだ語格までも変るほどには変遷していないということを指摘したにすぎなかった。,,public_domain:青空文庫:弓町より:石川啄木
妥当,だとう,타당,弓町より,石川啄木,https://www.aozora.gr.jp/cards/000153/files/818_ruby_20596.zip,詩を書く人を他の人が詩人と呼ぶのは差支ないが、その当人が自分は詩人であると思ってはいけない、いけないといっては妥当を欠くかもしれないが、そう思うことによってその人の書く詩は堕落する……我々に不必要なものになる。,,public_domain:青空文庫:弓町より:石川啄木
当人,とうにん,본인,弓町より,石川啄木,https://www.aozora.gr.jp/cards/000153/files/818_ruby_20596.zip,詩を書く人を他の人が詩人と呼ぶのは差支ないが、その当人が自分は詩人であると思ってはいけない、いけないといっては妥当を欠くかもしれないが、そう思うことによってその人の書く詩は堕落する……我々に不必要なものになる。,,public_domain:青空文庫:弓町より:石川啄木
慣用,かんよう,관용,弓町より,石川啄木,https://www.aozora.gr.jp/cards/000153/files/818_ruby_20596.zip,そうしてその時は、私が詩作上に慣用した空想化の手続が、私のあらゆることに対する態度を侵していた時であった。,,public_domain:青空文庫:弓町より:石川啄木
技能,ぎのう,기능,弓町より,石川啄木,https://www.aozora.gr.jp/cards/000153/files/818_ruby_20596.zip,そうしてことに私のように、詩を作るということとそれに関聯した憐れなプライドのほかには、何の技能ももっていない者においていっそう強く享けねばならぬものであった。,,public_domain:青空文庫:弓町より:石川啄木
採集,さいしゅう,채집,弓町より,石川啄木,https://www.aozora.gr.jp/cards/000153/files/818_ruby_20596.zip,記載報告ということは文芸の職分の全部でないことは、植物の採集分類が植物学の全部でないと同じである。,,public_domain:青空文庫:弓町より:石川啄木
植民地,しょくみんち,식민지,弓町より,石川啄木,https://www.aozora.gr.jp/cards/000153/files/818_ruby_20596.zip,ついに、あの生活の根調のあからさまに露出した北方植民地の人情は、はなはだしく私の弱い心を傷づけた。,,public_domain:青空文庫:弓町より:石川啄木
極力,きょくりょく,최대한,弓町より,石川啄木,https://www.aozora.gr.jp/cards/000153/files/818_ruby_20596.zip,そういう趣味ならば、すくなくとも私にとっては極力排斥すべき趣味である。,,public_domain:青空文庫:弓町より:石川啄木
決算,けっさん,결산,弓町より,石川啄木,https://www.aozora.gr.jp/cards/000153/files/818_ruby_20596.zip,詩とそれらとの関係は、日々の帳尻と月末もしくは年末決算との関係である。,,public_domain:青空文庫:弓町より:石川啄木
漠然と,ばくぜんと,막연히,弓町より,石川啄木,https://www.aozora.gr.jp/cards/000153/files/818_ruby_20596.zip,私も「吾々の詩はこのままではいけぬ」とは漠然とながら思っていたが、しかしその新らしい輸入物に対しては「一時の借物」という感じがついて廻った。,,public_domain:青空文庫:弓町より:石川啄木
玩具,がんぐ,완구,弓町より,石川啄木,https://www.aozora.gr.jp/cards/000153/files/818_ruby_20596.zip,意志薄弱なる空想家、自己および自己の生活を厳粛なる理性の判断から回避している卑怯者、劣敗者の心を筆にし口にしてわずかに慰めている臆病者、暇ある時に玩具を弄ぶような心をもって詩を書きかつ読むいわゆる愛詩家、および自己の神経組織の不健全なことを心に誇る偽患者、ないしはそれらの模倣者等、すべて詩のために詩を書く種類の詩人は極力排斥すべきである。,,public_domain:青空文庫:弓町より:石川啄木
相応,そうおう,상응,弓町より,石川啄木,https://www.aozora.gr.jp/cards/000153/files/818_ruby_20596.zip,しかしそれにはまたそれ相応の理由があった。,,public_domain:青空文庫:弓町より:石川啄木
薄弱な,はくじゃくな,박약한,弓町より,石川啄木,https://www.aozora.gr.jp/cards/000153/files/818_ruby_20596.zip,意志薄弱なる空想家、自己および自己の生活を厳粛なる理性の判断から回避している卑怯者、劣敗者の心を筆にし口にしてわずかに慰めている臆病者、暇ある時に玩具を弄ぶような心をもって詩を書きかつ読むいわゆる愛詩家、および自己の神経組織の不健全なことを心に誇る偽患者、ないしはそれらの模倣者等、すべて詩のために詩を書く種類の詩人は極力排斥すべきである。,,public_domain:青空文庫:弓町より:石川啄木
装飾,そうしょく,장식,弓町より,石川啄木,https://www.aozora.gr.jp/cards/000153/files/818_ruby_20596.zip,しかしこの議論には、詩そのものを高価なる装飾品のごとく、詩人を普通人以上、もしくは以外のごとく考え、または取扱おうとする根本の誤謬が潜んでいる。,,public_domain:青空文庫:弓町より:石川啄木
記載,きさい,기재,弓町より,石川啄木,https://www.aozora.gr.jp/cards/000153/files/818_ruby_20596.zip,すなわち真の詩人とは、自己を改善し自己の哲学を実行せんとするに政治家のごとき勇気を有し、自己の生活を統一するに実業家のごとき熱心を有し、そうしてつねに科学者のごとき明敏なる判断と野蛮人のごとき卒直なる態度をもって、自己の心に起りくる時々刻々の変化を、飾らず偽らず、きわめて平気に正直に記載し報告するところの人でなければならぬ。,,public_domain:青空文庫:弓町より:石川啄木
駆使,くし,구사,弓町より,石川啄木,https://www.aozora.gr.jp/cards/000153/files/818_ruby_20596.zip,その婦人は三十何年間日本にいて、平安朝文学に関する造詣深く、平生日本人に対しては自由に雅語を駆使して応対したということである。,,public_domain:青空文庫:弓町より:石川啄木
いやいや,いやいや,마지못해,悪獣篇,泉鏡花,https://www.aozora.gr.jp/cards/000050/files/4563_ruby_24563.zip,いやいや思いもかけぬといえば、荒物屋の、あの老婆。,,public_domain:青空文庫:悪獣篇:泉鏡花
どうにか,どうにか,그럭저럭,悪獣篇,泉鏡花,https://www.aozora.gr.jp/cards/000050/files/4563_ruby_24563.zip,」「何でも可うござんすから、銑さん、貴郎、どうにかして下さい。,,public_domain:青空文庫:悪獣篇:泉鏡花
乱れる,みだれる,흐트러지다,悪獣篇,泉鏡花,https://www.aozora.gr.jp/cards/000050/files/4563_ruby_24563.zip,死んだは、活きたは、本宅の主人へ電報を、と蜘蛛手に座敷へ散り乱れるのを、騒ぐまい、騒ぐまい。,,public_domain:青空文庫:悪獣篇:泉鏡花
今更,いまさら,새삼,悪獣篇,泉鏡花,https://www.aozora.gr.jp/cards/000050/files/4563_ruby_24563.zip,」と今更ながら畚を覗くと、冷い磯の香がして、ざらざらと隅に固まるものあり、方丈記に曰く、ごうなは小さき貝を好む。,,public_domain:青空文庫:悪獣篇:泉鏡花
仏像,ぶつぞう,불상,悪獣篇,泉鏡花,https://www.aozora.gr.jp/cards/000050/files/4563_ruby_24563.zip,二つ目の浜の石屋が方へ、暮方仏像をあつらえに往った帰りを、厭な、不気味な、忌わしい、婆のあらもの屋の前が通りたくなさに、ちょうど満潮を漕げたから、海松布の流れる岩の上を、船で帰って来たせいであろう。,,public_domain:青空文庫:悪獣篇:泉鏡花
保養,ほよう,보양,悪獣篇,泉鏡花,https://www.aozora.gr.jp/cards/000050/files/4563_ruby_24563.zip,ひしひしと花ふだの響がするのを、保養の場所と大目に見ても、好いこととは思わなかったが、時にこそよれ頼母しい。,,public_domain:青空文庫:悪獣篇:泉鏡花
傾く,かたむく,기울다,悪獣篇,泉鏡花,https://www.aozora.gr.jp/cards/000050/files/4563_ruby_24563.zip,波を渡るか、宙を行くか、白き鵞鳥の片翼、朝風に傾く帆かげや、白衣、水紅色、水浅葱、ちらちらと波に漏れて、夫人と廉平が彳める、岩山の根の巌に近く、忘るるばかりに漕ぐ蒼空。,,public_domain:青空文庫:悪獣篇:泉鏡花
叶う,かなう,이루어지다,悪獣篇,泉鏡花,https://www.aozora.gr.jp/cards/000050/files/4563_ruby_24563.zip,心弱くて叶うまじ、と廉平はやや屹としたものいいで、「飛んだ事を！,,public_domain:青空文庫:悪獣篇:泉鏡花
固まる,かたまる,굳어지다,悪獣篇,泉鏡花,https://www.aozora.gr.jp/cards/000050/files/4563_ruby_24563.zip,」と今更ながら畚を覗くと、冷い磯の香がして、ざらざらと隅に固まるものあり、方丈記に曰く、ごうなは小さき貝を好む。,,public_domain:青空文庫:悪獣篇:泉鏡花
垣根,かきね,울타리,悪獣篇,泉鏡花,https://www.aozora.gr.jp/cards/000050/files/4563_ruby_24563.zip,髪の根は髷ながら、笄ながら、がッくりと肩に崩れて、早や五足ばかり、釣られ工合に、手水鉢を、裏の垣根へ誘われ行く。,,public_domain:青空文庫:悪獣篇:泉鏡花
大方,おおかた,대체로 대부분,悪獣篇,泉鏡花,https://www.aozora.gr.jp/cards/000050/files/4563_ruby_24563.zip,大方また毛虫でしょう、大丈夫、毛虫は追駈けては来ませんから。,,public_domain:青空文庫:悪獣篇:泉鏡花
実家,じっか,본가,悪獣篇,泉鏡花,https://www.aozora.gr.jp/cards/000050/files/4563_ruby_24563.zip,三十という年に近いこの年になりますまで、少い折から何一つ苦労ということは知りませんで、悲しい事も、辛い事もついぞ覚えはありません、まだ実家には両親も達者で居ます身の上ですもの。,,public_domain:青空文庫:悪獣篇:泉鏡花
平たい,ひらたい,평평하다,悪獣篇,泉鏡花,https://www.aozora.gr.jp/cards/000050/files/4563_ruby_24563.zip,そして、すいたらしいッてね、私の手首を熟と握って、真黄色な、平たい、小さな顔を振上げて、じろじろと見詰めたの。,,public_domain:青空文庫:悪獣篇:泉鏡花
庇う,かばう,감싸다,悪獣篇,泉鏡花,https://www.aozora.gr.jp/cards/000050/files/4563_ruby_24563.zip,」歩を移すのに引添うて、身体で庇うがごとくにしつつ、「ほんとに驚いたんですか。,,public_domain:青空文庫:悪獣篇:泉鏡花
操る,あやつる,조종하다,悪獣篇,泉鏡花,https://www.aozora.gr.jp/cards/000050/files/4563_ruby_24563.zip,穉い方は、両手に舷に掴まりながら、これも裸の肩で躍って、だぶりだぶりだぶりだぶりと同一処にもう一艘、渚に纜った親船らしい、艪を操る児の丈より高い、他の舷へ波を浴びせて、ヤッシッシ。,,public_domain:青空文庫:悪獣篇:泉鏡花
新築,しんちく,신축,悪獣篇,泉鏡花,https://www.aozora.gr.jp/cards/000050/files/4563_ruby_24563.zip,この路を去る十二三町、停車場寄の海岸に、石垣高く松を繞らし、廊下で繋いで三棟に分けた、門には新築の長屋があって、手車の車夫の控える身上。,,public_domain:青空文庫:悪獣篇:泉鏡花
浜辺,はまべ,해변,悪獣篇,泉鏡花,https://www.aozora.gr.jp/cards/000050/files/4563_ruby_24563.zip,浜辺は煮えて賑かに、町は寂しい樹蔭の細道、たらたら坂を下りて来た、前途は石垣から折曲る、しばらくここに窪んだ処、ちょうどその寺の苔蒸した青黒い段の下、小溝があって、しぼまぬ月草、紺青の空が漏れ透くかと、露もはらはらとこぼれ咲いて、藪は自然の寺の垣。,,public_domain:青空文庫:悪獣篇:泉鏡花
褒美,ほうび,상,悪獣篇,泉鏡花,https://www.aozora.gr.jp/cards/000050/files/4563_ruby_24563.zip,伯父さんが、また褒美をやるわ。,,public_domain:青空文庫:悪獣篇:泉鏡花
人手,ひとで,일손,霰ふる,泉鏡花,https://www.aozora.gr.jp/cards/000050/files/48385_ruby_57442.zip,毎夜の如く、内井戸の釣瓶の、人手を借らず鳴ったのも聞く……轆轤が軋んで、ギイと云うと、キリキリと二つばかり井戸縄の擦合う音して、少須して、トンと幽かに水に響く。,,public_domain:青空文庫:霰ふる:泉鏡花
凄まじい,すさまじい,굉장하다,霰ふる,泉鏡花,https://www.aozora.gr.jp/cards/000050/files/48385_ruby_57442.zip,」「あ、また降るよ……」凄まじい霰の音、八方から乱打つや、大屋根の石もからからと転げそうで、雲の渦く影が入って、洋燈の笠が暗くなった。,,public_domain:青空文庫:霰ふる:泉鏡花
凝る,こる,열중하다,霰ふる,泉鏡花,https://www.aozora.gr.jp/cards/000050/files/48385_ruby_57442.zip,……霰が降れば思が凝る。,,public_domain:青空文庫:霰ふる:泉鏡花
噴出,ふんしゅつ,분출,霰ふる,泉鏡花,https://www.aozora.gr.jp/cards/000050/files/48385_ruby_57442.zip,鼬が覘くような、鼠が匍匐ったような、切って填めた菱の実が、ト、べっかっこをして、ぺろりと黒い舌を吐くような、いや、念の入った、雑多な隙間、破れ穴が、寒さにきりきりと歯を噛んで、呼吸を詰めて、うむと堪えて凍着くが、古家の煤にむせると、時々遣切れなくなって、潜めた嚔、ハッと噴出しそうで不気味な真夜中。,,public_domain:青空文庫:霰ふる:泉鏡花
悲鳴,ひめい,비명,霰ふる,泉鏡花,https://www.aozora.gr.jp/cards/000050/files/48385_ruby_57442.zip,却説、大雷の後の稀有なる悲鳴を聞いた夜、客が蔀を開けようとした時の人々の顔は……年月を長く経ても眼前見るような、いずれも石を以て刻みなした如きものであった。,,public_domain:青空文庫:霰ふる:泉鏡花
染みる,しみる,스며들다,霰ふる,泉鏡花,https://www.aozora.gr.jp/cards/000050/files/48385_ruby_57442.zip,却って、日を経るに従って、物語を聞きさした如く、床しく、可懐しく、身に染みるようになったのである。,,public_domain:青空文庫:霰ふる:泉鏡花
清らかな,きよらかな,맑고 깨끗한,霰ふる,泉鏡花,https://www.aozora.gr.jp/cards/000050/files/48385_ruby_57442.zip,白菊の咲く頃、大屋根へ出て、棟瓦をひらりと跨いで、高く、高く、雲の白きが、微に動いて、瑠璃色に澄渡った空を仰ぐ時は、あの、夕立の夜を思出す……そして、美しく清らかな母の懐にある幼児の身にあこがれた。,,public_domain:青空文庫:霰ふる:泉鏡花
砕く,くだく,부수다,霰ふる,泉鏡花,https://www.aozora.gr.jp/cards/000050/files/48385_ruby_57442.zip,雲は暗かろう……水はもの凄く白かろう……空の所々に颯と薬研のようなひびが入って、霰はその中から、銀河の珠を砕くが如く迸る。,,public_domain:青空文庫:霰ふる:泉鏡花
とりあえず,とりあえず,우선,活人形,泉鏡花,https://www.aozora.gr.jp/cards/000050/files/50102_ruby_52741.zip,検死の医師の診察せるに、こは全く病気のために死したるにあらで、何にかあるらん劇しき毒に中りたるなりとありけるにぞ、棄置き難しと警官がとりあえず招寄せたる探偵はこの泰助なり。,,public_domain:青空文庫:活人形:泉鏡花
にわかに,にわかに,갑자기,活人形,泉鏡花,https://www.aozora.gr.jp/cards/000050/files/50102_ruby_52741.zip,にわかに劇しく腹の痛みて、立ってもいられず大地に僵れ、苦しんでいる処へ誰やらん水を持来りて、呑ましてくるる者のあり。,,public_domain:青空文庫:活人形:泉鏡花
一向に,いっこうに,전혀,活人形,泉鏡花,https://www.aozora.gr.jp/cards/000050/files/50102_ruby_52741.zip,「いいえ、一向に存じません。,,public_domain:青空文庫:活人形:泉鏡花
不興,ふきょう,불쾌함 노여움,活人形,泉鏡花,https://www.aozora.gr.jp/cards/000050/files/50102_ruby_52741.zip,……と詰寄る泰助の袂を曳きて、医師は不興気に、「これさ、物を言わしちゃ悪いというのに。,,public_domain:青空文庫:活人形:泉鏡花
出血,しゅっけつ,출혈,活人形,泉鏡花,https://www.aozora.gr.jp/cards/000050/files/50102_ruby_52741.zip,と出血休まざる小指の血にて、我掌の汚れたるにぞ、かっぷと唾を吐き懸けて、下枝の袖にて押拭い、高田と連立ち急がわしく、人形室に赴きぬ。,,public_domain:青空文庫:活人形:泉鏡花
単身,たんしん,단신 혼자,活人形,泉鏡花,https://www.aozora.gr.jp/cards/000050/files/50102_ruby_52741.zip,この血の跡を慕い行かばその行先を突留め得べきが、単身にては気味悪しと、一まず家に立帰りて、近隣の壮佼の究竟なるを四人ばかり語らいぬ。,,public_domain:青空文庫:活人形:泉鏡花
名高い,なだかい,유명한,活人形,泉鏡花,https://www.aozora.gr.jp/cards/000050/files/50102_ruby_52741.zip,と名乗るを聞きて病人は嬉しげに倉瀬の手を握り、「貴下が、貴下があの名高い……倉瀬様。,,public_domain:青空文庫:活人形:泉鏡花
命中,めいちゅう,명중,活人形,泉鏡花,https://www.aozora.gr.jp/cards/000050/files/50102_ruby_52741.zip,十五火に入る虫短銃の筒口に濃き煙の立つと同時に泰助が魂消る末期の絶叫、第三発は命中せり。,,public_domain:青空文庫:活人形:泉鏡花
履歴,りれき,이력,活人形,泉鏡花,https://www.aozora.gr.jp/cards/000050/files/50102_ruby_52741.zip,人品が好くって、痩っこけて、心配のありそうな、身分のある人が落魄たらしい、こういう顔色の男には、得て奇妙な履歴があるものです。,,public_domain:青空文庫:活人形:泉鏡花
廃止,はいし,폐지,活人形,泉鏡花,https://www.aozora.gr.jp/cards/000050/files/50102_ruby_52741.zip,「ええ、縁起でもねえ廃止てくれ。,,public_domain:青空文庫:活人形:泉鏡花
慌てる,あわてる,당황하다,活人形,泉鏡花,https://www.aozora.gr.jp/cards/000050/files/50102_ruby_52741.zip,時しも廊下を蹈鳴して、得三の帰る様子に、かの男少し慌てる色ありしが、人形を傍へずらして柱に寄せ、被は取れて顔も形もあからさまなる、下枝を人形の跡へ突立せ、「声を立てるな。,,public_domain:青空文庫:活人形:泉鏡花
指図,さしず,지시,活人形,泉鏡花,https://www.aozora.gr.jp/cards/000050/files/50102_ruby_52741.zip,うん八蔵帰ったか、それその死骸の面を見いと、指図に八蔵心得て叢中より泰助を引摺り出し、「おや、此奴あ探偵だ。,,public_domain:青空文庫:活人形:泉鏡花
放棄,ほうき,포기,活人形,泉鏡花,https://www.aozora.gr.jp/cards/000050/files/50102_ruby_52741.zip,「その事なら放棄ときな、おれが方寸にある事だ。,,public_domain:青空文庫:活人形:泉鏡花
暗殺,あんさつ,암살,活人形,泉鏡花,https://www.aozora.gr.jp/cards/000050/files/50102_ruby_52741.zip,「月夜に暗殺、馬鹿々々しい、と打笑いつつ泰助は曲者の顔を視めて、「おや、此奴は病院へ来た奴だ。,,public_domain:青空文庫:活人形:泉鏡花
末期,まっき,말기,活人形,泉鏡花,https://www.aozora.gr.jp/cards/000050/files/50102_ruby_52741.zip,十五火に入る虫短銃の筒口に濃き煙の立つと同時に泰助が魂消る末期の絶叫、第三発は命中せり。,,public_domain:青空文庫:活人形:泉鏡花
本性,ほんしょう,본성,活人形,泉鏡花,https://www.aozora.gr.jp/cards/000050/files/50102_ruby_52741.zip,淑母死して七七日の忌も果てざるに、得三は忠実の仮面を脱ぎて、ようやく虎狼の本性を顕したり。,,public_domain:青空文庫:活人形:泉鏡花
本音,ほんね,본심 속마음,活人形,泉鏡花,https://www.aozora.gr.jp/cards/000050/files/50102_ruby_52741.zip,八蔵は本音を吐き、「おい、可加減に巫山戯ておけ。,,public_domain:青空文庫:活人形:泉鏡花
正体,しょうたい,정체,活人形,泉鏡花,https://www.aozora.gr.jp/cards/000050/files/50102_ruby_52741.zip,今に見ろ、一番正体を現してやるから。,,public_domain:青空文庫:活人形:泉鏡花
歩む,あゆむ,나아가다,活人形,泉鏡花,https://www.aozora.gr.jp/cards/000050/files/50102_ruby_52741.zip,黒髪颯と夜風に乱して白き衣服を着けたるが、月明りにて画けるごとく、南をさして歩むがごとし。,,public_domain:青空文庫:活人形:泉鏡花
気質,きしつ,기질,活人形,泉鏡花,https://www.aozora.gr.jp/cards/000050/files/50102_ruby_52741.zip,顔も気質も汝に肖て、やっぱり我の言うことを聞かなかったから、毒を飲まして得三が殺したのだ。,,public_domain:青空文庫:活人形:泉鏡花
汚らわしい,けがらわしい,더럽다,活人形,泉鏡花,https://www.aozora.gr.jp/cards/000050/files/50102_ruby_52741.zip,と嘲弄されて切歯をなし、「ええ汚らわしい、聞とうござんせぬ。,,public_domain:青空文庫:活人形:泉鏡花
無言,むごん,무언,活人形,泉鏡花,https://www.aozora.gr.jp/cards/000050/files/50102_ruby_52741.zip,声高しと押止めて、眼を見合わせ少時無言、この時一番鶏の声あり。,,public_domain:青空文庫:活人形:泉鏡花
狙い,ねらい,노림,活人形,泉鏡花,https://www.aozora.gr.jp/cards/000050/files/50102_ruby_52741.zip,さしったりと身を交せば、狙い外れて発奮を打ち路傍の岩を真二つ。,,public_domain:青空文庫:活人形:泉鏡花
省く,はぶく,생략하다,活人形,泉鏡花,https://www.aozora.gr.jp/cards/000050/files/50102_ruby_52741.zip,入用る雑用を省くと唱え、八蔵といえる悪僕一人を留め置きて、その余の奴僕は尽く暇を取らせ、素性も知れざる一人の老婆を、飯炊として雇い入れつ。,,public_domain:青空文庫:活人形:泉鏡花
禁物,きんもつ,금물,活人形,泉鏡花,https://www.aozora.gr.jp/cards/000050/files/50102_ruby_52741.zip,「金時ここにおいてか幽霊が大禁物。,,public_domain:青空文庫:活人形:泉鏡花
素早い,すばやい,재빠른,活人形,泉鏡花,https://www.aozora.gr.jp/cards/000050/files/50102_ruby_52741.zip,と呼ばわれば、八蔵もまた何とかしけむ、「ええ、と吃驚身を飜がえして、外へ遁出し雲を霞、遁がすものかと銀平は門口まで追懸け出で、前途を見渡し独言、「素早い、野郎だ。,,public_domain:青空文庫:活人形:泉鏡花
経歴,けいれき,경력,活人形,泉鏡花,https://www.aozora.gr.jp/cards/000050/files/50102_ruby_52741.zip,屹と心を取直し、丈に伸びたる夏草を露けき袖にて押分け押分けなお奥深く踏入りて忍び込むべき処もやと、彼方此方を経歴るに、驚くばかり広大なる建物の内に、住む人少なければ、燈の影も外へ洩れず。,,public_domain:青空文庫:活人形:泉鏡花
絞る,しぼる,짜내다,活人形,泉鏡花,https://www.aozora.gr.jp/cards/000050/files/50102_ruby_52741.zip,はっと思うに毒や利きけむ、心身たちまち悩乱して、腸絞る苦しさにさては毒をば飲まされたり。,,public_domain:青空文庫:活人形:泉鏡花
職務,しょくむ,직무,活人形,泉鏡花,https://www.aozora.gr.jp/cards/000050/files/50102_ruby_52741.zip,探偵の身にしては、賞牌ともいいつべき名誉の創痕なれど、衆に知らるる目標となりて、職務上不便を感ずること尠からざる由を喞てども、巧なる化粧にて塗抹すを常とせり。,,public_domain:青空文庫:活人形:泉鏡花
見込み,みこみ,가망,活人形,泉鏡花,https://www.aozora.gr.jp/cards/000050/files/50102_ruby_52741.zip,泰助は一人残りて、死人の呼吸を吹返さんとする間際には、秘密を唸り出す事もやあらんと待構うれば、医師の見込みは過たず、ややありて死骸は少しずつの呼吸を始め、やがて幽に眼を開き、糸よりもなお声細く、「ああ、これが現世の見納かなあ。,,public_domain:青空文庫:活人形:泉鏡花
退治,たいじ,퇴치,活人形,泉鏡花,https://www.aozora.gr.jp/cards/000050/files/50102_ruby_52741.zip,東京の何とやら館の壮士が、大勢でこの前の寺へ避暑に来てでございますが、その風説を聞いて、一番妖物退治をしてやろうというので、小雨の降る夜二人連で出掛けました。,,public_domain:青空文庫:活人形:泉鏡花
配慮,はいりょ,배려,活人形,泉鏡花,https://www.aozora.gr.jp/cards/000050/files/50102_ruby_52741.zip,「はい、お聞き下さいまし、と言わんとするを医師は制して、「物を言ったり、配慮をしては、身体のために好くない。,,public_domain:青空文庫:活人形:泉鏡花
鉄棒,てつぼう,철봉,活人形,泉鏡花,https://www.aozora.gr.jp/cards/000050/files/50102_ruby_52741.zip,とたんに鉄棒空に躍って頭を目懸けて曳！,,public_domain:青空文庫:活人形:泉鏡花
閑静な,かんせいな,한적한,活人形,泉鏡花,https://www.aozora.gr.jp/cards/000050/files/50102_ruby_52741.zip,こはこのままに去し難しと、泰助は亭主に打向い、「どこか閑静な処へ寝さして、まあまあ気を落着かしてやるが可い。,,public_domain:青空文庫:活人形:泉鏡花
騒動,そうどう,소동,活人形,泉鏡花,https://www.aozora.gr.jp/cards/000050/files/50102_ruby_52741.zip,がたぴしという物音は皿鉢飛んだ騒動なり。,,public_domain:青空文庫:活人形:泉鏡花
主人公,しゅじんこう,주인공,遺稿,泉鏡花,https://www.aozora.gr.jp/cards/000050/files/48386_ruby_60866.zip,主人公の名の糸七は「縷紅新草」のそれとひとしく、点景に赤蜻蛉のあらわるる事もまた相似たり。,,public_domain:青空文庫:遺稿:泉鏡花
待望,たいぼう,대망,遺稿,泉鏡花,https://www.aozora.gr.jp/cards/000050/files/48386_ruby_60866.zip,況や待望の雨となると、長屋近間の茗荷畠や、水車なんぞでは気分が出ないとまだ古のままだった番町へのして清水谷へ入り擬宝珠のついた弁慶橋で、一振柳を胸にたぐって、ギクリとなって……ああ、逢いたい。,,public_domain:青空文庫:遺稿:泉鏡花
掲載,けいさい,게재,遺稿,泉鏡花,https://www.aozora.gr.jp/cards/000050/files/48386_ruby_60866.zip,昭和十四年七月号中央公論掲載の、「縷紅新草」は、先生の生前発表せられし最後のものにして、その完成に尽くされし努力は既に疾を内に潜めいたる先生の肉体をいたむる事深く、その後再び机に対われしこと無かりしという。,,public_domain:青空文庫:遺稿:泉鏡花
本名,ほんみょう,본명,遺稿,泉鏡花,https://www.aozora.gr.jp/cards/000050/files/48386_ruby_60866.zip,やや年下だけれど心置かれぬ友だちに、――ようから、本名俳名も――谷活東というのが居た。,,public_domain:青空文庫:遺稿:泉鏡花
無論,むろん,물론,遺稿,泉鏡花,https://www.aozora.gr.jp/cards/000050/files/48386_ruby_60866.zip,や、一人でない、銀杏返しの中背なのが、添並んでと見送ったのは、按摩さんの話にくッつけた幻覚で、無論唯一人、中背などというよりは、すっとすらりと背が高い、そして、気高く、姿に威がある。,,public_domain:青空文庫:遺稿:泉鏡花
身近な,みぢかな,가까운,遺稿,泉鏡花,https://www.aozora.gr.jp/cards/000050/files/48386_ruby_60866.zip,……村方の人らしい、鳴きながらの蛙よりは、泥鼈を抱いていそうな、雫の垂る、雨蓑を深く着た、蓑だといって、すぐに笠とは限らない、古帽子だか手拭だか煤けですっぱりと頭を包んだから目鼻も分らず、雨脚は濁らぬが古ぼけた形で一濡れになって顕われたのが、――道巾は狭い、身近な女二人に擦違おうとして、ぎょッとしたように退ると立直って提灯を持直した。,,public_domain:青空文庫:遺稿:泉鏡花
遠方,えんぽう,먼 곳,遺稿,泉鏡花,https://www.aozora.gr.jp/cards/000050/files/48386_ruby_60866.zip,遠方の小さい幽な茅屋を包んだ一むら竹の奥深く、山はその麓なりに咲込んだ映山紅に且つ半ば濃い陽炎のかかったのも里親しき護摩の燃ゆる姿であった。,,public_domain:青空文庫:遺稿:泉鏡花
顕著な,けんちょな,현저한,遺稿,泉鏡花,https://www.aozora.gr.jp/cards/000050/files/48386_ruby_60866.zip,唯、糸七の遠い雪国のその小提灯の幽霊の※※う場所が小玉小路、断然話によそえて拵えたのではない、とすると、蛙に因んで顕著なる奇遇である。,,public_domain:青空文庫:遺稿:泉鏡花
かねがね,かねがね,평소부터,伊勢之巻,泉鏡花,https://www.aozora.gr.jp/cards/000050/files/4562_ruby_70098.zip,私が今日こちらへ泊って、翌朝お参をするッてことは、かねがね話をしていたから、大方旅行先から落合って来たことと思ったのに、まあ、お前、どうしたというのだろうね。,,public_domain:青空文庫:伊勢之巻:泉鏡花
げっそり,げっそり,수척하게,伊勢之巻,泉鏡花,https://www.aozora.gr.jp/cards/000050/files/4562_ruby_70098.zip,」静に放すと、取られていた手がげっそり痩せて、着た服が広くなって、胸もぶわぶわと皺が見えるに、屹と目を※る肩に垂れて、渦いて、不思議や、己が身は白髪になった、時に燦然として身の内の宝玉は、四辺を照して、星のごとく輝いたのである。,,public_domain:青空文庫:伊勢之巻:泉鏡花
一様に,いちように,한결같이,伊勢之巻,泉鏡花,https://www.aozora.gr.jp/cards/000050/files/4562_ruby_70098.zip,その姿の優しいこと、気高いこと、尊いこと、清いこと、この水に向うて立ちますと、人膚が背後から皮を透して透いて見えます位、急にも流れず、淀みもしませず、浪の立つ、瀬というものもござりませぬから、色も、蒼くも見えず、白くも見えず、緑の淵にもなりませず、一様に、真の水色というのでござりましょ。,,public_domain:青空文庫:伊勢之巻:泉鏡花
交わす,かわす,주고받다,伊勢之巻,泉鏡花,https://www.aozora.gr.jp/cards/000050/files/4562_ruby_70098.zip,さて心がら鬼のごとき目を※くと、余り強く面を圧していた、ためであろう、襖一重の座敷で、二人ばかりの女中と言葉を交わす夫人の声が、遠く聞えて、遥に且つ幽に、しかも細く、耳の端について、震えるよう。,,public_domain:青空文庫:伊勢之巻:泉鏡花
後退,こうたい,후퇴,伊勢之巻,泉鏡花,https://www.aozora.gr.jp/cards/000050/files/4562_ruby_70098.zip,手持不沙汰に、後退にヒョイと立って、ぼんやりとして襖がくれ、「御免なさいまし。,,public_domain:青空文庫:伊勢之巻:泉鏡花
忍ぶ,しのぶ,참다,伊勢之巻,泉鏡花,https://www.aozora.gr.jp/cards/000050/files/4562_ruby_70098.zip,手入をしない囲なぞの荒れたのを、そのまま押入に遣っているのであろう、身を忍ぶのは誂えたようであるが。,,public_domain:青空文庫:伊勢之巻:泉鏡花
所持,しょじ,소지,伊勢之巻,泉鏡花,https://www.aozora.gr.jp/cards/000050/files/4562_ruby_70098.zip,お名札をと申しますと、生憎所持せぬ、とかようにおっしゃいまする、もっともな、あなた様お着が晩うござりましたで、かれこれ十二時。,,public_domain:青空文庫:伊勢之巻:泉鏡花
洪水,こうずい,홍수,伊勢之巻,泉鏡花,https://www.aozora.gr.jp/cards/000050/files/4562_ruby_70098.zip,しかもその火鉢といわず、臼といわず、枕といわず、行燈といわず、一斉に絶えず微に揺いで、国が洪水に滅ぶる時、呼吸のあるは悉く死して、かかる者のみ漾う風情、ただソヨとの風もないのである。,,public_domain:青空文庫:伊勢之巻:泉鏡花
設立,せつりつ,설립,伊勢之巻,泉鏡花,https://www.aozora.gr.jp/cards/000050/files/4562_ruby_70098.zip,岐阜県××町、――里見稲子、二十七、と宿帳に控えたが、あえて誌すまでもない、岐阜の病院の里見といえば、家族雇人一同神のごとくに崇拝する、かつて当家の主人が、難病を治した名医、且つ近頃三由屋が、株式で伊勢の津に設立した、銀行の株主であるから。,,public_domain:青空文庫:伊勢之巻:泉鏡花
凶作,きょうさく,흉작,一景話題,泉鏡花,https://www.aozora.gr.jp/cards/000050/files/48327_ruby_32329.zip,奥州筋近来の凶作にこの寺も大破に及び、住持となりても食物乏しければ僧も不住、明寺となり、本尊だに何方へ取納めしにや寺には見えず、庭は草深く、誠に狐梟のすみかというも余あり。,,public_domain:青空文庫:一景話題:泉鏡花
城下,じょうか,성 아래,一景話題,泉鏡花,https://www.aozora.gr.jp/cards/000050/files/48327_ruby_32329.zip,城下金沢より約三里、第一の建場にて、両側の茶店軒を並べ、件のあんころ餅を鬻ぐ……伊勢に名高き、赤福餅、草津のおなじ姥ヶ餅、相似たる類のものなり。,,public_domain:青空文庫:一景話題:泉鏡花
怠る,おこたる,게을리하다,一景話題,泉鏡花,https://www.aozora.gr.jp/cards/000050/files/48327_ruby_32329.zip,知ることの浅く、尋ぬること怠るか、はたそれ詣ずる人の少きにや、諸国の寺院に、夫人を安置し勧請するものを聞くこと稀なり。,,public_domain:青空文庫:一景話題:泉鏡花
憩い,いこい,휴식,一景話題,泉鏡花,https://www.aozora.gr.jp/cards/000050/files/48327_ruby_32329.zip,いつぞやらん、その松任より、源平島、水島、手取川を越えて、山に入る、辰口という小さな温泉に行きて帰るさ、件の茶屋に憩いて、児心に、ふと見たる、帳場にはあらず、奥の別なる小さき部屋に、黒髪の乱れたる、若き、色の白き、痩せたる女、差俯向きて床の上に起直りていたり。,,public_domain:青空文庫:一景話題:泉鏡花
製法,せいほう,제법,一景話題,泉鏡花,https://www.aozora.gr.jp/cards/000050/files/48327_ruby_32329.zip,されど、小児等も不便なり、活計の術を教うるなりとて、すなわち餡の製法を伝えつ。,,public_domain:青空文庫:一景話題:泉鏡花
ぶらぶら,ぶらぶら,빈둥빈둥,浮舟,泉鏡花,https://www.aozora.gr.jp/cards/000050/files/50541_ruby_65937.zip,電話で、新道の一茶屋へ、宮歳の消息を聞合せると、ぶらぶら病で寝ていたが、昨日急に、変が変って世を去った。,,public_domain:青空文庫:浮舟:泉鏡花
指揮,しき,지휘,浮舟,泉鏡花,https://www.aozora.gr.jp/cards/000050/files/50541_ruby_65937.zip,」「指揮は受けねえ。,,public_domain:青空文庫:浮舟:泉鏡花
放出,ほうしゅつ,방출,浮舟,泉鏡花,https://www.aozora.gr.jp/cards/000050/files/50541_ruby_65937.zip,何処にも白粉の影は見えず、下宿屋の二階から放出した書生らしいが、京阪地にも東京にも人の知った、巽辰吉と云う名題の俳優。,,public_domain:青空文庫:浮舟:泉鏡花
街道,かいどう,가도,浮舟,泉鏡花,https://www.aozora.gr.jp/cards/000050/files/50541_ruby_65937.zip,夫女巌へ行くものの、通りがかりの街道から、この模様を視めたら、それも名所の数には洩れまい。,,public_domain:青空文庫:浮舟:泉鏡花
きらびやかな,きらびやかな,화려한,薄紅梅,泉鏡花,https://www.aozora.gr.jp/cards/000050/files/3663_ruby_32332.zip,」豆府屋の親仁が、売声をやめて、このきらびやかな一行に見惚れた体で、背後に廻ったり、横に出たり、ついて離れて歩行くのが、この時一度後へ退った。,,public_domain:青空文庫:薄紅梅:泉鏡花
すんなり,すんなり,순조롭게,薄紅梅,泉鏡花,https://www.aozora.gr.jp/cards/000050/files/3663_ruby_32332.zip,帯の錦は堆い、が、膝もすんなりと、着流しの肩が細い。,,public_domain:青空文庫:薄紅梅:泉鏡花
促す,うながす,촉구하다,薄紅梅,泉鏡花,https://www.aozora.gr.jp/cards/000050/files/3663_ruby_32332.zip,酒でも催促するようで癪だからこっちからは出向かずと――塾では先生にお目には掛るが、月府、弁持、久須利、荷高の面々が列している。,,public_domain:青空文庫:薄紅梅:泉鏡花
凌ぐ,しのぐ,견디다,薄紅梅,泉鏡花,https://www.aozora.gr.jp/cards/000050/files/3663_ruby_32332.zip,すっぽりと被るのが、寒さを凌ぐより、半分は見得で、帽子の有無では約二割方、仕立上りの値が違う。,,public_domain:青空文庫:薄紅梅:泉鏡花
助手,じょしゅ,조수,薄紅梅,泉鏡花,https://www.aozora.gr.jp/cards/000050/files/3663_ruby_32332.zip,お職人が念のために、分け目を熟と瞻ると、奴、いや、少年の助手が、肩から足の上まで刷毛を掛ける。,,public_domain:青空文庫:薄紅梅:泉鏡花
勤務,きんむ,근무,薄紅梅,泉鏡花,https://www.aozora.gr.jp/cards/000050/files/3663_ruby_32332.zip,年紀はお京より三つ四つ姉さんだし、勤務が勤務だし、世馴れて身の動作も柔かく、内輪の裡にもおのずから世の中つい通り――ここは大衆としようか――大衆向の艶を含んで、胸も腰もふっくらしている。,,public_domain:青空文庫:薄紅梅:泉鏡花
古代,こだい,고대,薄紅梅,泉鏡花,https://www.aozora.gr.jp/cards/000050/files/3663_ruby_32332.zip,「乱杭、歯くそ隠の鉄漿をつけて、どうだい、その状で、全国の女子の服装を改良しようの、音楽を古代に回すの、美術をどうのと、鼻の尖で議論をして、舌で世間を嘗めやがる。,,public_domain:青空文庫:薄紅梅:泉鏡花
合間,あいま,틈,薄紅梅,泉鏡花,https://www.aozora.gr.jp/cards/000050/files/3663_ruby_32332.zip,で、拭布を掛けたなり台所へ突出すと、押入続きに腰窓が低い、上の棚に立掛けた小さな姿見で、顔を映して、襟を、もう一息掻合わせ、ちょっと縮れて癖はあるが、髪結も世辞ばかりでない、似合った丸髷で、さて店へ出た段取だったが……――遠くの橋を牛車でも通るように、かたんかたんと、三崎座の昼芝居の、つけを打つのが合間に聞え、囃の音がシャラシャラと路地裏の大溝へ響く。,,public_domain:青空文庫:薄紅梅:泉鏡花
名実,めいじつ,명실,薄紅梅,泉鏡花,https://www.aozora.gr.jp/cards/000050/files/3663_ruby_32332.zip,肩書の分限に依って職を求むれば、速に玄関を構えて、新夫人にかしずかるべき処を、僻して作家を志し、名は早く聞えはするが、名実あい合わず、砕いて言えば収入が少いから、かくの始末。,,public_domain:青空文庫:薄紅梅:泉鏡花
呆れる,あきれる,어이없어하다,薄紅梅,泉鏡花,https://www.aozora.gr.jp/cards/000050/files/3663_ruby_32332.zip,つけられた方は、呆れるより、いきなり撲るべき蹴倒し方だったが、傍に、ほんのりしている丸髷ゆえか、主人の錆びた鋲のような眼色に恐怖をなしたか、気の毒な学生は、端銭を衣兜に捻込んだ。,,public_domain:青空文庫:薄紅梅:泉鏡花
大家,たいか,대가,薄紅梅,泉鏡花,https://www.aozora.gr.jp/cards/000050/files/3663_ruby_32332.zip,大家が家賃の催促でも済んだものを、馬鹿の智慧は後からで、お京のとりなしの純真さに、つい、事実をあからさまに、達引だの、いや矢ぶみだの、あさましく聞きはしないか、と、舌がたちまち縮んで咽喉へ声の詰る処へ。,,public_domain:青空文庫:薄紅梅:泉鏡花
大衆,たいしゅう,대중,薄紅梅,泉鏡花,https://www.aozora.gr.jp/cards/000050/files/3663_ruby_32332.zip,年紀はお京より三つ四つ姉さんだし、勤務が勤務だし、世馴れて身の動作も柔かく、内輪の裡にもおのずから世の中つい通り――ここは大衆としようか――大衆向の艶を含んで、胸も腰もふっくらしている。,,public_domain:青空文庫:薄紅梅:泉鏡花
安っぽい,やすっぽい,싸구려 같은,薄紅梅,泉鏡花,https://www.aozora.gr.jp/cards/000050/files/3663_ruby_32332.zip,安っぽいばかりか、稚気が過ぎよう。,,public_domain:青空文庫:薄紅梅:泉鏡花
家来,けらい,가신,薄紅梅,泉鏡花,https://www.aozora.gr.jp/cards/000050/files/3663_ruby_32332.zip,――「お傘を」――家来どもが居並んだ処だと、この言は殿様に通ずるんだ、それ、麻裃か、黒羽二重お袴で、すっと翳す、姿は好いね。,,public_domain:青空文庫:薄紅梅:泉鏡花
待遇,たいぐう,대우,薄紅梅,泉鏡花,https://www.aozora.gr.jp/cards/000050/files/3663_ruby_32332.zip,……氷月と云う汁粉屋の裏垣根に近づいた時、……秋は七草で待遇したろう、枯尾花に白い風が立って、雪が一捲き頭巾を吹きなぐると、紋の名入の緋葉がちらちらと空に舞った。,,public_domain:青空文庫:薄紅梅:泉鏡花
念願,ねんがん,염원,薄紅梅,泉鏡花,https://www.aozora.gr.jp/cards/000050/files/3663_ruby_32332.zip,もの言わず念願する、娘の唇の微に動くように見えるから。,,public_domain:青空文庫:薄紅梅:泉鏡花
所得,しょとく,소득,薄紅梅,泉鏡花,https://www.aozora.gr.jp/cards/000050/files/3663_ruby_32332.zip,両方がこう意気込んでは、青麟輩に――断って置くが、意地にも我慢にも、所得は違うが――彼等に対して、いやしくも、糸七、弦光二人掛りのようで癪に障る。,,public_domain:青空文庫:薄紅梅:泉鏡花
手軽な,てがるな,간편한,薄紅梅,泉鏡花,https://www.aozora.gr.jp/cards/000050/files/3663_ruby_32332.zip,客引に使った中年増でもなければ、手軽な妾が世間体を繕っているのでもない。,,public_domain:青空文庫:薄紅梅:泉鏡花
手際,てぎわ,솜씨,薄紅梅,泉鏡花,https://www.aozora.gr.jp/cards/000050/files/3663_ruby_32332.zip,どこか場末の床店が、指の尖で、密とクリームを扱いて掌で広げて息で伸ばして、ちょんぼりと髯剃あとへ塗る手際などとは格別の沙汰で、しかもその場末より高くない。,,public_domain:青空文庫:薄紅梅:泉鏡花
抜かす,ぬかす,빠뜨리다,薄紅梅,泉鏡花,https://www.aozora.gr.jp/cards/000050/files/3663_ruby_32332.zip,坂下の酒屋の小僧なら、そのまま腰を抜かす処を、学海先生、杖の手に気を入れて、再び大音に、「頼む。,,public_domain:青空文庫:薄紅梅:泉鏡花
抱える,かかえる,끌어안다,薄紅梅,泉鏡花,https://www.aozora.gr.jp/cards/000050/files/3663_ruby_32332.zip,」うむと唸って、徳利を枕にごろんとなると、辷った徳利が勃然と起き、弦光の頸窪はころんと辷って、畳の縁で頭を抱える。,,public_domain:青空文庫:薄紅梅:泉鏡花
描写,びょうしゃ,묘사,薄紅梅,泉鏡花,https://www.aozora.gr.jp/cards/000050/files/3663_ruby_32332.zip,ただしこれは如実の描写に過ぎない。,,public_domain:青空文庫:薄紅梅:泉鏡花
星座,せいざ,별자리,薄紅梅,泉鏡花,https://www.aozora.gr.jp/cards/000050/files/3663_ruby_32332.zip,かつて文壇の梁山泊と称えられた硯友社、その星座の各員が陣を構え、塞頭高らかに、我楽多文庫の旗を飜した、編輯所があって、心織筆耕の花を咲かせ、綾なす霞を靉靆かせた。,,public_domain:青空文庫:薄紅梅:泉鏡花
本領,ほんりょう,본령 진가,薄紅梅,泉鏡花,https://www.aozora.gr.jp/cards/000050/files/3663_ruby_32332.zip,あたかも、髑髏と、竹如意と、横笛とが、あるいは燃え、あるいは光り、あるいは照らして、各々自家識見の象徴を示せるごとくに、そういえば――影は尖って一番長い、豆府屋の唐人笠も、この時その本領を発揮した。,,public_domain:青空文庫:薄紅梅:泉鏡花
枯渇,こかつ,고갈,薄紅梅,泉鏡花,https://www.aozora.gr.jp/cards/000050/files/3663_ruby_32332.zip,……情流既に枯渇して、今はただ金慾、野を燎く髯だからね。,,public_domain:青空文庫:薄紅梅:泉鏡花
極楽,ごくらく,극락,薄紅梅,泉鏡花,https://www.aozora.gr.jp/cards/000050/files/3663_ruby_32332.zip,女房がまた、背筋や袖をしなり、くなり、自由に揉まれながら、どうだい頬辺と膝へ、道士、逸人の面を附着けたままで、口絵の色っぽい処を見せる、ゆうぜんが溢出るなぞは、地獄変相、極楽、いや天国変態の図だ。,,public_domain:青空文庫:薄紅梅:泉鏡花
楽譜,がくふ,악보,薄紅梅,泉鏡花,https://www.aozora.gr.jp/cards/000050/files/3663_ruby_32332.zip,爪垢で楽譜を汚して、万葉、古今を、あの臭い息で笛で吹くんだ。,,public_domain:青空文庫:薄紅梅:泉鏡花
歯科,しか,치과,薄紅梅,泉鏡花,https://www.aozora.gr.jp/cards/000050/files/3663_ruby_32332.zip,一つ髪でも洗って来ようと、最近人に教えられ、いくらか馴染になった、有楽町辺の大石造館十三階、地階の床屋へ行くと、お帽子お外套というも極りの悪い代ものが釦で棚へ入って、「お目金、」と四度半が手近な手函へ据る、歯科のほかでは知らなかった、椅子がぜんまいでギギイと巻上る……といった勢。,,public_domain:青空文庫:薄紅梅:泉鏡花
滞る,とどこおる,밀리다,薄紅梅,泉鏡花,https://www.aozora.gr.jp/cards/000050/files/3663_ruby_32332.zip,こんなのは月賦が必ず滞る。,,public_domain:青空文庫:薄紅梅:泉鏡花
用品,ようひん,용품,薄紅梅,泉鏡花,https://www.aozora.gr.jp/cards/000050/files/3663_ruby_32332.zip,なかなかもって、アテナ洋墨や、日用品の唐墨の、筆、ペンなどでは追っつきそうに思われぬ。,,public_domain:青空文庫:薄紅梅:泉鏡花
資産,しさん,자산,薄紅梅,泉鏡花,https://www.aozora.gr.jp/cards/000050/files/3663_ruby_32332.zip,……というのは羽織袴です――弁持も私も、銀行は同一取引の資産家だから、出掛けに、捨利で一着に及んだ礼服を、返りがけに質屋の店さきで、腰を掛けながら引剥ぐと、江戸川べりの冬空に――いいかね――青山から、歩行で一度中の橋手前の銀行へ寄ったんだ。,,public_domain:青空文庫:薄紅梅:泉鏡花
込める,こめる,담다,薄紅梅,泉鏡花,https://www.aozora.gr.jp/cards/000050/files/3663_ruby_32332.zip,それを汚すようだから、雁首で吹溜めの吸殻を隅の方へ掻こうとすると、頑固な鉄が、脇明の板じめ縮緬、緋の長襦袢に危く触ろうとするから、吃驚して引込める時、引っかけて灰が立った。,,public_domain:青空文庫:薄紅梅:泉鏡花
除外,じょがい,제외,薄紅梅,泉鏡花,https://www.aozora.gr.jp/cards/000050/files/3663_ruby_32332.zip,」「そいつは、そいつは不可い……」「なぜだよ、どうもお伽堂というのは、糸的の知合からはじまった事らしいのに、妙に自分を除外して、荷高ばかりを廻しているし、第一、中洲がだね、二三度、その店へ行きながら、糸的のうわさなぞをしないらしいのは、おかしいじゃないか。,,public_domain:青空文庫:薄紅梅:泉鏡花
がっちり,がっちり,빈틈없이,歌行灯,泉鏡花,https://www.aozora.gr.jp/cards/000050/files/3587_ruby_5923.zip,この途端に颯と瞼を赤うしたが、竈の前を横ッちょに、かたかたと下駄の音で、亭主の膝を斜交いに、帳場の銭箱へがっちりと手を入れる。,,public_domain:青空文庫:歌行灯:泉鏡花
兼ねる,かねる,겸하다,歌行灯,泉鏡花,https://www.aozora.gr.jp/cards/000050/files/3587_ruby_5923.zip,ははあ、夫婦二人のこの店、気の毒千万、御亭が出前持を兼ねると見えたり。,,public_domain:青空文庫:歌行灯:泉鏡花
分際,ぶんざい,분수 처지,歌行灯,泉鏡花,https://www.aozora.gr.jp/cards/000050/files/3587_ruby_5923.zip,……按摩の分際で、宗家の、宗の字、この道の、本山が凄じい。,,public_domain:青空文庫:歌行灯:泉鏡花
名手,めいしゅ,명수,歌行灯,泉鏡花,https://www.aozora.gr.jp/cards/000050/files/3587_ruby_5923.zip,土佐の名手が画いたような、紅い調は立田川、月の裏皮、表皮。,,public_domain:青空文庫:歌行灯:泉鏡花
崩す,くずす,무너뜨리다,歌行灯,泉鏡花,https://www.aozora.gr.jp/cards/000050/files/3587_ruby_5923.zip,対手の節の隙間を切って、伸縮みを緊めつ、緩めつ、声の重味を刎上げて、咽喉の呼吸を突崩す。,,public_domain:青空文庫:歌行灯:泉鏡花
怯える,おびえる,겁먹다,歌行灯,泉鏡花,https://www.aozora.gr.jp/cards/000050/files/3587_ruby_5923.zip,向後どこへか呼ばれた時は、怯えるなよ。,,public_domain:青空文庫:歌行灯:泉鏡花
本場,ほんば,본고장 본장,歌行灯,泉鏡花,https://www.aozora.gr.jp/cards/000050/files/3587_ruby_5923.zip,……東京の本場から、誰も来て怯かされた。,,public_domain:青空文庫:歌行灯:泉鏡花
本文,ほんぶん,본문,歌行灯,泉鏡花,https://www.aozora.gr.jp/cards/000050/files/3587_ruby_5923.zip,片手に蝙蝠傘を支きながら、「さて……悦びのあまり名物の焼蛤に酒汲みかわして、……と本文にある処さ、旅籠屋へ着の前に、停車場前の茶店か何かで、一本傾けて参ろうかな。,,public_domain:青空文庫:歌行灯:泉鏡花
睨む,にらむ,노려보다,歌行灯,泉鏡花,https://www.aozora.gr.jp/cards/000050/files/3587_ruby_5923.zip,行年その時六十歳を、三つと刻んだはおかしいが、数え年のサバを算んで、私が代理に宿帳をつける時は、天地人とか何んとか言って、禅の問答をするように、指を三本、ひょいと出してギロリと睨む……五十七歳とかけと云うのさ。,,public_domain:青空文庫:歌行灯:泉鏡花
砕ける,くだける,부서지다,歌行灯,泉鏡花,https://www.aozora.gr.jp/cards/000050/files/3587_ruby_5923.zip,兄哥は、しっかり起直って、「いや、手をやすめず遣ってくれ、あわれと思って静に……よしんば徐と揉まれた処で、私は五体が砕ける思いだ。,,public_domain:青空文庫:歌行灯:泉鏡花
立方,りっぽう,입방,歌行灯,泉鏡花,https://www.aozora.gr.jp/cards/000050/files/3587_ruby_5923.zip,」「は、いかにも師匠が魔でなくては、その立方は習われぬわ。,,public_domain:青空文庫:歌行灯:泉鏡花
納得,なっとく,납득,歌行灯,泉鏡花,https://www.aozora.gr.jp/cards/000050/files/3587_ruby_5923.zip,」と小父者納得した顔して頷く。,,public_domain:青空文庫:歌行灯:泉鏡花
貝殻,かいがら,조개껍데기,歌行灯,泉鏡花,https://www.aozora.gr.jp/cards/000050/files/3587_ruby_5923.zip,咽喉は裂け、舌は凍って、潮を浴びた裙から冷え通って、正体がなくなる処を、貝殻で引掻かれて、やっと船で正気が付くのは、灯もない、何の船やら、あの、まあ、鬼の支いた棒見るような帆柱の下から、皮の硬い大な手が出て、引掴んで抱込みます。,,public_domain:青空文庫:歌行灯:泉鏡花
預ける,あずける,맡기다,歌行灯,泉鏡花,https://www.aozora.gr.jp/cards/000050/files/3587_ruby_5923.zip,姉さんも、手放すのは可哀相や言って下さいましたけれど、……周囲の人が承知しませず、……この桑名の島屋とは、行かいはせぬ遠い中でも、姉さんの縁続きでござんすから、預けるつもりで寄越されましたの。,,public_domain:青空文庫:歌行灯:泉鏡花
ありありと,ありありと,또렷하게,唄立山心中一曲,泉鏡花,https://www.aozora.gr.jp/cards/000050/files/3653_ruby_25970.zip,といった次第で、雪の神様が、黒雲の中を、大な袖を開いて、虚空を飛行なさる姿が、遠くのその日向の路に、螽斯ほどの小さな旅のものに、ありありと拝まれます。,,public_domain:青空文庫:唄立山心中一曲:泉鏡花
打開,だかい,타개,唄立山心中一曲,泉鏡花,https://www.aozora.gr.jp/cards/000050/files/3653_ruby_25970.zip,すっぱり、打開けてお出しなせえまし。,,public_domain:青空文庫:唄立山心中一曲:泉鏡花
決行,けっこう,결행,唄立山心中一曲,泉鏡花,https://www.aozora.gr.jp/cards/000050/files/3653_ruby_25970.zip,（決行なさい、縫子。,,public_domain:青空文庫:唄立山心中一曲:泉鏡花
甘える,あまえる,응석부리다,唄立山心中一曲,泉鏡花,https://www.aozora.gr.jp/cards/000050/files/3653_ruby_25970.zip,）否々をして、頭をふって甘える肩を、先生が抱いて退けようとするなり、くるりとうしろ向きになって、前髪をひしと胸に当てました。,,public_domain:青空文庫:唄立山心中一曲:泉鏡花
用件,ようけん,용건,唄立山心中一曲,泉鏡花,https://www.aozora.gr.jp/cards/000050/files/3653_ruby_25970.zip,用意）」と聞きも済まさず、若い紳士は、斜に衝と開いて、身構えて、（何、私信を見た上、用件を御承知になりましたな。,,public_domain:青空文庫:唄立山心中一曲:泉鏡花
砂利,じゃり,자갈,唄立山心中一曲,泉鏡花,https://www.aozora.gr.jp/cards/000050/files/3653_ruby_25970.zip,私の偏執と自我と自尊と嫉妬のために、詮ずるに烈しい恋のために、――三年の間、夜に、日に、短銃を持たせられた、血を絞り、肉を刻み、骨を砂利にするような拷掠に、よくもこの手が、鉄にも鉛にもなりませんでした。,,public_domain:青空文庫:唄立山心中一曲:泉鏡花
考慮,こうりょ,고려,唄立山心中一曲,泉鏡花,https://www.aozora.gr.jp/cards/000050/files/3653_ruby_25970.zip,ここに手段があります、天が命ずるにあらず、地が教うるにあらず、人の知れるにあらず、ただ何ものの考慮とも分らない手段である……すなわち小刀をもって革鞄を切開く事なのです。,,public_domain:青空文庫:唄立山心中一曲:泉鏡花
肝心な,かんじんな,중요한,唄立山心中一曲,泉鏡花,https://www.aozora.gr.jp/cards/000050/files/3653_ruby_25970.zip,けれども、肝心な雪女郎と山姫が長襦袢で顕れたようなお話で、少くとも御覧の方はさきをお急ぎ下さるであろうと思う、で、簡単にその次第を申上げる。,,public_domain:青空文庫:唄立山心中一曲:泉鏡花
自我,じが,자아,唄立山心中一曲,泉鏡花,https://www.aozora.gr.jp/cards/000050/files/3653_ruby_25970.zip,私の偏執と自我と自尊と嫉妬のために、詮ずるに烈しい恋のために、――三年の間、夜に、日に、短銃を持たせられた、血を絞り、肉を刻み、骨を砂利にするような拷掠に、よくもこの手が、鉄にも鉛にもなりませんでした。,,public_domain:青空文庫:唄立山心中一曲:泉鏡花
襲う,おそう,습격하다,海の使者,泉鏡花,https://www.aozora.gr.jp/cards/000050/files/3647_ruby_32808.zip,この動物は、風の腥い夜に、空を飛んで人を襲うと聞いた……暴風雨の沖には、海坊主にも化るであろう。,,public_domain:青空文庫:海の使者:泉鏡花
修復,しゅうふく,수복,瓜の涙,泉鏡花,https://www.aozora.gr.jp/cards/000050/files/48328_ruby_33824.zip,黄金無垢の金具、高蒔絵の、貴重な仏壇の修復をするのに、家に預ってあったのが火になった。,,public_domain:青空文庫:瓜の涙:泉鏡花
名産,めいさん,명산,瓜の涙,泉鏡花,https://www.aozora.gr.jp/cards/000050/files/48328_ruby_33824.zip,二畠一帯、真桑瓜が名産で、この水あるがためか、巨石の瓜は銀色だと言う……瓜畠がずッと続いて、やがて蓮池になる……それからは皆青田で。,,public_domain:青空文庫:瓜の涙:泉鏡花
憩う,いこう,쉬다,瓜の涙,泉鏡花,https://www.aozora.gr.jp/cards/000050/files/48328_ruby_33824.zip,暑さに憩うだけだったら、清水にも瓜にも気兼のある、茶店の近所でなくっても、求むれば、別なる松の下蔭もあったろう。,,public_domain:青空文庫:瓜の涙:泉鏡花
率いる,ひきいる,거느리다,瓜の涙,泉鏡花,https://www.aozora.gr.jp/cards/000050/files/48328_ruby_33824.zip,……年増分が先へ立ったが、いずれも日蔭を便るので、捩れた洗濯もののように、その濡れるほどの汗に、裾も振もよれよれになりながら、妙に一列に列を造った体は、率いるものがあって、一からげに、縄尻でも取っていそうで、浅間しいまであわれに見える。,,public_domain:青空文庫:瓜の涙:泉鏡花
貴重な,きちょうな,귀중한,瓜の涙,泉鏡花,https://www.aozora.gr.jp/cards/000050/files/48328_ruby_33824.zip,黄金無垢の金具、高蒔絵の、貴重な仏壇の修復をするのに、家に預ってあったのが火になった。,,public_domain:青空文庫:瓜の涙:泉鏡花
体格,たいかく,체격,愛,岡本かの子,https://www.aozora.gr.jp/cards/000076/files/58305_ruby_70376.zip,その人は体格のよい身体をしゃんと立てて椅子に腰をかけ、右膝を折り曲げています、いつも何だか判らない楽器をその上に乗せて、奏でています。,,public_domain:青空文庫:愛:岡本かの子
初雪,はつゆき,첫눈,愛よ愛,岡本かの子,https://www.aozora.gr.jp/cards/000076/files/4554_ruby_14915.zip,この人が眼で見よと知らする庭の初雪。,,public_domain:青空文庫:愛よ愛:岡本かの子
担う,になう,짊어지다,愛よ愛,岡本かの子,https://www.aozora.gr.jp/cards/000076/files/4554_ruby_14915.zip,おもえば相当に、罪を担うて居るこの人である。,,public_domain:青空文庫:愛よ愛:岡本かの子
ことごとく,ことごとく,모조리,汗,岡本かの子,https://www.aozora.gr.jp/cards/000076/files/58399_ruby_70146.zip,しかし彼等が見合いかたがた河内屋に滞在しているうちに彼等はことごとく匙を投げた。,,public_domain:青空文庫:汗:岡本かの子
おのずと,おのずと,저절로,阿難と呪術師の娘,岡本かの子,https://www.aozora.gr.jp/cards/000076/files/58398_ruby_72748.zip,（目※連の声が聞ゆると同時に、阿難と娘を縛めたる毛綱おのずと断れ落つ。,,public_domain:青空文庫:阿難と呪術師の娘:岡本かの子
保つ,たもつ,유지하다,阿難と呪術師の娘,岡本かの子,https://www.aozora.gr.jp/cards/000076/files/58398_ruby_72748.zip,健かに保つことを忘れてはならぬ。,,public_domain:青空文庫:阿難と呪術師の娘:岡本かの子
信任,しんにん,신임,阿難と呪術師の娘,岡本かの子,https://www.aozora.gr.jp/cards/000076/files/58398_ruby_72748.zip,悔の牙に噛み攻められ、殆ど自己の信任を失して仕舞うほどの心を引立てて、面を焦さんばかりの罪にまともに向き合って、その中より生命の浄化の秘密を探り出す般若の行道、これこそもっともお前に相応したものである。,,public_domain:青空文庫:阿難と呪術師の娘:岡本かの子
協調,きょうちょう,협조,阿難と呪術師の娘,岡本かの子,https://www.aozora.gr.jp/cards/000076/files/58398_ruby_72748.zip,かくて双者を美によって協調諧和させる。,,public_domain:青空文庫:阿難と呪術師の娘:岡本かの子
占める,しめる,차지하다,阿難と呪術師の娘,岡本かの子,https://www.aozora.gr.jp/cards/000076/files/58398_ruby_72748.zip,（列の人々一拝し、おのおの座具の上に座を占める。,,public_domain:青空文庫:阿難と呪術師の娘:岡本かの子
取り付ける,とりつける,설치하다,阿難と呪術師の娘,岡本かの子,https://www.aozora.gr.jp/cards/000076/files/58398_ruby_72748.zip,生命と云っても別に他から取り付けるようなぴかぴか光ったものがある訳ではない。,,public_domain:青空文庫:阿難と呪術師の娘:岡本かの子
嘆く,なげく,탄식하다,阿難と呪術師の娘,岡本かの子,https://www.aozora.gr.jp/cards/000076/files/58398_ruby_72748.zip,娘はおろおろとして阿難を抱きかかえてみたり、また釈尊の前へ駈け寄ったり、正体もなく嘆く。,,public_domain:青空文庫:阿難と呪術師の娘:岡本かの子
図る,はかる,도모하다,阿難と呪術師の娘,岡本かの子,https://www.aozora.gr.jp/cards/000076/files/58398_ruby_72748.zip,それはたとえば、土を刃に仕立てて水を斬ろうと図るようなものじゃ。,,public_domain:青空文庫:阿難と呪術師の娘:岡本かの子
妨害,ぼうがい,방해,阿難と呪術師の娘,岡本かの子,https://www.aozora.gr.jp/cards/000076/files/58398_ruby_72748.zip,それを凋ませぬ為めには努めて嫉妬、妨害、偽り、憎みなどの刺戟が要るので御座います。,,public_domain:青空文庫:阿難と呪術師の娘:岡本かの子
差し出す,さしだす,내밀다,阿難と呪術師の娘,岡本かの子,https://www.aozora.gr.jp/cards/000076/files/58398_ruby_72748.zip,（と手でつまんで差し出す。,,public_domain:青空文庫:阿難と呪術師の娘:岡本かの子
悩ます,なやます,괴롭히다,阿難と呪術師の娘,岡本かの子,https://www.aozora.gr.jp/cards/000076/files/58398_ruby_72748.zip,）※曇弥――世尊、衆生をお救いになる御心配のほかに、お心を悩ますことも御座りませぬか。,,public_domain:青空文庫:阿難と呪術師の娘:岡本かの子
意図,いと,의도,阿難と呪術師の娘,岡本かの子,https://www.aozora.gr.jp/cards/000076/files/58398_ruby_72748.zip,従ってこの場の芸術的権能も、作曲家と振付家に委ぬべきは勿論の事ではあるが、これ等の芸術によって仕活かすところの宗教的思想――或は宗教的アトモスフィーヤ――に就いて一応作家の意図を述べて、これにたずさわるべき芸術家諸氏の参考に供し、なお俳優諸氏の演技上の便宜にしたく思う。,,public_domain:青空文庫:阿難と呪術師の娘:岡本かの子
故人,こじん,고인,阿難と呪術師の娘,岡本かの子,https://www.aozora.gr.jp/cards/000076/files/58398_ruby_72748.zip,何故人間には、人間の躓きになる恋などというものが、与えられて在るので御座いましょう。,,public_domain:青空文庫:阿難と呪術師の娘:岡本かの子
未熟な,みじゅくな,미숙한,阿難と呪術師の娘,岡本かの子,https://www.aozora.gr.jp/cards/000076/files/58398_ruby_72748.zip,それではわたくしの未熟な考えを其儘申し上げさせて頂きます。,,public_domain:青空文庫:阿難と呪術師の娘:岡本かの子
構想,こうそう,구상,阿難と呪術師の娘,岡本かの子,https://www.aozora.gr.jp/cards/000076/files/58398_ruby_72748.zip,第八場縛縄問答も禅よりの構想である。,,public_domain:青空文庫:阿難と呪術師の娘:岡本かの子
武装,ぶそう,무장,阿難と呪術師の娘,岡本かの子,https://www.aozora.gr.jp/cards/000076/files/58398_ruby_72748.zip,これに従って護法の諸天、神将達が絢爛なる武装にて控え居る。,,public_domain:青空文庫:阿難と呪術師の娘:岡本かの子
特許,とっきょ,특허,阿難と呪術師の娘,岡本かの子,https://www.aozora.gr.jp/cards/000076/files/58398_ruby_72748.zip,阿難の器械はそこらにざらにあるが、世尊の器械は専売特許だ。,,public_domain:青空文庫:阿難と呪術師の娘:岡本かの子
編む,あむ,엮다,阿難と呪術師の娘,岡本かの子,https://www.aozora.gr.jp/cards/000076/files/58398_ruby_72748.zip,宇宙を編む生命網の象徴である。,,public_domain:青空文庫:阿難と呪術師の娘:岡本かの子
肉親,にくしん,육친,阿難と呪術師の娘,岡本かの子,https://www.aozora.gr.jp/cards/000076/files/58398_ruby_72748.zip,心の隙へ出家にあるまじき肉親の愛を想う慾念がきざしたのだ。,,public_domain:青空文庫:阿難と呪術師の娘:岡本かの子
臨む,のぞむ,임하다,阿難と呪術師の娘,岡本かの子,https://www.aozora.gr.jp/cards/000076/files/58398_ruby_72748.zip,元来、高きよりわれらに臨む「生命」なるものは、三つの眼を持って居る。,,public_domain:青空文庫:阿難と呪術師の娘:岡本かの子
装う,よそおう,꾸미다,阿難と呪術師の娘,岡本かの子,https://www.aozora.gr.jp/cards/000076/files/58398_ruby_72748.zip,呪いの方の眷属は多く妖艶なる美女の姿を装うて居る。,,public_domain:青空文庫:阿難と呪術師の娘:岡本かの子
討論,とうろん,토론,阿難と呪術師の娘,岡本かの子,https://www.aozora.gr.jp/cards/000076/files/58398_ruby_72748.zip,法の討論より餅の方が大事というのか。,,public_domain:青空文庫:阿難と呪術師の娘:岡本かの子
賢い,かしこい,영리한,阿難と呪術師の娘,岡本かの子,https://www.aozora.gr.jp/cards/000076/files/58398_ruby_72748.zip,お前は道に賢い方法を取った、お前は凡身の息を止めて仏性の息を呼吸し始めた。,,public_domain:青空文庫:阿難と呪術師の娘:岡本かの子
追放,ついほう,추방,阿難と呪術師の娘,岡本かの子,https://www.aozora.gr.jp/cards/000076/files/58398_ruby_72748.zip,僧一――（釈尊に一礼して）破戒の比丘は絡め取って、教団から追放するのが掟で御座います。,,public_domain:青空文庫:阿難と呪術師の娘:岡本かの子
逃れる,のがれる,벗어나다,阿難と呪術師の娘,岡本かの子,https://www.aozora.gr.jp/cards/000076/files/58398_ruby_72748.zip,それでは三つの道を三つとも逃れる事ではないか。,,public_domain:青空文庫:阿難と呪術師の娘:岡本かの子
道場,どうじょう,도장,阿難と呪術師の娘,岡本かの子,https://www.aozora.gr.jp/cards/000076/files/58398_ruby_72748.zip,わたしは道場に坐って、いつものように思惟して居た。,,public_domain:青空文庫:阿難と呪術師の娘:岡本かの子
鍛える,きたえる,단련하다,阿難と呪術師の娘,岡本かの子,https://www.aozora.gr.jp/cards/000076/files/58398_ruby_72748.zip,心を鍛える事ばかり尊しとして体を弱めてしまってはならぬ。,,public_domain:青空文庫:阿難と呪術師の娘:岡本かの子
いやらしい,いやらしい,불쾌하다,或る秋の紫式部,岡本かの子,https://www.aozora.gr.jp/cards/000076/files/46920_ruby_33242.zip,しかし、恋歌は流石に手に入ったものだね」（口の中で読んで、色紙を破って捨てる）老侍女「蝶々としたらほんとにいやらしい、暇つぶしの蝶々でございますねえ」式部「けども、また、いじらしいところもある蝶々さ、そうお憎みでないよ」（式部再び机に向って筆を執る。,,public_domain:青空文庫:或る秋の紫式部:岡本かの子
内心,ないしん,내심,或る秋の紫式部,岡本かの子,https://www.aozora.gr.jp/cards/000076/files/46920_ruby_33242.zip,世間の噂の通り、貞淑堅固の御婦人ですか、それとも内心には、ちっとは人の情熱に動かされ易い熱情的なところを持っていられますか。,,public_domain:青空文庫:或る秋の紫式部:岡本かの子
観覧,かんらん,관람,或る秋の紫式部,岡本かの子,https://www.aozora.gr.jp/cards/000076/files/46920_ruby_33242.zip,その庭を囲んで矩形に築地垣が廻らされているが、今は崩れてほんの土台の型だけ遺っているばかりなので観覧席より正面家屋の屋内の動静を見物するのに少しも差支えない。,,public_domain:青空文庫:或る秋の紫式部:岡本かの子
取り戻す,とりもどす,되찾다,ある日の蓮月尼,岡本かの子,https://www.aozora.gr.jp/cards/000076/files/58396_ruby_72617.zip,蓮月の起きて居る姿を見て躊躇し引返しかけたが、また勇気を取り戻すに努める様子。,,public_domain:青空文庫:ある日の蓮月尼:岡本かの子
工作,こうさく,공작,ある日の蓮月尼,岡本かの子,https://www.aozora.gr.jp/cards/000076/files/58396_ruby_72617.zip,蓮月はやはり土間の轆轤台の前に坐って居て工作に余念も無い。,,public_domain:青空文庫:ある日の蓮月尼:岡本かの子
気品,きひん,기품,ある日の蓮月尼,岡本かの子,https://www.aozora.gr.jp/cards/000076/files/58396_ruby_72617.zip,この蛙の絵なども気品の高さ、京やそこらの商売画描きなどは足元にも及ぶものではない。,,public_domain:青空文庫:ある日の蓮月尼:岡本かの子
覆面,ふくめん,복면,ある日の蓮月尼,岡本かの子,https://www.aozora.gr.jp/cards/000076/files/58396_ruby_72617.zip,しばらくして覆面した一人の男庵室に忍び寄る。,,public_domain:青空文庫:ある日の蓮月尼:岡本かの子
養う,やしなう,기르다,ある日の蓮月尼,岡本かの子,https://www.aozora.gr.jp/cards/000076/files/58396_ruby_72617.zip,わたくしには一人の老いた父があり、それを養う為にしばらく死を思い止まらねばなりませんでした。,,public_domain:青空文庫:ある日の蓮月尼:岡本かの子
代用,だいよう,대용,異国食餌抄,岡本かの子,https://www.aozora.gr.jp/cards/000076/files/4546_ruby_14916.zip,トンカツに巡り会わない日本人はようやくその代用品を見つけて、衣を着た肉の揚物に対する執着を充たすだけで我慢しなければならぬ。,,public_domain:青空文庫:異国食餌抄:岡本かの子
需要,じゅよう,수요,異国食餌抄,岡本かの子,https://www.aozora.gr.jp/cards/000076/files/4546_ruby_14916.zip,そして蝸牛の需要は秋から冬にかけてであるため、その頃になると蝸牛は土の中にもぐってしまうから、養殖者は丁度芋を掘るように木の棒で掘り出さなければならない。,,public_domain:青空文庫:異国食餌抄:岡本かの子
客観,きゃっかん,객관,異性に対する感覚を洗練せよ,岡本かの子,https://www.aozora.gr.jp/cards/000076/files/4541_ruby_14917.zip,潔癖を持つ事は時に孤独な淋しさが身を噛む事もあるが、恆に、もののイージーな部分にまみれないではっきりとして客観的にものを観察出来て、結局ロング・ランには正当に自己を処理させるに違いない。,,public_domain:青空文庫:異性に対する感覚を洗練せよ:岡本かの子
積む,つむ,쌓다,異性に対する感覚を洗練せよ,岡本かの子,https://www.aozora.gr.jp/cards/000076/files/4541_ruby_14917.zip,何故と言えば、余り深く一処、一物に執着して研鑽を積むという性質ではないからである。,,public_domain:青空文庫:異性に対する感覚を洗練せよ:岡本かの子
終始,しゅうし,시종,動かぬ女,岡本かの子,https://www.aozora.gr.jp/cards/000076/files/58395_ruby_74909.zip,終始令嬢は動かなかった――その取済ました顔に表われたものは、病弱な疲労でもなく、深いなやみの陰影でもなかった。,,public_domain:青空文庫:動かぬ女:岡本かの子
きっかり,きっかり,정확히,越年,岡本かの子,https://www.aozora.gr.jp/cards/000076/files/50617_ruby_37414.zip,僕もきっかり決裂した感じで気持をそらすことが出来よう。,,public_domain:青空文庫:越年:岡本かの子
不況,ふきょう,불황,越年,岡本かの子,https://www.aozora.gr.jp/cards/000076/files/50617_ruby_37414.zip,あいつは頭がよくって、何でもはっきり割り切ろうとしていたからなあ」「そうだ、ここのように純粋の軍需品会社でもなく、平和になればまた早速に不況になる惧れのあるような会社は見込みがないって言ってたよ」山岸は辺りへ聞えよがしに言った。,,public_domain:青空文庫:越年:岡本かの子
利息,りそく,이자,越年,岡本かの子,https://www.aozora.gr.jp/cards/000076/files/50617_ruby_37414.zip,利息ってものがあるわけよ」明子が傍から加奈江をけしかけたけれど、加奈江は二度と叩く勇気がなかった。,,public_domain:青空文庫:越年:岡本かの子
後半,こうはん,후반,越年,岡本かの子,https://www.aozora.gr.jp/cards/000076/files/50617_ruby_37414.zip,加奈江は茶の間の隅に坐って前の坪庭の山茶花の樹に雨が降りそそぐのをすかし見ながら、むかしの仇討ちをした人々の後半生というものはどんなものだろうなぞと考えたりした。,,public_domain:青空文庫:越年:岡本かの子
憤慨,ふんがい,분개,越年,岡本かの子,https://www.aozora.gr.jp/cards/000076/files/50617_ruby_37414.zip,二人の憤慨とは反対に加奈江はへたへたと自分の椅子に腰かけて息をついた。,,public_domain:青空文庫:越年:岡本かの子
船舶,せんぱく,선박,越年,岡本かの子,https://www.aozora.gr.jp/cards/000076/files/50617_ruby_37414.zip,拓殖会社の大事務室には卓が一見縦横乱雑に並び、帳面立ての上にまで帰航した各船舶から寄せられた多数の複雑な報告書が堆く載っている。,,public_domain:青空文庫:越年:岡本かの子
補う,おぎなう,보완하다,越年,岡本かの子,https://www.aozora.gr.jp/cards/000076/files/50617_ruby_37414.zip,私も応援に立つわ」磯子は自分のまずい言い方を今後の態度で補うとでもいうように力んでみせた。,,public_domain:青空文庫:越年:岡本かの子
追い出す,おいだす,쫓아내다,越年,岡本かの子,https://www.aozora.gr.jp/cards/000076/files/50617_ruby_37414.zip,だが大丈夫、十時過ぎになれば何処の酒場でもカフェでもお客を追い出すだろう、その時分に銀座の……そうだ西側の裏通りを二、三日探して歩けば屹度あいつは掴まえられるよ」山岸の保証するような口振りに加奈江は「そうお、では私、ちょいちょい銀座へ行ってみますわ。,,public_domain:青空文庫:越年:岡本かの子
釈明,しゃくめい,해명,越年,岡本かの子,https://www.aozora.gr.jp/cards/000076/files/50617_ruby_37414.zip,よって手紙を以って、今、釈明する次第です。,,public_domain:青空文庫:越年:岡本かの子
円満な,えんまんな,원만한,岡本一平論,岡本かの子,https://www.aozora.gr.jp/cards/000076/files/4553_ruby_14918.zip,それも明るい貴族的なラファエルよりも、素朴な単純なミレーを好み、理智的に円満なダビンチよりも、悲哀と破綻に終ったアンゼロを愛するという具合です。,,public_domain:青空文庫:岡本一平論:岡本かの子
愛好,あいこう,애호,岡本一平論,岡本かの子,https://www.aozora.gr.jp/cards/000076/files/4553_ruby_14918.zip,氏は近頃漫画として鳥羽僧正の画をひどく愛好して居る様です。,,public_domain:青空文庫:岡本一平論:岡本かの子
温和な,おんわな,온화한,岡本一平論,岡本かの子,https://www.aozora.gr.jp/cards/000076/files/4553_ruby_14918.zip,氏の表面は一層沈潜しましたが、底に光明を宿して居る為か、氏の顔には年と共に温和な、平静な相が拡がる様に見うけられます。,,public_domain:青空文庫:岡本一平論:岡本かの子
著書,ちょしょ,저서,岡本一平論,岡本かの子,https://www.aozora.gr.jp/cards/000076/files/4553_ruby_14918.zip,氏の愛読書は、聖書と、東西の聖者の著書や、宗教的文学書と変りました。,,public_domain:青空文庫:岡本一平論:岡本かの子
許容,きょよう,허용,岡本一平論,岡本かの子,https://www.aozora.gr.jp/cards/000076/files/4553_ruby_14918.zip,が氏とて決して其を全然感じないのではない相ですが、それに就いて懸命になる先に氏は対者に許容を持ち得るとのことです。,,public_domain:青空文庫:岡本一平論:岡本かの子
頻繁,ひんぱん,빈번함,岡本一平論,岡本かの子,https://www.aozora.gr.jp/cards/000076/files/4553_ruby_14918.zip,仕事の仕上げは、催促の頻繁な方ほど早く間に合わせる様です。,,public_domain:青空文庫:岡本一平論:岡本かの子
頻繁な,ひんぱんな,빈번한,岡本一平論,岡本かの子,https://www.aozora.gr.jp/cards/000076/files/4553_ruby_14918.zip,仕事の仕上げは、催促の頻繁な方ほど早く間に合わせる様です。,,public_domain:青空文庫:岡本一平論:岡本かの子
偏愛,へんあい,편애,雛妓,岡本かの子,https://www.aozora.gr.jp/cards/000076/files/1285_ruby_1814.zip,わたくしはその間に、妹のわたくしを偏愛して男の気ならば友人の手紙さえ取上げて見せなかった文学熱心の兄の墓に詣で、一人の弟と一人の妹の墓にも花と香花をわけた。,,public_domain:青空文庫:雛妓:岡本かの子
先代,せんだい,선대,雛妓,岡本かの子,https://www.aozora.gr.jp/cards/000076/files/1285_ruby_1814.zip,わたくしたちのいま葬儀しつつある父と、その先代との間に家系も絶えんとし、家運も傾きかけた間一髪の際に、族中より選み出されて危きを既倒に廻し止めた女丈夫だという。,,public_domain:青空文庫:雛妓:岡本かの子
切り出す,きりだす,말을 꺼내다,雛妓,岡本かの子,https://www.aozora.gr.jp/cards/000076/files/1285_ruby_1814.zip,」以前に、こういう段階があるものだから、今もわたくしは、雛妓が氷水でも飲み終えたら、何か身の上ばなしか相談でも切り出すのかと、心待ちに待っていた。,,public_domain:青空文庫:雛妓:岡本かの子
埋蔵,まいぞう,매장,雛妓,岡本かの子,https://www.aozora.gr.jp/cards/000076/files/1285_ruby_1814.zip,「何百年の間、武蔵相模の土に亙って逞しい埋蔵力を持ちながら、葡い松のように横に延びただけの旧家の一族に付いている家霊が、何一つ世間へ表現されないのをおやじは心魂に徹して歎いていたのだ。,,public_domain:青空文庫:雛妓:岡本かの子
好感,こうかん,호감,雛妓,岡本かの子,https://www.aozora.gr.jp/cards/000076/files/1285_ruby_1814.zip,息子の一郎は「どうも不良マダムになったね」と言いながら、わたくしの芸術家にしては窮屈過ぎるためにどのくらい生きるに不如意であるかわからぬ性質の一部が、こんなことで捌けでもするように、好感の眼で見送って呉れた。,,public_domain:青空文庫:雛妓:岡本かの子
家畜,かちく,가축,雛妓,岡本かの子,https://www.aozora.gr.jp/cards/000076/files/1285_ruby_1814.zip,その様子はただ鞣された素直な家畜のようになっていた。,,public_domain:青空文庫:雛妓:岡本かの子
対談,たいだん,대담,雛妓,岡本かの子,https://www.aozora.gr.jp/cards/000076/files/1285_ruby_1814.zip,煙草を喫いながらわたくしと雛妓との対談を食卓越しに微笑して傍観していた逸作は、こう言われて、「このお嬢さんは、売れ残りのうちの姐さんのためにだいぶ斡旋するね」と言葉で逃げたが、雛妓はなかなか許さなかった。,,public_domain:青空文庫:雛妓:岡本かの子
対面,たいめん,대면,雛妓,岡本かの子,https://www.aozora.gr.jp/cards/000076/files/1285_ruby_1814.zip,逸作とわたくしは幼友達ではあるが、それはほんのちょっとの間で、双方年頃近くになり、この上野の森の辺で初対面のように知り合いになったときは、逸作はその桜色の顔に似合わず市井老人のようなこころになっていた。,,public_domain:青空文庫:雛妓:岡本かの子
情勢,じょうせい,정세,雛妓,岡本かの子,https://www.aozora.gr.jp/cards/000076/files/1285_ruby_1814.zip,わたくしは、わたくしの気の弱い弱味に付け込まれて、何か小娘に罠を構えられたような嫌気もしたが、行きがかりの情勢で次を訊かないではいられなかった。,,public_domain:青空文庫:雛妓:岡本かの子
慣習,かんしゅう,관습,雛妓,岡本かの子,https://www.aozora.gr.jp/cards/000076/files/1285_ruby_1814.zip,その中には年々巨万の地代を挙げながら、代々の慣習によって中学卒業程度で家督を護らせられている壮年者もある。,,public_domain:青空文庫:雛妓:岡本かの子
憂鬱な,ゆううつな,우울한,雛妓,岡本かの子,https://www.aozora.gr.jp/cards/000076/files/1285_ruby_1814.zip,わたくしは逸作の腕に支えられながら、弟の医者にちょっと脈を検められ、「生きの身の」と、歌の頭字の五文字を胸に思い泛べただけで急いで帰宅の俥に乗り込んだだけを記して、早くこの苦渋で憂鬱な場面の記述を切上げよう。,,public_domain:青空文庫:雛妓:岡本かの子
懐く,なつく,따르다,雛妓,岡本かの子,https://www.aozora.gr.jp/cards/000076/files/1285_ruby_1814.zip,「俺はおまえを呉れると先に口を切ったおふくろさんの方が好きなんだが、そうかなあ、矢張り娘は父親に懐くものかなあ」そう言って、この際、充分に泣けよとばかりわたくしを泣かして置いて呉れた。,,public_domain:青空文庫:雛妓:岡本かの子
挑む,いどむ,도전하다,雛妓,岡本かの子,https://www.aozora.gr.jp/cards/000076/files/1285_ruby_1814.zip,わたしはこれを使って、ついにおまえをわたしの娘にし得なかった人生の何物かに向って闘いを挑むだろう。,,public_domain:青空文庫:雛妓:岡本かの子
斡旋,あっせん,알선,雛妓,岡本かの子,https://www.aozora.gr.jp/cards/000076/files/1285_ruby_1814.zip,煙草を喫いながらわたくしと雛妓との対談を食卓越しに微笑して傍観していた逸作は、こう言われて、「このお嬢さんは、売れ残りのうちの姐さんのためにだいぶ斡旋するね」と言葉で逃げたが、雛妓はなかなか許さなかった。,,public_domain:青空文庫:雛妓:岡本かの子
晩年,ばんねん,만년,雛妓,岡本かの子,https://www.aozora.gr.jp/cards/000076/files/1285_ruby_1814.zip,晩年、父の技倆としては見事過ぎるほどの橋を奔走して自町のために造り、その橋によってせめて家名を郷党に刻もうとしたのも、この悔を薄める手段に外ならなかった。,,public_domain:青空文庫:雛妓:岡本かの子
究極,きゅうきょく,궁극,雛妓,岡本かの子,https://www.aozora.gr.jp/cards/000076/files/1285_ruby_1814.zip,永遠に人目に触れずしてかつ降り、かつ消えてはまた降り積む、あの北地の奥のしら雪のように、その白さには、その果敢なさの為めに却って弛めようもない究極の勁い張りがあった。,,public_domain:青空文庫:雛妓:岡本かの子
経路,けいろ,경로,雛妓,岡本かの子,https://www.aozora.gr.jp/cards/000076/files/1285_ruby_1814.zip,何の生もない何の情緒もない、枯骨と灰石の対面ではあるが、いのちというものは不思議な経路を取って、その死灰の世界から生と情緒の世界へ生れ代ろうとするもののようである。,,public_domain:青空文庫:雛妓:岡本かの子
薄める,うすめる,묽게 하다,雛妓,岡本かの子,https://www.aozora.gr.jp/cards/000076/files/1285_ruby_1814.zip,晩年、父の技倆としては見事過ぎるほどの橋を奔走して自町のために造り、その橋によってせめて家名を郷党に刻もうとしたのも、この悔を薄める手段に外ならなかった。,,public_domain:青空文庫:雛妓:岡本かの子
見逃す,みのがす,놓치다,雛妓,岡本かの子,https://www.aozora.gr.jp/cards/000076/files/1285_ruby_1814.zip,だがその所作よりも、大きな帯や大きな袖に覆われてはいるものの、流石に年頃まえの小娘の肩から胴、脇、腰へかけて、若やいだ円味と潤いと生々しさが陽炎のように立騰り、立騰っては逸作へ向けてときめき縺れるのをわたくしは見逃すわけにはゆかなかった。,,public_domain:青空文庫:雛妓:岡本かの子
起伏,きふく,기복,雛妓,岡本かの子,https://www.aozora.gr.jp/cards/000076/files/1285_ruby_1814.zip,その起伏のさまは、伊香保の湯宿の高い裏欄干から上つ毛野、下つ毛野に蟠る連山の頂上を眺め渡すようだった。,,public_domain:青空文庫:雛妓:岡本かの子
趣旨,しゅし,취지,雛妓,岡本かの子,https://www.aozora.gr.jp/cards/000076/files/1285_ruby_1814.zip,いまのこの若き心を永遠に失うまいということだったぜ」父の死によって何となく身体に頽勢の見えたわたくしを気遣い逸作は、この料亭のこの座敷でした十八年前の話の趣旨をわたくしの心に蘇らせようとするのであった。,,public_domain:青空文庫:雛妓:岡本かの子
逸脱,いつだつ,일탈,雛妓,岡本かの子,https://www.aozora.gr.jp/cards/000076/files/1285_ruby_1814.zip,希くばその実を逸脱せざらんことを。,,public_domain:青空文庫:雛妓:岡本かの子
開発,かいはつ,개발,雛妓,岡本かの子,https://www.aozora.gr.jp/cards/000076/files/1285_ruby_1814.zip,横浜開港時代に土地開発に力を尽し、儒学と俳諧にも深い造詣を持ちながら一向世に知られず、その子としてただ老獪の一手だけを処世の金科玉条として資産を増殖さしている老爺もある。,,public_domain:青空文庫:雛妓:岡本かの子
鮮やかな,あざやかな,선명한,雛妓,岡本かの子,https://www.aozora.gr.jp/cards/000076/files/1285_ruby_1814.zip,それは小娘ながら水際立って鮮やかなものであった。,,public_domain:青空文庫:雛妓:岡本かの子
あながち,あながち,반드시,秋の修善寺,岡本綺堂,https://www.aozora.gr.jp/cards/000082/files/49564_ruby_33587.zip,あながちに笑うべきでない。,,public_domain:青空文庫:秋の修善寺:岡本綺堂
もっぱら,もっぱら,오로지,麻畑の一夜,岡本綺堂,https://www.aozora.gr.jp/cards/000082/files/45478_ruby_24508.zip,高谷君が南洋へ渡航したのも、この製麻事業に関係した用向きで、もっぱらこの方面の視察にふた月あまりを費して来たのであった。,,public_domain:青空文庫:麻畑の一夜:岡本綺堂
品質,ひんしつ,품질,麻畑の一夜,岡本綺堂,https://www.aozora.gr.jp/cards/000082/files/45478_ruby_24508.zip,丸山はその一年の産額や品質などをいちいち詳しく説明してくれた。,,public_domain:青空文庫:麻畑の一夜:岡本綺堂
感染,かんせん,감염,麻畑の一夜,岡本綺堂,https://www.aozora.gr.jp/cards/000082/files/45478_ruby_24508.zip,そこに一種のマラリヤ熱のようなものが潜んでいて、蚊から伝染するか、あるいは自然に感染するか、どの道その熱病にかかると、人間の頭がおかしくなって急に気違いのようになる。,,public_domain:青空文庫:麻畑の一夜:岡本綺堂
整列,せいれつ,정렬,麻畑の一夜,岡本綺堂,https://www.aozora.gr.jp/cards/000082/files/45478_ruby_24508.zip,三人はもと来た堤をつたって麻畑へ出て、小屋の前へもどってくると、大勢の労働者は仕事をしまって、そこに整列していた。,,public_domain:青空文庫:麻畑の一夜:岡本綺堂
紛失,ふんしつ,분실,麻畑の一夜,岡本綺堂,https://www.aozora.gr.jp/cards/000082/files/45478_ruby_24508.zip,大西洋のある島の耕作地でやはり人間が紛失する。,,public_domain:青空文庫:麻畑の一夜:岡本綺堂
視察,しさつ,시찰,麻畑の一夜,岡本綺堂,https://www.aozora.gr.jp/cards/000082/files/45478_ruby_24508.zip,友人の高谷君は南洋視察から新しく帰って来た。,,public_domain:青空文庫:麻畑の一夜:岡本綺堂
鑑定,かんてい,감정 평가,麻畑の一夜,岡本綺堂,https://www.aozora.gr.jp/cards/000082/files/45478_ruby_24508.zip,しかし人間が理屈なしに消えてなくなる訳のものでありませんから、私はまずこれを猿の仕業と鑑定しました。,,public_domain:青空文庫:麻畑の一夜:岡本綺堂
名義,めいぎ,명의,穴,岡本綺堂,https://www.aozora.gr.jp/cards/000082/files/45500_ruby_23134.zip,この場合、ゆずり渡しというのは名義だけで、大抵はただでくれて行く。,,public_domain:青空文庫:穴:岡本綺堂
地形,ちけい,지형,穴,岡本綺堂,https://www.aozora.gr.jp/cards/000082/files/45500_ruby_23134.zip,あの辺の地形もまったく変って、今では一面の人家つづきとなった。,,public_domain:青空文庫:穴:岡本綺堂
発掘,はっくつ,발굴,穴,岡本綺堂,https://www.aozora.gr.jp/cards/000082/files/45500_ruby_23134.zip,自分は決して自己の所有権を主張して、遺族らの発掘を拒んだり、あるいはその掘出し物の分け前を貰おうとしたりするような慾心を持たない。,,public_domain:青空文庫:穴:岡本綺堂
表向き,おもてむき,표면상,穴,岡本綺堂,https://www.aozora.gr.jp/cards/000082/files/45500_ruby_23134.zip,今日では土地の所有権が他人に移っているので、表向きに交渉するの面倒を避けて、ひそかに持出して行こうとするのではあるまいか。,,public_domain:青空文庫:穴:岡本綺堂
出生,しゅっしょう,출생,池袋の怪,岡本綺堂,https://www.aozora.gr.jp/cards/000082/files/43042_ruby_16085.zip,で、名奉行と聞えた根岸肥前守の随筆「耳袋」の中にも「池尻村とて東武の南、池上本門寺より程近き一村あり、彼村出生の女を召仕えば果して妖怪などありしと申し伝えたり、実否を知らず」と記してある。,,public_domain:青空文庫:池袋の怪:岡本綺堂
協議,きょうぎ,협의,池袋の怪,岡本綺堂,https://www.aozora.gr.jp/cards/000082/files/43042_ruby_16085.zip,それには何れも持て余してどうしたらよかろうと協議の末、井神何某と云う侍が、コリャ狐狸の所為に相違ないから、恐嚇に空鉄砲を撃って見るがいいと、取あえず鉄砲を持ってその場へ引返して来る、この時早し彼時遅し、忽ちに一個の切石が風を剪って飛んで来て、今や鉄砲を空に向けんとする井神の真向に礑と中ったから堪らない、眉間は裂けて鮮血が颯と迸出る。,,public_domain:青空文庫:池袋の怪:岡本綺堂
侵入,しんにゅう,침입,磯部の若葉,岡本綺堂,https://www.aozora.gr.jp/cards/000082/files/49562_ruby_33588.zip,寺は安中路を東に切れた所で、ここら一面の桑畑が寺内までよほど侵入しているらしく見えた。,,public_domain:青空文庫:磯部の若葉:岡本綺堂
堤防,ていぼう,제방,磯部の若葉,岡本綺堂,https://www.aozora.gr.jp/cards/000082/files/49562_ruby_33588.zip,碓氷川の堤防も自費で修理した。,,public_domain:青空文庫:磯部の若葉:岡本綺堂
年号,ねんごう,연호,磯部の若葉,岡本綺堂,https://www.aozora.gr.jp/cards/000082/files/49562_ruby_33588.zip,墓碑に寛延の年号が刻んであるのを見るとよほど長命であったらしい。,,public_domain:青空文庫:磯部の若葉:岡本綺堂
自転,じてん,자전,磯部の若葉,岡本綺堂,https://www.aozora.gr.jp/cards/000082/files/49562_ruby_33588.zip,この桜若葉を背景にして、自転車が通る。,,public_domain:青空文庫:磯部の若葉:岡本綺堂
刊行,かんこう,간행,一日一筆,岡本綺堂,https://www.aozora.gr.jp/cards/000082/files/49561_ruby_33578.zip,今日ではこれ以上の和英字書も数種刊行されているが、その当時の我々は先ずヘボン先生の著作に縋るより他はない。,,public_domain:青空文庫:一日一筆:岡本綺堂
すこぶる,すこぶる,매우,異妖編,岡本綺堂,https://www.aozora.gr.jp/cards/000082/files/45479_ruby_20794.zip,そのころの田島町は俗に北寺町と呼ばれていたほどで、浅草の観音堂と隣り続きでありながら、すこぶるさびしい寺門前の町であった。,,public_domain:青空文庫:異妖編:岡本綺堂
せいぜい,せいぜい,기껏해야,異妖編,岡本綺堂,https://www.aozora.gr.jp/cards/000082/files/45479_ruby_20794.zip,せいぜいが地面から三、四尺ほどのところを高く低くゆらめいて、前に行くかと思うと又あとの方へ戻ってくる。,,public_domain:青空文庫:異妖編:岡本綺堂
つとめて,つとめて,되도록,異妖編,岡本綺堂,https://www.aozora.gr.jp/cards/000082/files/45479_ruby_20794.zip,彼はこの暴風雨を冒して、しかも夜ふけになぜこんなところを歩いていたかというと、新大橋の袂にある松平相模守の下屋敷に自分の叔母が多年つとめていて、それが急病にかかったという通知をきょうの夕刻に受取ったので、伊四郎は取りあえずその見舞に駈け付けたのである。,,public_domain:青空文庫:異妖編:岡本綺堂
全快,ぜんかい,완쾌,異妖編,岡本綺堂,https://www.aozora.gr.jp/cards/000082/files/45479_ruby_20794.zip,その時には、叔母はもう全快していた。,,public_domain:青空文庫:異妖編:岡本綺堂
正夢,まさゆめ,현실이 된 꿈,異妖編,岡本綺堂,https://www.aozora.gr.jp/cards/000082/files/45479_ruby_20794.zip,お貞さんは家の娘にその話をして、これがほんとうの正夢というのか、なにしろ生れてからあんなに怖い思いをしたことはなかったと言ったそうですが、お貞さんよりも、それを聞いた者の方が一倍気味が悪くなりました。,,public_domain:青空文庫:異妖編:岡本綺堂
衰える,おとろえる,쇠약해지다,異妖編,岡本綺堂,https://www.aozora.gr.jp/cards/000082/files/45479_ruby_20794.zip,そう思うと、彼が一旦の恐怖はさらに歓喜の満足と変って、風雨のすこし衰えるのを待ってこの門前から再び歩き出した。,,public_domain:青空文庫:異妖編:岡本綺堂
とりわけ,とりわけ,특히,有喜世新聞の話,岡本綺堂,https://www.aozora.gr.jp/cards/000082/files/45501_ruby_23135.zip,とりわけてお蝶は彼女と姉妹のように親しんでいた。,,public_domain:青空文庫:有喜世新聞の話:岡本綺堂
やけに,やけに,유난히,有喜世新聞の話,岡本綺堂,https://www.aozora.gr.jp/cards/000082/files/45501_ruby_23135.zip,友之助もやけになって諸方を飲みあるいているらしく、毎晩酔って帰って来た。,,public_domain:青空文庫:有喜世新聞の話:岡本綺堂
不在,ふざい,부재,有喜世新聞の話,岡本綺堂,https://www.aozora.gr.jp/cards/000082/files/45501_ruby_23135.zip,矢田の母がたずねて来たときは、わたしは急病人の往診をたのまれて不在でしたが、家内も矢田の母からその話をきかされて、寝耳に水でびっくりしたそうです。,,public_domain:青空文庫:有喜世新聞の話:岡本綺堂
劣る,おとる,뒤떨어지다,有喜世新聞の話,岡本綺堂,https://www.aozora.gr.jp/cards/000082/files/45501_ruby_23135.zip,お蝶もみにくい容貌ではないが、お筆にくらべると確かに劣る。,,public_domain:青空文庫:有喜世新聞の話:岡本綺堂
好機,こうき,호기,有喜世新聞の話,岡本綺堂,https://www.aozora.gr.jp/cards/000082/files/45501_ruby_23135.zip,それはむしろ好機会であると思ったので、お筆はよんどころないような顔をして、お蝶と友之助との秘密をあばいてしまった。,,public_domain:青空文庫:有喜世新聞の話:岡本綺堂
妊娠,にんしん,임신,有喜世新聞の話,岡本綺堂,https://www.aozora.gr.jp/cards/000082/files/45501_ruby_23135.zip,死後に父の医師が検査すると、彼女はもう妊娠三ヵ月になっていたのである。,,public_domain:青空文庫:有喜世新聞の話:岡本綺堂
推測,すいそく,추측,有喜世新聞の話,岡本綺堂,https://www.aozora.gr.jp/cards/000082/files/45501_ruby_23135.zip,「ここまでは私の推測がおそらくあたっているだろうと思うのですが、さていよいよの最後の問題です。,,public_domain:青空文庫:有喜世新聞の話:岡本綺堂
治療,ちりょう,치료,有喜世新聞の話,岡本綺堂,https://www.aozora.gr.jp/cards/000082/files/45501_ruby_23135.zip,もちろん商売柄であるから、溝口もいろいろに手を尽くして治療を加えたが、それを発見した時がおくれていたので、お蝶はどうしても生きなかった。,,public_domain:青空文庫:有喜世新聞の話:岡本綺堂
滞納,たいのう,체납,有喜世新聞の話,岡本綺堂,https://www.aozora.gr.jp/cards/000082/files/45501_ruby_23135.zip,矢田はことし二十四、五で、母のお銀とふたり暮しであったが、たとい末班でも官員さんの肩書をいただいている以上、一ヵ月一円五十銭の家賃を滞納するようなこともなく、無事に一年あまりを送っていた。,,public_domain:青空文庫:有喜世新聞の話:岡本綺堂
移住,いじゅう,이주,有喜世新聞の話,岡本綺堂,https://www.aozora.gr.jp/cards/000082/files/45501_ruby_23135.zip,幕府が瓦解の後、久住は無禄移住を願い出て、旧主君にしたがって駿府（静岡）へ行ったので、陪臣の箕部もまたその主君にしたがって駿府へ移ったが、もとより無禄というのであるから、どの人もなにかの職業を求めなければならない。,,public_domain:青空文庫:有喜世新聞の話:岡本綺堂
いまだに,いまだに,아직도,鰻に呪われた男,岡本綺堂,https://www.aozora.gr.jp/cards/000082/files/45480_ruby_70102.zip,こう申上げてしまえば、別に奇談でもなく、怪談でもなく、単にわたくしがそういう変態の夫を持ったというに過ぎないことになるのでございますが、唯ひとつ、私としていまだに不思議に感じられますのは、前に申上げた通り、わたくしが初めて縁談の申込みを受けました当夜に、いやな夢をみましたことで……。,,public_domain:青空文庫:鰻に呪われた男:岡本綺堂
墜落,ついらく,추락,鰻に呪われた男,岡本綺堂,https://www.aozora.gr.jp/cards/000082/files/45480_ruby_70102.zip,もしや夕闇に足を踏みはずして川のなかへ墜落したのではないかと、川の上下をくまなく捜索しましたが、どこにもその死骸は見当りませんでした。,,public_domain:青空文庫:鰻に呪われた男:岡本綺堂
工学,こうがく,공학,鰻に呪われた男,岡本綺堂,https://www.aozora.gr.jp/cards/000082/files/45480_ruby_70102.zip,そこで、お母さんの話によると、浅井さんの兄さんは帝大卒業の工学士で、ある会社で相当の地位を占めている。,,public_domain:青空文庫:鰻に呪われた男:岡本綺堂
新婚,しんこん,신혼,鰻に呪われた男,岡本綺堂,https://www.aozora.gr.jp/cards/000082/files/45480_ruby_70102.zip,そこで、結婚式もとどこおりなく済まして、わたくしども夫婦は新婚旅行ということになりました。,,public_domain:青空文庫:鰻に呪われた男:岡本綺堂
無断,むだん,무단,鰻に呪われた男,岡本綺堂,https://www.aozora.gr.jp/cards/000082/files/45480_ruby_70102.zip,今まで雇っていた職人は酒の上の悪い男で、五、六日前に何か主人と言い合った末に、無断でどこへか立去ってしまったのだそうです。,,public_domain:青空文庫:鰻に呪われた男:岡本綺堂
戦闘,せんとう,전투,海亀,岡本綺堂,https://www.aozora.gr.jp/cards/000082/files/43542_ruby_18789.zip,精神的にも肉体的にも戦闘能力を全然奪われてしまって、僕は敗軍の兵卒のようにただ茫然としているあいだに、無数の敵は四方から僕の舟に乗込んで来た。,,public_domain:青空文庫:海亀:岡本綺堂
発作,ほっさ,발작,海亀,岡本綺堂,https://www.aozora.gr.jp/cards/000082/files/43542_ruby_18789.zip,美智子さんはさっきから変なことばかり言うから、これも何かの幻覚か錯覚だろうと思って、深くは気にも留めずにともかくも漕ぎ戻すことにすると、美智子さんはなんだか物にでも憑かれたように、発作的に気でも狂ったように、いつまでも僕の手を強く掴んで放さないで『あれ又……。,,public_domain:青空文庫:海亀:岡本綺堂
まちまち,まちまち,제각각,恨みの蠑螺,岡本綺堂,https://www.aozora.gr.jp/cards/000082/files/45502_ruby_23136.zip,ある者は牛から落ちた時に頭を強く撲ったのであろうと言い、ある者はさざえの殻でぶたれた傷から破傷風になったのであろうと言い、その診断がまちまちであった。,,public_domain:青空文庫:恨みの蠑螺:岡本綺堂
徒歩,とほ,도보,恨みの蠑螺,岡本綺堂,https://www.aozora.gr.jp/cards/000082/files/45502_ruby_23136.zip,供の義助は徒歩で、四郎兵衛とお杉が駕籠に乗ろうとする時、隣りの店の女はつかつかと寄って来て、今や駕籠に半身入れかかった四郎兵衛の胸ぐらをとった。,,public_domain:青空文庫:恨みの蠑螺:岡本綺堂
言い張る,いいはる,우겨 말하다,恨みの蠑螺,岡本綺堂,https://www.aozora.gr.jp/cards/000082/files/45502_ruby_23136.zip,ここで逢ったのを幸いに、江戸へ一緒に連れて行って、あの絵を戻せと言い張るので、四郎兵衛もほとほと持て余した。,,public_domain:青空文庫:恨みの蠑螺:岡本綺堂
雨天,うてん,우천,恨みの蠑螺,岡本綺堂,https://www.aozora.gr.jp/cards/000082/files/45502_ruby_23136.zip,雨天ならばあしたも逗留という予定を変更して、雨が降ろうが、風が吹こうが、あしたは早々に出発と相談を決めて、三人はともかくも枕に就いたが、雨の音、海の音、さなきだに不安の夢にしばしば驚かされた。,,public_domain:青空文庫:恨みの蠑螺:岡本綺堂
ひんやり,ひんやり,서늘하게,秋の暈,織田作之助,https://www.aozora.gr.jp/cards/000040/files/1041_txt_4746.zip,ひとびとが宵の寝苦しい暑さをそのまま、夢に結んでいるときに、私はひんやりした風を肌に感じている。,,public_domain:青空文庫:秋の暈:織田作之助
本館,ほんかん,본관,秋の暈,織田作之助,https://www.aozora.gr.jp/cards/000040/files/1041_txt_4746.zip,追分は軽井沢、沓掛とともに浅間根腰の三宿といわれ、いまは焼けてしまったが、ここの油屋は昔の宿場の本陣そのままの姿を残し、堀辰雄氏、室生犀星氏、佐藤春夫氏その他多くの作家が好んでこの油屋へ泊りに来て、ことに堀辰雄氏などは一年中の大半をここの大名部屋か小姓の部屋かですごしていたくらい、伊豆湯ヶ島の湯本館と同様、作家たちに好かれた旅館であった。,,public_domain:青空文庫:秋の暈:織田作之助
でかい,でかい,크다,秋深き,織田作之助,https://www.aozora.gr.jp/cards/000040/files/47505_ruby_32719.zip,さよか」そう言いながら、男はどぶんと浸ったが、いきなりでかい声で、「あ、こら水みたいや。,,public_domain:青空文庫:秋深き:織田作之助
下痢,げり,설사,秋深き,織田作之助,https://www.aozora.gr.jp/cards/000040/files/47505_ruby_32719.zip,どうも昨夜から、ひどい下痢をして困ってるんです」ほんとうのことを言った。,,public_domain:青空文庫:秋深き:織田作之助
安静,あんせい,안정,秋深き,織田作之助,https://www.aozora.gr.jp/cards/000040/files/47505_ruby_32719.zip,私は療養書の注意を守って、食後の安静に、畳の上に寝そべっていた。,,public_domain:青空文庫:秋深き:織田作之助
流通,りゅうつう,유통,秋深き,織田作之助,https://www.aozora.gr.jp/cards/000040/files/47505_ruby_32719.zip,空気の流通をよくしなければいけないんです」すると、女の顔に思いがけぬ生気がうかんだ。,,public_domain:青空文庫:秋深き:織田作之助
浸る,ひたる,잠기다,秋深き,織田作之助,https://www.aozora.gr.jp/cards/000040/files/47505_ruby_32719.zip,湯槽に浸ると、びっくりするほど冷たかった。,,public_domain:青空文庫:秋深き:織田作之助
生真面目な,きまじめな,고지식한,秋深き,織田作之助,https://www.aozora.gr.jp/cards/000040/files/47505_ruby_32719.zip,「それをきいて安心しました」女は私の言葉をなんときいたのか、生真面目な顔で言った。,,public_domain:青空文庫:秋深き:織田作之助
知性,ちせい,지성,秋深き,織田作之助,https://www.aozora.gr.jp/cards/000040/files/47505_ruby_32719.zip,ちょっとも知性が感じられしませんの。,,public_domain:青空文庫:秋深き:織田作之助
近視,きんし,근시,秋深き,織田作之助,https://www.aozora.gr.jp/cards/000040/files/47505_ruby_32719.zip,この女は近視だろうか、それとも、距離の感覚がまるでないのだろうかと、なんとなく迷惑していると、「いま、ちょっと出掛けて行きましたの」その隙に話しに来た、――そんなことをされては困ると思った。,,public_domain:青空文庫:秋深き:織田作之助
雑談,ざつだん,잡담,秋深き,織田作之助,https://www.aozora.gr.jp/cards/000040/files/47505_ruby_32719.zip,暫らく取りとめない雑談をした末、私は機を求めて、雨戸のことを申し出た。,,public_domain:青空文庫:秋深き:織田作之助
こっそり,こっそり,몰래,アド・バルーン,織田作之助,https://www.aozora.gr.jp/cards/000040/files/42688_ruby_45446.zip,一つには昼間おきみ婆さんに貰った飴をこっそり一人内緒で食べたいのです。,,public_domain:青空文庫:アド・バルーン:織田作之助
みすぼらしい,みすぼらしい,초라하다,アド・バルーン,織田作之助,https://www.aozora.gr.jp/cards/000040/files/42688_ruby_45446.zip,私は新聞の記事にあおりたてられた物見高い人々が、五年目の再会の模様を見ようと、天王寺へお詣りがてら来ているのだと判ると、きゅうに自分のみすぼらしい――新聞に書かれた出世双六などという言葉におよそ似つかぬ姿を恥じて、穴あらばはいりたい気持とはこのことかと思った。,,public_domain:青空文庫:アド・バルーン:織田作之助
もともと,もともと,원래,アド・バルーン,織田作之助,https://www.aozora.gr.jp/cards/000040/files/42688_ruby_45446.zip,が、むこう見ずはもともと私にとっては生れつきの気性らしかったし、それに、大阪から東京まで何里あるかも判らぬその道も、文子に会いに行くのだと思えば遠い気もしなかった、……とはいうものの、せめて汽車賃の算段がついてからという考えも、もちろん泛ばぬこともなかった。,,public_domain:青空文庫:アド・バルーン:織田作之助
保育,ほいく,보육,アド・バルーン,織田作之助,https://www.aozora.gr.jp/cards/000040/files/42688_ruby_45446.zip,とうとう探しくたびれてしまったところ、ちょうどそのころ今里保育園の仕事に関係していた弘済会の保育部長の田所さんがこの話を聴いて、――というのは、谷口さんも当時今里保育園の仕事に関係していて田所さんと親しかったので、――これは警察に探してもらう方がよかろうと、府の警察部へ話してくれました。,,public_domain:青空文庫:アド・バルーン:織田作之助
内緒,ないしょ,비밀,アド・バルーン,織田作之助,https://www.aozora.gr.jp/cards/000040/files/42688_ruby_45446.zip,一つには昼間おきみ婆さんに貰った飴をこっそり一人内緒で食べたいのです。,,public_domain:青空文庫:アド・バルーン:織田作之助
再会,さいかい,재회,アド・バルーン,織田作之助,https://www.aozora.gr.jp/cards/000040/files/42688_ruby_45446.zip,私は新聞の記事にあおりたてられた物見高い人々が、五年目の再会の模様を見ようと、天王寺へお詣りがてら来ているのだと判ると、きゅうに自分のみすぼらしい――新聞に書かれた出世双六などという言葉におよそ似つかぬ姿を恥じて、穴あらばはいりたい気持とはこのことかと思った。,,public_domain:青空文庫:アド・バルーン:織田作之助
出演,しゅつえん,출연,アド・バルーン,織田作之助,https://www.aozora.gr.jp/cards/000040/files/42688_ruby_45446.zip,出演者は思いもかけぬ父の円団治でした。,,public_domain:青空文庫:アド・バルーン:織田作之助
協会,きょうかい,협회,アド・バルーン,織田作之助,https://www.aozora.gr.jp/cards/000040/files/42688_ruby_45446.zip,それから大今里のトキワ会という紙芝居協会へ三円払って絵と道具を借りた。,,public_domain:青空文庫:アド・バルーン:織田作之助
名簿,めいぼ,명부,アド・バルーン,織田作之助,https://www.aozora.gr.jp/cards/000040/files/42688_ruby_45446.zip,そして、二人目の講師の演説が終った時には、もともと極端に走りやすい私はもう禁酒会員名簿に署名をしていました。,,public_domain:青空文庫:アド・バルーン:織田作之助
目安,めやす,기준,アド・バルーン,織田作之助,https://www.aozora.gr.jp/cards/000040/files/42688_ruby_45446.zip,が、浜子は私たちをその前まで連れて行ってはくれず、ひょいと日本橋一丁目の方へ折れて、そしてすぐ掛りにある目安寺の中へはいりました。,,public_domain:青空文庫:アド・バルーン:織田作之助
脚色,きゃくしょく,각색,アド・バルーン,織田作之助,https://www.aozora.gr.jp/cards/000040/files/42688_ruby_45446.zip,どうせ不景気な話だから、いっそ景気よく語ってやりましょう、子供のころでおぼえもなし、空想をまじえた創作で語る以上、できるだけおもしろおかしく脚色してやりましょうと、万事「下肥えの代り」に式で喋りました。,,public_domain:青空文庫:アド・バルーン:織田作之助
診療,しんりょう,진료,アド・バルーン,織田作之助,https://www.aozora.gr.jp/cards/000040/files/42688_ruby_45446.zip,隣の家は歯医者らしく、二階の部屋で白い診療衣を着た医者が黙々と立ち働いているのが見えました。,,public_domain:青空文庫:アド・バルーン:織田作之助
貯蓄,ちょちく,저축,アド・バルーン,織田作之助,https://www.aozora.gr.jp/cards/000040/files/42688_ruby_45446.zip,父は私の躯についている薬の匂いをいやがったので、私は間もなく病院の雑役夫をよして、ある貯蓄会社の外交員になりました。,,public_domain:青空文庫:アド・バルーン:織田作之助
郷愁,きょうしゅう,향수,アド・バルーン,織田作之助,https://www.aozora.gr.jp/cards/000040/files/42688_ruby_45446.zip,が、やはりテクテクと歩いて行ったのは、金の工面に日の暮れるその足で、少しでも文子のいる東京へ近づきたいという気持にせきたてられたのと、一つには放浪への郷愁でした。,,public_domain:青空文庫:アド・バルーン:織田作之助
預かる,あずかる,맡다,アド・バルーン,織田作之助,https://www.aozora.gr.jp/cards/000040/files/42688_ruby_45446.zip,里子を預かるくらいゆえ、もとより水呑みの、牛一頭持てぬ細々した納屋暮しで、主人が畑へ出かけた留守中、お内儀さんが紙風船など貼りながら、私ともう一人やはり同じ年に生れた自分の子に乳をやっていたのだが、私が行ってから一年もたたぬうちに日露戦争がはじまって主人が出征し、畑へはお内儀さんが出た。,,public_domain:青空文庫:アド・バルーン:織田作之助
一任,いちにん,일임,雨,織田作之助,https://www.aozora.gr.jp/cards/000040/files/53804_ruby_47318.zip,守蔵はお兼に万事一任した。,,public_domain:青空文庫:雨:織田作之助
不慮,ふりょ,뜻밖의 사고,雨,織田作之助,https://www.aozora.gr.jp/cards/000040/files/53804_ruby_47318.zip,五年経ち、お君が二十四、豹一が六つの年の暮、金助は不慮の災難であっけなく死んでしまった。,,public_domain:青空文庫:雨:織田作之助
創立,そうりつ,창립,雨,織田作之助,https://www.aozora.gr.jp/cards/000040/files/53804_ruby_47318.zip,どうせ朝まで客は拾えないし、それにその日雨天のため花火は揚らなかったが、飛田遊廓創立二十周年記念日のことであるし、何んぞえゝことあるやろと登楼をすゝめた。,,public_domain:青空文庫:雨:織田作之助
同級,どうきゅう,동급,雨,織田作之助,https://www.aozora.gr.jp/cards/000040/files/53804_ruby_47318.zip,はにかみやであったが、一週間に五人の同級の男の子が彼に撲られて泣いた。,,public_domain:青空文庫:雨:織田作之助
報いる,むくいる,보답하다,雨,織田作之助,https://www.aozora.gr.jp/cards/000040/files/53804_ruby_47318.zip,しかし、彼の敵愾心は、クラスの者を最初から敵ときめていたから、憎まれて、かえってさば／＼と落つく風であり、彼の美貌に眼をつけた上級の荒男が無気味な媚で近づいて来るのを見ると、かえってその愛情に報いる方法を知らぬ奇妙な困惑に陥るのだった。,,public_domain:青空文庫:雨:織田作之助
応援団,おうえんだん,응원단,雨,織田作之助,https://www.aozora.gr.jp/cards/000040/files/53804_ruby_47318.zip,三ヶ月の京都での生活中、彼は屡々応援団の者に撲られ、与太者と喧嘩し、そして数人の女を彼の表現に従えば「もの」にした。,,public_domain:青空文庫:雨:織田作之助
沿線,えんせん,노선 주변,雨,織田作之助,https://www.aozora.gr.jp/cards/000040/files/53804_ruby_47318.zip,大軌電車沿線、樟蔭女学校の生徒であると知ったので、その日の午後の授業をサボって上本町六丁目の大軌電車構内に出掛け、彼女の帰りを待ちうけた。,,public_domain:青空文庫:雨:織田作之助
登校,とうこう,등교,雨,織田作之助,https://www.aozora.gr.jp/cards/000040/files/53804_ruby_47318.zip,ある日、軽部が登校して行った留守中に、日本橋の家できいたのですがと若い男が訪ねて来た。,,public_domain:青空文庫:雨:織田作之助
盛大な,せいだいな,성대한,雨,織田作之助,https://www.aozora.gr.jp/cards/000040/files/53804_ruby_47318.zip,大阪の町々の路次には、どこから引っぱって来たのか、よく石地蔵がまつられていて、毎年八月下旬に地蔵盆の年中行事が行われるのだが、お君の住んでいる地蔵路次は名前の手前もあり盛大な行事が行われることになっていた。,,public_domain:青空文庫:雨:織田作之助
納入,のうにゅう,납입,雨,織田作之助,https://www.aozora.gr.jp/cards/000040/files/53804_ruby_47318.zip,その頃、安二郎は廃球以外に新品の電球も扱っていて、電球工場から仕入れたのを地方の会社や劇場に納入する一種の仲買いの様なことをしていたが、時々刺青のたあやんと称する男が、五百個千個と電球を売りつけに来るのを安い値で買いとっていた。,,public_domain:青空文庫:雨:織田作之助
説得,せっとく,설득,雨,織田作之助,https://www.aozora.gr.jp/cards/000040/files/53804_ruby_47318.zip,しかし、嫂のお兼は学校の成績の図抜けて優秀な豹一にひそかに期するところがあり、彼が尋常六年を卒業すると、府立の中学校に入れるようにと安二郎を無理矢理に説得した。,,public_domain:青空文庫:雨:織田作之助
貫禄,かんろく,관록,雨,織田作之助,https://www.aozora.gr.jp/cards/000040/files/53804_ruby_47318.zip,いわば、首席の貫禄がないのだった。,,public_domain:青空文庫:雨:織田作之助
近眼,きんがん,근시안,雨,織田作之助,https://www.aozora.gr.jp/cards/000040/files/53804_ruby_47318.zip,軽部は体の小柄な割に、顔の道具立てが一つ／＼大きく、眉毛が太く、眼は近眼鏡のうしろにギョロリと突出し、鼻の肉は分厚く鉤鼻であった。,,public_domain:青空文庫:雨:織田作之助
ぺこぺこ,ぺこぺこ,배고픔,馬地獄,織田作之助,https://www.aozora.gr.jp/cards/000040/files/4414_ruby_14335.zip,男はぺこぺこ頭を下げ、立ち去った。,,public_domain:青空文庫:馬地獄:織田作之助
ややこしい,ややこしい,복잡하다,大阪の可能性,織田作之助,https://www.aozora.gr.jp/cards/000040/files/46351_ruby_26677.zip,しかし、それとも考えようによっては、京都弁そのものが結局豊富でない証拠で、彼女たちはただ教えられた数少い言葉を紋切型のように使っているだけで、ニュアンスも変化があるといえばいえるものの、けっして個性的な表現ではなく、又大阪弁の「ややこしい」という言葉のようにざっと数えて三十ぐらいの意味に使えるほどの豊富なニュアンスはなく、結局京都弁は簡素、単純なのである。,,public_domain:青空文庫:大阪の可能性:織田作之助
上司,じょうし,상사,大阪の可能性,織田作之助,https://www.aozora.gr.jp/cards/000040/files/46351_ruby_26677.zip,たとえば、谷崎潤一郎氏の書く大阪弁、宇野浩二氏の書く大阪弁、上司小剣氏の書く大阪弁、川端康成氏の書く大阪弁、武田麟太郎氏の書く大阪弁、藤沢桓夫氏の書く大阪弁、それから私の書く大阪弁、みな違っている。,,public_domain:青空文庫:大阪の可能性:織田作之助
世代,せだい,세대,大阪の可能性,織田作之助,https://www.aozora.gr.jp/cards/000040/files/46351_ruby_26677.zip,若い世代でいい科白の書けるのは、最近なくなった森本薫氏ぐらいのもので、菊田一夫氏の書いている科白などは、森本薫氏のそれにくらべると、はるかにエスプリがなく、背後に作者のインテリゼンスが感じられず、たとえば通俗小説ばかり書いている人の文章が純文学の小説の文章とキメの細かさが違う程度に、キメの荒さが目立って、うんざりさせられる。,,public_domain:青空文庫:大阪の可能性:織田作之助
劇団,げきだん,극단,大阪の可能性,織田作之助,https://www.aozora.gr.jp/cards/000040/files/46351_ruby_26677.zip,もっとも現在の日本の劇作家の多くは劇団という紋切型にあてはめて書いているのか、神経が荒いのか、書きなぐっているのか、味のある会話は書けない。,,public_domain:青空文庫:大阪の可能性:織田作之助
婉曲,えんきょく,완곡,大阪の可能性,織田作之助,https://www.aozora.gr.jp/cards/000040/files/46351_ruby_26677.zip,かんにんどっせ」と含みを持たせた簡単な表現で、しかも婉曲に片づけているのにも感心した。,,public_domain:青空文庫:大阪の可能性:織田作之助
本国,ほんごく,본국,大阪の可能性,織田作之助,https://www.aozora.gr.jp/cards/000040/files/46351_ruby_26677.zip,いや、京都の言葉が大阪の言葉より柔かく上品で、美しいということは、もう日本国中津津浦浦まで知れわたっている事実だ。,,public_domain:青空文庫:大阪の可能性:織田作之助
異色,いしょく,이색,大阪の可能性,織田作之助,https://www.aozora.gr.jp/cards/000040/files/46351_ruby_26677.zip,この一種異色ある「どうぞ……」は「どう」の音のひっぱり方一つで、本当に連れて行ってほしいという気持やお愛想で言っている気持や、本当に連れて行ってくれると信じている気持や、客が嘘を言っているのが判っているという気持や、その他さまざまなニュアンスが出せるのである。,,public_domain:青空文庫:大阪の可能性:織田作之助
じっくり,じっくり,차분히,大阪の憂鬱,織田作之助,https://www.aozora.gr.jp/cards/000040/files/46499_ruby_24381.zip,しかも、それはほかの土地よりも高かったのだと言えば、余りに身びいきになりすぎるかも知れないが、すくなくとも私は大阪は香りの高い、じっくりと味うべき珈琲だった筈だと、信じている。,,public_domain:青空文庫:大阪の憂鬱:織田作之助
主食,しゅしょく,주식,大阪の憂鬱,織田作之助,https://www.aozora.gr.jp/cards/000040/files/46499_ruby_24381.zip,例えば主食を売っている。,,public_domain:青空文庫:大阪の憂鬱:織田作之助
事前,じぜん,사전,大阪の憂鬱,織田作之助,https://www.aozora.gr.jp/cards/000040/files/46499_ruby_24381.zip,どんなに極秘にされた抜打ちの手入れでも、事前に洩れる。,,public_domain:青空文庫:大阪の憂鬱:織田作之助
伝達,でんたつ,전달,大阪の憂鬱,織田作之助,https://www.aozora.gr.jp/cards/000040/files/46499_ruby_24381.zip,しかし戦争中の話をしているのではない、警察の手入れのことを「警報」という隠語で伝達しているのである。,,public_domain:青空文庫:大阪の憂鬱:織田作之助
声明,せいめい,성명,大阪の憂鬱,織田作之助,https://www.aozora.gr.jp/cards/000040/files/46499_ruby_24381.zip,主食と闇煙草の販売を弾圧する旨の声明は、わざわざ何月何日よりと予告を発して、これまで十数回発表されたし、抜打ちの検挙も行われる。,,public_domain:青空文庫:大阪の憂鬱:織田作之助
復興,ふっこう,부흥,大阪の憂鬱,織田作之助,https://www.aozora.gr.jp/cards/000040/files/46499_ruby_24381.zip,この力が千日前を、心斎橋を、道頓堀を、新世界を復興させたのだ。,,public_domain:青空文庫:大阪の憂鬱:織田作之助
指令,しれい,지령,大阪の憂鬱,織田作之助,https://www.aozora.gr.jp/cards/000040/files/46499_ruby_24381.zip,そして、その相場はたった一人の人間（つまり親分）が毎朝決定して、その指令が五つの闇市場へ飛び、その日の相場の統制が保たれるらしい――という話を、私はきいたが、もしそうだとすれば、そのたった一人の人間の統制力というものは、この国の政府の統制力以上であり、むしろ痛快ではないか。,,public_domain:青空文庫:大阪の憂鬱:織田作之助
敗戦,はいせん,패전,大阪の憂鬱,織田作之助,https://www.aozora.gr.jp/cards/000040/files/46499_ruby_24381.zip,京都で一番賑かな四条通、河原町通の商店の資本は、敗戦後たいてい大阪商人から出ているという話である。,,public_domain:青空文庫:大阪の憂鬱:織田作之助
氾濫,はんらん,범람,大阪の憂鬱,織田作之助,https://www.aozora.gr.jp/cards/000040/files/46499_ruby_24381.zip,だいいち、このような型の感傷、このような型の文章は、戦争中「心の糧になるゆとりを忘れるな」という名目で随分氾濫したし、「工場に咲いた花」「焼跡で花を売る少女」などという、いわゆる美談佳話製造家の流儀に似てはいないだろうか。,,public_domain:青空文庫:大阪の憂鬱:織田作之助
異動,いどう,인사 이동,大阪の憂鬱,織田作之助,https://www.aozora.gr.jp/cards/000040/files/46499_ruby_24381.zip,奇妙なことには、この闇煙草の値は五つの闇市場を通じて、ちゃんと統制されているが、日によって異動がある。,,public_domain:青空文庫:大阪の憂鬱:織田作之助
統制,とうせい,통제,大阪の憂鬱,織田作之助,https://www.aozora.gr.jp/cards/000040/files/46499_ruby_24381.zip,奇妙なことには、この闇煙草の値は五つの闇市場を通じて、ちゃんと統制されているが、日によって異動がある。,,public_domain:青空文庫:大阪の憂鬱:織田作之助
配給,はいきゅう,배급,大阪の憂鬱,織田作之助,https://www.aozora.gr.jp/cards/000040/files/46499_ruby_24381.zip,「近頃刻み煙草の配給しかないのは、専売局で盗難用の光やきんしを倉庫にストックして置かねばならぬからだ」と。,,public_domain:青空文庫:大阪の憂鬱:織田作之助
くすぐったい,くすぐったい,간지럽다,大阪発見,織田作之助,https://www.aozora.gr.jp/cards/000040/files/4106_ruby_7694.zip,上等の奴やなかったら効かへんと二十円も貰った御寮人さんは、くすぐったいというより阿呆らしく、その金を瞬く間に使ってしまった。,,public_domain:青空文庫:大阪発見:織田作之助
医院,いいん,의원,大阪発見,織田作之助,https://www.aozora.gr.jp/cards/000040/files/4106_ruby_7694.zip,右隣は歯科医院であった。,,public_domain:青空文庫:大阪発見:織田作之助
献立,こんだて,식단,大阪発見,織田作之助,https://www.aozora.gr.jp/cards/000040/files/4106_ruby_7694.zip,はいるなりＫという少女はあん蜜を注文したが、私はおもむろに献立表を観察して、ぶぶ漬という字が眼にはいると、いきなり空腹を感じて、ぶぶ漬を注文した。,,public_domain:青空文庫:大阪発見:織田作之助
碁盤,ごばん,바둑판,大阪発見,織田作之助,https://www.aozora.gr.jp/cards/000040/files/4106_ruby_7694.zip,暖簾をくぐって、碁盤の目の畳に腰掛け、めおとぜんざいを注文すると、平べったいお椀にいれたぜんざいを一人に二杯もって来る。,,public_domain:青空文庫:大阪発見:織田作之助
陳列,ちんれつ,진열,大阪発見,織田作之助,https://www.aozora.gr.jp/cards/000040/files/4106_ruby_7694.zip,店の入口にガラス張りの陳列窓があり、そこに古びた阿多福人形が坐っている。,,public_domain:青空文庫:大阪発見:織田作之助
執筆,しっぴつ,집필,鬼,織田作之助,https://www.aozora.gr.jp/cards/000040/files/46300_ruby_23884.zip,空襲がはげしくなって雑誌が出なくなっても、彼は少しも閑にならず、シナリオやラジオドラマや脚本の執筆に追われて、忙しい想いをしていた。,,public_domain:青空文庫:鬼:織田作之助
封鎖,ふうさ,봉쇄,鬼,織田作之助,https://www.aozora.gr.jp/cards/000040/files/46300_ruby_23884.zip,「原稿料もどうやら封鎖になるんじゃないかな。,,public_domain:青空文庫:鬼:織田作之助
脚本,きゃくほん,각본,鬼,織田作之助,https://www.aozora.gr.jp/cards/000040/files/46300_ruby_23884.zip,空襲がはげしくなって雑誌が出なくなっても、彼は少しも閑にならず、シナリオやラジオドラマや脚本の執筆に追われて、忙しい想いをしていた。,,public_domain:青空文庫:鬼:織田作之助
主催,しゅさい,주최,可能性の文学,織田作之助,https://www.aozora.gr.jp/cards/000040/files/46170_ruby_21869.zip,昭和の大棋戦だと、主催者の読売新聞も宣伝した。,,public_domain:青空文庫:可能性の文学:織田作之助
取り巻く,とりまく,둘러싸다,可能性の文学,織田作之助,https://www.aozora.gr.jp/cards/000040/files/46170_ruby_21869.zip,しかも敢てこのような文章を書くのは、老大家やその亜流の作品を罵倒する目的ではなく、むしろ、それらの作品を取り巻く文壇の輿論、即ち彼等の文学を最高の権威としている定説が根強くはびこっている限り、日本の文壇はいわゆる襟を正して読む素直な作品にはことを欠かないだろうが、しかし、新しい文学は起こり得ない、可能性の文学、近代小説は生れ得ないと思うからである。,,public_domain:青空文庫:可能性の文学:織田作之助
年輪,ねんりん,나이테,可能性の文学,織田作之助,https://www.aozora.gr.jp/cards/000040/files/46170_ruby_21869.zip,そして、彼等はただ老境に憧れ、年輪的な人間完成、いや、渋くさびた老枯を目標に生活し、そしてその生活の総勘定をありのままに書くことを文学だと思っているのである。,,public_domain:青空文庫:可能性の文学:織田作之助
座談会,ざだんかい,좌담회,可能性の文学,織田作之助,https://www.aozora.gr.jp/cards/000040/files/46170_ruby_21869.zip,「面白い小説を書こうとしていたのはわれわれの間違いでした」と大衆文学の作者がある座談会で純文学の作家に告白したそうだが、純文学大衆文学を通じて、果して日本の文学に「アラビヤン・ナイト」や「デカメロン」を以てはじまる小説本来の面白さがあったとでもいうのか。,,public_domain:青空文庫:可能性の文学:織田作之助
悪化,あっか,악화,可能性の文学,織田作之助,https://www.aozora.gr.jp/cards/000040/files/46170_ruby_21869.zip,私などまだ六年の文壇経歴しかないが、その六年間、作品を発表するたびに悪評の的となり、現在もその状況は悪化する一方である。,,public_domain:青空文庫:可能性の文学:織田作之助
新人,しんじん,신인,可能性の文学,織田作之助,https://www.aozora.gr.jp/cards/000040/files/46170_ruby_21869.zip,ところが、顧みて日本の文壇を考えると、今なお無気力なオルソドックスが最高権威を持っていて、老大家は旧式の定跡から一歩も出ず、新人もまたこそこそとこの定跡に追従しているのである。,,public_domain:青空文庫:可能性の文学:織田作之助
極限,きょくげん,극한,可能性の文学,織田作之助,https://www.aozora.gr.jp/cards/000040/files/46170_ruby_21869.zip,そのような状態がフランスではエグジスタンシアリスムという一つの思想的必然をうみ、人間というものを包んでいた「伝統」的必然のヴェールをひきさくことによって、無に沈潜し、人間を醜怪と見、必然に代えるに偶然を以てし、ここに自由の極限を見るのである。,,public_domain:青空文庫:可能性の文学:織田作之助
機関誌,きかんし,기관지,可能性の文学,織田作之助,https://www.aozora.gr.jp/cards/000040/files/46170_ruby_21869.zip,ジュリアン・バンダがフランス本国から近著した雑誌で、ヴァレリイ、ジイド等の大家を完膚なきまでに否定している一方、ジャン・ポール・サルトルがエグジスタンシアリスム（実存主義）を提唱し、最近巴里で機関誌「現代」を発行し、巻頭に実存主義文学論を発表している。,,public_domain:青空文庫:可能性の文学:織田作之助
没落,ぼつらく,몰락,可能性の文学,織田作之助,https://www.aozora.gr.jp/cards/000040/files/46170_ruby_21869.zip,昔、ある新進作家が先輩大家を罵倒した論文を書いたために、ついに彼自身没落したという話もきいている。,,public_domain:青空文庫:可能性の文学:織田作之助
滑稽な,こっけいな,우스꽝스러운,可能性の文学,織田作之助,https://www.aozora.gr.jp/cards/000040/files/46170_ruby_21869.zip,サルトルの「アンティミテ」（水いらず）という小説を、私はそんなに感心しているわけでもないし、むしろドイツのケストネルが書いた「ファビアン」の方にデフォルムの新しい魅力を感ずるし、日本の実存主義運動などが、二三の反オルソドックス作家の手によって提唱されたとしたら、まことに滑稽なことになるだろうと思う。,,public_domain:青空文庫:可能性の文学:織田作之助
貢献,こうけん,공헌,可能性の文学,織田作之助,https://www.aozora.gr.jp/cards/000040/files/46170_ruby_21869.zip,日本の文壇というものは、一刀三拝式の心境小説的私小説の発達に数十年間の努力を集中して来たことによって、小説形式の退歩に大いなる貢献をし、近代小説の思想性から逆行することに於ては、見事な成功を収めた。,,public_domain:青空文庫:可能性の文学:織田作之助
保険,ほけん,보험,髪,織田作之助,https://www.aozora.gr.jp/cards/000040/files/46301_ruby_24714.zip,もっとも保険の勧誘員にならいくらか成り易かった。,,public_domain:青空文庫:髪:織田作之助
呆然,ぼうぜん,망연,髪,織田作之助,https://www.aozora.gr.jp/cards/000040/files/46301_ruby_24714.zip,ことに点呼当日長髪のまま点呼場へ出頭した者は、バリカンで頭の半分だけ刈り取られて、おまけに異様な姿になった頭のままグランドを二十周走らされ、それが終ると竹刀で血が出るくらいたたかれるらしいという噂は、私を呆然とさせた。,,public_domain:青空文庫:髪:織田作之助
志望,しぼう,지망,髪,織田作之助,https://www.aozora.gr.jp/cards/000040/files/46301_ruby_24714.zip,就中、法科志望の点取虫の多いのには、げっそりさせられた。,,public_domain:青空文庫:髪:織田作之助
悲観,ひかん,비관,髪,織田作之助,https://www.aozora.gr.jp/cards/000040/files/46301_ruby_24714.zip,青春も若さも大急ぎで私から去ってしまったらしい、といって、私は非常に悲観しているわけではない。,,public_domain:青空文庫:髪:織田作之助
衛生,えいせい,위생,髪,織田作之助,https://www.aozora.gr.jp/cards/000040/files/46301_ruby_24714.zip,私は自分の精神の衛生上、演説呆けという病気をかねがね怖れていたのである。,,public_domain:青空文庫:髪:織田作之助
該当,がいとう,해당,髪,織田作之助,https://www.aozora.gr.jp/cards/000040/files/46301_ruby_24714.zip,既に事変下で、新体制運動が行われていたある日の新聞を見ると、政府は国民の頭髪の型を新体制型と称する何種類かの型に限定しようとしているらしく、全国の理髪店はそれらの型に該当しない頭髪の客を断ることを申し合わせたというのである。,,public_domain:青空文庫:髪:織田作之助
くよくよ,くよくよ,끙끙,蚊帳,織田作之助,https://www.aozora.gr.jp/cards/000040/files/60126_ruby_74193.zip,君の病気は僕がなおしてあげるから、くよくよしないで、呑気な気でおることだよ」彼はそう慰めながら、死ぬ前の妻の言葉をふと想いだした。,,public_domain:青空文庫:蚊帳:織田作之助
加工,かこう,가공,石の信仰とさえの神と,折口信夫,https://www.aozora.gr.jp/cards/000933/files/58168_ruby_62504.zip,頭に加工するだけである。,,public_domain:青空文庫:石の信仰とさえの神と:折口信夫
岩石,がんせき,암석,石の信仰とさえの神と,折口信夫,https://www.aozora.gr.jp/cards/000933/files/58168_ruby_62504.zip,筑前にある神籠石は、神道では、「いはさか」だと言われているが、石が敷き並べてあるばかりでなく、岩石のもある。,,public_domain:青空文庫:石の信仰とさえの神と:折口信夫
成年,せいねん,성년,石の信仰とさえの神と,折口信夫,https://www.aozora.gr.jp/cards/000933/files/58168_ruby_62504.zip,この成年式がすむと、村の幹部になるのだから、長老たちが幹部として知らねばならぬことを教える。,,public_domain:青空文庫:石の信仰とさえの神と:折口信夫
生む,うむ,낳다,石の信仰とさえの神と,折口信夫,https://www.aozora.gr.jp/cards/000933/files/58168_ruby_62504.zip,この石のなかで、もっと著しい話は、石が子を生む話である。,,public_domain:青空文庫:石の信仰とさえの神と:折口信夫
風土,ふうど,풍토,石の信仰とさえの神と,折口信夫,https://www.aozora.gr.jp/cards/000933/files/58168_ruby_62504.zip,播磨風土記に、仏の形をした石が、神島という島にあって、その眼は玉で、五色の涙を流したと書いてある。,,public_domain:青空文庫:石の信仰とさえの神と:折口信夫
一挙に,いっきょに,일거에,歌の円寂する時,折口信夫,https://www.aozora.gr.jp/cards/000933/files/46382_ruby_26411.zip,その激しい律動が、表現の段階を一挙に飛躍せしめたのである。,,public_domain:青空文庫:歌の円寂する時:折口信夫
並列,へいれつ,병렬,歌の円寂する時,折口信夫,https://www.aozora.gr.jp/cards/000933/files/46382_ruby_26411.zip,日本の歌謡は、古代には、偶数句並列であったものが、飛鳥・藤原に於て、奇数句の排列となり、其が又平安朝に入って、段々偶数句並列になって、後世に及んだ。,,public_domain:青空文庫:歌の円寂する時:折口信夫
伴奏,ばんそう,반주,歌の円寂する時,折口信夫,https://www.aozora.gr.jp/cards/000933/files/46382_ruby_26411.zip,祖先以来の久しい生活の伴奏者を失う前に、我々は出来るだけ味い尽して置きたい。,,public_domain:青空文庫:歌の円寂する時:折口信夫
兆し,きざし,조짐,歌の円寂する時,折口信夫,https://www.aozora.gr.jp/cards/000933/files/46382_ruby_26411.zip,当来の人生に対する暗示や、生命に絡んだ兆しが、作家の気分に融け込んで、出て来るものが主題である。,,public_domain:青空文庫:歌の円寂する時:折口信夫
寄与,きよ,기여,歌の円寂する時,折口信夫,https://www.aozora.gr.jp/cards/000933/files/46382_ruby_26411.zip,芭蕉の為事の大きいのは、正風に触れると触れぬとの論なく、ほうっとした笑いと、人から離れて人を懐しむゆとりとを、凡人生活の上に寄与したことにある。,,public_domain:青空文庫:歌の円寂する時:折口信夫
密かに,ひそかに,은밀히,歌の円寂する時,折口信夫,https://www.aozora.gr.jp/cards/000933/files/46382_ruby_26411.zip,年少不良の徒の歌に、私は屡、飛びあがる様に新しくて、強い気息を聴いて、密かに羨み喜んだ事も、挙げよとなら若干の例を示す事が出来る。,,public_domain:青空文庫:歌の円寂する時:折口信夫
手法,しゅほう,수법,歌の円寂する時,折口信夫,https://www.aozora.gr.jp/cards/000933/files/46382_ruby_26411.zip,個性の内の拍子に乗って顕れる生命も、此を見出してくれる人がない間は、一種の技工として、意識せられ、当人の屡同一手法に安住することは勿論、追随者によって摸倣せられるのである。,,public_domain:青空文庫:歌の円寂する時:折口信夫
排除,はいじょ,배제,歌の円寂する時,折口信夫,https://www.aozora.gr.jp/cards/000933/files/46382_ruby_26411.zip,子規の歌の暗示子規は月並風の排除に努めて来た習わしから、ともすれば、脚をとる泥沼なる「さび」に囚われまいと努め努めして、とどのつまりは安らかな言語情調の上に、「しおり」を持ち来しそうになって居た。,,public_domain:青空文庫:歌の円寂する時:折口信夫
改革,かいかく,개혁,歌の円寂する時,折口信夫,https://www.aozora.gr.jp/cards/000933/files/46382_ruby_26411.zip,石川啄木の改革も叙事の側に進んだのは、悉く失敗しているのである。,,public_domain:青空文庫:歌の円寂する時:折口信夫
教職,きょうしょく,교직,歌の円寂する時,折口信夫,https://www.aozora.gr.jp/cards/000933/files/46382_ruby_26411.zip,万葉集による文芸復興赤彦が教職を棄てて上京して以来の辛苦は、誠に『十年』である。,,public_domain:青空文庫:歌の円寂する時:折口信夫
整う,ととのう,갖추어지다,歌の円寂する時,折口信夫,https://www.aozora.gr.jp/cards/000933/files/46382_ruby_26411.zip,「アララギ」同人中、最形の論理的に整うて居た文明の作風が、『ふゆくさ』以後、自ら語の正確さを疑い出したものか、此までどおり明確・端正を保って居ながら、ある点に達すると手を抜く、と言う様な手法を発見した様である。,,public_domain:青空文庫:歌の円寂する時:折口信夫
突破,とっぱ,돌파,歌の円寂する時,折口信夫,https://www.aozora.gr.jp/cards/000933/files/46382_ruby_26411.zip,この表現の苦悩を積むほかに、唯一つの違った方法が、技工の障壁を突破させるであろう。,,public_domain:青空文庫:歌の円寂する時:折口信夫
緊密,きんみつ,긴밀,歌の円寂する時,折口信夫,https://www.aozora.gr.jp/cards/000933/files/46382_ruby_26411.zip,交渉の緊密なものは、象徴的な修辞法になった場合もある。,,public_domain:青空文庫:歌の円寂する時:折口信夫
若干,じゃっかん,약간,歌の円寂する時,折口信夫,https://www.aozora.gr.jp/cards/000933/files/46382_ruby_26411.zip,その平明な日常語を標準とした表現と、内容としての若干の「とぼけ」趣味が、彼の歌を新詩社一流の、あつい息ざしを思わせるものとは懸け離れた、淡い境地を拓かしたのである。,,public_domain:青空文庫:歌の円寂する時:折口信夫
言い換える,いいかえる,바꿔 말하다,歌の円寂する時,折口信夫,https://www.aozora.gr.jp/cards/000933/files/46382_ruby_26411.zip,もっと言い換えるのもよいかも知れぬ。,,public_domain:青空文庫:歌の円寂する時:折口信夫
速やかな,すみやかな,신속한,歌の円寂する時,折口信夫,https://www.aozora.gr.jp/cards/000933/files/46382_ruby_26411.zip,だから狭い意味では、その将来の方角を見出して、作家の個性を充して行ける様に導いて行くのが批評家の為事であり、も少し広くすると、人間生命の裏打ちになっている性格の発生を、更に自由に、速やかならしめるものでなくてはならぬ。,,public_domain:青空文庫:歌の円寂する時:折口信夫
風習,ふうしゅう,풍습,歌の円寂する時,折口信夫,https://www.aozora.gr.jp/cards/000933/files/46382_ruby_26411.zip,ふところ子・ふところ爺の生述懐に到っては、しろうと本位である短歌の、昔からの風習が呪しくさえ思われるのである。,,public_domain:青空文庫:歌の円寂する時:折口信夫
中継,ちゅうけい,중계,最古日本の女性生活の根柢,折口信夫,https://www.aozora.gr.jp/cards/000933/files/16032_ruby_14164.zip,喜田博士が発見せられた女帝を中天皇（万葉には中皇命）と言うのも、博士の解説のように男帝への中継ぎの天子という意でなく、宮廷神と天子との中間に立つ一種のすめらみことの意味らしくある。,,public_domain:青空文庫:最古日本の女性生活の根柢:折口信夫
制定,せいてい,제정,最古日本の女性生活の根柢,折口信夫,https://www.aozora.gr.jp/cards/000933/files/16032_ruby_14164.zip,国と言うと、国郡制定以後の国と紛れやすいゆえ、いまこれを村と言うておこう。,,public_domain:青空文庫:最古日本の女性生活の根柢:折口信夫
原形,げんけい,원형,最古日本の女性生活の根柢,折口信夫,https://www.aozora.gr.jp/cards/000933/files/16032_ruby_14164.zip,そういうところは、すべて男性と考えやすいのであるが、中天皇の原形なる女帝がなお多くあらせられたのではあるまいか。,,public_domain:青空文庫:最古日本の女性生活の根柢:折口信夫
政権,せいけん,정권,最古日本の女性生活の根柢,折口信夫,https://www.aozora.gr.jp/cards/000933/files/16032_ruby_14164.zip,そう言うよりは、教権を奪うことが、政権をもとりあげることになるというところに目をつけたのが、この計画者の識見のすぐれていたことを見せている。,,public_domain:青空文庫:最古日本の女性生活の根柢:折口信夫
満たす,みたす,채우다,最古日本の女性生活の根柢,折口信夫,https://www.aozora.gr.jp/cards/000933/files/16032_ruby_14164.zip,昼は公然と村に来て、嫁入り先の家の水壺を満たすために、井の水を頭に載せて搬んだりする。,,public_domain:青空文庫:最古日本の女性生活の根柢:折口信夫
軍備,ぐんび,군비,最古日本の女性生活の根柢,折口信夫,https://www.aozora.gr.jp/cards/000933/files/16032_ruby_14164.zip,軍勢に硬軟の区別を立てて、軍備えをするわけもないから、優形の軍隊といったふうの譬喩表現と見る説はわるい。,,public_domain:青空文庫:最古日本の女性生活の根柢:折口信夫
逃走,とうそう,도주,最古日本の女性生活の根柢,折口信夫,https://www.aozora.gr.jp/cards/000933/files/16032_ruby_14164.zip,奪掠婚に対して、逃走婚という方法を考えに入れねば、奪掠の真意義もわかりにくかろうと思う。,,public_domain:青空文庫:最古日本の女性生活の根柢:折口信夫
並行,へいこう,병행,詩語としての日本語,折口信夫,https://www.aozora.gr.jp/cards/000933/files/46383_ruby_26410.zip,小林秀雄さんの翻訳技術がこれ程発揮せられていながら、それでいて、原詩の、幻想と現実とが並行し、語の翳と暈との相かさなり靡きあう趣きが、言下に心深く沁み入って行くと言うわけにはいかない。,,public_domain:青空文庫:詩語としての日本語:折口信夫
原作,げんさく,원작,詩語としての日本語,折口信夫,https://www.aozora.gr.jp/cards/000933/files/46383_ruby_26410.zip,その人が原作に忠実な詩人であればある程、訳詩がちっとも、もとの姿をうつしていないことに悲観したことが察せられる。,,public_domain:青空文庫:詩語としての日本語:折口信夫
原書,げんしょ,원서,詩語としての日本語,折口信夫,https://www.aozora.gr.jp/cards/000933/files/46383_ruby_26410.zip,矮人をちひさごと言う古語で表現した事について、ひきうどとの関係を論じているあたりも、与謝野氏自身は、原書からの知識でなくては、と言うような不服を暗示したものであろう。,,public_domain:青空文庫:詩語としての日本語:折口信夫
収容,しゅうよう,수용,詩語としての日本語,折口信夫,https://www.aozora.gr.jp/cards/000933/files/46383_ruby_26410.zip,明治三十二年以後著しい短歌改革運動を行った新詩社の人々の短歌に収容した詩語は、やはりぎりしや・ろうま或はきりすと教の神話信仰に関した美しい詞であった。,,public_domain:青空文庫:詩語としての日本語:折口信夫
夥しい,おびただしい,엄청나다,詩語としての日本語,折口信夫,https://www.aozora.gr.jp/cards/000933/files/46383_ruby_26410.zip,象徴派の詩篇の、国語に訳出せられたものは、実に夥しい数である。,,public_domain:青空文庫:詩語としての日本語:折口信夫
山脈,さんみゃく,산맥,詩語としての日本語,折口信夫,https://www.aozora.gr.jp/cards/000933/files/46383_ruby_26410.zip,山脈を「やまなみ」と言う事は、後に短歌にも広く用いられるが、やはり詩が初めであろう。,,public_domain:青空文庫:詩語としての日本語:折口信夫
強み,つよみ,강점,詩語としての日本語,折口信夫,https://www.aozora.gr.jp/cards/000933/files/46383_ruby_26410.zip,第一国語から離れすぎていると言う事が誇るべき事でないと同じに、それに近いと言う事が必しも詩語の強みになる訣でもない。,,public_domain:青空文庫:詩語としての日本語:折口信夫
所属,しょぞく,소속,詩語としての日本語,折口信夫,https://www.aozora.gr.jp/cards/000933/files/46383_ruby_26410.zip,併しどちらかと言うと、我が国現在総べての詩人の所属しているほど盛んな象徴主義も、やはり大なり小なり自然主義を含んで来ている。,,public_domain:青空文庫:詩語としての日本語:折口信夫
本格,ほんかく,본격,詩語としての日本語,折口信夫,https://www.aozora.gr.jp/cards/000933/files/46383_ruby_26410.zip,その後やがて、少しずつ象徴表現になれた国語は、幾つかの本格的な象徴詩を生み出した。,,public_domain:青空文庫:詩語としての日本語:折口信夫
模型,もけい,모형,詩語としての日本語,折口信夫,https://www.aozora.gr.jp/cards/000933/files/46383_ruby_26410.zip,詩の未来文体の模型として、詩人の大半が努力しているのが翻訳詩である。,,public_domain:青空文庫:詩語としての日本語:折口信夫
語句,ごく,어구,詩語としての日本語,折口信夫,https://www.aozora.gr.jp/cards/000933/files/46383_ruby_26410.zip,象徴派詩人たちの訳詩集などに出て来る文体或は語句、言いかえれば、国語でありながら、詩の用語なる古典語や、標準語とは違った印象を与える詩語と文体が、目に立って多くなって来た。,,public_domain:青空文庫:詩語としての日本語:折口信夫
語彙,ごい,어휘,詩語としての日本語,折口信夫,https://www.aozora.gr.jp/cards/000933/files/46383_ruby_26410.zip,泣菫の語彙を批評した鉄幹は、極めて鄭重な言い廻しではあるが、極めて皮肉な語気を以て噂した（明星）。,,public_domain:青空文庫:詩語としての日本語:折口信夫
還元,かんげん,환원,詩語としての日本語,折口信夫,https://www.aozora.gr.jp/cards/000933/files/46383_ruby_26410.zip,それは言うまでもなく、第一国語に還元するからである。,,public_domain:青空文庫:詩語としての日本語:折口信夫
ぼつぼつ,ぼつぼつ,슬슬,死者の書,折口信夫,https://www.aozora.gr.jp/cards/000933/files/4398_ruby_14165.zip,その安堵の心から、家々の外には、石城を廻すものが、又ぼつぼつ出て来た。,,public_domain:青空文庫:死者の書:折口信夫
中腹,ちゅうふく,산중턱,死者の書,折口信夫,https://www.aozora.gr.jp/cards/000933/files/4398_ruby_14165.zip,其中腹と、東の鼻とに、西塔・東塔が立って居る。,,public_domain:青空文庫:死者の書:折口信夫
交錯,こうさく,뒤얽힘,死者の書,折口信夫,https://www.aozora.gr.jp/cards/000933/files/4398_ruby_14165.zip,もう此頃になると、太政官符に、更に厳しい添書がついて出ずとも、氏々の人は皆、目の前のすばやい人事自然の交錯した転変に、目を瞠るばかりであったので、久しい石城の問題も、其で、解決がついて行った。,,public_domain:青空文庫:死者の書:折口信夫
人出,ひとで,인파,死者の書,折口信夫,https://www.aozora.gr.jp/cards/000933/files/4398_ruby_14165.zip,長い甃道を踏んで、中門に届く間にも、誰一人出あう者がなかった。,,public_domain:青空文庫:死者の書:折口信夫
伝来,でんらい,전래,死者の書,折口信夫,https://www.aozora.gr.jp/cards/000933/files/4398_ruby_14165.zip,父藤原豊成朝臣、亡父贈太政大臣七年の忌みに当る日に志を発して、書き綴った「仏本伝来記」を、其後二年立って、元興寺へ納めた。,,public_domain:青空文庫:死者の書:折口信夫
健やかな,すこやかな,건강한,死者の書,折口信夫,https://www.aozora.gr.jp/cards/000933/files/4398_ruby_14165.zip,女たちは、板屋に戻っても、長く、健やかな喜びを、皆して語って居た。,,public_domain:青空文庫:死者の書:折口信夫
冷気,れいき,찬 기운 냉기,死者の書,折口信夫,https://www.aozora.gr.jp/cards/000933/files/4398_ruby_14165.zip,ついと、凍る様な冷気――。,,public_domain:青空文庫:死者の書:折口信夫
励む,はげむ,힘쓰다,死者の書,折口信夫,https://www.aozora.gr.jp/cards/000933/files/4398_ruby_14165.zip,奴婢は、其々もち場持ち場の掃除を励む為に、ようべの雨に洗ったようになった、境内の沙地に出て来た。,,public_domain:青空文庫:死者の書:折口信夫
区画,くかく,구획,死者の書,折口信夫,https://www.aozora.gr.jp/cards/000933/files/4398_ruby_14165.zip,朱雀大路も、ここまで来ると、縦横に通る地割りの太い路筋ばかりが、白々として居て、どの区画にも区画にも、家は建って居ない。,,public_domain:青空文庫:死者の書:折口信夫
学芸,がくげい,학예,死者の書,折口信夫,https://www.aozora.gr.jp/cards/000933/files/4398_ruby_14165.zip,ささなみの大津の宮に人となり、唐土の学芸に詣り深く、詩も、此国ではじめて作られたは、大友ノ皇子か、其とも此お方か、と申し伝えられる御方。,,public_domain:青空文庫:死者の書:折口信夫
庶民,しょみん,서민,死者の書,折口信夫,https://www.aozora.gr.jp/cards/000933/files/4398_ruby_14165.zip,九人は、完全に現し世の庶民の心に、なり還って居た。,,public_domain:青空文庫:死者の書:折口信夫
思い返す,おもいかえす,다시 생각하다,死者の書,折口信夫,https://www.aozora.gr.jp/cards/000933/files/4398_ruby_14165.zip,文成に限る事ではおざらぬが、あちらの物は、読んで居て、知らぬ事ばかり教えられるようで、時々ふっと思い返すと、こんな思わざった考えを、いつの間にか、持っている――そんな空恐しい気さえすることが、ありますて。,,public_domain:青空文庫:死者の書:折口信夫
手芸,しゅげい,수예,死者の書,折口信夫,https://www.aozora.gr.jp/cards/000933/files/4398_ruby_14165.zip,郎女は、女たちの凝っている手芸を、じっと見て居る日もあった。,,public_domain:青空文庫:死者の書:折口信夫
昇進,しょうしん,승진,死者の書,折口信夫,https://www.aozora.gr.jp/cards/000933/files/4398_ruby_14165.zip,其中、此針の筵の上で、兵部少輔から、大輔に昇進した。,,public_domain:青空文庫:死者の書:折口信夫
発育,はついく,발육,死者の書,折口信夫,https://www.aozora.gr.jp/cards/000933/files/4398_ruby_14165.zip,皆手に手に、張り切って発育した、蓮の茎を抱えて、廬の前に並んだのには、常々くすりとも笑わぬ乳母たちさえ、腹の皮をよって、切ながった。,,public_domain:青空文庫:死者の書:折口信夫
脅迫,きょうはく,협박,死者の書,折口信夫,https://www.aozora.gr.jp/cards/000933/files/4398_ruby_14165.zip,そのことすら、益々脅迫感を強める方にばかりはたらいた。,,public_domain:青空文庫:死者の書:折口信夫
規模,きぼ,규모,死者の書,折口信夫,https://www.aozora.gr.jp/cards/000933/files/4398_ruby_14165.zip,其際、山田寺の旧構を残すため、寺の四至の中、北の隅へ、当時立ち朽りになって居た堂を移し、規模を小くして造られたもの、と伝え言うのであった。,,public_domain:青空文庫:死者の書:折口信夫
貯める,ためる,모으다,死者の書,折口信夫,https://www.aozora.gr.jp/cards/000933/files/4398_ruby_14165.zip,朝になると又、何もかも忘れたようになって績み貯める。,,public_domain:青空文庫:死者の書:折口信夫
賜る,たまわる,받다,死者の書,折口信夫,https://www.aozora.gr.jp/cards/000933/files/4398_ruby_14165.zip,宮廷から賜る資人・※仗も、大貴族の家の門地の高さを示すものとして、美々しく著飾らされて、皆任地へついて行った。,,public_domain:青空文庫:死者の書:折口信夫
浮かべる,うかべる,떠올리다,辞書,折口信夫,https://www.aozora.gr.jp/cards/000933/files/13209_ruby_14167.zip,そういうとき、すぐにわれわれは『倭名類聚鈔』を頭に浮かべる。,,public_domain:青空文庫:辞書:折口信夫
語源,ごげん,어원,辞書,折口信夫,https://www.aozora.gr.jp/cards/000933/files/13209_ruby_14167.zip,語源これくらいで辞書についての根本の考えは決まっていくと思う。,,public_domain:青空文庫:辞書:折口信夫
交替,こうたい,교대,嫉みの話,折口信夫,https://www.aozora.gr.jp/cards/000933/files/18399_txt_14179.zip,交替に出ているわけでもない。,,public_domain:青空文庫:嫉みの話:折口信夫
介入,かいにゅう,개입,嫉みの話,折口信夫,https://www.aozora.gr.jp/cards/000933/files/18399_txt_14179.zip,だから、だんだんと家族の中の私事になってゆき、外へもって出ぬことになって、「夫婦喧嘩は犬も食わぬ」などと言うて、他人はこの間に介入すべきでないと考え、相手にしなかった。,,public_domain:青空文庫:嫉みの話:折口信夫
方式,ほうしき,방식,嫉みの話,折口信夫,https://www.aozora.gr.jp/cards/000933/files/18399_txt_14179.zip,貴族の結婚の方式ははっきりとわかってくる。,,public_domain:青空文庫:嫉みの話:折口信夫
省みる,かえりみる,돌아보다,反省の文学源氏物語,折口信夫,https://www.aozora.gr.jp/cards/000933/files/46384_ruby_26409.zip,人間は常に神に近づこうとして、様々な修行の過程を踏んでいるのであって、其ためには其過程過程が、省みる毎に、あやまちと見られるのである。,,public_domain:青空文庫:反省の文学源氏物語:折口信夫
設定,せってい,설정,反省の文学源氏物語,折口信夫,https://www.aozora.gr.jp/cards/000933/files/46384_ruby_26409.zip,だが本とうは作者自身の考えで内蔵介の生活を設定して、作者の考えた型へ内蔵介を入れてしまう事になるのである。,,public_domain:青空文庫:反省の文学源氏物語:折口信夫
修学,しゅうがく,수학,雛祭りとお彼岸,折口信夫,https://www.aozora.gr.jp/cards/000933/files/58286_ruby_67370.zip,これが後には春の行楽として、運動会・修学旅行などの古風なもののような形をとった地方もあるわけだが、この山籠り・野遊びが雛祭りと結合している地方が多い。,,public_domain:青空文庫:雛祭りとお彼岸:折口信夫
ひいては,ひいては,나아가서는,愛撫,梶井基次郎,https://www.aozora.gr.jp/cards/000074/files/411_ruby_19632.zip,こんなところから、猫の耳は不死身のような疑いを受け、ひいては「切符切り」の危険にも曝されるのであるが、ある日、私は猫と遊んでいる最中に、とうとうその耳を噛んでしまったのである。,,public_domain:青空文庫:愛撫:梶井基次郎
無神経,むしんけい,무신경,愛撫,梶井基次郎,https://www.aozora.gr.jp/cards/000074/files/411_ruby_19632.zip,そして女というものの、そんなことにかけての、無神経さや残酷さを、今更のように憎み出した。,,public_domain:青空文庫:愛撫:梶井基次郎
落下,らっか,낙하,愛撫,梶井基次郎,https://www.aozora.gr.jp/cards/000074/files/411_ruby_19632.zip,「落下」から常に自分を守ってくれていた爪がもはやないからである。,,public_domain:青空文庫:愛撫:梶井基次郎
ふいに,ふいに,갑자기,ある崖上の感情,梶井基次郎,https://www.aozora.gr.jp/cards/000074/files/412_ruby_19691.zip,彼にただ一つの残っている空想というのは、彼がその寡婦と寝床を共にしているとき、ふいに起こって来る、部屋の窓を明け放してしまうという空想であった。,,public_domain:青空文庫:ある崖上の感情:梶井基次郎
偽る,いつわる,속이다,ある崖上の感情,梶井基次郎,https://www.aozora.gr.jp/cards/000074/files/412_ruby_19691.zip,生島には自分の愛情のなさを彼女に偽る必要など少しもなかった。,,public_domain:青空文庫:ある崖上の感情:梶井基次郎
衝撃,しょうげき,충격,ある崖上の感情,梶井基次郎,https://www.aozora.gr.jp/cards/000074/files/412_ruby_19691.zip,彼の心は一時に鋭い衝撃をうけた。,,public_domain:青空文庫:ある崖上の感情:梶井基次郎
気流,きりゅう,기류,ある心の風景,梶井基次郎,https://www.aozora.gr.jp/cards/000074/files/413_ruby_19693.zip,ややしばらく凝視っているうちに、彼の心の裡のなにかがその梢に棲り、高い気流のなかで小さい葉と共に揺れ青い枝と共に撓んでいるのが感じられた。,,public_domain:青空文庫:ある心の風景:梶井基次郎
立体,りったい,입체,ある心の風景,梶井基次郎,https://www.aozora.gr.jp/cards/000074/files/413_ruby_19693.zip,観念もまたそこで立体的な形をとっていた。,,public_domain:青空文庫:ある心の風景:梶井基次郎
紡績,ぼうせき,방적,ある心の風景,梶井基次郎,https://www.aozora.gr.jp/cards/000074/files/413_ruby_19693.zip,比叡山――それを背景にして、紡績工場の煙突が煙を立登らせていた。,,public_domain:青空文庫:ある心の風景:梶井基次郎
結核,けっかく,결핵,海,梶井基次郎,https://www.aozora.gr.jp/cards/000074/files/2384_ruby_925.zip,そんな既に結核に冒されてしまったような風景でもなければ、思いあがった詩人めかした海でもない。,,public_domain:青空文庫:海:梶井基次郎
起点,きてん,기점,温泉,梶井基次郎,https://www.aozora.gr.jp/cards/000074/files/2385_ruby_928.zip,そしてその乗合自動車のやって来る起点は、ちょうどまたこの溪の下流のＫ川が半町ほどの幅になって流れているこの半島の入口の温泉地なのだった。,,public_domain:青空文庫:温泉:梶井基次郎
まるっきり,まるっきり,완전히,筧の話,梶井基次郎,https://www.aozora.gr.jp/cards/000074/files/420_ruby_19695.zip,また私の耳も日によってはまるっきり無感覚のことがあった。,,public_domain:青空文庫:筧の話:梶井基次郎
窒息,ちっそく,질식,器楽的幻覚,梶井基次郎,https://www.aozora.gr.jp/cards/000074/files/422_ruby_19699.zip,ふとその完全な窒息に眼覚めたとき、愕然と私はしたのだ。,,public_domain:青空文庫:器楽的幻覚:梶井基次郎
欠ける,かける,빠지다,Ｋの昇天,梶井基次郎,https://www.aozora.gr.jp/cards/000074/files/419_ruby_19701.zip,月が欠けるに随って、Ｋ君もあんな夜更けに海へ出ることはなくなりました。,,public_domain:青空文庫:Ｋの昇天:梶井基次郎
満月,まんげつ,보름달,Ｋの昇天,梶井基次郎,https://www.aozora.gr.jp/cards/000074/files/419_ruby_19701.zip,それはいつ頃だったか、私がＮへ行ってはじめての満月の晩です。,,public_domain:青空文庫:Ｋの昇天:梶井基次郎
中断,ちゅうだん,중단,交尾,梶井基次郎,https://www.aozora.gr.jp/cards/000074/files/423_ruby_503.zip,今度は私の一望の下に、余儀ないところで中断されていた彼らの求愛がencoreされるのである。,,public_domain:青空文庫:交尾:梶井基次郎
化石,かせき,화석,青木の出京,菊池寛,https://www.aozora.gr.jp/cards/000083/files/485_ruby_19844.zip,彼のすべての感情が、その瞬間動作を止めて心のうちで化石してしまったように思えた。,,public_domain:青空文庫:青木の出京:菊池寛
反発,はんぱつ,반발,青木の出京,菊池寛,https://www.aozora.gr.jp/cards/000083/files/485_ruby_19844.zip,彼はその威圧を意識すると、全身の力をもって反発せねばならぬと思った。,,public_domain:青空文庫:青木の出京:菊池寛
増進,ぞうしん,증진,青木の出京,菊池寛,https://www.aozora.gr.jp/cards/000083/files/485_ruby_19844.zip,こうして、多くの人々から認められるにつけて、青木の自信と傲慢とは、正比例して増進していった。,,public_domain:青空文庫:青木の出京:菊池寛
失脚,しっきゃく,실각,青木の出京,菊池寛,https://www.aozora.gr.jp/cards/000083/files/485_ruby_19844.zip,しかも、今自分はかなり得意な、自信のある位置にたち、青木は、数年前失脚したまま、田舎に埋れていたはずだのに、その青木の声から、ある種の威圧を受けるのが不快だった。,,public_domain:青空文庫:青木の出京:菊池寛
布告,ふこく,포고,青木の出京,菊池寛,https://www.aozora.gr.jp/cards/000083/files/485_ruby_19844.zip,それはある意味の宣戦布告に近かった。,,public_domain:青空文庫:青木の出京:菊池寛
整然と,せいぜんと,정연하게,青木の出京,菊池寛,https://www.aozora.gr.jp/cards/000083/files/485_ruby_19844.zip,その前金として矢部さんが貰ってくれたんだ」と、青木の答は、整然として一糸も乱れていなかった。,,public_domain:青空文庫:青木の出京:菊池寛
比例,ひれい,비례,青木の出京,菊池寛,https://www.aozora.gr.jp/cards/000083/files/485_ruby_19844.zip,杉本教授が生徒としての青木を尊重する度合と正比例して、雄吉の青木に対する尊敬も、深くなっていった。,,public_domain:青空文庫:青木の出京:菊池寛
無礼な,ぶれいな,무례한,青木の出京,菊池寛,https://www.aozora.gr.jp/cards/000083/files/485_ruby_19844.zip,すると、青木は、何を無礼な質問をと、いったように例のごとく高飛車に、「なんだってそんなことをきく必要があるんだ。,,public_domain:青空文庫:青木の出京:菊池寛
独占,どくせん,독점,青木の出京,菊池寛,https://www.aozora.gr.jp/cards/000083/files/485_ruby_19844.zip,それと反対に、近藤家から与えられる恩典の大部分は青木が独占した。,,public_domain:青空文庫:青木の出京:菊池寛
督促,とくそく,독촉,青木の出京,菊池寛,https://www.aozora.gr.jp/cards/000083/files/485_ruby_19844.zip,雄吉は堪らなくなって、二、三度督促の手紙を出した。,,public_domain:青空文庫:青木の出京:菊池寛
送金,そうきん,송금,青木の出京,菊池寛,https://www.aozora.gr.jp/cards/000083/files/485_ruby_19844.zip,さすがに雄吉との別離を惜しんだ青木は、「もう僕も、大学生なんだから、月に十円や十五円の内職をすることは、なんでもないことだから、僕が働いて月十円は必ず君に送金する。,,public_domain:青空文庫:青木の出京:菊池寛
いい加減な,いいかげんな,무책임한,芥川の事ども,菊池寛,https://www.aozora.gr.jp/cards/000083/files/1340_ruby_19831.zip,数年前、ショオを読破してショオに傾倒し、ショオがいかなる社会主義者よりもマルクスを理解していたことなどを感心していたから、社会科学の方面についての読書などもいい加減なプロ文学者などよりも、もっと深いところまで進んでいたように思う。,,public_domain:青空文庫:芥川の事ども:菊池寛
きまり悪い,きまりわるい,어색하다,芥川の事ども,菊池寛,https://www.aozora.gr.jp/cards/000083/files/1340_ruby_19831.zip,僕はその眼付きが気になったが、前にも言った通り芥川に顔を会わすのが、きまり悪いので、その当時用事はたいてい人を通じて、済ませていた。,,public_domain:青空文庫:芥川の事ども:菊池寛
分配,ぶんぱい,분배,芥川の事ども,菊池寛,https://www.aozora.gr.jp/cards/000083/files/1340_ruby_19831.zip,私が、文芸家協会云々のことに反対すると、彼はそれなら今後、印税はあの中に入れてある各作家に分配すると言い出したのである。,,public_domain:青空文庫:芥川の事ども:菊池寛
多忙な,たぼうな,매우 바쁜,芥川の事ども,菊池寛,https://www.aozora.gr.jp/cards/000083/files/1340_ruby_19831.zip,最近一、二年は、自分がいよいよ俗事にたずさわり、多忙なので月に一度くらいしか会わなかった。,,public_domain:青空文庫:芥川の事ども:菊池寛
発病,はつびょう,발병,芥川の事ども,菊池寛,https://www.aozora.gr.jp/cards/000083/files/1340_ruby_19831.zip,その上、家族関係の方にも、義兄の自殺、頼みにしていた夫人の令弟の発病など、いろいろ不幸がつづいていた。,,public_domain:青空文庫:芥川の事ども:菊池寛
直面,ちょくめん,직면,芥川の事ども,菊池寛,https://www.aozora.gr.jp/cards/000083/files/1340_ruby_19831.zip,その上、「小学生全集」があんなにゴタゴタを起し、芥川にはまったく気の毒で芥川と直面することが、少しきまり悪かったので、座談会が了った後も、僕は出席者を同車して送る必要もあり、芥川と残って話す機会を作ろうとしなかった。,,public_domain:青空文庫:芥川の事ども:菊池寛
設ける,もうける,마련하다,芥川の事ども,菊池寛,https://www.aozora.gr.jp/cards/000083/files/1340_ruby_19831.zip,大町桂月氏を記念するために、「桂月」という雑誌さえあるのだから、本誌一、二頁の「侏儒の言葉欄」を設けるのは、適宜なことだと思う。,,public_domain:青空文庫:芥川の事ども:菊池寛
貧乏な,びんぼうな,가난한,芥川の事ども,菊池寛,https://www.aozora.gr.jp/cards/000083/files/1340_ruby_19831.zip,中には、「我々貧乏な作家の作品を集めて、一人で儲けるとはけしからん。,,public_domain:青空文庫:芥川の事ども:菊池寛
適宜,てきぎ,적절히,芥川の事ども,菊池寛,https://www.aozora.gr.jp/cards/000083/files/1340_ruby_19831.zip,大町桂月氏を記念するために、「桂月」という雑誌さえあるのだから、本誌一、二頁の「侏儒の言葉欄」を設けるのは、適宜なことだと思う。,,public_domain:青空文庫:芥川の事ども:菊池寛
野党,やとう,야당,芥川の事ども,菊池寛,https://www.aozora.gr.jp/cards/000083/files/1340_ruby_19831.zip,と、いって我々は我々で久米、佐野、松岡などといっしょに野党として、暴れ廻っていたが、僕は芥川とは交際しなかった。,,public_domain:青空文庫:芥川の事ども:菊池寛
備える,そなえる,대비하다,仇討禁止令,菊池寛,https://www.aozora.gr.jp/cards/000083/files/1038_ruby_4500.zip,進退の便に備えるためである。,,public_domain:青空文庫:仇討禁止令:菊池寛
元年,がんねん,원년,仇討禁止令,菊池寛,https://www.aozora.gr.jp/cards/000083/files/1038_ruby_4500.zip,久保三之丞は、明治元年の暮近く京都で病死した。,,public_domain:青空文庫:仇討禁止令:菊池寛
司法,しほう,사법,仇討禁止令,菊池寛,https://www.aozora.gr.jp/cards/000083/files/1038_ruby_4500.zip,新一郎が勤王派であったことは、新一郎の立場を有利にして、明治三年に彼は太政官に召されて、司法省出仕を命ぜられた。,,public_domain:青空文庫:仇討禁止令:菊池寛
変革,へんかく,변혁,仇討禁止令,菊池寛,https://www.aozora.gr.jp/cards/000083/files/1038_ruby_4500.zip,お八重の父親の死に加えて、維新の変革が続いて起ったので、新一郎とお八重の縁談は、そのままになってしまった。,,public_domain:青空文庫:仇討禁止令:菊池寛
封建,ほうけん,봉건,仇討禁止令,菊池寛,https://www.aozora.gr.jp/cards/000083/files/1038_ruby_4500.zip,今、封建の制が廃れ、士族の廃刀令も近々御発布になろうという御時世になって、剣術の稽古をして、なんとなされるのじゃ。,,public_domain:青空文庫:仇討禁止令:菊池寛
年賀,ねんが,연하,仇討禁止令,菊池寛,https://www.aozora.gr.jp/cards/000083/files/1038_ruby_4500.zip,正月の年賀に、万之助は水道橋の旧藩主松平邸に行った。,,public_domain:青空文庫:仇討禁止令:菊池寛
形勢,けいせい,형세,仇討禁止令,菊池寛,https://www.aozora.gr.jp/cards/000083/files/1038_ruby_4500.zip,佐幕派が七分、勤王派が三分という形勢であった。,,public_domain:青空文庫:仇討禁止令:菊池寛
腕前,うでまえ,솜씨,仇討禁止令,菊池寛,https://www.aozora.gr.jp/cards/000083/files/1038_ruby_4500.zip,「腕前は未熟であるが、拙者はぜひお加え下されい」吉川隼人がいった。,,public_domain:青空文庫:仇討禁止令:菊池寛
襲撃,しゅうげき,습격,仇討禁止令,菊池寛,https://www.aozora.gr.jp/cards/000083/files/1038_ruby_4500.zip,成田邸への襲撃は、その夜の正子の刻と決った。,,public_domain:青空文庫:仇討禁止令:菊池寛
定まる,さだまる,정해지다,仇討三態,菊池寛,https://www.aozora.gr.jp/cards/000083/files/1039_ruby_6063.zip,ここで御身に巡り合うのは、天運の定まるところじゃ。,,public_domain:青空文庫:仇討三態:菊池寛
打ち出す,うちだす,내세우다,仇討三態,菊池寛,https://www.aozora.gr.jp/cards/000083/files/1039_ruby_6063.zip,この頃はやり出した吾妻拳を打ち出すものがある。,,public_domain:青空文庫:仇討三態:菊池寛
短気な,たんきな,성급한,仇討三態,菊池寛,https://www.aozora.gr.jp/cards/000083/files/1039_ruby_6063.zip,短気な忠次郎も、腹を立てる日が、少なくなっていた。,,public_domain:青空文庫:仇討三態:菊池寛
突き止める,つきとめる,밝혀내다,仇討三態,菊池寛,https://www.aozora.gr.jp/cards/000083/files/1039_ruby_6063.zip,彼は、敵の在り処を突き止めると、小躍りしながら、すぐ京を立って、伏見から三十石で大坂へ下った。,,public_domain:青空文庫:仇討三態:菊池寛
転回,てんかい,전회,仇討三態,菊池寛,https://www.aozora.gr.jp/cards/000083/files/1039_ruby_6063.zip,夫の敵とばかり、懐剣を逆手に俺に斬りかかって来た」話が急に戯曲的な転回をしたので、一座ははっとどよめいた。,,public_domain:青空文庫:仇討三態:菊池寛
側面,そくめん,측면,姉川合戦,菊池寛,https://www.aozora.gr.jp/cards/000083/files/1355_ruby_35289.zip,酒井忠次、榊原康政等は姉川の上流を渡り、朝倉勢の側面から横槍を入れて無二無三に攻め立てたので、朝倉勢漸く浮き足立った。,,public_domain:青空文庫:姉川合戦:菊池寛
年長,ねんちょう,연장,姉川合戦,菊池寛,https://www.aozora.gr.jp/cards/000083/files/1355_ruby_35289.zip,しかも、前年長政に与えたる誓書あるに拘らず、長政に対して一言の挨拶もしなかった。,,public_domain:青空文庫:姉川合戦:菊池寛
潜入,せんにゅう,잠입,姉川合戦,菊池寛,https://www.aozora.gr.jp/cards/000083/files/1355_ruby_35289.zip,しかも、いよいよ手切れとなるや、単身敵陣に潜入して、信長を討たんことを決心す。,,public_domain:青空文庫:姉川合戦:菊池寛
進出,しんしゅつ,진출,姉川合戦,菊池寛,https://www.aozora.gr.jp/cards/000083/files/1355_ruby_35289.zip,ところが信長が二十七日の夜敵陣にたくかがり火を見て、敵に進撃の気配あるを察し、それならばこちらから、逆撃しようと云うので、姉川の左岸に進出していたから、浅井朝倉軍が展開するのを見るや、先ず織田徳川の軍から、弓銃をもって、挑戦した。,,public_domain:青空文庫:姉川合戦:菊池寛
大流行,だいりゅうこう,대유행,ある恋の話,菊池寛,https://www.aozora.gr.jp/cards/000083/files/47856_ruby_32271.zip,が、幸か不幸か、結婚した翌年宗兵衛は安政五年のコロリ大流行（今で云う虎列剌）で、不意に死んでしまいました。,,public_domain:青空文庫:ある恋の話:菊池寛
興業,こうぎょう,흥행업,ある恋の話,菊池寛,https://www.aozora.gr.jp/cards/000083/files/47856_ruby_32271.zip,何でもその年の盆興業でした。,,public_domain:青空文庫:ある恋の話:菊池寛
免除,めんじょ,면제,ある抗議書,菊池寛,https://www.aozora.gr.jp/cards/000083/files/1341_ruby_18894.zip,此の告白に依ると、此の坂下鶴吉は、一度千葉の監獄で、善行の結果残りの刑期を免除されて放免になったと書いてあります。,,public_domain:青空文庫:ある抗議書:菊池寛
判決,はんけつ,판결,ある抗議書,菊池寛,https://www.aozora.gr.jp/cards/000083/files/1341_ruby_18894.zip,その判決のある日でありました。,,public_domain:青空文庫:ある抗議書:菊池寛
学説,がくせつ,학설,ある抗議書,菊池寛,https://www.aozora.gr.jp/cards/000083/files/1341_ruby_18894.zip,刑罰の目的に就ての学説はどうか知りませんが、私達の復讐心が、国家の刑罰機関の活動に依り、正当に適法に充たされることだと信頼して居た私達良民の期待は、全く裏切られてしまいました。,,public_domain:青空文庫:ある抗議書:菊池寛
強盗,ごうとう,강도,ある抗議書,菊池寛,https://www.aozora.gr.jp/cards/000083/files/1341_ruby_18894.zip,私は大正三年五月二十一日千葉県千葉町の郊外で、兇悪無残な強盗の為に惨殺されました角野一郎夫妻の肉親のものでございます。,,public_domain:青空文庫:ある抗議書:菊池寛
検事,けんじ,검사,ある抗議書,菊池寛,https://www.aozora.gr.jp/cards/000083/files/1341_ruby_18894.zip,『坂下鶴吉の告白』なる本に依りますと、典獄とか検事とか云う連中が、坂下鶴吉の信仰を獲たことを宛も猫が鼠を取ったのを賞めるように、賞めそやして居ります。,,public_domain:青空文庫:ある抗議書:菊池寛
死刑,しけい,사형,ある抗議書,菊池寛,https://www.aozora.gr.jp/cards/000083/files/1341_ruby_18894.zip,が、遉に恐ろしい悪党であるだけに、諦めもよいと見え、地方裁判所で死刑の宣告を受けると、控訴もしないで、大人しく服罪しました。,,public_domain:青空文庫:ある抗議書:菊池寛
緩和,かんわ,완화,ある抗議書,菊池寛,https://www.aozora.gr.jp/cards/000083/files/1341_ruby_18894.zip,然るに、被害者なり被害者の遺族なりが国家の手に依って毫頭慰藉を受けて居ないのにも拘らず悪人でも、坂下鶴吉の如き悪人でも生きて居る者には、宣教師との接見を許し、その改宗を奨励し、死刑の精神上に及ぼす効果を緩和してやると云うことは甚だ不当な片手落なことだと考えずには居られません。,,public_domain:青空文庫:ある抗議書:菊池寛
蘇る,よみがえる,되살아나다,ある抗議書,菊池寛,https://www.aozora.gr.jp/cards/000083/files/1341_ruby_18894.zip,が、そんな事で姉が蘇る筈もありませんでした。,,public_domain:青空文庫:ある抗議書:菊池寛
団結,だんけつ,단결,厳島合戦,菊池寛,https://www.aozora.gr.jp/cards/000083/files/1356_ruby_35290.zip,厳島合戦は戦国時代の多くの戦争の中で圧倒的な大勝であるが、其間に僥倖の部分は非常に少く、元就の善謀と麾下の団結と、武力との当然の成果と云って宜い位である。,,public_domain:青空文庫:厳島合戦:菊池寛
成果,せいか,성과,厳島合戦,菊池寛,https://www.aozora.gr.jp/cards/000083/files/1356_ruby_35290.zip,厳島合戦は戦国時代の多くの戦争の中で圧倒的な大勝であるが、其間に僥倖の部分は非常に少く、元就の善謀と麾下の団結と、武力との当然の成果と云って宜い位である。,,public_domain:青空文庫:厳島合戦:菊池寛
武力,ぶりょく,무력,厳島合戦,菊池寛,https://www.aozora.gr.jp/cards/000083/files/1356_ruby_35290.zip,厳島合戦は戦国時代の多くの戦争の中で圧倒的な大勝であるが、其間に僥倖の部分は非常に少く、元就の善謀と麾下の団結と、武力との当然の成果と云って宜い位である。,,public_domain:青空文庫:厳島合戦:菊池寛
精鋭,せいえい,정예,厳島合戦,菊池寛,https://www.aozora.gr.jp/cards/000083/files/1356_ruby_35290.zip,此の夜は流石の敵も、油断をするだろうから、襲撃の機会到れりというので、元就は長男隆元、吉川元春など精鋭をすぐって、毛利家の兵船に分乗し、島の東北岸鼓の浦へ廻航した。,,public_domain:青空文庫:厳島合戦:菊池寛
部下,ぶか,부하,厳島合戦,菊池寛,https://www.aozora.gr.jp/cards/000083/files/1356_ruby_35290.zip,隆景は之より先、漁船に身を隠して、宮尾城の急を救う為、宮尾城へ入ったと書いてあるが、これは恐らく俗説で、当夜熊谷信直の部下を従え、厳島神社の大鳥居の方面から敵の兵船の間を乗り入れて、敵が咎めると、「お味方に参った九州の兵だ」と言って易々と上陸し、塔の岡の坂下に陣して、本軍の鬨の声のあがるのを待っていた。,,public_domain:青空文庫:厳島合戦:菊池寛
内閣,ないかく,내각,Ｍ侯爵と写真師,菊池寛,https://www.aozora.gr.jp/cards/000083/files/491_ruby_19859.zip,第三次の桂内閣が倒れた後に、一時Ｍ侯爵が宰相に擬せられたことがありましたね。,,public_domain:青空文庫:Ｍ侯爵と写真師:菊池寛
大使,たいし,대사,Ｍ侯爵と写真師,菊池寛,https://www.aozora.gr.jp/cards/000083/files/491_ruby_19859.zip,何でも講和大使か何かが、帰朝した時でした。,,public_domain:青空文庫:Ｍ侯爵と写真師:菊池寛
官僚,かんりょう,관료,Ｍ侯爵と写真師,菊池寛,https://www.aozora.gr.jp/cards/000083/files/491_ruby_19859.zip,Ｔ内閣が瓦解した時にも、失望落胆した人が、官僚や軍人の中には、いくらかいたでしょうが、杉浦辰三もその少数の中の一人です。,,public_domain:青空文庫:Ｍ侯爵と写真師:菊池寛
添える,そえる,덧붙이다,愛陶語録,北大路魯山人,https://www.aozora.gr.jp/cards/001403/files/55105_ruby_70417.zip,この料理の美衣をもって風情を添えることは、他人はどうあろうと、私にはかけがえのない楽しみである。,,public_domain:青空文庫:愛陶語録:北大路魯山人
高める,たかめる,높이다,愛陶語録,北大路魯山人,https://www.aozora.gr.jp/cards/001403/files/55105_ruby_70417.zip,そういう好みの程度を高めて行くことは、結局情操を高めることであり、人間を高めることになる。,,public_domain:青空文庫:愛陶語録:北大路魯山人
特産,とくさん,특산,明石鯛に優る朝鮮の鯛,北大路魯山人,https://www.aozora.gr.jp/cards/001403/files/54939_ruby_48302.zip,元来、北陸というところは、いわし・たら・なまこ・かに・甘えびなどの特産物は別として、一般魚類は不味いものばかりだ。,,public_domain:青空文庫:明石鯛に優る朝鮮の鯛:北大路魯山人
中毒,ちゅうどく,중독,味を知るもの鮮し,北大路魯山人,https://www.aozora.gr.jp/cards/001403/files/54978_ruby_50388.zip,明治初年以後曲げられて来た日本料理は、もうそろそろここらで反省し、根本から了見を改むべきで、例えば、世上往々中毒事件を惹起している惨事の如きは、料理関係者の堕落が原因である。,,public_domain:青空文庫:味を知るもの鮮し:北大路魯山人
実情,じつじょう,실정,味を知るもの鮮し,北大路魯山人,https://www.aozora.gr.jp/cards/001403/files/54978_ruby_50388.zip,いかなる家庭に育った人たちか、どんな料理経歴をもつ人々なるか、いずれもが低調な料理職人から学んだであろうことが、ほぼ察し得られるゆえに、生きた資材も、いらざる手間のために、味を損ね、料理学上無知の譏りを免れず、まことに噴飯に堪えないのが実情である。,,public_domain:青空文庫:味を知るもの鮮し:北大路魯山人
聴講,ちょうこう,청강,味を知るもの鮮し,北大路魯山人,https://www.aozora.gr.jp/cards/001403/files/54978_ruby_50388.zip,ラジオ料理の先生も、聴講生も、いかにもレベルが違いすぎて、今のままでは処置のない存在に過ぎない。,,public_domain:青空文庫:味を知るもの鮮し:北大路魯山人
国連,こくれん,유엔,アメリカの牛豚,北大路魯山人,https://www.aozora.gr.jp/cards/001403/files/50014_ruby_37713.zip,魚といえば、国連大使沢田廉三さんの公邸でご馳走になったシーバスの刺身は、ちょいと日本にも例の少ないくらいおいしいものでした。,,public_domain:青空文庫:アメリカの牛豚:北大路魯山人
好況,こうきょう,호황,鮎の試食時代,北大路魯山人,https://www.aozora.gr.jp/cards/001403/files/49954_ruby_37681.zip,いつのころかはっきり憶えぬが、なんでも好況時代の絶頂に達したころででもあったろうか。,,public_domain:青空文庫:鮎の試食時代:北大路魯山人
等級,とうきゅう,등급,鮎の試食時代,北大路魯山人,https://www.aozora.gr.jp/cards/001403/files/49954_ruby_37681.zip,あゆは新鮮だし、色つやもよく、容姿も優れていて確かに一等級のものであったらしい。,,public_domain:青空文庫:鮎の試食時代:北大路魯山人
匹敵,ひってき,필적,洗いづくりの美味さ,北大路魯山人,https://www.aozora.gr.jp/cards/001403/files/54942_ruby_48368.zip,私は黒部渓谷、九谷の奥、金沢のごりやなどでしばしば試みているが、星がれいに匹敵して、しかも格別という態の風味をもっていて、絶賛に価する。,,public_domain:青空文庫:洗いづくりの美味さ:北大路魯山人
現地,げんち,현지,洗いづくりの世界,北大路魯山人,https://www.aozora.gr.jp/cards/001403/files/54943_ruby_48369.zip,現地で、しかも、食膳のあたりに山嵐の気でも迫るようであれば、いよいよもって得たり賢しである。,,public_domain:青空文庫:洗いづくりの世界:北大路魯山人
落ち合う,おちあう,만나다,あの時分,国木田独歩,https://www.aozora.gr.jp/cards/000038/files/1044_ruby_4470.zip,落ち合うごとに、いろいろの話が出ます。,,public_domain:青空文庫:あの時分:国木田独歩
はなはだしい,はなはだしい,심하다,遺言,国木田独歩,https://www.aozora.gr.jp/cards/000038/files/42209_ruby_34459.zip,その仕組みがおもしろい、甲の手紙は乙が読むという事になっていて、そのうちもっともはなはだしい者に罰杯を命ずるという約束である。,,public_domain:青空文庫:遺言:国木田独歩
読み上げる,よみあげる,낭독하다,遺言,国木田独歩,https://www.aozora.gr.jp/cards/000038/files/42209_ruby_34459.zip,さア初めろと自分の急き立つるので、そろそろ読み上げる事になった。,,public_domain:青空文庫:遺言:国木田独歩
長官,ちょうかん,장관,遺言,国木田独歩,https://www.aozora.gr.jp/cards/000038/files/42209_ruby_34459.zip,わが水兵はいかに酔っていても長官に対する敬礼は忘れない。,,public_domain:青空文庫:遺言:国木田独歩
出産,しゅっさん,출산,運命論者,国木田独歩,https://www.aozora.gr.jp/cards/000038/files/336_ruby_1953.zip,けれども母の籍が未だ馬場の籍に入らん内に僕が生れ、其為でしょう、僕の出産届が未だ仕てなかったので、大塚の父は僕を引取るや直に自分の子として届けたのだそうです。,,public_domain:青空文庫:運命論者:国木田独歩
転任,てんにん,전임,運命論者,国木田独歩,https://www.aozora.gr.jp/cards/000038/files/336_ruby_1953.zip,四僕の十六の時、父は東京に転任したので大塚一家は父と共に移転しましたが、僕だけは岡山中学校の寄宿舎に残されました。,,public_domain:青空文庫:運命論者:国木田独歩
出品,しゅっぴん,출품,画の悲み,国木田独歩,https://www.aozora.gr.jp/cards/000038/files/1411_ruby_46.zip,その出品は重に習字、図画、女子は仕立物等で、生徒の父兄姉妹は朝からぞろぞろと押かける。,,public_domain:青空文庫:画の悲み:国木田独歩
振動,しんどう,진동,おとずれ,国木田独歩,https://www.aozora.gr.jp/cards/000038/files/42199_ruby_48057.zip,この時振動の力さらに加わりてこの室の壁眼前に崩れ落つる勢いすさまじく岡村と余とは宮本宮本と呼び立てつつ戸外に駆けいでたり。,,public_domain:青空文庫:おとずれ:国木田独歩
沈める,しずめる,가라앉히다,おとずれ,国木田独歩,https://www.aozora.gr.jp/cards/000038/files/42199_ruby_48057.zip,耳をそばだつるまでもなく堂をもるるはかれの美わしき声、沈める調なり。,,public_domain:青空文庫:おとずれ:国木田独歩
着手,ちゃくしゅ,착수,河霧,国木田独歩,https://www.aozora.gr.jp/cards/000038/files/42200_ruby_34462.zip,この日、兄の貫一その他の人々は私塾設立の着手に取りかかり、片山という家の道場を借りて教場にあてる事にした。,,public_domain:青空文庫:河霧:国木田独歩
世論,よろん,여론,牛肉と馬鈴薯,国木田独歩,https://www.aozora.gr.jp/cards/000038/files/323_ruby_352.zip,『お栄さん僕はそんな声を聴かされると何だか哀れっぽくなって堪りません』と思わず口に出しますと『小妹は何故こんな世の中に生きているのか解らないのよ』と少女がさもさも頼なさそうに言いました、僕にはこれが大哲学者の厭世論にも優って真実らしく聞えたが、その先は詳わしく言わないでも了解りましょう。,,public_domain:青空文庫:牛肉と馬鈴薯:国木田独歩
先天的,せんてんてき,선천적,牛肉と馬鈴薯,国木田独歩,https://www.aozora.gr.jp/cards/000038/files/323_ruby_352.zip,先天的のビフテキ党だ、ちょうど僕のようなんだ。,,public_domain:青空文庫:牛肉と馬鈴薯:国木田独歩
兵士,へいし,병사,牛肉と馬鈴薯,国木田独歩,https://www.aozora.gr.jp/cards/000038/files/323_ruby_352.zip,「翌々日の新聞を見ると年は十九、兵士と通じて懐胎したのが兵士には国に帰って了われ、身の処置に窮して自殺したものらしいと書いてありました、ともかく僕はその夜殆ど眠りませんでした。,,public_domain:青空文庫:牛肉と馬鈴薯:国木田独歩
圧力,あつりょく,압력,牛肉と馬鈴薯,国木田独歩,https://www.aozora.gr.jp/cards/000038/files/323_ruby_352.zip,どうにかしてこの古び果てた習慣の圧力から脱がれて、驚異の念を以てこの宇宙に俯仰介立したいのです。,,public_domain:青空文庫:牛肉と馬鈴薯:国木田独歩
悟る,さとる,깨닫다,牛肉と馬鈴薯,国木田独歩,https://www.aozora.gr.jp/cards/000038/files/323_ruby_352.zip,すると先生やるなら勝手にやり給え、君もも少しすると悟るだろう、要するに理想は空想だ、痴人の夢だ、なんて捨台辞を吐いて直ぐ去って了った。,,public_domain:青空文庫:牛肉と馬鈴薯:国木田独歩
焦る,あせる,초조해하다,牛肉と馬鈴薯,国木田独歩,https://www.aozora.gr.jp/cards/000038/files/323_ruby_352.zip,上村君なんかは最初、馬鈴薯党で後に牛肉党に変節したのだ、即ち薄志弱行だ、要するに諸君は詩人だ、詩人の堕落したのだ、だから無暗と鼻をぴくぴくさして牛の焦る臭を嗅いで行く、その醜体ったらない！,,public_domain:青空文庫:牛肉と馬鈴薯:国木田独歩
麻痺,まひ,마비,牛肉と馬鈴薯,国木田独歩,https://www.aozora.gr.jp/cards/000038/files/323_ruby_352.zip,これを嘲るのはその心霊の麻痺を白状するのである。,,public_domain:青空文庫:牛肉と馬鈴薯:国木田独歩
子息,しそく,자식,恋を恋する人,国木田独歩,https://www.aozora.gr.jp/cards/000038/files/327_ruby_1970.zip,「まア可いサ、酒でも飲みましょう」と大友は酌を促がして、黙って飲んでいると、隣室に居る川村という富豪の子息が、酔った勢いで、散歩に出かけようと誘うので、大友はお正を連れ、川村は女中三人ばかりを引率して宿を出た。,,public_domain:青空文庫:恋を恋する人:国木田独歩
浴室,よくしつ,욕실,恋を恋する人,国木田独歩,https://www.aozora.gr.jp/cards/000038/files/327_ruby_1970.zip,そして神崎、朝田の二人が浴室へ行くと間もなく十八九の愛嬌のある娘が囲碁の室に来て、「家兄さん、小田原の姉様が参りました。,,public_domain:青空文庫:恋を恋する人:国木田独歩
兵器,へいき,병기,運命,幸田露伴,https://www.aozora.gr.jp/cards/000051/files/1452_ruby_16916.zip,然れども多く謀画を致すのみにして、終に兵に将として戦うを肯んぜす、兵器を賜うも亦受けず。,,public_domain:青空文庫:運命:幸田露伴
占う,うらなう,점치다,運命,幸田露伴,https://www.aozora.gr.jp/cards/000051/files/1452_ruby_16916.zip,其引の中に記して曰く、細らかに其の進修の功を占うに、日々に異なるありて、月々に同じからず、僅に四春秋を越ゆるのみにして而して英発光著や斯の如し、後四春秋ならしめば、則ち其の至るところ又如何なるを知らず、近代を以て之を言えば、欧陽少卿、蘇長公の輩は、姑らく置きて論ぜず、自余の諸子、之と文芸の場に角逐せば、孰か後となり孰か先となるを知らざる也。,,public_domain:青空文庫:運命:幸田露伴
反撃,はんげき,반격,運命,幸田露伴,https://www.aozora.gr.jp/cards/000051/files/1452_ruby_16916.zip,然れども程朱の学、一世の士君子の奉ずるところたるの日に於て、抗争反撃の弁を逞しくす。,,public_domain:青空文庫:運命:幸田露伴
憤る,いきどおる,분개하다,運命,幸田露伴,https://www.aozora.gr.jp/cards/000051/files/1452_ruby_16916.zip,巍は燕王に書を上りしも効無かりしを歎ずれば、鉉は忠臣の節に死する少きを憤る。,,public_domain:青空文庫:運命:幸田露伴
抗争,こうそう,항쟁,運命,幸田露伴,https://www.aozora.gr.jp/cards/000051/files/1452_ruby_16916.zip,然れども程朱の学、一世の士君子の奉ずるところたるの日に於て、抗争反撃の弁を逞しくす。,,public_domain:青空文庫:運命:幸田露伴
改定,かいてい,개정,運命,幸田露伴,https://www.aozora.gr.jp/cards/000051/files/1452_ruby_16916.zip,太子亡せたまいければ、太孫をして事に当らしめたまいけるが、太孫もまた寛厚の性、おのずから徳を植えたもうこと多く、又太祖に請いて、遍く礼経を考え、歴代の刑法を参酌し、刑律は教を弼くる所以なれば、凡そ五倫と相渉る者は、宜しく皆法を屈して以て情を伸ぶべしとの意により、太祖の准許を得て、律の重きもの七十三条を改定しければ、天下大に喜びて徳を頌せざる無し。,,public_domain:青空文庫:運命:幸田露伴
概略,がいりゃく,개략,運命,幸田露伴,https://www.aozora.gr.jp/cards/000051/files/1452_ruby_16916.zip,今たゞ其概略と燕王恵帝の性格風※を知る可きものとを記せん。,,public_domain:青空文庫:運命:幸田露伴
治安,ちあん,치안,運命,幸田露伴,https://www.aozora.gr.jp/cards/000051/files/1452_ruby_16916.zip,賈誼曰く、天下の治安を欲するは、衆く諸侯を建てゝ其力を少くするに若くは無しと。,,public_domain:青空文庫:運命:幸田露伴
緩む,ゆるむ,느슨해지다,運命,幸田露伴,https://www.aozora.gr.jp/cards/000051/files/1452_ruby_16916.zip,庸之を禦がしめ、囲やゝ緩む。,,public_domain:青空文庫:運命:幸田露伴
自立,じりつ,자립,運命,幸田露伴,https://www.aozora.gr.jp/cards/000051/files/1452_ruby_16916.zip,耳剽し口衒し、色を詭り辞を淫にし、聖賢に非ずして、而も自立し、果敢大言して、以て人に高ぶり、而して理の是非を顧みず、是を名を務むるの蠹という。,,public_domain:青空文庫:運命:幸田露伴
調停,ちょうてい,조정,運命,幸田露伴,https://www.aozora.gr.jp/cards/000051/files/1452_ruby_16916.zip,畢竟南北相戦う、調停の事、復為す能わざるの勢に在り、今に於て兵戈の惨を除かんとするも、五色の石、聖手にあらざるよりは、之を錬ること難きなり。,,public_domain:青空文庫:運命:幸田露伴
護衛,ごえい,호위,運命,幸田露伴,https://www.aozora.gr.jp/cards/000051/files/1452_ruby_16916.zip,明の制、親王は金冊金宝を授けられ、歳禄は万石、府には官属を置き、護衛の甲士、少き者は三千人、多き者は一万九千人に至り、冕服車旗邸第は、天子に下ること一等、公侯大臣も伏して而して拝謁す。,,public_domain:青空文庫:運命:幸田露伴
選挙,せんきょ,선거,運命,幸田露伴,https://www.aozora.gr.jp/cards/000051/files/1452_ruby_16916.zip,坦坦翁、生平実に坦坦、文章学術を以て太祖に仕え、礼儀の制、選挙の法を定むるの議に与りて定むる所多く、帝の洪範の注成るや、命を承けて序を為り、勅修の書、省躬録、書伝会要、礼制集要等の編撰総裁となり、居然たる一宿儒を以て、朝野の重んずるところたり。,,public_domain:青空文庫:運命:幸田露伴
首脳,しゅのう,수뇌,運命,幸田露伴,https://www.aozora.gr.jp/cards/000051/files/1452_ruby_16916.zip,王城を囲める者も、首脳已に無くなりて、手足力無く、其兵おのずから潰えたり。,,public_domain:青空文庫:運命:幸田露伴
一掃,いっそう,일소,鵞鳥,幸田露伴,https://www.aozora.gr.jp/cards/000051/files/4109_ruby_7780.zip,ここの細君は今はもう暗雲を一掃されてしまって、そこは女だ、ただもう喜びと安心とを心配の代りに得て、大風の吹いた後の心持で、主客の間の茶盆の位置をちょっと直しながら、軽く頭を下げて、「イエもう、業の上の工夫に惚げていたと解りますれば何のこともございません。,,public_domain:青空文庫:鵞鳥:幸田露伴
倹約,けんやく,절약,鵞鳥,幸田露伴,https://www.aozora.gr.jp/cards/000051/files/4109_ruby_7780.zip,定まって晩酌を取るというのでもなく、もとより謹直倹約の主人であり、自分も夫に酒を飲まれるようなことは嫌いなのではあるが、それでも少し飲むと賑やかに機嫌好くなって、罪も無く興じる主人である。,,public_domain:青空文庫:鵞鳥:幸田露伴
和風,わふう,일본풍,鵞鳥,幸田露伴,https://www.aozora.gr.jp/cards/000051/files/4109_ruby_7780.zip,永年連添う間には、何家でも夫婦の間に晴天和風ばかりは無い。,,public_domain:青空文庫:鵞鳥:幸田露伴
提起,ていき,제기,鵞鳥,幸田露伴,https://www.aozora.gr.jp/cards/000051/files/4109_ruby_7780.zip,禅宗の味噌すり坊主のいわゆる脊梁骨を提起した姿勢になって、「そんな無茶なことを云い出しては人迷わせだヨ。,,public_domain:青空文庫:鵞鳥:幸田露伴
晴天,せいてん,맑은 날씨,鵞鳥,幸田露伴,https://www.aozora.gr.jp/cards/000051/files/4109_ruby_7780.zip,永年連添う間には、何家でも夫婦の間に晴天和風ばかりは無い。,,public_domain:青空文庫:鵞鳥:幸田露伴
未定,みてい,미정,鵞鳥,幸田露伴,https://www.aozora.gr.jp/cards/000051/files/4109_ruby_7780.zip,」と云いかけて、ちょっと考え、「いったい、何を作ろうと思いなすったのか、まだ未定なのですか。,,public_domain:青空文庫:鵞鳥:幸田露伴
清濁,せいだく,청탁,鵞鳥,幸田露伴,https://www.aozora.gr.jp/cards/000051/files/4109_ruby_7780.zip,徳川期にはなるほどすべてこういう調子の事が行われたのだなと暁って、今更ながら世の清濁の上に思を馳せて感悟した。,,public_domain:青空文庫:鵞鳥:幸田露伴
簡素な,かんそな,간소한,鵞鳥,幸田露伴,https://www.aozora.gr.jp/cards/000051/files/4109_ruby_7780.zip,是非も無い、簡素な晩食は平常の通りに済まされたが、主人の様子は平常の通りでは無かった。,,public_domain:青空文庫:鵞鳥:幸田露伴
軽視,けいし,경시,鵞鳥,幸田露伴,https://www.aozora.gr.jp/cards/000051/files/4109_ruby_7780.zip,自分の軽視されたということよりも、夫の胸の中に在るものが真に女わらべの知るには余るものであろうと感じて、なおさら心配に堪えなくなったのである。,,public_domain:青空文庫:鵞鳥:幸田露伴
辞職,じしょく,사직,鵞鳥,幸田露伴,https://www.aozora.gr.jp/cards/000051/files/4109_ruby_7780.zip,」「…………」「辞職？,,public_domain:青空文庫:鵞鳥:幸田露伴
まごまご,まごまご,허둥지둥,蒲生氏郷,幸田露伴,https://www.aozora.gr.jp/cards/000051/files/2709_ruby_23129.zip,醍醐の醍の字を忘れて、まごまごして居た佑筆に、大の字で宜いではないかと云った秀吉は、実に混乱から整理へと急いで、譬えば乱れ垢づいた髪を歯の疎い丈夫な櫛でゴシゴシと掻いて整え揃えて行くようなことをした人であった。,,public_domain:青空文庫:蒲生氏郷:幸田露伴
中立,ちゅうりつ,중립,蒲生氏郷,幸田露伴,https://www.aozora.gr.jp/cards/000051/files/2709_ruby_23129.zip,木村父子は何も越中立山から日本アルプスを越えて徳川家康と秀吉を挟撃する相談をした内蔵介成政ほどの鼬花火のような物狂わしい火炎魂を有った男でも無いし、それを飛離れた奥地に置いた訳は一寸解しかねる。,,public_domain:青空文庫:蒲生氏郷:幸田露伴
人質,ひとじち,인질,蒲生氏郷,幸田露伴,https://www.aozora.gr.jp/cards/000051/files/2709_ruby_23129.zip,云わば賢秀に異心無き証拠の人質にされたのである。,,public_domain:青空文庫:蒲生氏郷:幸田露伴
任命,にんめい,임명,蒲生氏郷,幸田露伴,https://www.aozora.gr.jp/cards/000051/files/2709_ruby_23129.zip,すると秀吉は笑って、おれが天下を取る筈だわ、ここは蒲生忠三郎で無くてはならぬところだ、と云って氏郷を任命したというのだ。,,public_domain:青空文庫:蒲生氏郷:幸田露伴
偏屈,へんくつ,편굴함 괴팍함,蒲生氏郷,幸田露伴,https://www.aozora.gr.jp/cards/000051/files/2709_ruby_23129.zip,必らずしも重箱の中へ羊羹をギチリと詰めるような、形式好き融通利かずの偏屈者では無かった。,,public_domain:青空文庫:蒲生氏郷:幸田露伴
冷遇,れいぐう,냉대,蒲生氏郷,幸田露伴,https://www.aozora.gr.jp/cards/000051/files/2709_ruby_23129.zip,で、大膳は狂者のように謂われ、大膳の子たる伯耆まで冷遇さるるに至った。,,public_domain:青空文庫:蒲生氏郷:幸田露伴
削減,さくげん,삭감,蒲生氏郷,幸田露伴,https://www.aozora.gr.jp/cards/000051/files/2709_ruby_23129.zip,たとえば伊達政宗が会津を取った時、一旦は降参した横田氏勝の如きは、降参して見ると所領を余り削減されたので政宗を恨んだ。,,public_domain:青空文庫:蒲生氏郷:幸田露伴
反乱,はんらん,반란,蒲生氏郷,幸田露伴,https://www.aozora.gr.jp/cards/000051/files/2709_ruby_23129.zip,此年の夏、南部の九戸左近政実という者が葛西大崎などのより規模の大きい反乱を起したが、秀次の総大将、氏郷の先鋒、諸将出陣というので論無く対治されて終い、それで奥羽は腫物の根が抜けたように全く平定した。,,public_domain:青空文庫:蒲生氏郷:幸田露伴
廃る,すたる,쇠퇴하다,蒲生氏郷,幸田露伴,https://www.aozora.gr.jp/cards/000051/files/2709_ruby_23129.zip,で、氏郷は町野に対して、汝の諫言を破るでは無いが、何様も然様は成りかねる、仮令運拙く時利あらずして吾が上はともなれかくもなれ、子とも見よ、親とも仰げと殿下の云われた木村父子を見継がぬならば、我が武道は此後全く廃る、と云切った。,,public_domain:青空文庫:蒲生氏郷:幸田露伴
支持,しじ,지지,蒲生氏郷,幸田露伴,https://www.aozora.gr.jp/cards/000051/files/2709_ruby_23129.zip,主人利家に取っては自分の支持をするものが一人でも多いのが宜い訳だから、子息達も立派な大名である故同座させた方が万事に都合が好いのだが、そこは又左衛門利家そんなナマヌル魂では無い。,,public_domain:青空文庫:蒲生氏郷:幸田露伴
救援,きゅうえん,구원,蒲生氏郷,幸田露伴,https://www.aozora.gr.jp/cards/000051/files/2709_ruby_23129.zip,何はあれ関勝蔵の一隊を境にして、前の諸隊は一揆勢に向い、後の三与は政宗に備えながら、そして全軍が木村父子救援の為に佐沼の城を志して、差当りは高清水の敵城を屠らんと進行したのは稀有な陣法で、氏郷雄毅深沈とは云え、十死一生、危きこと一髪を以て千鈞を繋ぐものである。,,public_domain:青空文庫:蒲生氏郷:幸田露伴
文書,ぶんしょ,문서,蒲生氏郷,幸田露伴,https://www.aozora.gr.jp/cards/000051/files/2709_ruby_23129.zip,考証家、穿鑿家、古文書いじり、紙魚の化物と続西遊記に罵られているような然様いう者の真似もしたくない。,,public_domain:青空文庫:蒲生氏郷:幸田露伴
漢語,かんご,한어,蒲生氏郷,幸田露伴,https://www.aozora.gr.jp/cards/000051/files/2709_ruby_23129.zip,漢語の所謂戦袍で、斎藤実盛の涙ぐましい談を遺したのも其の鎧直垂に就いてである。,,public_domain:青空文庫:蒲生氏郷:幸田露伴
目覚ましい,めざましい,눈부신,蒲生氏郷,幸田露伴,https://www.aozora.gr.jp/cards/000051/files/2709_ruby_23129.zip,十八万石程から一足飛に四十二万石の大封を賜わったのだから、たとい大役を引受けさせられたとは云え、奥州出羽の押えという名誉を背負い、目覚ましい加禄を得たので、家臣連の悦んだろうことは察するに余りある。,,public_domain:青空文庫:蒲生氏郷:幸田露伴
細菌,さいきん,세균,蒲生氏郷,幸田露伴,https://www.aozora.gr.jp/cards/000051/files/2709_ruby_23129.zip,蚤のような男、蝨のような女が、何様致した、彼様仕った、というが如き筋道の詮議立やなんぞに日を暮したとて、尤千万なことで、其人に取ってはそれだけの価のあること、細菌学者が顕微鏡を覗いているのが立派な事業で有ると同様であろう。,,public_domain:青空文庫:蒲生氏郷:幸田露伴
統治,とうち,통치,蒲生氏郷,幸田露伴,https://www.aozora.gr.jp/cards/000051/files/2709_ruby_23129.zip,梵天は此世の統治者で、二生の人たる嬰児の将来は、其の前生の唱名不退の大功徳によって梵天の如くにあるべしという意からの事だ。,,public_domain:青空文庫:蒲生氏郷:幸田露伴
習得,しゅうとく,습득,蒲生氏郷,幸田露伴,https://www.aozora.gr.jp/cards/000051/files/2709_ruby_23129.zip,伊賀衆というのは伊賀侍、若くは伊賀侍から出た忍びの術を習得した者共という義で、甲賀衆と云うのは江州甲賀の侍に本づく同様の義の語、そして転じては伊賀衆甲賀衆といえば忍びの術を知って偵察の任を帯びて居る者という意味に用いられたのである。,,public_domain:青空文庫:蒲生氏郷:幸田露伴
行進,こうしん,행진,蒲生氏郷,幸田露伴,https://www.aozora.gr.jp/cards/000051/files/2709_ruby_23129.zip,逆歩に歩むとは記してあるが、それは言葉通りに身構は南へ向い歩は北へ向って行くことであるか、それとも別に間隔交替か何かの隊法があって、後を向きながら前へ進む行進の仕方が有ったか何様か精しく知らない。,,public_domain:青空文庫:蒲生氏郷:幸田露伴
誠実な,せいじつな,성실한,蒲生氏郷,幸田露伴,https://www.aozora.gr.jp/cards/000051/files/2709_ruby_23129.zip,氏郷の前軍の蒲生源左衛門、町野左近将監等は政宗勢の不誠実なところを看破したから大に驚いた。,,public_domain:青空文庫:蒲生氏郷:幸田露伴
摘む,つまむ,집다,雁坂越,幸田露伴,https://www.aozora.gr.jp/cards/000051/files/3508_ruby_4030.zip,その時やや隔たった圃の中からまた起った歌の声は、わたしぁ桑摘む主ぁ※まんせ、春蚕上簇れば二人着る。,,public_domain:青空文庫:雁坂越:幸田露伴
勧告,かんこく,권고,観画談,幸田露伴,https://www.aozora.gr.jp/cards/000051/files/1436_ruby_28541.zip,切詰めた予算だけしか有しておらぬことであるから、当人は人一倍困悶したが、どうも病気には勝てぬことであるから、暫く学事を抛擲して心身の保養に力めるが宜いとの勧告に従って、そこで山水清閑の地に活気の充ちた天地の※気を吸うべく東京の塵埃を背後にした。,,public_domain:青空文庫:観画談:幸田露伴
心情,しんじょう,심정,観画談,幸田露伴,https://www.aozora.gr.jp/cards/000051/files/1436_ruby_28541.zip,筆はただ心持で動いているだけで、勿論その委曲が画けている訳ではないが、それでもおのずからに各人の姿態や心情が想い知られる。,,public_domain:青空文庫:観画談:幸田露伴
点火,てんか,점화,観画談,幸田露伴,https://www.aozora.gr.jp/cards/000051/files/1436_ruby_28541.zip,ようございます、今更帰れもせず、提灯を点火ることも出来ませんから、どうせ差しているのではないその蝙蝠傘をお出しなさい。,,public_domain:青空文庫:観画談:幸田露伴
慎重な,しんちょうな,신중한,幻談,幸田露伴,https://www.aozora.gr.jp/cards/000051/files/361_ruby_3948.zip,吉は全敗に終らせたくない意地から、舟を今日までかかったことのない場処へ持って行って、「かし」を決めるのに慎重な態度を取りながら、やがて、「旦那、竿は一本にして、みよしの真正面へ巧く振込んで下さい」と申しました。,,public_domain:青空文庫:幻談:幸田露伴
無茶苦茶,むちゃくちゃ,엉망진창,骨董,幸田露伴,https://www.aozora.gr.jp/cards/000051/files/1438_ruby_28542.zip,正賓は肋を傷けられて卒倒し、一場は無茶苦茶になった。,,public_domain:青空文庫:骨董:幸田露伴
経費,けいひ,경비,骨董,幸田露伴,https://www.aozora.gr.jp/cards/000051/files/1438_ruby_28542.zip,骨董商はちょっと取片付けて澄ましているものだが、それだって何も慈善事業で店を開いている訳ではない、その道に年期を入れて資本を入れて、それで妻子を過しているのだから、三十円のものは口銭や経費に二十円遣って五十円で買うつもりでいれば何の間違はないものを、五十円のものを三十円で買う気になっていては世の中がスラリとは行かない。,,public_domain:青空文庫:骨董:幸田露伴
返金,へんきん,환불,骨董,幸田露伴,https://www.aozora.gr.jp/cards/000051/files/1438_ruby_28542.zip,そこへ付込んで廷珸は杜生に八百金を提供して、そして「御返金にならない場合でも御宅の窯鼎さえ御渡し下されば」ということをいって置いた。,,public_domain:青空文庫:骨董:幸田露伴
不吉な,ふきつな,불길한,蟹工船,小林多喜二,https://www.aozora.gr.jp/cards/000156/files/1465_ruby_16804.zip,横腹に思いッ切り打ち当る波の音や、絶えずならしている不吉な警笛が、風の工合で遠くなったり、すぐ頭の上に近くなったり、鉄の扉を隔てて聞えていた。,,public_domain:青空文庫:蟹工船:小林多喜二
交互,こうご,교대,蟹工船,小林多喜二,https://www.aozora.gr.jp/cards/000156/files/1465_ruby_16804.zip,然し大きな波は、川崎船と本船を、ガタンコの両端にのせたように、交互に激しく揺り上げたり、揺り下げたりした。,,public_domain:青空文庫:蟹工船:小林多喜二
冷蔵,れいぞう,냉장,蟹工船,小林多喜二,https://www.aozora.gr.jp/cards/000156/files/1465_ruby_16804.zip,鮭や鱒と間違われて、「冷蔵庫」へ投げ込まれたように、その中で「生きている」人間はガタガタ顫えていた。,,public_domain:青空文庫:蟹工船:小林多喜二
出動,しゅつどう,출동,蟹工船,小林多喜二,https://www.aozora.gr.jp/cards/000156/files/1465_ruby_16804.zip,「それでさ、駆逐艦が蟹工船の警備に出動すると云ったところで、どうしてどうして、そればかりの目的でなくて、この辺の海、北樺太、千島の附近まで詳細に測量したり気候を調べたりするのが、かえって大目的で、万一のアレに手ぬかりなくする訳だな。,,public_domain:青空文庫:蟹工船:小林多喜二
利潤,りじゅん,이윤,蟹工船,小林多喜二,https://www.aozora.gr.jp/cards/000156/files/1465_ruby_16804.zip,資本主義がきまりきった所だけの利潤では行き詰まり、金利が下がって、金がダブついてくると、「文字通り」どんな事でもするし、どんな所へでも、死物狂いで血路を求め出してくる。,,public_domain:青空文庫:蟹工船:小林多喜二
動員,どういん,동원,蟹工船,小林多喜二,https://www.aozora.gr.jp/cards/000156/files/1465_ruby_16804.zip,水夫、火夫も完全に動員された。,,public_domain:青空文庫:蟹工船:小林多喜二
取り寄せる,とりよせる,주문하다,蟹工船,小林多喜二,https://www.aozora.gr.jp/cards/000156/files/1465_ruby_16804.zip,代りを函館から取り寄せるのには遅すぎるし、出来高だって問題にならない程少ないし。,,public_domain:青空文庫:蟹工船:小林多喜二
和やかな,なごやかな,온화한,蟹工船,小林多喜二,https://www.aozora.gr.jp/cards/000156/files/1465_ruby_16804.zip,曇った空と同じ色の雨が、これもやはり曇った空と同じ色の海に、時々和やかな円るい波紋を落していた。,,public_domain:青空文庫:蟹工船:小林多喜二
対比,たいひ,대비,蟹工船,小林多喜二,https://www.aozora.gr.jp/cards/000156/files/1465_ruby_16804.zip,と同時に、漁夫達の惨めな生活（監督は酔うと、漁夫達を「豚奴々々」と云っていた）も、ハッキリ対比されて知っている。,,public_domain:青空文庫:蟹工船:小林多喜二
操縦,そうじゅう,조종,蟹工船,小林多喜二,https://www.aozora.gr.jp/cards/000156/files/1465_ruby_16804.zip,――彼等は「大暴風雨」のために、一たまりもなく操縦の自由をなくしてしまった。,,public_domain:青空文庫:蟹工船:小林多喜二
沈没,ちんぼつ,침몰,蟹工船,小林多喜二,https://www.aozora.gr.jp/cards/000156/files/1465_ruby_16804.zip,「本当に沈没したかな」独言が出る。,,public_domain:青空文庫:蟹工船:小林多喜二
無線,むせん,무선,蟹工船,小林多喜二,https://www.aozora.gr.jp/cards/000156/files/1465_ruby_16804.zip,その時、「こんな事に一々ビク、ビクしていたら、このカムサツカまでワザワザ来て仕事なんか出来るかい」――そう浅川の云ったことが、無線係から洩れた。,,public_domain:青空文庫:蟹工船:小林多喜二
軍艦,ぐんかん,군함,蟹工船,小林多喜二,https://www.aozora.gr.jp/cards/000156/files/1465_ruby_16804.zip,だからこそ、あっちへ行っても始終我帝国の軍艦が我々を守っていてくれることになっているのだ。,,public_domain:青空文庫:蟹工船:小林多喜二
転落,てんらく,전락,蟹工船,小林多喜二,https://www.aozora.gr.jp/cards/000156/files/1465_ruby_16804.zip,が、次の瞬間、こっちがアプ、アプでもするように、谷底に転落して行った。,,public_domain:青空文庫:蟹工船:小林多喜二
追跡,ついせき,추적,蟹工船,小林多喜二,https://www.aozora.gr.jp/cards/000156/files/1465_ruby_16804.zip,ところが、それが露国の監視船に見付けられて、追跡された。,,public_domain:青空文庫:蟹工船:小林多喜二
逃亡,とうぼう,도망,蟹工船,小林多喜二,https://www.aozora.gr.jp/cards/000156/files/1465_ruby_16804.zip,虐使に堪えられなくて逃亡する。,,public_domain:青空文庫:蟹工船:小林多喜二
過労,かろう,과로,蟹工船,小林多喜二,https://www.aozora.gr.jp/cards/000156/files/1465_ruby_16804.zip,「一体あいつにあんなことを云う権利があるのか」――船酔と過労で、ゲッソリやせた学生上りが、ブツブツ云った。,,public_domain:青空文庫:蟹工船:小林多喜二
配当,はいとう,배당,蟹工船,小林多喜二,https://www.aozora.gr.jp/cards/000156/files/1465_ruby_16804.zip,それに株主へ二割二分五厘なんて滅法界もない配当をする会社なんて、日本にだってそうないんだ。,,public_domain:青空文庫:蟹工船:小林多喜二
領海,りょうかい,영해,蟹工船,小林多喜二,https://www.aozora.gr.jp/cards/000156/files/1465_ruby_16804.zip,――三浬までロシアの領海なので、それ以内に入ることは出来ない「ことになっていた」。,,public_domain:青空文庫:蟹工船:小林多喜二
主任,しゅにん,주임,工場細胞,小林多喜二,https://www.aozora.gr.jp/cards/000156/files/1466_ruby_24735.zip,特高主任が其処で薄く笑った。,,public_domain:青空文庫:工場細胞:小林多喜二
加入,かにゅう,가입,工場細胞,小林多喜二,https://www.aozora.gr.jp/cards/000156/files/1466_ruby_24735.zip,――これは或いは滅多に云えない事だが、僕等はある方法によって、そこは世界一を誇る警察網の力だが、すでに河田たちが共産党に加入しているということの確証を握ったのだ。,,public_domain:青空文庫:工場細胞:小林多喜二
匿名,とくめい,익명,工場細胞,小林多喜二,https://www.aozora.gr.jp/cards/000156/files/1466_ruby_24735.zip,「キャン・クラブ」に投稿するには匿名でもいゝので、表立って云えないことをドシ、ドシ書いてくるらしかった。,,public_domain:青空文庫:工場細胞:小林多喜二
協定,きょうてい,협정,工場細胞,小林多喜二,https://www.aozora.gr.jp/cards/000156/files/1466_ruby_24735.zip,こういう時、銀行はその必要から、又自分が債権者であるという力から、それ等の同種産業者間に協定と合同を策して、打って一丸とし、本来ならば未だ競争時代にある経済的発展段階を独占的地位に導く作用を営むのだ。,,public_domain:青空文庫:工場細胞:小林多喜二
収益,しゅうえき,수익,工場細胞,小林多喜二,https://www.aozora.gr.jp/cards/000156/files/1466_ruby_24735.zip,で、その窮極の目的は、残された収益性に富む大企業をして安々と独占の甘い汁を吸わせるところにあった。,,public_domain:青空文庫:工場細胞:小林多喜二
可決,かけつ,가결,工場細胞,小林多喜二,https://www.aozora.gr.jp/cards/000156/files/1466_ruby_24735.zip,――それが可決されて、時期、方法その他の具体案が長い時間かゝって、慎重に練られた。,,public_domain:青空文庫:工場細胞:小林多喜二
基金,ききん,기금,工場細胞,小林多喜二,https://www.aozora.gr.jp/cards/000156/files/1466_ruby_24735.zip,「共済会」の基金や「健保」の掛金が何処にどう、誰の利益のために流用されているか。,,public_domain:青空文庫:工場細胞:小林多喜二
守衛,しゅえい,수위,工場細胞,小林多喜二,https://www.aozora.gr.jp/cards/000156/files/1466_ruby_24735.zip,職工の一人も問題にしないばかりか、巡査上りの守衛から、工場長さえ取り合いもしない。,,public_domain:青空文庫:工場細胞:小林多喜二
就業,しゅうぎょう,취업,工場細胞,小林多喜二,https://www.aozora.gr.jp/cards/000156/files/1466_ruby_24735.zip,就業のボーが波形の屋根を巾広くひゞかせた。,,public_domain:青空文庫:工場細胞:小林多喜二
幅広い,はばひろい,폭넓은,工場細胞,小林多喜二,https://www.aozora.gr.jp/cards/000156/files/1466_ruby_24735.zip,人達は、方向のちがった二本の幅広い調帯のように、両側を流れていた。,,public_domain:青空文庫:工場細胞:小林多喜二
引きずる,ひきずる,질질 끌다,工場細胞,小林多喜二,https://www.aozora.gr.jp/cards/000156/files/1466_ruby_24735.zip,離れていると、その一つ一つの言葉が余韻を引きずるように、ハッキリ職工たちをとらえている。,,public_domain:青空文庫:工場細胞:小林多喜二
従業員,じゅうぎょういん,종업원,工場細胞,小林多喜二,https://www.aozora.gr.jp/cards/000156/files/1466_ruby_24735.zip,――彼等は、金菱の悪ラツな進出が如何に全工場の「親愛なる」職工を犠牲にし、その生活を低下させ、「Ｙのフォード」を一躍「Ｙの監獄部屋」にまで蹴落してしまうものであるか、と煽動し、全従業員の一致的行動によって、没落に傾いている自分達の地位を守ろうとでもするらしかった。,,public_domain:青空文庫:工場細胞:小林多喜二
方策,ほうさく,방책,工場細胞,小林多喜二,https://www.aozora.gr.jp/cards/000156/files/1466_ruby_24735.zip,職工たちがせゝッこましい工場の中のことで、頭をつッこんでグズ／＼しているまに、彼等は「世界」と歩調を合せて、その方策を進めていた。,,public_domain:青空文庫:工場細胞:小林多喜二
暴動,ぼうどう,폭동,工場細胞,小林多喜二,https://www.aozora.gr.jp/cards/000156/files/1466_ruby_24735.zip,それじゃ革命にも、暴動にも同じく一たまりもないワケだ。,,public_domain:青空文庫:工場細胞:小林多喜二
最先端,さいせんたん,최첨단,工場細胞,小林多喜二,https://www.aozora.gr.jp/cards/000156/files/1466_ruby_24735.zip,――その鉄のような組織というのは、工場細胞を通して工場労働者にしっかりと基礎を置き、労働者の最先端に立って闘う政党ということになる。,,public_domain:青空文庫:工場細胞:小林多喜二
業務,ぎょうむ,업무,工場細胞,小林多喜二,https://www.aozora.gr.jp/cards/000156/files/1466_ruby_24735.zip,毎月三田銀行へ提出する「業務報告」を書かせられている笠原は、資本関係としての「銀行と会社」というものが、どんな関係で結びつけられているか知っていた。,,public_domain:青空文庫:工場細胞:小林多喜二
機構,きこう,기구,工場細胞,小林多喜二,https://www.aozora.gr.jp/cards/000156/files/1466_ruby_24735.zip,然し彼は今までの長い工場生活の経験と、この頃のようやく分りかけてきたその色々な機構のうちに、自分の位置を知ることが出来るように思った。,,public_domain:青空文庫:工場細胞:小林多喜二
決議,けつぎ,결의,工場細胞,小林多喜二,https://www.aozora.gr.jp/cards/000156/files/1466_ruby_24735.zip,それには工場細胞が全力をあげて、それと工場独特の問題と結びつけて、宣伝、煽動をまき起すこと等が決議された。,,public_domain:青空文庫:工場細胞:小林多喜二
激励,げきれい,격려,工場細胞,小林多喜二,https://www.aozora.gr.jp/cards/000156/files/1466_ruby_24735.zip,手筈をきめて置いた激励の演説がそれを太くつらぬいた。,,public_domain:青空文庫:工場細胞:小林多喜二
照明,しょうめい,조명,工場細胞,小林多喜二,https://www.aozora.gr.jp/cards/000156/files/1466_ruby_24735.zip,多燈式照明燈が両側から腕をのばして、その下に夜店が並んでいた。,,public_domain:青空文庫:工場細胞:小林多喜二
結束,けっそく,결속,工場細胞,小林多喜二,https://www.aozora.gr.jp/cards/000156/files/1466_ruby_24735.zip,工場主たちは「三々会」だとか、「水曜会」だとか、そんな名称でチャンとお互の連絡と結束を計ってるんだ。,,public_domain:青空文庫:工場細胞:小林多喜二
融資,ゆうし,융자,工場細胞,小林多喜二,https://www.aozora.gr.jp/cards/000156/files/1466_ruby_24735.zip,――合理化の政策は明かに「大金融資本家」の利益に追随していた。,,public_domain:青空文庫:工場細胞:小林多喜二
補助,ほじょ,보조,工場細胞,小林多喜二,https://www.aozora.gr.jp/cards/000156/files/1466_ruby_24735.zip,「Ｈ・Ｓ会社」から幾分補助を貰っているらしかった。,,public_domain:青空文庫:工場細胞:小林多喜二
討議,とうぎ,토의,工場細胞,小林多喜二,https://www.aozora.gr.jp/cards/000156/files/1466_ruby_24735.zip,何か別な討議がされた後らしい。,,public_domain:青空文庫:工場細胞:小林多喜二
議案,ぎあん,의안,工場細胞,小林多喜二,https://www.aozora.gr.jp/cards/000156/files/1466_ruby_24735.zip,今迄提出する議案は工場長は一応眼を通して、差支えのないものばかり出していた。,,public_domain:青空文庫:工場細胞:小林多喜二
購入,こうにゅう,구입,工場細胞,小林多喜二,https://www.aozora.gr.jp/cards/000156/files/1466_ruby_24735.zip,資本家同志で「共同購入」や「共同販売」の組合を作って、原料価格と販売価格の「統制」をする。,,public_domain:青空文庫:工場細胞:小林多喜二
運輸,うんゆ,운수,工場細胞,小林多喜二,https://www.aozora.gr.jp/cards/000156/files/1466_ruby_24735.zip,Ｙ市は港町の関係上、海陸連絡の運輸労働者――浜人足、仲仕が圧倒的に多かった。,,public_domain:青空文庫:工場細胞:小林多喜二
閉鎖,へいさ,폐쇄,工場細胞,小林多喜二,https://www.aozora.gr.jp/cards/000156/files/1466_ruby_24735.zip,――要らなくなったゴミ／＼した工場は閉鎖される。,,public_domain:青空文庫:工場細胞:小林多喜二
開催,かいさい,개최,工場細胞,小林多喜二,https://www.aozora.gr.jp/cards/000156/files/1466_ruby_24735.zip,ビラを撒いてからの第二弾、第三弾の戦術、従業員大会開催の件などが、決議された。,,public_domain:青空文庫:工場細胞:小林多喜二
不可欠,ふかけつ,불가결,党生活者,小林多喜二,https://www.aozora.gr.jp/cards/000156/files/833_ruby_28259.zip,だから私は自分の犠牲も、この幾百万という大きな犠牲を解放するための不可欠な犠牲であると考えている。,,public_domain:青空文庫:党生活者:小林多喜二
不審な,ふしんな,수상한,党生活者,小林多喜二,https://www.aozora.gr.jp/cards/000156/files/833_ruby_28259.zip,洋服の男は私の方を見たようだったが、その見方は張り込んでいる見方にしては、何処か不審なところがあるように思われた。,,public_domain:青空文庫:党生活者:小林多喜二
交通費,こうつうひ,교통비,党生活者,小林多喜二,https://www.aozora.gr.jp/cards/000156/files/833_ruby_28259.zip,然し他の地区ということになれば交通費の関係上困った。,,public_domain:青空文庫:党生活者:小林多喜二
偏見,へんけん,편견,党生活者,小林多喜二,https://www.aozora.gr.jp/cards/000156/files/833_ruby_28259.zip,だからサクラになるものは、意識の低い、普通の女工が知らずに抱いているような考えや偏見などをハッキリ知っていなければならなかった。,,public_domain:青空文庫:党生活者:小林多喜二
停滞,ていたい,정체 침체,党生活者,小林多喜二,https://www.aozora.gr.jp/cards/000156/files/833_ruby_28259.zip,七夜、「マスク」の原稿を書いたり、地方の「オル」に出す報告を整理したり、それに配布の方から廻ってきて、少し停滞しているパンフレットや資料を読んで遅くなったので、次の朝十時頃まで寝ていた。,,public_domain:青空文庫:党生活者:小林多喜二
強行,きょうこう,강행,党生活者,小林多喜二,https://www.aozora.gr.jp/cards/000156/files/833_ruby_28259.zip,須山はまず皆の前で、これだけの労働者や農民が戦地に引き出され、且つ日常生活でもこれだけの強行軍をやらされているときに、「僚友会」が一度も真剣に開かれなかったことは、階級的裏切りだ、というところから始めた。,,public_domain:青空文庫:党生活者:小林多喜二
戸籍,こせき,호적,党生活者,小林多喜二,https://www.aozora.gr.jp/cards/000156/files/833_ruby_28259.zip,然し、警察どもは小商人などのところへは度々戸籍調らべにやって来て、無遠慮な調らべ方をして行く代りに、門構でもあるような家には二度のところを一度にし、それもたゞ「変ったことがありませんか」位にとゞめる。,,public_domain:青空文庫:党生活者:小林多喜二
支障,ししょう,지장,党生活者,小林多喜二,https://www.aozora.gr.jp/cards/000156/files/833_ruby_28259.zip,そうすれば私達が首になったとしても、残っている組織の根と緊密な外部からの連繋によって、少しの支障もなく仕事を継続することが出来る。,,public_domain:青空文庫:党生活者:小林多喜二
枠内,わくない,테두리 안,党生活者,小林多喜二,https://www.aozora.gr.jp/cards/000156/files/833_ruby_28259.zip,非常に精細な見方をしているようで、実はある固定した枠内で蚤取眼を見張っていたと云える。,,public_domain:青空文庫:党生活者:小林多喜二
点検,てんけん,점검,党生活者,小林多喜二,https://www.aozora.gr.jp/cards/000156/files/833_ruby_28259.zip,Ｓによると、外国の雑誌に、日本では夜遅く外を歩く自由も、喫茶店で無理矢理な官憲の点検を受けずには、のんびりと話し込む自由もないと書いてあるそうだが、それは本当だ。,,public_domain:青空文庫:党生活者:小林多喜二
生活費,せいかつひ,생활비,党生活者,小林多喜二,https://www.aozora.gr.jp/cards/000156/files/833_ruby_28259.zip,その後、交通費や生活費に困り、仕方なく人を使って母親のところへ金を貰いに行くと、今迄は帰って来なければ「金は渡せん」といったのに、二円と云えば四円、五円と云えば七八円も渡してくれて、「家のことは心配しなくてもいゝ」と云うようになった。,,public_domain:青空文庫:党生活者:小林多喜二
確保,かくほ,확보,党生活者,小林多喜二,https://www.aozora.gr.jp/cards/000156/files/833_ruby_28259.zip,だから私は太田などに云っている、出来るだけ永い間合法性を確保しろ、と。,,public_domain:青空文庫:党生活者:小林多喜二
精密な,せいみつな,정밀한,党生活者,小林多喜二,https://www.aozora.gr.jp/cards/000156/files/833_ruby_28259.zip,が、連絡だけでは精密な対策が立たないので、一週に一度の予定で三人一緒に「エンコ」（坐ること）することになっていた、その家の世話は伊藤がやった。,,public_domain:青空文庫:党生活者:小林多喜二
総会,そうかい,총회,党生活者,小林多喜二,https://www.aozora.gr.jp/cards/000156/files/833_ruby_28259.zip,須山は慰問金のことで、「僚友会」の定期総会を開いたらどうか、と清川のところへ持って行った。,,public_domain:青空文庫:党生活者:小林多喜二
補充,ほじゅう,보충,党生活者,小林多喜二,https://www.aozora.gr.jp/cards/000156/files/833_ruby_28259.zip,即刻太田の補充をすること、太田の検挙のことをビラに書いれて倉田工業の全従業員に訴えること。,,public_domain:青空文庫:党生活者:小林多喜二
規制,きせい,규제,党生活者,小林多喜二,https://www.aozora.gr.jp/cards/000156/files/833_ruby_28259.zip,私はそこでの反対派として仕事をしていた）と無駄話をしながら、新宿とか浅草などを歩き廻わることもしたし、工場細胞としての厳重な政治生活が規制されていたが、合法生活が当然伴う「交際」だとか、活動写真を見るとか、（そう云えば私は最近この活動写真の存在ということをすッかり忘れてしまっている！,,public_domain:青空文庫:党生活者:小林多喜二
追及,ついきゅう,추궁,党生活者,小林多喜二,https://www.aozora.gr.jp/cards/000156/files/833_ruby_28259.zip,今獄中で闘争している同志Ｈは料理屋、喫茶店、床屋、お湯屋などに写真を廻わされるような、私達とは比べものにならない追及のさ中を活動するために、或る時は下宿の人を帝劇に連れて行ってやったりしている。,,public_domain:青空文庫:党生活者:小林多喜二
逆転,ぎゃくてん,역전,党生活者,小林多喜二,https://www.aozora.gr.jp/cards/000156/files/833_ruby_28259.zip,私たちは直ぐ立ち直り、この失敗の経験を取り上げ、逆転した情勢をそのまゝに放棄せずに、次の闘争に役立てるようにしなければならない。,,public_domain:青空文庫:党生活者:小林多喜二
配布,はいふ,배포,党生活者,小林多喜二,https://www.aozora.gr.jp/cards/000156/files/833_ruby_28259.zip,七夜、「マスク」の原稿を書いたり、地方の「オル」に出す報告を整理したり、それに配布の方から廻ってきて、少し停滞しているパンフレットや資料を読んで遅くなったので、次の朝十時頃まで寝ていた。,,public_domain:青空文庫:党生活者:小林多喜二
健在,けんざい,건재,独房,小林多喜二,https://www.aozora.gr.jp/cards/000156/files/43684_ruby_24734.zip,せき、くさめ、屁屁の音で隣りの独房にいる同志の健在なことを知る――三・一五の同志の歌で、シャバにいたとき、俺は何かの雑誌でそれを読んだことがあった。,,public_domain:青空文庫:独房:小林多喜二
半端な,はんぱな,어중간한,独房,小林多喜二,https://www.aozora.gr.jp/cards/000156/files/43684_ruby_24734.zip,そのコンクリートの壁には、看守の目を盗んで書いたらしく、泥や――時には、何処から手に入れるものか白墨で「共」という字や、中途半端な「※」「※や、Ｋ・Ｐ（共産党の略字）という字が幾つも書かれている。,,public_domain:青空文庫:独房:小林多喜二
排水,はいすい,배수,独房,小林多喜二,https://www.aozora.gr.jp/cards/000156/files/43684_ruby_24734.zip,八時に「排水」と「給水」がある。,,public_domain:青空文庫:独房:小林多喜二
着工,ちゃっこう,착공,独房,小林多喜二,https://www.aozora.gr.jp/cards/000156/files/43684_ruby_24734.zip,「どうだ、初めての着工合は……」と看守が云った。,,public_domain:青空文庫:独房:小林多喜二
議事堂,ぎじどう,의사당,独房,小林多喜二,https://www.aozora.gr.jp/cards/000156/files/43684_ruby_24734.zip,時代錯誤な議事堂の建物も、大方出来ていた。,,public_domain:青空文庫:独房:小林多喜二
法廷,ほうてい,법정,母たち,小林多喜二,https://www.aozora.gr.jp/cards/000156/files/43685_ruby_16970.zip,この時、傍聴していた若い男が拍手をして、法廷の外へ引ずり出された。,,public_domain:青空文庫:母たち:小林多喜二
税務署,ぜいむしょ,세무서,母たち,小林多喜二,https://www.aozora.gr.jp/cards/000156/files/43685_ruby_16970.zip,お前がこっちにいた時知っているだろう、「役所バカ」と云って、五十恰好の女が何時でも決まった時間に、市役所とか、税務署とか、裁判所とか、銀行とか、そんな建物だけを廻って歩いて、「わが夫様は米穀何百俵を詐欺横領しましたという――」きまった始まりで、御詠歌のように云って歩く「バカ」のいたのを。,,public_domain:青空文庫:母たち:小林多喜二
詐欺,さぎ,사기,母たち,小林多喜二,https://www.aozora.gr.jp/cards/000156/files/43685_ruby_16970.zip,お前がこっちにいた時知っているだろう、「役所バカ」と云って、五十恰好の女が何時でも決まった時間に、市役所とか、税務署とか、裁判所とか、銀行とか、そんな建物だけを廻って歩いて、「わが夫様は米穀何百俵を詐欺横領しましたという――」きまった始まりで、御詠歌のように云って歩く「バカ」のいたのを。,,public_domain:青空文庫:母たち:小林多喜二
てきぱきと,てきぱきと,척척,不在地主,小林多喜二,https://www.aozora.gr.jp/cards/000156/files/49181_ruby_34659.zip,伴の家では、伴のお内儀さんや阿部のお内儀さんも出て来て、てきぱきと家の中の細かい仕事を片付け、――暇々には、小作の家を廻って歩いて「女は女同志」その方からも結束を固めていた。,,public_domain:青空文庫:不在地主:小林多喜二
余興,よきょう,여흥,不在地主,小林多喜二,https://www.aozora.gr.jp/cards/000156/files/49181_ruby_34659.zip,余興に入り、薩摩琵琶、落語、小樽新聞から派遣された年のとった記者の修養講話――「一日講」――があり、――そして、「酒」が出ることになった。,,public_domain:青空文庫:不在地主:小林多喜二
外来,がいらい,외래,不在地主,小林多喜二,https://www.aozora.gr.jp/cards/000156/files/49181_ruby_34659.zip,殊に外来悪思想がややもすれば前途ある青年を捉え、この尊い社会秩序を破壊せんとするに於ては、益※健全なる軍人精神が、実に農村に於てこそ要求されなければならないのである。,,public_domain:青空文庫:不在地主:小林多喜二
寄贈,きぞう,기증,不在地主,小林多喜二,https://www.aozora.gr.jp/cards/000156/files/49181_ruby_34659.zip,┌───────────────────────┐│酒一斗校長先生││金三十円也岸野殿││ビール一打※殿││ビール一打吉岡殿││手拭百本Ｈ町長殿││金十円也相馬殿││右本会設立ヲ祝シ、各位ヨリ御寄贈下サイマシ││タ。,,public_domain:青空文庫:不在地主:小林多喜二
提携,ていけい,제휴 제휴하다,不在地主,小林多喜二,https://www.aozora.gr.jp/cards/000156/files/49181_ruby_34659.zip,白米五俵（日本農民組合××部外三）行カレヌ、労農提携ニヨル勝利ヲ天下ニ示セ（大阪農民組合本部）岸野搾取魔ヲ徹底的ニヤッツケロ（日農××支部）五円八十銭市内運輸労働者四十一名弐銭切手四十枚一労働者鶏卵七個〃阿部からの手紙。,,public_domain:青空文庫:不在地主:小林多喜二
来場,らいじょう,입장,不在地主,小林多喜二,https://www.aozora.gr.jp/cards/000156/files/49181_ruby_34659.zip,）来場の聴衆を一々誰何し、身体検査をもって威怖せしめるのだ。,,public_domain:青空文庫:不在地主:小林多喜二
結成,けっせい,결성,不在地主,小林多喜二,https://www.aozora.gr.jp/cards/000156/files/49181_ruby_34659.zip,阿部、伴、健、荒川、その他小作人三人、組合員二人――これだけが、二日の間に三時間位しか寝らずに、「岸野小作争議団」結成のために馳けずり廻った。,,public_domain:青空文庫:不在地主:小林多喜二
耐える,たえる,견디다,不在地主,小林多喜二,https://www.aozora.gr.jp/cards/000156/files/49181_ruby_34659.zip,――軍人と辛苦をともにして、如何な難事にも耐える精神を養うのだ、というのだ。,,public_domain:青空文庫:不在地主:小林多喜二
解除,かいじょ,해제,不在地主,小林多喜二,https://www.aozora.gr.jp/cards/000156/files/49181_ruby_34659.zip,それが「受理」されると同時に、小作米の差押えが解除された。,,public_domain:青空文庫:不在地主:小林多喜二
財源,ざいげん,재원,不在地主,小林多喜二,https://www.aozora.gr.jp/cards/000156/files/49181_ruby_34659.zip,――石狩、上川、空知の地味の優良なところは、道庁が「開拓資金」の財源の名によって、殆んど只のような価格で華族や大金持に何百町歩ずつ払下げてしまっていた。,,public_domain:青空文庫:不在地主:小林多喜二
配る,くばる,나누다,不在地主,小林多喜二,https://www.aozora.gr.jp/cards/000156/files/49181_ruby_34659.zip,「……あんなにしてやったのに、ビラば配るなんて恩知らずだッて、怒ってるワ。,,public_domain:青空文庫:不在地主:小林多喜二
願書,がんしょ,원서,不在地主,小林多喜二,https://www.aozora.gr.jp/cards/000156/files/49181_ruby_34659.zip,「この前のように、嘆願書をブッつける事はないだろうな。,,public_domain:青空文庫:不在地主:小林多喜二
分析,ぶんせき,분석,青い絨毯,坂口安吾,https://www.aozora.gr.jp/cards/001095/files/56797_ruby_56869.zip,尤もフロイド風に分析すれば持って廻った底の方に謎を解く鍵もあろうけれども、ポーズの方が重要なのさ、と思いこんでいたかも知れぬ。,,public_domain:青空文庫:青い絨毯:坂口安吾
判定,はんてい,판정,青い絨毯,坂口安吾,https://www.aozora.gr.jp/cards/001095/files/56797_ruby_56869.zip,僕自身僕のポーズに眩惑される傾向もたしかにあるが、正しく敬虔なる心に於て、あの家は暗い家だと僕はやっぱり判定する。,,public_domain:青空文庫:青い絨毯:坂口安吾
原文,げんぶん,원문,青い絨毯,坂口安吾,https://www.aozora.gr.jp/cards/001095/files/56797_ruby_56869.zip,ヴァレリイの「ヴァリエテ」などの幾つかもこうして飜訳したものだから、分らぬところはみんな抜かす、結局あの晦渋な原文が、僕の手にかかると明快至極なものになり、原文を知らない人々が讃嘆したものであるが、分らぬ所を抜くのだから明快流麗、無茶な話であった。,,public_domain:青空文庫:青い絨毯:坂口安吾
期日,きじつ,기일,青い絨毯,坂口安吾,https://www.aozora.gr.jp/cards/001095/files/56797_ruby_56869.zip,この計理士は五十がらみの年齢に似もやらぬ少年詩人の如き気分屋で、ええ天気やさかい仕事してられえへんどすわと言って大概のお天気の日は外出し、酒も飲まず女遊びもしないけれども、仕事の期日に遅れるために顧客も失い貧乏もするという様子である。,,public_domain:青空文庫:青い絨毯:坂口安吾
生育,せいいく,생육,青い絨毯,坂口安吾,https://www.aozora.gr.jp/cards/001095/files/56797_ruby_56869.zip,こんな下らない原稿ばかりで雑誌をだすのは厭だと言いだすのは葛巻で、いいじゃないか、人の原稿は下らなくても、自分だけ立派な仕事をすればよい、同人雑誌はそういう性質のものだと言って、年中二人で口論する、葛巻は文学的名門に生育した人であるから、自分が編輯にたずさわる以上くだらぬ原稿はのせられぬという誇りを放すことができぬ。,,public_domain:青空文庫:青い絨毯:坂口安吾
顧客,こきゃく,고객,青い絨毯,坂口安吾,https://www.aozora.gr.jp/cards/001095/files/56797_ruby_56869.zip,この計理士は五十がらみの年齢に似もやらぬ少年詩人の如き気分屋で、ええ天気やさかい仕事してられえへんどすわと言って大概のお天気の日は外出し、酒も飲まず女遊びもしないけれども、仕事の期日に遅れるために顧客も失い貧乏もするという様子である。,,public_domain:青空文庫:青い絨毯:坂口安吾
微小,びしょう,미소,青鬼の褌を洗う女,坂口安吾,https://www.aozora.gr.jp/cards/001095/files/42877_ruby_27472.zip,有利の時にはちっともつけあがらず、相撲しすぎるということがなく、理づめに慎重にさばいて行く、いかにも都会的な理智とたしなみと落着きが感じられるくせに、不利に対して敏感すぎて、彼の力量なら充分押しかえせる微小な不利にも頭の方で先廻りをして敗北という結果の方を感じてしまう。,,public_domain:青空文庫:青鬼の褌を洗う女:坂口安吾
戦災,せんさい,전재,青鬼の褌を洗う女,坂口安吾,https://www.aozora.gr.jp/cards/001095/files/42877_ruby_27472.zip,戦争中は同じ会社の事務員だったのだが、戦災で一挙に肉親を失った。,,public_domain:青空文庫:青鬼の褌を洗う女:坂口安吾
着陸,ちゃくりく,착륙,青鬼の褌を洗う女,坂口安吾,https://www.aozora.gr.jp/cards/001095/files/42877_ruby_27472.zip,雪夫や、シッカリ、がんばれ負けるなというかと思うと、じれったいね、おまえ飛行機乗りは見張りがついてるわけじゃないんだから、敵陣へ着陸して、降参して、助けて貰えばいいじゃないか。,,public_domain:青空文庫:青鬼の褌を洗う女:坂口安吾
秘書,ひしょ,비서,青鬼の褌を洗う女,坂口安吾,https://www.aozora.gr.jp/cards/001095/files/42877_ruby_27472.zip,久須美の秘書の田代さんというのが、久須美から資本をかりて内職にさるマーケットへ一杯のみ屋をひらくについて、ノブ子さんが根が飲食店の娘で客商売にはあつらえ向きにできてるものだから、表向きはノブ子さんをマダムというように頼んだわけだが、まだ二十、マダムになったときが十九というのだから嘘みたいだけど、実際チャッカリ、堂々と一人前以上に営業しているのである。,,public_domain:青空文庫:青鬼の褌を洗う女:坂口安吾
野外,やがい,야외,諦めている子供たち,坂口安吾,https://www.aozora.gr.jp/cards/001095/files/45733_ruby_23966.zip,私の小学校の根津校長先生は大いに男の子も育てようと大きな願いをいだいていられるように見受けられたが、その小学校にすらも野外運動場が全くない。,,public_domain:青空文庫:諦めている子供たち:坂口安吾
個別,こべつ,개별,悪妻論,坂口安吾,https://www.aozora.gr.jp/cards/001095/files/56808_ruby_58779.zip,武家政治このかた、日本には恋愛というものが封じられ、恋愛は不義で、若気のアヤマチなどと云って、恋愛の心情に対する省察も、若気のアヤマチ以上に深入りして個別的に考えられたこともない。,,public_domain:青空文庫:悪妻論:坂口安吾
基盤,きばん,기반,悪妻論,坂口安吾,https://www.aozora.gr.jp/cards/001095/files/56808_ruby_58779.zip,その心情の基盤はきわめて薄弱なものだ。,,public_domain:青空文庫:悪妻論:坂口安吾
手がける,てがける,손수 다루다,足のない男と首のない男,坂口安吾,https://www.aozora.gr.jp/cards/001095/files/42902_ruby_23074.zip,昔は郡山先生が手がける酒は命にかゝはるものにきまつてゐた。,,public_domain:青空文庫:足のない男と首のない男:坂口安吾
見かける,みかける,눈에 띄다,足のない男と首のない男,坂口安吾,https://www.aozora.gr.jp/cards/001095/files/42902_ruby_23074.zip,ところがこの男は毎日職業野球を見物してゐるだけが能かと思ふと、さうではないので、万歳も見てゐるし、安来節の小屋でカケ声をかけてゐることもあるし、浪花節でもレビューでも何でも行儀の悪い見物人ののさばるところはどこでもこの男を見かけることができて、その中で誰よりものさばつて行儀が悪い。,,public_domain:青空文庫:足のない男と首のない男:坂口安吾
退職,たいしょく,퇴직,足のない男と首のない男,坂口安吾,https://www.aozora.gr.jp/cards/001095/files/42902_ruby_23074.zip,彼は熱療法の病院を退職すると、その次には浅草の安来節の座付作者になつて、まつたくどうも、かういふところにも脚本家などの必要があつたのかネ、私は知らなかつた。,,public_domain:青空文庫:足のない男と首のない男:坂口安吾
まるまる,まるまる,통째로,明日は天気になれ,坂口安吾,https://www.aozora.gr.jp/cards/001095/files/45935_ruby_50650.zip,そして八人の子供はまるまるとふとっていたものである。,,public_domain:青空文庫:明日は天気になれ:坂口安吾
万能,ばんのう,만능,明日は天気になれ,坂口安吾,https://www.aozora.gr.jp/cards/001095/files/45935_ruby_50650.zip,鉄製のサヤのもあったし、木製のサヤのもあったが、この山刀の斬れ味は格別で、薪を叩き斬ることもできれば、リンゴやジャガイモの皮をむくこともできて、万能の用途があった。,,public_domain:青空文庫:明日は天気になれ:坂口安吾
上昇,じょうしょう,상승,明日は天気になれ,坂口安吾,https://www.aozora.gr.jp/cards/001095/files/45935_ruby_50650.zip,音速の壁「超音ジェット機」という映画によると飛行機がマック一（音速）に近づくと空気の抵抗の壁にぶつかり機体がはげしく震動し上昇桿がきかなくなって墜落してしまう。,,public_domain:青空文庫:明日は天気になれ:坂口安吾
上空,じょうくう,상공,明日は天気になれ,坂口安吾,https://www.aozora.gr.jp/cards/001095/files/45935_ruby_50650.zip,今日では、空とぶ円盤が村の上空を通って行った、なぞという。,,public_domain:青空文庫:明日は天気になれ:坂口安吾
人材,じんざい,인재,明日は天気になれ,坂口安吾,https://www.aozora.gr.jp/cards/001095/files/45935_ruby_50650.zip,ところが私は戦争で気がたっていたせいか易々これらをなしとげ、まったく動じる色がなかったので、採鉱課長が公式の席において「坂口氏は当炭坑が坑夫として採用したい唯一の人材である」というような讃辞を呈し、私はまたそれに答えて「落盤事故がなかったのは、小生のイカンと致すところである」というように述べておいた。,,public_domain:青空文庫:明日は天気になれ:坂口安吾
仕立てる,したてる,만들어 내다,明日は天気になれ,坂口安吾,https://www.aozora.gr.jp/cards/001095/files/45935_ruby_50650.zip,もっとも、巴里や北京の料理人なら天下の珍味に仕立てる材料もガランドウの手にかかってはただ鍋にグツグツ煮るだけのことで、アクをぬくことを知らないから、決して美味をたのしむというわけにはいかなかったが、ハキダメへ捨てるものを常食してやがると人々に後指をさされた彼の貧乏も、今から思えば豪勢きわまる貧乏だ。,,public_domain:青空文庫:明日は天気になれ:坂口安吾
克服,こくふく,극복,明日は天気になれ,坂口安吾,https://www.aozora.gr.jp/cards/001095/files/45935_ruby_50650.zip,対局の前夜から棋士は不眠を克服するのに苦労するのだもの」なるほど、モットモ千万とはこのことで、十分に眠れば有利と分りながら、眠ることができないほど棋士は亢奮しているものなのであろう。,,public_domain:青空文庫:明日は天気になれ:坂口安吾
原型,げんけい,원형,明日は天気になれ,坂口安吾,https://www.aozora.gr.jp/cards/001095/files/45935_ruby_50650.zip,そのとき、原城の跡がほぼ原型のまま畑になっているのに一驚したのであった。,,public_domain:青空文庫:明日は天気になれ:坂口安吾
原子,げんし,원자,明日は天気になれ,坂口安吾,https://www.aozora.gr.jp/cards/001095/files/45935_ruby_50650.zip,広島には石に映ったまま消えない人間の影が実在しているし、原子バクダンというものは、そのバクハツの姿のはなはだしく美しいものではあるが、人はそれを見た瞬間に死ななければならない。,,public_domain:青空文庫:明日は天気になれ:坂口安吾
周期,しゅうき,주기,明日は天気になれ,坂口安吾,https://www.aozora.gr.jp/cards/001095/files/45935_ruby_50650.zip,しかし、引越しの性分というものにも、だいたい周期というものがあって、中には夜逃げだとか、環境が気に入らないことからという不測の事故もあるかも知れんが、北斎のように百回ちかい引越しはひどすぎるようだ。,,public_domain:青空文庫:明日は天気になれ:坂口安吾
外貨,がいか,외화,明日は天気になれ,坂口安吾,https://www.aozora.gr.jp/cards/001095/files/45935_ruby_50650.zip,彼は戦争前も戦争後も一貫して外貨カクトクの貿易用織物以外は絶対に作らぬという意地を通している。,,public_domain:青空文庫:明日は天気になれ:坂口安吾
守備,しゅび,수비,明日は天気になれ,坂口安吾,https://www.aozora.gr.jp/cards/001095/files/45935_ruby_50650.zip,升田は自分の守備をお留守に、バタバタバタと敵を倒す攻め手を構想し、それに熱中し、酔っていたようだ。,,public_domain:青空文庫:明日は天気になれ:坂口安吾
家計,かけい,가계,明日は天気になれ,坂口安吾,https://www.aozora.gr.jp/cards/001095/files/45935_ruby_50650.zip,家計費をチョロマカスので、それを私の小遣いでうめるのが毎月の例であるから、てんで私に頭が上らない。,,public_domain:青空文庫:明日は天気になれ:坂口安吾
審査,しんさ,심사,明日は天気になれ,坂口安吾,https://www.aozora.gr.jp/cards/001095/files/45935_ruby_50650.zip,芥川賞の審査内容を具体的に報告しろというような文芸批評家の意見が諸々にあがっていた折であるから、これも世論の一とみて一度録音してみるのも面白いかも知れない。,,public_domain:青空文庫:明日は天気になれ:坂口安吾
当選,とうせん,당선,明日は天気になれ,坂口安吾,https://www.aozora.gr.jp/cards/001095/files/45935_ruby_50650.zip,今期の芥川賞には、森鴎外の小倉滞在中の日記をテーマにした九州在住の作家の作品が当選作の一つとなった。,,public_domain:青空文庫:明日は天気になれ:坂口安吾
応急,おうきゅう,응급,明日は天気になれ,坂口安吾,https://www.aozora.gr.jp/cards/001095/files/45935_ruby_50650.zip,手術の方は素人の応急手術の場面が多く、内臓からピストルのタマをぬいて、これもコテで焼いて消毒する。,,public_domain:青空文庫:明日は天気になれ:坂口安吾
慣例,かんれい,관례,明日は天気になれ,坂口安吾,https://www.aozora.gr.jp/cards/001095/files/45935_ruby_50650.zip,「お前は信頼すべき大バカヤローである」と表彰状を与えるような慣例をつくっておけば、口が滑ってもマチガイはない。,,public_domain:青空文庫:明日は天気になれ:坂口安吾
手順,てじゅん,순서,明日は天気になれ,坂口安吾,https://www.aozora.gr.jp/cards/001095/files/45935_ruby_50650.zip,こういう手続きを順々にふまないと田舎の人にはわからないのであるが、これは映画の本筋には無関係なことで、これまでくどい手順をふんで田舎のセンスに順応するというのは芸術としては非常に退歩だ。,,public_domain:青空文庫:明日は天気になれ:坂口安吾
最年少,さいねんしょう,최연소,明日は天気になれ,坂口安吾,https://www.aozora.gr.jp/cards/001095/files/45935_ruby_50650.zip,二人ともそのチームの最年少選手であったように思うが、さすがに素質は当時からかなり光っていた。,,public_domain:青空文庫:明日は天気になれ:坂口安吾
最年長,さいねんちょう,최연장,明日は天気になれ,坂口安吾,https://www.aozora.gr.jp/cards/001095/files/45935_ruby_50650.zip,檀君らは、小生を最年長の故によって、事々に代表者とあがめ、ために私は雪上にハダカで演説もしなければならなかったし、坑内千五百尺の底においてアッサク空気のドリルをつかい、またダイナマイトを爆発させなければならなかった。,,public_domain:青空文庫:明日は天気になれ:坂口安吾
架空,かくう,가공,明日は天気になれ,坂口安吾,https://www.aozora.gr.jp/cards/001095/files/45935_ruby_50650.zip,日本の現状はといえば、よその国では架空の怪談で人生の景品にすぎないような空とぶ円盤が、日本の北辺の海岸では実在する怪物らしい有様で、世間なみに怪談に打ち興じていられない身分のようである。,,public_domain:青空文庫:明日は天気になれ:坂口安吾
柔軟性,じゅうなんせい,유연성,明日は天気になれ,坂口安吾,https://www.aozora.gr.jp/cards/001095/files/45935_ruby_50650.zip,いつでも地をけって飛びだす柔軟性をひそめて全部の力の支点となっている。,,public_domain:青空文庫:明日は天気になれ:坂口安吾
棄権,きけん,기권,明日は天気になれ,坂口安吾,https://www.aozora.gr.jp/cards/001095/files/45935_ruby_50650.zip,女房に限らず、拙者も本日の特別料理は棄権いたそう」「ジョ冗談じゃないですよ。,,public_domain:青空文庫:明日は天気になれ:坂口安吾
無念な,むねんな,분한,明日は天気になれ,坂口安吾,https://www.aozora.gr.jp/cards/001095/files/45935_ruby_50650.zip,どうも人間は、年をとるとハゲるな」「無念ながら、そのようで」「人間のハゲにはヒタイからハゲるのと、脳天からハゲるのと二種類あるな」「御明察で」「この両方のハゲが分らぬようなマゲを発明いたせ」というのでチョンマゲができたのかも知れないな。,,public_domain:青空文庫:明日は天気になれ:坂口安吾
独裁,どくさい,독재,明日は天気になれ,坂口安吾,https://www.aozora.gr.jp/cards/001095/files/45935_ruby_50650.zip,だいたいにおいて一代にして名をなした独裁者のような偉大な成り上り者は概ね天才的な人物であるから狂人と紙一重の危険人物と考えてよろしいかと思う。,,public_domain:青空文庫:明日は天気になれ:坂口安吾
皇居,こうきょ,황거,明日は天気になれ,坂口安吾,https://www.aozora.gr.jp/cards/001095/files/45935_ruby_50650.zip,あれが皇居だ、あれが銀座だとハシャイでいたのは一分三十秒である。,,public_domain:青空文庫:明日は天気になれ:坂口安吾
私用,しよう,사적인 용무,明日は天気になれ,坂口安吾,https://www.aozora.gr.jp/cards/001095/files/45935_ruby_50650.zip,言葉というものは個人が特殊に私用することができるものであるから、自分の独特の意味や慣用をつくっておくと便利なものである。,,public_domain:青空文庫:明日は天気になれ:坂口安吾
立腹,りっぷく,화남,明日は天気になれ,坂口安吾,https://www.aozora.gr.jp/cards/001095/files/45935_ruby_50650.zip,この宿主は第三国人だかで、呉清源とは特別な縁故の人であったが、ジコーサマとは何のツナがりもない赤の他人であるが、あまりの乱暴ローゼキにカンカンに立腹して、家屋不法侵入占拠等々と警察へ訴えた。,,public_domain:青空文庫:明日は天気になれ:坂口安吾
粉末,ふんまつ,분말,明日は天気になれ,坂口安吾,https://www.aozora.gr.jp/cards/001095/files/45935_ruby_50650.zip,ゴハンツブにカルモチンなぞの粉末をたっぷりつけてお盆に入れて庭へだしておく。,,public_domain:青空文庫:明日は天気になれ:坂口安吾
繁殖,はんしょく,번식,明日は天気になれ,坂口安吾,https://www.aozora.gr.jp/cards/001095/files/45935_ruby_50650.zip,秋田犬はテンパーに弱くて死に易いように近親結婚の結果、繁殖率が低くなって絶滅を辿るのみであるという。,,public_domain:青空文庫:明日は天気になれ:坂口安吾
考古学,こうこがく,고고학,明日は天気になれ,坂口安吾,https://www.aozora.gr.jp/cards/001095/files/45935_ruby_50650.zip,桐生の織物組合長Ｓ君は私のゴルフ仲間で飲み仲間でもあり、また彼は素人考古学者、江戸文学素人大家等々、甚だ賑やかな人物である。,,public_domain:青空文庫:明日は天気になれ:坂口安吾
舗装,ほそう,포장,明日は天気になれ,坂口安吾,https://www.aozora.gr.jp/cards/001095/files/45935_ruby_50650.zip,しかし現代の幹線第一号の東海道の国道でも、京浜国道をはずれると哀れなもので、ろくに舗装もされてないし、人道もない。,,public_domain:青空文庫:明日は天気になれ:坂口安吾
花粉,かふん,꽃가루,明日は天気になれ,坂口安吾,https://www.aozora.gr.jp/cards/001095/files/45935_ruby_50650.zip,一人の少年が蔓の花粉で殺人を計画するという話である。,,public_domain:青空文庫:明日は天気になれ:坂口安吾
荒っぽい,あらっぽい,거칠다,明日は天気になれ,坂口安吾,https://www.aozora.gr.jp/cards/001095/files/45935_ruby_50650.zip,漁師とか相撲の食べ物にふさわしい荒っぽい料理だが、味はコッテリと微妙である。,,public_domain:青空文庫:明日は天気になれ:坂口安吾
著名な,ちょめいな,저명한,明日は天気になれ,坂口安吾,https://www.aozora.gr.jp/cards/001095/files/45935_ruby_50650.zip,東京、阪神、著名な温泉場はとくに多い。,,public_domain:青空文庫:明日は天気になれ:坂口安吾
補給,ほきゅう,보급,明日は天気になれ,坂口安吾,https://www.aozora.gr.jp/cards/001095/files/45935_ruby_50650.zip,要するにエネルギーの補給源は胃袋で、胃袋が病的なのが何よりも病的なのかも知れない。,,public_domain:青空文庫:明日は天気になれ:坂口安吾
規格,きかく,규격,明日は天気になれ,坂口安吾,https://www.aozora.gr.jp/cards/001095/files/45935_ruby_50650.zip,犬屋は純粋種に似せることを目的にしているから、私が本当のことを書くと困るのだけれども、規格とか標準以上の改良種や、新種をつくることを目的にし、商法の上でもそれを明らかにしておけば、めいわくするはずもなく、その方が本当に面白味もあり、やりがいもあり、モウケにもなる仕事のはずなのだ。,,public_domain:青空文庫:明日は天気になれ:坂口安吾
謙虚,けんきょ,겸허,明日は天気になれ,坂口安吾,https://www.aozora.gr.jp/cards/001095/files/45935_ruby_50650.zip,いささかも相手を見くびらず、むしろ相手の才能に敬意すらも払いつつ、謙虚に己れの全力をつくすという着実な構えがみなぎっており、最後までそれが少しも崩れなかった。,,public_domain:青空文庫:明日は天気になれ:坂口安吾
軍事,ぐんじ,군사,明日は天気になれ,坂口安吾,https://www.aozora.gr.jp/cards/001095/files/45935_ruby_50650.zip,日本の軍事専門家や学術専門家も、自分の専門分野における一人ぎりの常識にしばられて、妙に相手を見くびり常識範囲の精度に酔払っていたように見うけられるが、われわれの日常生活にも愛きょうのある常識がたくさんあるようだ。,,public_domain:青空文庫:明日は天気になれ:坂口安吾
転居,てんきょ,전거,明日は天気になれ,坂口安吾,https://www.aozora.gr.jp/cards/001095/files/45935_ruby_50650.zip,したがって、度々転居ぐせのある私の現住所へ届くには日数がかかって、松飾りをとってから連日舞いこんでくるのである。,,public_domain:青空文庫:明日は天気になれ:坂口安吾
軽快な,けいかいな,경쾌한,明日は天気になれ,坂口安吾,https://www.aozora.gr.jp/cards/001095/files/45935_ruby_50650.zip,こういう使い心持がよくてつい滑りだすような軽快な言葉は、それを発することによって人に喜ばれ、人に快感を与えるように意味を切り換えておく方が便利だ。,,public_domain:青空文庫:明日は天気になれ:坂口安吾
防火,ぼうか,방화,明日は天気になれ,坂口安吾,https://www.aozora.gr.jp/cards/001095/files/45935_ruby_50650.zip,たぶん戦争中、防火用水として造ったのだろうと考えて、家主にきいたら、「イエ、池です。,,public_domain:青空文庫:明日は天気になれ:坂口安吾
代弁,だいべん,대변,新らしき文学,坂口安吾,https://www.aozora.gr.jp/cards/001095/files/45735_txt_23913.zip,かく圧迫を余儀なくせしめられた個人のために、その血と肉の人間悲劇を代弁し、反逆しうるものは文学である。,,public_domain:青空文庫:新らしき文学:坂口安吾
手腕,しゅわん,수완,新らしき文学,坂口安吾,https://www.aozora.gr.jp/cards/001095/files/45735_txt_23913.zip,現在ソヴィエト・ロシヤに於て文学に課せられた一つの課題は社会的な感情を探り出し書きあらわすことであるというが、文学の反逆的な役割を巧に瞞着した為政者の手腕もさることながら、漠然として社会感情を探しあぐねるロシヤ作家のだらしなさは滑稽である。,,public_domain:青空文庫:新らしき文学:坂口安吾
新興,しんこう,신흥,新らしき文学,坂口安吾,https://www.aozora.gr.jp/cards/001095/files/45735_txt_23913.zip,私は昨日までの二日間に於て、新らしき文学の本質問題を述べ、従来の末梢的な新興文学と称するものを否定し、プロレタリア文学を否定し無気力な老人趣味的文学を否定した。,,public_domain:青空文庫:新らしき文学:坂口安吾
減少,げんしょう,감소,新らしき文学,坂口安吾,https://www.aozora.gr.jp/cards/001095/files/45735_txt_23913.zip,＊由来、文化は個人生活の内容（幸福と言ってもいい）の減少を条件として出発し、進化する。,,public_domain:青空文庫:新らしき文学:坂口安吾
識別,しきべつ,식별,新らしき文学,坂口安吾,https://www.aozora.gr.jp/cards/001095/files/45735_txt_23913.zip,＊昔アリストテレス以前には、人々は虹に三色のみを識別した。,,public_domain:青空文庫:新らしき文学:坂口安吾
音楽家,おんがくか,음악가,新らしき文学,坂口安吾,https://www.aozora.gr.jp/cards/001095/files/45735_txt_23913.zip,小説家の観念は直接言葉の形に於て形成し、画家の観念は色彩の組合せに、音楽家の観念は音の組合せに於て形成する。,,public_domain:青空文庫:新らしき文学:坂口安吾
公開,こうかい,공개,阿部定という女,坂口安吾,https://www.aozora.gr.jp/cards/001095/files/42816_txt_32732.zip,私はお定さんのような事件は正しい意味で世間の人々が理解する必要があると考えていますが、だいたい男女の肉体生活の合理性というものが、もっと公開的に論議せられることが望ましいと思うものです。,,public_domain:青空文庫:阿部定という女:坂口安吾
完結,かんけつ,완결,阿部定という女,坂口安吾,https://www.aozora.gr.jp/cards/001095/files/42816_txt_32732.zip,まったく二人だけの至高の世界に於ける一つの愛情の完結みたいなもので、吉さんが死して自分と共に一つに帰したような思いもしたろうと思われます。,,public_domain:青空文庫:阿部定という女:坂口安吾
有益な,ゆうえきな,유익한,阿部定という女,坂口安吾,https://www.aozora.gr.jp/cards/001095/files/42816_txt_32732.zip,先日、ある雑誌の依頼で例の阿部定さんと対談しましたが、私には、非常に有益なものでした。,,public_domain:青空文庫:阿部定という女:坂口安吾
中傷,ちゅうしょう,중상 비방,或る選挙風景,坂口安吾,https://www.aozora.gr.jp/cards/001095/files/61136_ruby_78125.zip,民主党の候補がそこで演説して立ち去ってまもなく、どこからか彼のトラックが同じ場所に現れて、ただ今この場所で民主党の誰それが私を中傷致しましたが……と云って、今演説して立ち去ったばかりの敵の効果をコクメイに叩きつぶしているのである。,,public_domain:青空文庫:或る選挙風景:坂口安吾
使いこなす,つかいこなす,활용하다,或る選挙風景,坂口安吾,https://www.aozora.gr.jp/cards/001095/files/61136_ruby_78125.zip,ボスを倒すには、ボスの用いる新兵器を同様にある点までは使いこなす資力がなければ、全然感官的に失格するだけだろう。,,public_domain:青空文庫:或る選挙風景:坂口安吾
失格,しっかく,실격,或る選挙風景,坂口安吾,https://www.aozora.gr.jp/cards/001095/files/61136_ruby_78125.zip,路傍でメガホンなんぞでいくら熱弁をふるっても、その音声の大小に於て原子バクダンと鉄砲ぐらいの差がある以上、感官的に候補者を失格しているようなものである。,,public_domain:青空文庫:或る選挙風景:坂口安吾
満足感,まんぞくかん,만족감,或る選挙風景,坂口安吾,https://www.aozora.gr.jp/cards/001095/files/61136_ruby_78125.zip,民主党の候補が後々とシラミつぶしに叩かれ、自由党の候補が叩き廻りつつ気勢とみに上って、すでに当選したように、皆さん、ありがとう、すでに優勢ではありますが尚この上にも、なぞとまったく暴力で相手を叩き伏せつつあることによって満足感に酔ってトラックを走らせているドヨメキをきくと、ムラムラと我慢がならなくなりましたね。,,public_domain:青空文庫:或る選挙風景:坂口安吾
出社,しゅっしゃ,출근,アンゴウ,坂口安吾,https://www.aozora.gr.jp/cards/001095/files/42837_ruby_22144.zip,その日出社すると、昨日会った彼の蔵書の所有主から電話がきた。,,public_domain:青空文庫:アンゴウ:坂口安吾
台本,だいほん,대본,アンゴウ,坂口安吾,https://www.aozora.gr.jp/cards/001095/files/42837_ruby_22144.zip,二人にとっては暗号遊びのたのしい台本であったから、火急の際にも、必死に持ちだして防空壕へ投げいれたのに相違ない。,,public_domain:青空文庫:アンゴウ:坂口安吾
改まる,あらたまる,바뀌다,アンゴウ,坂口安吾,https://www.aozora.gr.jp/cards/001095/files/42837_ruby_22144.zip,その本のなかに、変な暗号めくものがありましたが、と何気なくきりだしたいと思ったが、堅く改まるに相違ないからどうしても言いだせない。,,public_domain:青空文庫:アンゴウ:坂口安吾
損失,そんしつ,손실,宇野浩二君を思う,佐藤春夫,https://www.aozora.gr.jp/cards/001763/files/58794_ruby_69048.zip,当今、本当の文学のわかる人のすくないおりから、君を失ったことは大きな文学的損失でもある。,,public_domain:青空文庫:宇野浩二君を思う:佐藤春夫
思い立つ,おもいたつ,마음먹다,オカアサン,佐藤春夫,https://www.aozora.gr.jp/cards/001763/files/55985_ruby_55494.zip,これより外に、その夫人が良人のいい土産でありその上彼女の可愛い小さな娘たちのいい友達を人手に渡そうなどと思い立つ理由を、わたしは思い究めることが出来ないのです。,,public_domain:青空文庫:オカアサン:佐藤春夫
観点,かんてん,관점,思い出,佐藤春夫,https://www.aozora.gr.jp/cards/001763/files/58824_txt_66690.zip,今度津和野に建立された詩碑の文について相談をうけたので、少なくとも小学校の先生にも理解が出来、子供に説明のできるものをと思って、すぐれて、判り易く、戦争的な色彩のないものという観点から、先生の陣中詩集の中から「カフスボタン」を選んだ。,,public_domain:青空文庫:思い出:佐藤春夫
参上,さんじょう,찾아옴,荷風先生と情人の写真,佐藤春夫,https://www.aozora.gr.jp/cards/001763/files/59395_ruby_72245.zip,僕はそのころ度々偏奇館へも参上したが、僕のために包みなおされたという品はついぞ見せてもらったこともないし、この話の真実性は僕にもほんとうは幾分うたがわしい。,,public_domain:青空文庫:荷風先生と情人の写真:佐藤春夫
発足,ほっそく,발족,現代と浄土宗,佐藤春夫,https://www.aozora.gr.jp/cards/001763/files/58311_ruby_63798.zip,宗教は人間の理智の無力で頼むに足らぬことを知るところから発足するのである。,,public_domain:青空文庫:現代と浄土宗:佐藤春夫
満喫,まんきつ,만끽,幸福のなかに,佐藤春夫,https://www.aozora.gr.jp/cards/001763/files/59310_ruby_72974.zip,去年は偶然にも紅葉の美を満喫したから、ことしは花をぞんぶんに見たいものである。,,public_domain:青空文庫:幸福のなかに:佐藤春夫
勉強家,べんきょうか,공부가 노력가,秋草,島崎藤村,https://www.aozora.gr.jp/cards/000158/files/46459_ruby_23721.zip,物数寄な家族のもののあつまりのことで、花の風情を人の姿に見立て、あるものには大音羽屋、あるものには橘屋、あるものには勉強家などの名がついたというのも、見るからにみずみずしい生気を呼吸する草の一もとを頼もうとするからの戯れであった。,,public_domain:青空文庫:秋草:島崎藤村
壮大な,そうだいな,장대한,朝飯,島崎藤村,https://www.aozora.gr.jp/cards/000158/files/2949_ruby_5793.zip,もし君が壮大な邸宅でも構えるという時代に、僕が困って行くようなことがあったら、其時は君、宜敷頼みますぜ。,,public_domain:青空文庫:朝飯:島崎藤村
余暇,よか,여가,嵐,島崎藤村,https://www.aozora.gr.jp/cards/000158/files/1511_ruby_20469.zip,花の好きな末子は茶の間から庭へ降りて、わずかばかりの植木を見に行くことにも学校通いの余暇を慰めた。,,public_domain:青空文庫:嵐:島崎藤村
母校,ぼこう,모교,嵐,島崎藤村,https://www.aozora.gr.jp/cards/000158/files/1511_ruby_20469.zip,太郎はすでに中学の制服を着る年ごろであったから、すこし遠くても電車で私の母校のほうへ通わせ、次郎と末子の二人を愛宕下の学校まで毎日歩いて通わせた。,,public_domain:青空文庫:嵐:島崎藤村
見慣れる,みなれる,눈에 익다,嵐,島崎藤村,https://www.aozora.gr.jp/cards/000158/files/1511_ruby_20469.zip,お徳の白い割烹着も、見慣れるうちにそうおかしくなくなった。,,public_domain:青空文庫:嵐:島崎藤村
見直す,みなおす,다시 보다,嵐,島崎藤村,https://www.aozora.gr.jp/cards/000158/files/1511_ruby_20469.zip,暮れから道路工事の始まっていた電車通りも石やアスファルトにすっかり敷きかえられて、橡の並み木のすがたもなんとなく見直す時だ。,,public_domain:青空文庫:嵐:島崎藤村
配偶者,はいぐうしゃ,배우자,嵐,島崎藤村,https://www.aozora.gr.jp/cards/000158/files/1511_ruby_20469.zip,私が早く自分の配偶者を失い、六歳を頭に四人の幼いものをひかえるようになった時から、すでにこんな生活は始まったのである。,,public_domain:青空文庫:嵐:島崎藤村
先着,せんちゃく,선착,ある女の生涯,島崎藤村,https://www.aozora.gr.jp/cards/000158/files/4623_ruby_29897.zip,長いこと遠いところに行っていたおげんの一番目の弟の宗太も、その頃は東京で、これもお玉の旦那と二人で急いで来たが、先着の親戚と一緒になる頃はやがて十一時過ぎであった。,,public_domain:青空文庫:ある女の生涯:島崎藤村
優美な,ゆうびな,우아한,家,島崎藤村,https://www.aozora.gr.jp/cards/000158/files/1509_ruby_4945.zip,しかし、この下婢は性来読書が嫌いと見えて、どんなに他の娘達が優美な文字を書習おうとして骨折っていても、それを羨ましいとも思わなかった。,,public_domain:青空文庫:家:島崎藤村
密集,みっしゅう,밀집,家,島崎藤村,https://www.aozora.gr.jp/cards/000158/files/1509_ruby_4945.zip,沢山密集って生った枝からは、紫色に熟した実がポタポタ落ちた。,,public_domain:青空文庫:家:島崎藤村
柔軟な,じゅうなんな,유연한,家,島崎藤村,https://www.aozora.gr.jp/cards/000158/files/1509_ruby_4945.zip,下女は人形でも抱くようにして、柔軟なお繁の頬へ自分の紅い頬を押宛てていた。,,public_domain:青空文庫:家:島崎藤村
眠たい,ねむたい,졸리다,家,島崎藤村,https://www.aozora.gr.jp/cards/000158/files/1509_ruby_4945.zip,「好い児だ――好い児だ――ねんねしな――」眠たい子守歌をお房に歌ってやりながら三吉は自分の声に耳を澄ました。,,public_domain:青空文庫:家:島崎藤村
関わる,かかわる,관련되다,家,島崎藤村,https://www.aozora.gr.jp/cards/000158/files/1509_ruby_4945.zip,「兄貴が附いてて、これ位のことが出来ないでどうする――俺の体面に関わる」と実の眼が言った。,,public_domain:青空文庫:家:島崎藤村
炭素,たんそ,탄소,岩石の間,島崎藤村,https://www.aozora.gr.jp/cards/000158/files/836_ruby_23276.zip,炭素がその玻璃板の間から流れると、蝋燭の火は水を注ぎ掛けられたように消えた。,,public_domain:青空文庫:岩石の間:島崎藤村
詫びる,わびる,사과하다,岩石の間,島崎藤村,https://www.aozora.gr.jp/cards/000158/files/836_ruby_23276.zip,「どうも失礼……今日は二人で山遊びに出掛けて……酩酊……奥さん、申訳がありません……」学士は上り框のところへ手をついて、正直な、心の好さそうな調子で、詫びるように言った。,,public_domain:青空文庫:岩石の間:島崎藤村
拝借,はいしゃく,차용,旧主人,島崎藤村,https://www.aozora.gr.jp/cards/000158/files/838_ruby_2886.zip,玉の塵を襦袢の袖口で拭いて、釣針のように尖った鼻の上に載せて見て、「これなら私にも、明瞭とはいきませんけれど……どうかこうか見えます」「へえ、一寸その眼鏡を拝借」と他の御客様が笑いながら受取て、「成程、むむ、これなら明瞭します」旦那様も笑って反りかえりました。,,public_domain:青空文庫:旧主人:島崎藤村
見習う,みならう,본받다,旧主人,島崎藤村,https://www.aozora.gr.jp/cards/000158/files/838_ruby_2886.zip,華美な御生活のなかに住み慣れて、知らず知らず奥様を見習うように成りましたのです。,,public_domain:青空文庫:旧主人:島崎藤村
一身上,いっしんじょう,개인 사정,桜の実の熟する時,島崎藤村,https://www.aozora.gr.jp/cards/000158/files/50306_ruby_75143.zip,青木の許へ捨吉が齎して行った一身上の報告は田辺のお婆さんをも悦ばせた。,,public_domain:青空文庫:桜の実の熟する時:島崎藤村
傷む,いたむ,상하다,桜の実の熟する時,島崎藤村,https://www.aozora.gr.jp/cards/000158/files/50306_ruby_75143.zip,「菅君は好い」と復た青木が自分で自分の激し易く感じ易い性質を傷むかのように言った。,,public_domain:青空文庫:桜の実の熟する時:島崎藤村
専修,せんしゅう,전공,桜の実の熟する時,島崎藤村,https://www.aozora.gr.jp/cards/000158/files/50306_ruby_75143.zip,菅は独逸語までも修めようとしていたが、捨吉はむしろ英語の専修に心を傾けた。,,public_domain:青空文庫:桜の実の熟する時:島崎藤村
心強い,こころづよい,든든한,桜の実の熟する時,島崎藤村,https://www.aozora.gr.jp/cards/000158/files/50306_ruby_75143.zip,この「小父さん」が好い時代に向いつつあることは捨吉の身にとっても何より心強い。,,public_domain:青空文庫:桜の実の熟する時:島崎藤村
映像,えいぞう,영상,桜の実の熟する時,島崎藤村,https://www.aozora.gr.jp/cards/000158/files/50306_ruby_75143.zip,長いこと沈黙に沈黙を重ねて来た自分の懊悩が自然とその写真にまで上ったかと思うと、捨吉は自分で自分の苦んだ映像を見るさえ厭わしかった。,,public_domain:青空文庫:桜の実の熟する時:島崎藤村
無造作な,むぞうさな,무심한,桜の実の熟する時,島崎藤村,https://www.aozora.gr.jp/cards/000158/files/50306_ruby_75143.zip,「そうそう、まだその外に煮染屋となったこともある」と真勢さんは思出したように言って、そうした長い長い経験と、現に伊勢崎屋の店先へ来て腰掛けていることと、その間には何等のかかわりも無いかのような無造作な口調でもって話し聞かせた。,,public_domain:青空文庫:桜の実の熟する時:島崎藤村
発芽,はつが,발아,桜の実の熟する時,島崎藤村,https://www.aozora.gr.jp/cards/000158/files/50306_ruby_75143.zip,抑も人間の生涯に思想なる者の発芽し来るより、善美を希うて醜悪を忌むは自然の理なり。,,public_domain:青空文庫:桜の実の熟する時:島崎藤村
着席,ちゃくせき,착석,桜の実の熟する時,島崎藤村,https://www.aozora.gr.jp/cards/000158/files/50306_ruby_75143.zip,左右の入口から別れて入って来る男女の信者達はそこに置並べてある長い腰掛を択んで思い思いに着席した。,,public_domain:青空文庫:桜の実の熟する時:島崎藤村
紛れる,まぎれる,뒤섞이다,桜の実の熟する時,島崎藤村,https://www.aozora.gr.jp/cards/000158/files/50306_ruby_75143.zip,しかし捨吉はそうした心持から紛れるような方法を見つけようともしなかった。,,public_domain:青空文庫:桜の実の熟する時:島崎藤村
網羅,もうら,망라,桜の実の熟する時,島崎藤村,https://www.aozora.gr.jp/cards/000158/files/50306_ruby_75143.zip,日本にある基督教界の最高の知識を殆んど網羅した夏期学校の講演も佳境に入って来た。,,public_domain:青空文庫:桜の実の熟する時:島崎藤村
職員,しょくいん,직원,桜の実の熟する時,島崎藤村,https://www.aozora.gr.jp/cards/000158/files/50306_ruby_75143.zip,新築した家の出来ない前は先生は二本榎の方で、近くにある教会の牧師と、繁子達の職員として通っている学校の教頭とを兼ねていた。,,public_domain:青空文庫:桜の実の熟する時:島崎藤村
公言,こうげん,공언,愛と美について,太宰治,https://www.aozora.gr.jp/cards/000035/files/1578_ruby_5242.zip,生れて、いまだ一度も嘘言というものをついたことがないと、躊躇せず公言している。,,public_domain:青空文庫:愛と美について:太宰治
拘束,こうそく,구속,愛と美について,太宰治,https://www.aozora.gr.jp/cards/000035/files/1578_ruby_5242.zip,Freiheitとは、とらわれない、拘束されない、素朴のものを指していうのです。,,public_domain:青空文庫:愛と美について:太宰治
蓄積,ちくせき,축적,愛と美について,太宰治,https://www.aozora.gr.jp/cards/000035/files/1578_ruby_5242.zip,逝去二年後に発表のこと、と書き認められた紙片が、その蓄積された作品の上に、きちんと載せられているのである。,,public_domain:青空文庫:愛と美について:太宰治
駄作,ださく,졸작,愛と美について,太宰治,https://www.aozora.gr.jp/cards/000035/files/1578_ruby_5242.zip,弟妹たちと映画を見にいって、これは駄作だ、愚劣だと言いながら、その映画のさむらいの義理人情にまいって、まず、まっさきに泣いてしまうのは、いつも、この長兄である。,,public_domain:青空文庫:愛と美について:太宰治
察知,さっち,감지,あさましきもの,太宰治,https://www.aozora.gr.jp/cards/000035/files/240_ruby_2332.zip,女の発情を察知していた。,,public_domain:青空文庫:あさましきもの:太宰治
創刊,そうかん,창간,兄たち,太宰治,https://www.aozora.gr.jp/cards/000035/files/239_ruby_20002.zip,長兄は、創刊号に随筆を発表しました。,,public_domain:青空文庫:兄たち:太宰治
口述,こうじゅつ,구술,兄たち,太宰治,https://www.aozora.gr.jp/cards/000035/files/239_ruby_20002.zip,「めし」という題で、長兄が、それを私に口述筆記させました。,,public_domain:青空文庫:兄たち:太宰治
豪快な,ごうかいな,호쾌한,兄たち,太宰治,https://www.aozora.gr.jp/cards/000035/files/239_ruby_20002.zip,次兄は、酒にも強く、親分気質の豪快な心を持っていて、けれども、決して酒に負けず、いつでも長兄の相談相手になって、まじめに物事を処理し、謙遜な人でありました。,,public_domain:青空文庫:兄たち:太宰治
長編,ちょうへん,장편,兄たち,太宰治,https://www.aozora.gr.jp/cards/000035/files/239_ruby_20002.zip,なかでも、「奪い合い」という長編戯曲に就いては私は、いまでも、その中の人物の表情までも、はっきり思い出すことができるのであります。,,public_domain:青空文庫:兄たち:太宰治
かろうじて,かろうじて,가까스로,一兵卒,田山花袋,https://www.aozora.gr.jp/cards/000214/files/1066_ruby_4602.zip,銃を力にかろうじて立ち上がった。,,public_domain:青空文庫:一兵卒:田山花袋
押し寄せる,おしよせる,밀려오다,一兵卒,田山花袋,https://www.aozora.gr.jp/cards/000214/files/1066_ruby_4602.zip,潮のように押し寄せる。,,public_domain:青空文庫:一兵卒:田山花袋
滑らかな,なめらかな,매끄러운,一兵卒,田山花袋,https://www.aozora.gr.jp/cards/000214/files/1066_ruby_4602.zip,故郷のいさご路、雨上がりの湿った海岸の砂路、あの滑らかな心地の好い路が懐しい。,,public_domain:青空文庫:一兵卒:田山花袋
共和,きょうわ,공화,田舎教師,田山花袋,https://www.aozora.gr.jp/cards/000214/files/1668_ruby_24546.zip,英雄クルーゲル元トランスヴァール共和国大統領ホウル・クルーゲル歿す。,,public_domain:青空文庫:田舎教師:田山花袋
応募,おうぼ,응모 지원,田舎教師,田山花袋,https://www.aozora.gr.jp/cards/000214/files/1668_ruby_24546.zip,定州の騎兵の衝突、軍事公債応募者の好況、わが艦隊の浦塩攻撃、旅順口外の激戦、臨時議会の開院、第二回閉塞運動、広瀬中佐の壮烈なる戦死、第一軍の出発につれて第二軍の編制、国民は今はまじめに戦争の意味と結果とを自覚し始めた。,,public_domain:青空文庫:田舎教師:田山花袋
版画,はんが,판화,田舎教師,田山花袋,https://www.aozora.gr.jp/cards/000214/files/1668_ruby_24546.zip,清三はそれを手に取って、初めは藤島武二や中沢弘光の木版画のあざやかなのを見ていたが、やがて、晶子の歌に熱心に見入った。,,public_domain:青空文庫:田舎教師:田山花袋
簡易な,かんいな,간이한,田舎教師,田山花袋,https://www.aozora.gr.jp/cards/000214/files/1668_ruby_24546.zip,学校では学年末の日課採点に忙わしく、続いて簡易な試験が始まり、それがすむと、卒業証書授与式が行なわれた。,,public_domain:青空文庫:田舎教師:田山花袋
聴診器,ちょうしんき,청진기,田舎教師,田山花袋,https://www.aozora.gr.jp/cards/000214/files/1668_ruby_24546.zip,医師は三十七八の髪を長くしたていねいな腰の低い人で、聴診器を耳に当てて、まず胸から腹のあたりを見た。,,public_domain:青空文庫:田舎教師:田山花袋
調理,ちょうり,조리,田舎教師,田山花袋,https://www.aozora.gr.jp/cards/000214/files/1668_ruby_24546.zip,その日の晩餐は寺で調理してくれた。,,public_domain:青空文庫:田舎教師:田山花袋
講習,こうしゅう,강습,田舎教師,田山花袋,https://www.aozora.gr.jp/cards/000214/files/1668_ruby_24546.zip,次の土曜日には、羽生の小学校に朝から講習会があった。,,public_domain:青空文庫:田舎教師:田山花袋
財政,ざいせい,재정,田舎教師,田山花袋,https://www.aozora.gr.jp/cards/000214/files/1668_ruby_24546.zip,父と母と清三とは炬燵を取りまいて戸外に荒るるすさまじい冬の音を聞いていたが、こうした時に起こりかけた一家の財政の話が愚痴っぽい母親の口から出て、借金の多いことがいく度となくくり返された。,,public_domain:青空文庫:田舎教師:田山花袋
転校,てんこう,전학,田舎教師,田山花袋,https://www.aozora.gr.jp/cards/000214/files/1668_ruby_24546.zip,実はまだ手筈だけで、表向きにしなかったものだからねえ……」と言って、細君の運んで来た茶を一杯ついで出して、「君もご存じかもしれないが、平田というあの年の老った教員、あれがもう老朽でしかたがないから、転校か免職かさせようと言っていたところに、ちょうど加藤さんからそういう話があるッて岸野君が言うもんだから、それでお頼みしようッていうことにしたのでした。,,public_domain:青空文庫:田舎教師:田山花袋
革新,かくしん,혁신,田舎教師,田山花袋,https://www.aozora.gr.jp/cards/000214/files/1668_ruby_24546.zip,明治三十七年一月一日――新しき生命と革新とを与ふべく、新しく苦心と成功と喜びと悲しみとをくだすべく新年は来たれり。,,public_domain:青空文庫:田舎教師:田山花袋
割り込む,わりこむ,끼어들다,トコヨゴヨミ,田山花袋,https://www.aozora.gr.jp/cards/000214/files/2950_txt_12262.zip,妻だけは何うやらこうやら割り込むようにして腰をかけさせて貰ったが、勇吉は大きな荷物を下に置きながら、便所の扉のところに凭りかかっていなければならなかった。,,public_domain:青空文庫:トコヨゴヨミ:田山花袋
箇条書き,かじょうがき,항목별로 씀,トコヨゴヨミ,田山花袋,https://www.aozora.gr.jp/cards/000214/files/2950_txt_12262.zip,かれは使用法を箇条書きにして書いて見たりした。,,public_domain:青空文庫:トコヨゴヨミ:田山花袋
不良な,ふりょうな,불량한,日本橋附近,田山花袋,https://www.aozora.gr.jp/cards/000214/files/55666_ruby_50616.zip,それは小僧をしくじってしまったのは、他にも二、三の原因はあったけれども、そうした路傍の食物を心ゆくばかり食わんがために不良な行為に堕ちて行ったのがその一つの原因であったことを想い起す。,,public_domain:青空文庫:日本橋附近:田山花袋
活発な,かっぱつな,활발한,日本橋附近,田山花袋,https://www.aozora.gr.jp/cards/000214/files/55666_ruby_50616.zip,従って魚河岸は東京でも一番活発なところ、また一番わかりにくいところとして常にその頃の私の頭に印象されて残っていた。,,public_domain:青空文庫:日本橋附近:田山花袋
情け深い,なさけぶかい,인정 많다,ネギ一束,田山花袋,https://www.aozora.gr.jp/cards/000214/files/1081_ruby.zip,乳酪を買う銭がないので、隙をつぶして、あっちこっちと情け深い人の恵みを求め歩いた。,,public_domain:青空文庫:ネギ一束:田山花袋
帯びる,おびる,띠다,蒲団,田山花袋,https://www.aozora.gr.jp/cards/000214/files/1669_ruby_8218.zip,自分の遣ったことには自分が全責任を帯びる覚悟がなくては」芳子にはこの時雄の教訓が何より意味があるように聞えて、渇仰の念が愈※加わった。,,public_domain:青空文庫:蒲団:田山花袋
携わる,たずさわる,종사하다,蒲団,田山花袋,https://www.aozora.gr.jp/cards/000214/files/1669_ruby_8218.zip,その手紙には女の身として文学に携わることの不心得、女は生理的に母たるの義務を尽さなければならぬ理由、処女にして文学者たるの危険などを縷々として説いて、幾らか罵倒的の文辞をも陳べて、これならもう愛想をつかして断念めて了うであろうと時雄は思って微笑した。,,public_domain:青空文庫:蒲団:田山花袋
年鑑,ねんかん,연감,アインシュタイン,寺田寅彦,https://www.aozora.gr.jp/cards/000042/files/43074_ruby_23752.zip,『物理年鑑』に出した論文だけでも四つでその外に学位論文をも書いた。,,public_domain:青空文庫:アインシュタイン:寺田寅彦
磁気,じき,자기,アインシュタイン,寺田寅彦,https://www.aozora.gr.jp/cards/000042/files/43074_ruby_23752.zip,ところが近代になって電子などというものが発見され、あらゆる電磁気や光熱の現象はこの不思議な物の作用に帰納されるようになった。,,public_domain:青空文庫:アインシュタイン:寺田寅彦
必修,ひっしゅう,필수 이수,アインシュタインの教育観,寺田寅彦,https://www.aozora.gr.jp/cards/000042/files/43075_ruby_17112.zip,その代り生徒に何かしら実用になる手工を必修させ、指物なり製本なり錠前なりとにかく物になるだけに仕込んでやりたいという考えである。,,public_domain:青空文庫:アインシュタインの教育観:寺田寅彦
授ける,さずける,수여하다,アインシュタインの教育観,寺田寅彦,https://www.aozora.gr.jp/cards/000042/files/43075_ruby_17112.zip,先ず一番の基礎的な事柄は教場でやらないで戸外で授ける方がいい。,,public_domain:青空文庫:アインシュタインの教育観:寺田寅彦
教材,きょうざい,교재,アインシュタインの教育観,寺田寅彦,https://www.aozora.gr.jp/cards/000042/files/43075_ruby_17112.zip,大抵の場合に教師は必要な事項はよく理解もし、また教材として自由にこなすだけの力はある。,,public_domain:青空文庫:アインシュタインの教育観:寺田寅彦
無制限,むせいげん,무제한,アインシュタインの教育観,寺田寅彦,https://www.aozora.gr.jp/cards/000042/files/43075_ruby_17112.zip,そして一体天才の出現を無制限に望むのがいいか悪いかという根本問題に触れたところで、アインシュタインの独特な社会観をほのめかしている。,,public_domain:青空文庫:アインシュタインの教育観:寺田寅彦
冒頭,ぼうとう,첫머리,浅草紙,寺田寅彦,https://www.aozora.gr.jp/cards/000042/files/42218_ruby_14030.zip,そのような聯想から私はふとエマーソンが「シェークスピア論」の冒頭に書いてある言葉を思いだした。,,public_domain:青空文庫:浅草紙:寺田寅彦
堅実な,けんじつな,견실한,浅草紙,寺田寅彦,https://www.aozora.gr.jp/cards/000042/files/42218_ruby_14030.zip,しかし紙の材料をもっと精選し、もっとよくこなし、もういっそうよく洗濯して、純白な平滑な、光沢があって堅実な紙に仕上げる事は出来るはずである。,,public_domain:青空文庫:浅草紙:寺田寅彦
平方,へいほう,평방,浅草紙,寺田寅彦,https://www.aozora.gr.jp/cards/000042/files/42218_ruby_14030.zip,そんな事はどうでもよいが、私の眼についたのは、この灰色の四十平方寸ばかりの面積の上に不規則に散在しているさまざまの斑点であった。,,public_domain:青空文庫:浅草紙:寺田寅彦
点線,てんせん,점선,浅草紙,寺田寅彦,https://www.aozora.gr.jp/cards/000042/files/42218_ruby_14030.zip,それがただ一様な色紙ではなくて、よく見るとその上には色々の規則正しい模様や縞や点線が現われている。,,public_domain:青空文庫:浅草紙:寺田寅彦
冷却,れいきゃく,냉각,浅間山麓より,寺田寅彦,https://www.aozora.gr.jp/cards/000042/files/42255_ruby_17115.zip,しかし噴火口から流れ出した熔岩は、重力という「鬼」の力で押されて山腹を下り、その余力のほんのわずかな剰余で冷却固結した岩塊を揉み砕き、つかみ潰して訳もなくこんなに積み上げたのである。,,public_domain:青空文庫:浅間山麓より:寺田寅彦
同等,どうとう,동등,浅間山麓より,寺田寅彦,https://www.aozora.gr.jp/cards/000042/files/42255_ruby_17115.zip,それで乗客の感覚の上では、恰度かなりな不連続線の通過に遭遇したと同等な効果になるわけである。,,public_domain:青空文庫:浅間山麓より:寺田寅彦
専用,せんよう,전용,浅間山麓より,寺田寅彦,https://www.aozora.gr.jp/cards/000042/files/42255_ruby_17115.zip,あとで聞くとこれは箱根土地株式会社の作った道路で専用道路だからとの事であった。,,public_domain:青空文庫:浅間山麓より:寺田寅彦
海抜,かいばつ,해발,浅間山麓より,寺田寅彦,https://www.aozora.gr.jp/cards/000042/files/42255_ruby_17115.zip,その層の一番どん底を潜って喘ぎ喘ぎ北進する汽車が横川駅を通過して碓氷峠の第一トンネルにかかるころには、もうこの異常高温層の表面近く浮かみ上がって、乗客はそろそろ海抜五百メートルの空気を皮膚に鼻にまた唇に感じはじめる。,,public_domain:青空文庫:浅間山麓より:寺田寅彦
目録,もくろく,목록,あひると猿,寺田寅彦,https://www.aozora.gr.jp/cards/000042/files/2341_ruby_2831.zip,藤村庵というのがあって、そこには藤村氏の筆跡が壁に掛け並べてあったり、藤村文献目録なども備えてある。,,public_domain:青空文庫:あひると猿:寺田寅彦
遺跡,いせき,유적,あひると猿,寺田寅彦,https://www.aozora.gr.jp/cards/000042/files/2341_ruby_2831.zip,現に生きて活動している文人にゆかりのある家をこういうふうにしてあたかも古人の遺跡のように仕立ててあるのもやはりちょっと珍しいような気がする。,,public_domain:青空文庫:あひると猿:寺田寅彦
天体,てんたい,천체,天河と星の数,寺田寅彦,https://www.aozora.gr.jp/cards/000042/files/60973_ruby_75859.zip,この疑問はやがて天体の構造如何という事になるので、昔から幾多の天文学者の想像力を逞しうする種になっていた。,,public_domain:青空文庫:天河と星の数:寺田寅彦
聳える,そびえる,솟다,雨の上高地,寺田寅彦,https://www.aozora.gr.jp/cards/000042/files/49596_ruby_35242.zip,窓際の籐椅子に腰かけて、正面に聳える六百山と霞沢山とが曇天の夕空の光に照らされて映し出した色彩の盛観に見惚れていた。,,public_domain:青空文庫:雨の上高地:寺田寅彦
有数,ゆうすう,유수,蒼白い月,徳田秋声,https://www.aozora.gr.jp/cards/000023/files/50115_ruby_38217.zip,彼らは皆なこの土地において、有数な地位を占めている人たちであった。,,public_domain:青空文庫:蒼白い月:徳田秋声
果たす,はたす,완수하다,蒼白い月,徳田秋声,https://www.aozora.gr.jp/cards/000023/files/50115_ruby_38217.zip,雪江との約束を果たすべく、私は一日須磨明石の方へ遊びにいった。,,public_domain:青空文庫:蒼白い月:徳田秋声
衰退,すいたい,쇠퇴,蒼白い月,徳田秋声,https://www.aozora.gr.jp/cards/000023/files/50115_ruby_38217.zip,何事もすべて小器用にやすやすとし遂げられているこの商工業の都会では、精神的には衰退しつつあるのでなければ幸いだというような気がした。,,public_domain:青空文庫:蒼白い月:徳田秋声
費やす,ついやす,소비하다,蒼白い月,徳田秋声,https://www.aozora.gr.jp/cards/000023/files/50115_ruby_38217.zip,もちろん私自身はそれらのことに深い考慮を費やす必要を感じなかった。,,public_domain:青空文庫:蒼白い月:徳田秋声
おっかない,おっかない,무섭다,足迹,徳田秋声,https://www.aozora.gr.jp/cards/000023/files/1701_ruby_8098.zip,八十二「真実におっかない人ですよ。,,public_domain:青空文庫:足迹:徳田秋声
ちやほや,ちやほや,떠받듦,足迹,徳田秋声,https://www.aozora.gr.jp/cards/000023/files/1701_ruby_8098.zip,洋服屋は、今日もお袋にちやほやされて、養女のお庄を相手に騒いでいた。,,public_domain:青空文庫:足迹:徳田秋声
克明な,こくめいな,꼼꼼한,足迹,徳田秋声,https://www.aozora.gr.jp/cards/000023/files/1701_ruby_8098.zip,この女が、母子と一所にあり余る財産を持っていながら、いつも着物らしい着物を引っ張っていたこともなく、顔には白粉一つ塗らずに、克明な姿をして、家賃を取り立てて歩いているのがお庄には不思議なようであった。,,public_domain:青空文庫:足迹:徳田秋声
公立,こうりつ,공립,足迹,徳田秋声,https://www.aozora.gr.jp/cards/000023/files/1701_ruby_8098.zip,父親は本家の方の家の世話をしたり、町で長く公立の病院長をしていて、金を拵えて村へ引っ込んでから、間もなく腐骨症の脚を切って死んだ親類の、妾と、独り取り残されたその祖母との家を見たりして日を暮していた。,,public_domain:青空文庫:足迹:徳田秋声
取り次ぐ,とりつぐ,전달하다,足迹,徳田秋声,https://www.aozora.gr.jp/cards/000023/files/1701_ruby_8098.zip,」お庄は時々、こんな電話を向島の方の妾宅から受け取って、それを奥へ取り次ぐことがあった。,,public_domain:青空文庫:足迹:徳田秋声
つぶらな,つぶらな,동그란,あらくれ,徳田秋声,https://www.aozora.gr.jp/cards/000023/files/199_ruby_4177.zip,「水をかけられても、目をつぶらないところを見ると、これは確に狂気です」責道具などの懸けられてあるその室で、お島は係の警官から、笑いながらそんな事を言われた。,,public_domain:青空文庫:あらくれ:徳田秋声
不動産,ふどうさん,부동산,あらくれ,徳田秋声,https://www.aozora.gr.jp/cards/000023/files/199_ruby_4177.zip,動産不動産を合せて、十万より凹むことはなかろうと云うのであった。,,public_domain:青空文庫:あらくれ:徳田秋声
仕切る,しきる,주도하다,あらくれ,徳田秋声,https://www.aozora.gr.jp/cards/000023/files/199_ruby_4177.zip,馬糧用達の西田の爺いから、不断ここの世話になっている、小作人に至るまで、お島では随分助かっている連中も、お島が一切を取仕切る時の来るのを待設けているらしくも思われた。,,public_domain:青空文庫:あらくれ:徳田秋声
企画,きかく,기획,あらくれ,徳田秋声,https://www.aozora.gr.jp/cards/000023/files/199_ruby_4177.zip,事によったら、上さんあの店を出て、この人に裁をやってもらって、独立でやるかも知れないよ」お島は順吉にそうも言って、この頃考えている自分の企画をほのめかした。,,public_domain:青空文庫:あらくれ:徳田秋声
弾む,はずむ,들뜨다,あらくれ,徳田秋声,https://www.aozora.gr.jp/cards/000023/files/199_ruby_4177.zip,四十一一つは人に媚びるため、働かずにはいられないように癖つけられて来たお島は、一年弱の鶴さんとの夫婦暮しに嘗めさせられた、甘いとも苦いとも解らないような苦しい生活の紛紜から脱れて、何処まで弾むか知れないような体を、ここでまた荒い仕事に働かせることのできるのが、寧ろその日その日の幸福であるらしく見えた。,,public_domain:青空文庫:あらくれ:徳田秋声
新入生,しんにゅうせい,신입생,あらくれ,徳田秋声,https://www.aozora.gr.jp/cards/000023/files/199_ruby_4177.zip,百三時間割表などの刷込まれた、二つ折小形のその広告札を、羅紗の袋に入れて、お島は朝早く新入生などの多く出入する学校の門の入口に立った。,,public_domain:青空文庫:あらくれ:徳田秋声
照合,しょうごう,대조,あらくれ,徳田秋声,https://www.aozora.gr.jp/cards/000023/files/199_ruby_4177.zip,そんな連中のなかにお島をおくことの危険なことが、今夜の事実と照合せて、一層明白して来るように思えた父親は、愈お島を引取ることに、決心したのであったが、迎いが来たことが知れると、矢張心が動かずにはいなかった。,,public_domain:青空文庫:あらくれ:徳田秋声
途絶える,とだえる,끊기다,あらくれ,徳田秋声,https://www.aozora.gr.jp/cards/000023/files/199_ruby_4177.zip,職人達の口に、嗄れ疲れた話声が途絶えると、寝不足のついて廻っているようなお島の重い頭脳が、時々ふらふらして来たりした。,,public_domain:青空文庫:あらくれ:徳田秋声
やり通す,やりとおす,끝까지 해내다,新世帯,徳田秋声,https://www.aozora.gr.jp/cards/000023/files/1700_ruby_6147.zip,時とすると、小野のために、こんなにひどい目に逢わされたのがくやしいと言って、小野を呪うて見たり、こうなれば、私は腕一つでやり通すと言って、鼻息を荒くすることもあった。,,public_domain:青空文庫:新世帯:徳田秋声
思い詰める,おもいつめる,고민하다,新世帯,徳田秋声,https://www.aozora.gr.jp/cards/000023/files/1700_ruby_6147.zip,何や彼や思い詰めると、あくせく働く甲斐がないようにも思われた。,,public_domain:青空文庫:新世帯:徳田秋声
会談,かいだん,회담,仮装人物,徳田秋声,https://www.aozora.gr.jp/cards/000023/files/1699_ruby_1922.zip,ある日庸三は、小夜子の家の、水に臨んだ部屋の一つで、ある大新聞の社会面記者と会談していた。,,public_domain:青空文庫:仮装人物:徳田秋声
公演,こうえん,공연,仮装人物,徳田秋声,https://www.aozora.gr.jp/cards/000023/files/1699_ruby_1922.zip,それもその前に、丸の内のあるビルディングの講堂で、高田夫妻の舞踊の公演のあった時も、帰る時にはぐらかされてしまって、気持を悪くしていたからで、せっかく熱心に誘われても、狐につままれたようで、感じがよくなかった。,,public_domain:青空文庫:仮装人物:徳田秋声
冬眠,とうみん,동면,仮装人物,徳田秋声,https://www.aozora.gr.jp/cards/000023/files/1699_ruby_1922.zip,庸三は乾ききった心と衰えはてた肉体にはとても盛りきれないような青春を、今初めて感じたのだったが、そうしてぼんやり意識を失ったもののように、昨夜一夜のことを考えていると、今まで冬眠に入っていた情熱が一時に呼び覚まされて来るのを感じた――それに堪えきれない寂しさが、彼を悲痛な悶えに追いこむのであった。,,public_domain:青空文庫:仮装人物:徳田秋声
几帳面,きちょうめん,꼼꼼함,仮装人物,徳田秋声,https://www.aozora.gr.jp/cards/000023/files/1699_ruby_1922.zip,」水商売の女としては、小夜子はいつも几帳面であった。,,public_domain:青空文庫:仮装人物:徳田秋声
取り扱い,とりあつかい,취급,仮装人物,徳田秋声,https://www.aozora.gr.jp/cards/000023/files/1699_ruby_1922.zip,次第に彼女は新しい主題を取り扱い、自身の境地を拓いて行った。,,public_domain:青空文庫:仮装人物:徳田秋声
契機,けいき,계기,仮装人物,徳田秋声,https://www.aozora.gr.jp/cards/000023/files/1699_ruby_1922.zip,独りで踊りを持て扱い引込みもつかなくて、さんざんに痴態を演じているうちにも、心は次第に白けて来たが、転身の契機もそうやすやすとは来ないのであった。,,public_domain:青空文庫:仮装人物:徳田秋声
小児科,しょうにか,소아과,仮装人物,徳田秋声,https://www.aozora.gr.jp/cards/000023/files/1699_ruby_1922.zip,」庸三は小児科の先生に嗤われたが、子供をあまりいろいろな場所へ連れ行くのはどうかと、人に警告されたこともあった。,,public_domain:青空文庫:仮装人物:徳田秋声
引き止める,ひきとめる,만류하다,仮装人物,徳田秋声,https://www.aozora.gr.jp/cards/000023/files/1699_ruby_1922.zip,」と引き止めるのであった。,,public_domain:青空文庫:仮装人物:徳田秋声
思い悩む,おもいなやむ,고민하다,仮装人物,徳田秋声,https://www.aozora.gr.jp/cards/000023/files/1699_ruby_1922.zip,お浚いが済んだ後で、その青年はじめ二三の淑女だちとともに、庸三と葉子も、軽い夜食の待遇を受けて、白いテイブル・クロオスのかかった食卓のまわりに坐って、才気ばしったお愛相の好い師匠を中心に、しばし雑談に時を移したが、その間も葉子は始終俛きがちな蒼白い顔に、深く思い悩むらしい風情を浮かべて、黙りとおしていた。,,public_domain:青空文庫:仮装人物:徳田秋声
惑星,わくせい,행성,仮装人物,徳田秋声,https://www.aozora.gr.jp/cards/000023/files/1699_ruby_1922.zip,目も眉もぱらっとして、覗き鼻の鼻梁が、附け根から少し不自然に高くなっているのも、そう気になるほどではなく、ややもすると惑星のように輝く目に何か不安定な感じを与えもして、奈良で産まれたせいでもあるか、のんびりした面差しであった。,,public_domain:青空文庫:仮装人物:徳田秋声
押し込む,おしこむ,밀어 넣다,仮装人物,徳田秋声,https://www.aozora.gr.jp/cards/000023/files/1699_ruby_1922.zip,葉子は庸三を押し込むように乗せて、自分も乗ってドアをがちゃんと締めた。,,public_domain:青空文庫:仮装人物:徳田秋声
担架,たんか,들것,仮装人物,徳田秋声,https://www.aozora.gr.jp/cards/000023/files/1699_ruby_1922.zip,庸三はその時担架に乗って、病室から搬び出されて行く葉子について、つい手術室の次ぎの室に入って行った。,,public_domain:青空文庫:仮装人物:徳田秋声
政府筋,せいふすじ,정부 소식통,仮装人物,徳田秋声,https://www.aozora.gr.jp/cards/000023/files/1699_ruby_1922.zip,」クルベーという独逸の貴族は、新しい軍器などを取扱って盛大にやっていたものらしいが、支那の当路へ軍器を売り込もうとして、財産のほとんど全部を品物の購入や運動費に投じて、すっかりお膳立てが出来たところで、政府筋と支那との直接契約が成立してしまった。,,public_domain:青空文庫:仮装人物:徳田秋声
教習,きょうしゅう,교습,仮装人物,徳田秋声,https://www.aozora.gr.jp/cards/000023/files/1699_ruby_1922.zip,庸三は小夜子と人形町のホオルを見学に入ったとき、いかにも教習所仕立らしい真面目なステップを踏んでいる、彼の勇ましい姿を群衆のなかに発見して、思わず微笑したものだった。,,public_domain:青空文庫:仮装人物:徳田秋声
最善,さいぜん,최선,仮装人物,徳田秋声,https://www.aozora.gr.jp/cards/000023/files/1699_ruby_1922.zip,そうでもしてこの際お互いを縛ることが最善の方法だとは承知していたが。,,public_domain:青空文庫:仮装人物:徳田秋声
清純な,せいじゅんな,청순한,仮装人物,徳田秋声,https://www.aozora.gr.jp/cards/000023/files/1699_ruby_1922.zip,葉子が庸三の近くに家を構えていた時分、よく北山を訪ねて来て、清純な恋愛を葉子にも訴え訴えしていた若い塑像家の噂も出た。,,public_domain:青空文庫:仮装人物:徳田秋声
生き残る,いきのこる,살아남다,仮装人物,徳田秋声,https://www.aozora.gr.jp/cards/000023/files/1699_ruby_1922.zip,加世子は自分が生き残るつもりで庸三の死んだ後のことばかり心配していたのだったが、庸三も健康に自信がもてないので、大体そのつもりでいたが、無計画に初まったこの家庭生活はどこまでも無成算で、不安な心と心とが寄り合ってどうにかその日その日を生きていたものであった。,,public_domain:青空文庫:仮装人物:徳田秋声
眼科,がんか,안과,仮装人物,徳田秋声,https://www.aozora.gr.jp/cards/000023/files/1699_ruby_1922.zip,」しかし馴れて来ると、それはそう大して不自由を感ずるほどでもなかったが、今ふと池の畔を歩いていると、それがちょうどＯ――眼科医院の裏手になっているのに気がついた。,,public_domain:青空文庫:仮装人物:徳田秋声
絡む,からむ,얽히다,仮装人物,徳田秋声,https://www.aozora.gr.jp/cards/000023/files/1699_ruby_1922.zip,ここは水に臨んでいるというだけでも、部屋へ入った瞬間、だれでもちょっと埃っぽい巷から遠ざかった気分になるのであったが、庸三たちには格別身分不相応というほどの構えでもなく、文学にもいくらか色気のある小夜子を相手に無駄口をききながら、手軽に食事などしていると、葉子事件に絡む苦難が、いくらか紛らせるのであった。,,public_domain:青空文庫:仮装人物:徳田秋声
要望,ようぼう,요망,仮装人物,徳田秋声,https://www.aozora.gr.jp/cards/000023/files/1699_ruby_1922.zip,しかし庸三自身にしても、彼女に園田のような輝かしい前途をもっている青年との結婚生活に入るに当たっては、ぜひとも葉子に要望しなくてはならないはずのもので、その覚悟次第で、この問題を解決するわけだが、しかしそうした葉子の新生活への心構えや決心については、真実のところ庸三の手にも鍵が握られてあるわけではなかった。,,public_domain:青空文庫:仮装人物:徳田秋声
要請,ようせい,요청,仮装人物,徳田秋声,https://www.aozora.gr.jp/cards/000023/files/1699_ruby_1922.zip,それはある時彼女のたっての要請に応じて、一つの誓文を書かされた時であった。,,public_domain:青空文庫:仮装人物:徳田秋声
賠償,ばいしょう,배상,仮装人物,徳田秋声,https://www.aozora.gr.jp/cards/000023/files/1699_ruby_1922.zip,と言っても恋の起請誓紙といったような色っぽいものではなくて、今後一切彼女のことに関する限り、作品には書かないという誓いで、もし少しでもそれを書いた場合には、賠償金大枚千円なりを異議なく支払うべきものなりという、子供瞞しのような証書であった。,,public_domain:青空文庫:仮装人物:徳田秋声
開幕,かいまく,개막,仮装人物,徳田秋声,https://www.aozora.gr.jp/cards/000023/files/1699_ruby_1922.zip,肝腎の中幕の大晏寺がすでに開幕に迫っていた。,,public_domain:青空文庫:仮装人物:徳田秋声
麻酔,ますい,마취,仮装人物,徳田秋声,https://www.aozora.gr.jp/cards/000023/files/1699_ruby_1922.zip,」「局所麻酔か何かですの？,,public_domain:青空文庫:仮装人物:徳田秋声
戒める,いましめる,훈계하다,黴,徳田秋声,https://www.aozora.gr.jp/cards/000023/files/1702_ruby_6150.zip,」Ｂ―は戒めるように言った。,,public_domain:青空文庫:黴:徳田秋声
打ち切る,うちきる,중지하다,黴,徳田秋声,https://www.aozora.gr.jp/cards/000023/files/1702_ruby_6150.zip,ふと筆をおいて、疲れた体を後へ引っくら反ると、頭がまたいろいろの考えに捉えられて、いつまでも打ち切ることが出来なかった。,,public_domain:青空文庫:黴:徳田秋声
抱負,ほうふ,포부,黴,徳田秋声,https://www.aozora.gr.jp/cards/000023/files/1702_ruby_6150.zip,」日本一の大家という抱負は、病に臥してから一層先生の頭脳に確かめられて来たようであった。,,public_domain:青空文庫:黴:徳田秋声
潤う,うるおう,윤택해지다,黴,徳田秋声,https://www.aozora.gr.jp/cards/000023/files/1702_ruby_6150.zip,そのころは一時潤うていた深山の生活状態がまた寂しくなっていたので、家主のＫ―へやるべきものも一時そのまま残して行くことになった。,,public_domain:青空文庫:黴:徳田秋声
立ち寄る,たちよる,들르다,黴,徳田秋声,https://www.aozora.gr.jp/cards/000023/files/1702_ruby_6150.zip,家を畳んで、そのころ渋谷の方のある華族の邸に住み込んでいた父親が、時々羽織袴のままでここへ立ち寄ると、珍らしい菓子などを袂から出して正一にくれなどした。,,public_domain:青空文庫:黴:徳田秋声
薬剤師,やくざいし,약사,黴,徳田秋声,https://www.aozora.gr.jp/cards/000023/files/1702_ruby_6150.zip,東京で薬剤師になろうとしていたこの弟は、そんなことを嫌って、洋服裁縫にかなりな腕を持っていた。,,public_domain:青空文庫:黴:徳田秋声
踏み込む,ふみこむ,발을 들이다,黴,徳田秋声,https://www.aozora.gr.jp/cards/000023/files/1702_ruby_6150.zip,」「東京で多少成功すると、誰でもきっと踏み込む径路さ。,,public_domain:青空文庫:黴:徳田秋声
退化,たいか,퇴화,黴,徳田秋声,https://www.aozora.gr.jp/cards/000023/files/1702_ruby_6150.zip,それより一層退化されてこの世へ出て来る、赤子のことを考えるのも厭であった。,,public_domain:青空文庫:黴:徳田秋声
使用人,しようにん,사용인,縮図,徳田秋声,https://www.aozora.gr.jp/cards/000023/files/1698_ruby_4968.zip,使用人の芸者にも金の観念はなかったが、主人にも算盤を弾くことをいやがるのがあり、春よしのお神の、勘定をきちきちしないのも、あながち狡猾いとばかりも言えなかった。,,public_domain:青空文庫:縮図:徳田秋声
兼業,けんぎょう,겸업,縮図,徳田秋声,https://www.aozora.gr.jp/cards/000023/files/1698_ruby_4968.zip,その辺には洋食屋やカフエ、映画館などもあり、殷賑地帯で、芸者の数も今銀子のいる東京のこの土地と乙甲で、旅館料理屋兼業の大きい出先に、料亭も幾つかあった。,,public_domain:青空文庫:縮図:徳田秋声
兼用,けんよう,겸용,縮図,徳田秋声,https://www.aozora.gr.jp/cards/000023/files/1698_ruby_4968.zip,しかし均平との関係はそれきりにはならず、商売を始めてから、その報告の気持もあって、ある日忘れて来た袱紗だとか、晴雨兼用の傘などを取りに行くと、均平はちょうど、風邪の気味で臥せっていたが、身辺が何だか寂しそうで、顎髭がのび目も落ち窪んで、哀れに見えた。,,public_domain:青空文庫:縮図:徳田秋声
印鑑,いんかん,인감,縮図,徳田秋声,https://www.aozora.gr.jp/cards/000023/files/1698_ruby_4968.zip,早産後妻が病院で死んだこと、そのころから三村本家の人たちの感情がにわかに冷たくなり、自分の気持に僻みというものを初めて経験したこと、郁子の印鑑はもちろん、名義になっている公債や、身につけていた金目の装身具など、誰かいつの間にもって行ったのか、あらかたなくなっていたことも不愉快であった。,,public_domain:青空文庫:縮図:徳田秋声
却下,きゃっか,각하 기각,縮図,徳田秋声,https://www.aozora.gr.jp/cards/000023/files/1698_ruby_4968.zip,どうもそれが却下されそうな形勢にあるということも、銀子は倉持から聞いていた。,,public_domain:青空文庫:縮図:徳田秋声
受け継ぐ,うけつぐ,이어받다,縮図,徳田秋声,https://www.aozora.gr.jp/cards/000023/files/1698_ruby_4968.zip,マダムは死際に、浜龍にはどうせ好い相手があって、家を出るだろうから、銀子は年も行かないから無理かも知らないけど、気心がよく解っているから、マダムの後釜になって、商売を受け継ぐようにと、そんな意味のことも洩らしていた。,,public_domain:青空文庫:縮図:徳田秋声
合議,ごうぎ,합의,縮図,徳田秋声,https://www.aozora.gr.jp/cards/000023/files/1698_ruby_4968.zip,倉持もせっかく株券を持ち出して来ても、それが売れない山と同じに先を越されて罐詰になっており、下手をすれば親類合議で準禁治産という手もあり、妄動して叔父たちの係蹄にかからないとも限らないのであった。,,public_domain:青空文庫:縮図:徳田秋声
定食,ていしょく,정식,縮図,徳田秋声,https://www.aozora.gr.jp/cards/000023/files/1698_ruby_4968.zip,銀子と均平とは、しばらく二階の片隅の長椅子で席の空くのを待った後、やがてずっと奥の方の右側の窓際のところへ座席をとることができ、銀子の好みでこの食堂での少し上等の方の定食を註文した。,,public_domain:青空文庫:縮図:徳田秋声
尽くす,つくす,다하다,縮図,徳田秋声,https://www.aozora.gr.jp/cards/000023/files/1698_ruby_4968.zip,それに比べると、銀子には親を見る目もようやく開けかけており、感傷のゆえに親に尽くすのとは違って、かかる醜悪な職業に従事する女の恥辱の、心のやり場をそこに求めているのであった。,,public_domain:青空文庫:縮図:徳田秋声
弁論,べんろん,변론,縮図,徳田秋声,https://www.aozora.gr.jp/cards/000023/files/1698_ruby_4968.zip,十一十月の末、控訴院から大審院まで持って行った猪野の詐欺、横領に関する事件がいよいよ第二審通り決定した旨の電報が入り、渡弁護士の斡旋によって、弁護士の権威五人もの弁論を煩わしたこの係争も、猪野の犯した悪事の割には、事実刑も軽くて済むのにかかわらず、寿々廼家夫婦は今更のように力を落とした。,,public_domain:青空文庫:縮図:徳田秋声
未婚,みこん,미혼,縮図,徳田秋声,https://www.aozora.gr.jp/cards/000023/files/1698_ruby_4968.zip,倉持はまだ年が若く、学生時代はスポーツの選手であり、色の浅黒い筋骨の逞しい大男であったが、東北では指折りの豪農の総領で、そのころはまだ未婚の青年であり、遊びの味は身に染みてもいなかった。,,public_domain:青空文庫:縮図:徳田秋声
産婦人科,さんふじんか,산부인과,縮図,徳田秋声,https://www.aozora.gr.jp/cards/000023/files/1698_ruby_4968.zip,八八月の中旬に倉持が神経痛が持病の母について、遠い青森の温泉へ行っている間に、銀子もちょっと小手術を受けるために、産婦人科へ入院した。,,public_domain:青空文庫:縮図:徳田秋声
端的な,たんてきな,단적인,縮図,徳田秋声,https://www.aozora.gr.jp/cards/000023/files/1698_ruby_4968.zip,銀座にはうまい珈琲や菓子を食べさす家が出来、勧工場の階上に尖端的なキャヴァレイが出現したりした。,,public_domain:青空文庫:縮図:徳田秋声
言論,げんろん,언론,縮図,徳田秋声,https://www.aozora.gr.jp/cards/000023/files/1698_ruby_4968.zip,均平も学校を卒業するとすぐ、地方庁に官職をもったこともあるので、政治には人並みに興味があり、議会や言論界の動静に、それとなく注意を払ったものだったが、彼自身の生活がそれどころではなかった。,,public_domain:青空文庫:縮図:徳田秋声
追い返す,おいかえす,돌려보내다,縮図,徳田秋声,https://www.aozora.gr.jp/cards/000023/files/1698_ruby_4968.zip,第一岩谷もあの時分お金に困っていたんだか何だか、解決するなら前借を払うのならいいんだけれど、そうでもないし、帰るも帰らないも私の肚一つだというんだから、わざわざお母さんまで来たのに、追い返すのもどうかと思って、一緒に帰ってしまったの。,,public_domain:青空文庫:縮図:徳田秋声
受け持つ,うけもつ,맡다,挿話,徳田秋声,https://www.aozora.gr.jp/cards/000023/files/50188_ruby_38349.zip,女を買おうと思えば、少しいいのは皆んな封鎖だろう」「そういったような工合だけれど、この節はあながちそうとも限らんのや」電話が二度も演舞場からかかってきて、何やらの踊りの鼓を受け持つことになっている歌子の来ようが遅いので、一度は後と廻しにしたけれど、早く来てくれないと困るというのであった。,,public_domain:青空文庫:挿話:徳田秋声
外す,はずす,떼다,挿話,徳田秋声,https://www.aozora.gr.jp/cards/000023/files/50188_ruby_38349.zip,辰之助を除外すれば、色気はないにしても、慾気か何かの意味があって、道太を引きつけておくように、道太の姉たちに思われるのが厭であった。,,public_domain:青空文庫:挿話:徳田秋声
大掃除,おおそうじ,대청소,挿話,徳田秋声,https://www.aozora.gr.jp/cards/000023/files/50188_ruby_38349.zip,八お絹がだいぶ前から苦にしていた大掃除の日が来た。,,public_domain:青空文庫:挿話:徳田秋声
手薄な,てうすな,허술한,爛,徳田秋声,https://www.aozora.gr.jp/cards/000023/files/1703_ruby_10317.zip,十九夜のものなどの一向手薄なそこの家に、落着きのない一晩があけると、その午後浅井はつい近所に、当分お増を置くような下宿の空間を探しに出た。,,public_domain:青空文庫:爛:徳田秋声
栽培,さいばい,재배,爛,徳田秋声,https://www.aozora.gr.jp/cards/000023/files/1703_ruby_10317.zip,村で葡萄を栽培したり、葡萄酒の醸造に腐心したりしていたという、その叔父の様子なども目に見えるようであった。,,public_domain:青空文庫:爛:徳田秋声
随時,ずいじ,수시로,亜米利加の思出,永井荷風,https://www.aozora.gr.jp/cards/001341/files/60612_ruby_74376.zip,学年試験の時、生徒は答案を書いて居る間随時に教室の外へ出て休息しても差閊がない事になって居ました。,,public_domain:青空文庫:亜米利加の思出:永井荷風
中和,ちゅうわ,중화,江戸芸術論,永井荷風,https://www.aozora.gr.jp/cards/001341/files/49634_ruby_40727.zip,彼は自在に多数の反対色を用ふれども巧みにこれを中和すべき間色の媒介を忘れざるが故に、その画面は一見甚だ清楚にして乱雑ならず、常に軽く軟かき感情を与ふ。,,public_domain:青空文庫:江戸芸術論:永井荷風
交易,こうえき,교역,江戸芸術論,永井荷風,https://www.aozora.gr.jp/cards/001341/files/49634_ruby_40727.zip,明治維新以来東西両文明の接触は彼にのみ利多くして我に益なき事宛硝子玉を以て砂金に換へたる野蛮島の交易を見るに異ならず。,,public_domain:青空文庫:江戸芸術論:永井荷風
加味,かみ,가미,江戸芸術論,永井荷風,https://www.aozora.gr.jp/cards/001341/files/49634_ruby_40727.zip,北斎は従来の浮世絵に南画の画風と西洋画とを加味したる処多かりしが、広重は専狩野の支派たる一蝶の筆致に倣ひたるが如し。,,public_domain:青空文庫:江戸芸術論:永井荷風
喜劇,きげき,희극,江戸芸術論,永井荷風,https://www.aozora.gr.jp/cards/001341/files/49634_ruby_40727.zip,西洋にても伊太利亜の喜劇には幕明に作者の現れ出づるもの往々にしてこれありといふ。,,public_domain:青空文庫:江戸芸術論:永井荷風
放任,ほうにん,방임,江戸芸術論,永井荷風,https://www.aozora.gr.jp/cards/001341/files/49634_ruby_40727.zip,余は今日の状態にして放任せしめんか、十年を出ずして旧劇は全く滅亡すべしと信ず。,,public_domain:青空文庫:江戸芸術論:永井荷風
添付,てんぷ,첨부,江戸芸術論,永井荷風,https://www.aozora.gr.jp/cards/001341/files/49634_ruby_40727.zip,然れども当時の板画は悉く単色の墨摺にして黒色と白色との対照を主とし、これに丹及び黄色褐色等を添付したれども、こは墨摺の後に筆を以て補色したるものなるが故に、いまだ純然たる色摺板物の名称を下し得べきものにては非ざりき。,,public_domain:青空文庫:江戸芸術論:永井荷風
無用な,むような,쓸모없는,江戸芸術論,永井荷風,https://www.aozora.gr.jp/cards/001341/files/49634_ruby_40727.zip,『鬼一法眼』菊畑の場にて奴虎蔵が奥庭に忍び入らんとして身がまへしつつ進み行くあたりの床の三絃を聴かば誰かチョボを無用なりとせん。,,public_domain:青空文庫:江戸芸術論:永井荷風
物議,ぶつぎ,물의,江戸芸術論,永井荷風,https://www.aozora.gr.jp/cards/001341/files/49634_ruby_40727.zip,（林忠正の蒐集せし北斎伝の資料は巴里の好事家にして浮世絵蒐集家たるビングの依頼によりて為されたるものなりしを、林はいかなる故にやこれをビングに渡さずしてゴンクウルに売却したりとて、一時巴里の好事家中に物議を生じたる事ありしといふ。,,public_domain:青空文庫:江戸芸術論:永井荷風
着目,ちゃくもく,착목,江戸芸術論,永井荷風,https://www.aozora.gr.jp/cards/001341/files/49634_ruby_40727.zip,当時十八世紀における此の如き特殊の風俗流行並に美術の研究は専門の史家といへども、いまだ着目せざりし所なるを以て、この事既に漸新なるに加へてまたその考証研究の態度も従来の史家とは全く趣を異にしたり。,,public_domain:青空文庫:江戸芸術論:永井荷風
良好な,りょうこうな,양호한,江戸芸術論,永井荷風,https://www.aozora.gr.jp/cards/001341/files/49634_ruby_40727.zip,今その最も良好なるものを見るに二代歌麿の板画よりもかへつてよく先代歌麿の面影を忍ばしむ。,,public_domain:青空文庫:江戸芸術論:永井荷風
配列,はいれつ,배열,江戸芸術論,永井荷風,https://www.aozora.gr.jp/cards/001341/files/49634_ruby_40727.zip,）なほ道灌山の図についていふべきは、左方に立つ崖の側面を画くに北寿は三角形の連続を以てし、またその麓に横る広き畠をば黄と緑と褐色の三色を以て染分けたる格子となし、これを遠近法によりて配列せしめたる事なり。,,public_domain:青空文庫:江戸芸術論:永井荷風
閲覧,えつらん,열람,江戸芸術論,永井荷風,https://www.aozora.gr.jp/cards/001341/files/49634_ruby_40727.zip,彼はその生涯の慰安たりし絵画人形絵本その他の美術品が博物館と呼ばれし冷なる墳墓に輸送せられ、無頓着なる観覧人の無神経なる閲覧に供せられんよりは、むしろ競売者の打叩く合図の槌の響と共に四散せん事を望みしなり。,,public_domain:青空文庫:江戸芸術論:永井荷風
好転,こうてん,호전,盈虚,中島敦,https://www.aozora.gr.jp/cards/000119/files/24438_ruby_11131.zip,孔叔圉が死に、其の未亡人で※※の姉に当る伯姫が、息子の※を虚器に擁して権勢を揮い始めてから、漸く衛の都の空気は亡命太子にとって好転して来た。,,public_domain:青空文庫:盈虚:中島敦
提示,ていじ,제시,盈虚,中島敦,https://www.aozora.gr.jp/cards/000119/files/24438_ruby_11131.zip,荘公は城門を悉く閉じ、自ら城楼に登って叛軍に呼び掛け、和議の条件を種々提示したが石圃は頑として応じない。,,public_domain:青空文庫:盈虚:中島敦
補償,ほしょう,보상,盈虚,中島敦,https://www.aozora.gr.jp/cards/000119/files/24438_ruby_11131.zip,それは実に、空費された己の過去に対する補償であった。,,public_domain:青空文庫:盈虚:中島敦
合成,ごうせい,합성,環礁,中島敦,https://www.aozora.gr.jp/cards/000119/files/46429_ruby_26935.zip,（氏がいやに大きな声を出したのは、家を出る時ちょっと引掛けて来た合成酒のせいに違いない）マリヤンが今度お婿さんを貰うんだったら、内地の人でなきゃ駄目だなあ。,,public_domain:青空文庫:環礁:中島敦
天災,てんさい,천재지변,環礁,中島敦,https://www.aozora.gr.jp/cards/000119/files/46429_ruby_26935.zip,別に天災地変に見舞われた訳でもない。,,public_domain:青空文庫:環礁:中島敦
捕鯨,ほげい,포경,環礁,中島敦,https://www.aozora.gr.jp/cards/000119/files/46429_ruby_26935.zip,白人の――恐らくは昔の捕鯨者らの――血の交っていることは明らかである。,,public_domain:青空文庫:環礁:中島敦
民俗,みんぞく,민속,環礁,中島敦,https://www.aozora.gr.jp/cards/000119/files/46429_ruby_26935.zip,」ギボンといわれても、私にはあの浩瀚なローマ衰亡史の著者しか思い当らないのだが、よく聞くと、パラオでは相当に名の聞えたインテリ混血児（英人と土民との）で、独領時代に民俗学者クレエマア教授が調査に来ていた間も、ずっと通訳として使われていた男だという。,,public_domain:青空文庫:環礁:中島敦
混血,こんけつ,혼혈,環礁,中島敦,https://www.aozora.gr.jp/cards/000119/files/46429_ruby_26935.zip,パラオ女には珍しく緊った顔立で、恐らく内地人との混血なのではなかろうか。,,public_domain:青空文庫:環礁:中島敦
緩やかな,ゆるやかな,완만한,環礁,中島敦,https://www.aozora.gr.jp/cards/000119/files/46429_ruby_26935.zip,また、緩やかな石の坂道を下り続ける。,,public_domain:青空文庫:環礁:中島敦
行政,ぎょうせい,행정,環礁,中島敦,https://www.aozora.gr.jp/cards/000119/files/46429_ruby_26935.zip,魚釣の話が一番後に出たものだから、少し慌てて聞いていると、警部補は魚釣が下手故この島の行政事務を任せては置けないという風な論旨に取られかねないのである。,,public_domain:青空文庫:環礁:中島敦
農耕,のうこう,농경,環礁,中島敦,https://www.aozora.gr.jp/cards/000119/files/46429_ruby_26935.zip,そうして、その文明の特徴として、太陽崇拝、構築のための巨石使用、農耕灌漑その他を挙げる。,,public_domain:青空文庫:環礁:中島敦
遊牧,ゆうぼく,유목,狐憑,中島敦,https://www.aozora.gr.jp/cards/000119/files/56247_ruby_72246.zip,その時は、北方から剽悍な遊牧民ウグリ族の一隊が、馬上に偃月刀を振りかざして疾風のごとくにこの部落を襲うて来た。,,public_domain:青空文庫:狐憑:中島敦
器官,きかん,기관,悟浄出世,中島敦,https://www.aozora.gr.jp/cards/000119/files/2521_ruby_5328.zip,あるものは極度に貪食で、したがって口と腹がむやみに大きく、あるものは極度に淫蕩で、したがってそれに使用される器官が著しく発達し、あるものは極度に純潔で、したがって頭部を除くすべての部分がすっかり退化しきっていた。,,public_domain:青空文庫:悟浄出世:中島敦
消去,しょうきょ,소거,悟浄出世,中島敦,https://www.aozora.gr.jp/cards/000119/files/2521_ruby_5328.zip,「それだのに、自然の暗号文字を解くのも今一歩というところで、突然、幸福な予感は消去り、私どもは、またしても、美しいけれども冷たい自然の横顔を見なければならないのです。,,public_domain:青空文庫:悟浄出世:中島敦
賢明な,けんめいな,현명한,悟浄出世,中島敦,https://www.aozora.gr.jp/cards/000119/files/2521_ruby_5328.zip,ある賢明な老魚は、美しい庭を買い、明るい窓の下で、永遠の悔いなき幸福について瞑想しておった。,,public_domain:青空文庫:悟浄出世:中島敦
防衛,ぼうえい,방위,悟浄歎異,中島敦,https://www.aozora.gr.jp/cards/000119/files/617_ruby_1485.zip,弱いというよりも、まるで自己防衛の本能がないのだ。,,public_domain:青空文庫:悟浄歎異:中島敦
おおむね,おおむね,대체로,弟子,中島敦,https://www.aozora.gr.jp/cards/000119/files/1738_ruby_16462.zip,子路という特殊な個人に在ってはかえって魅力となり得るものが、他の門生一般についてはおおむね害となることが多いからである。,,public_domain:青空文庫:弟子:中島敦
巡る,めぐる,돌다,弟子,中島敦,https://www.aozora.gr.jp/cards/000119/files/1738_ruby_16462.zip,自分を出し抜いて、二人同車して都を巡るなどとはもっての外である。,,public_domain:青空文庫:弟子:中島敦
補強,ほきょう,보강,弟子,中島敦,https://www.aozora.gr.jp/cards/000119/files/1738_ruby_16462.zip,孔子の云う仁とはかなり開きがあるのだが、子路は師の教の中から、この単純な倫理観を補強するようなものばかりを選んで摂り入れる。,,public_domain:青空文庫:弟子:中島敦
逆らう,さからう,거스르다,弟子,中島敦,https://www.aozora.gr.jp/cards/000119/files/1738_ruby_16462.zip,流暢さの代りに、絶対に人に疑を抱かせぬ重厚さを備え、諧謔の代りに、含蓄に富む譬喩を有つその弁は、何人といえども逆らうことの出来ぬものだ。,,public_domain:青空文庫:弟子:中島敦
得点,とくてん,득점,イズムの功過,夏目漱石,https://www.aozora.gr.jp/cards/000148/files/2314_ruby_2291.zip,僅一行の数字の裏面に、僅か二位の得点の背景に殆どありのままには繰返しがたき、多くの時と事と人間と、その人間の努力と悲喜と成敗とが潜んでいる。,,public_domain:青空文庫:イズムの功過:夏目漱石
覆る,くつがえる,뒤집히다,イズムの功過,夏目漱石,https://www.aozora.gr.jp/cards/000148/files/2314_ruby_2291.zip,自然主義者にして今少し手強く、また今少し根気よく猛進したなら、自ら覆るの未来を早めつつある事に気がつくだろう。,,public_domain:青空文庫:イズムの功過:夏目漱石
放り込む,ほうりこむ,던져 넣다,永日小品,夏目漱石,https://www.aozora.gr.jp/cards/000148/files/758_ruby_6056.zip,それから何をするかと思って見ていると、例の栗をね、俵をほどいて、どんどん樽の中へ放り込むんですよ。,,public_domain:青空文庫:永日小品:夏目漱石
調達,ちょうたつ,조달,永日小品,夏目漱石,https://www.aozora.gr.jp/cards/000148/files/758_ruby_6056.zip,自分は金の調達を引き受けた。,,public_domain:青空文庫:永日小品:夏目漱石
本分,ほんぶん,본분,おはなし,夏目漱石,https://www.aozora.gr.jp/cards/000148/files/59017_ruby_70128.zip,導体的の文芸家美術家も、必要かも知れないが、人間の本分として、自覚しなければならない。,,public_domain:青空文庫:おはなし:夏目漱石
