word,example_jp,example_ko,source
ぶかぶか,資料では「ぶかぶか」という表現が、場面の状態や程度を示す語として使われている。,자료에서는 'ぶかぶか'라는 표현이 상황의 상태나 정도를 나타내는 말로 쓰이고 있다.,generated_n1_auto_complete_20260601
ぺこぺこ,資料では「ぺこぺこ」という表現が、場面の状態や程度を示す語として使われている。,자료에서는 'ぺこぺこ'라는 표현이 상황의 상태나 정도를 나타내는 말로 쓰이고 있다.,generated_n1_auto_complete_20260601
ぼつぼつ,資料では「ぼつぼつ」という表現が、場面の状態や程度を示す語として使われている。,자료에서는 'ぼつぼつ'라는 표현이 상황의 상태나 정도를 나타내는 말로 쓰이고 있다.,generated_n1_auto_complete_20260601
まちまち,資料では「まちまち」という表現が、場面の状態や程度を示す語として使われている。,자료에서는 'まちまち'라는 표현이 상황의 상태나 정도를 나타내는 말로 쓰이고 있다.,generated_n1_auto_complete_20260601
まるまる,資料では「まるまる」という表現が、場面の状態や程度を示す語として使われている。,자료에서는 'まるまる'라는 표현이 상황의 상태나 정도를 나타내는 말로 쓰이고 있다.,generated_n1_auto_complete_20260601
まん丸い,状況がまん丸い場合でも、感情に流されず冷静に判断しなければならない。,상황이 동그랗다 완전히 둥글다 경우에도 감정에 휩쓸리지 말고 냉정하게 판단해야 한다.,generated_n1_auto_complete_20260601
めきめき,資料では「めきめき」という表現が、場面の状態や程度を示す語として使われている。,자료에서는 'めきめき'라는 표현이 상황의 상태나 정도를 나타내는 말로 쓰이고 있다.,generated_n1_auto_complete_20260601
やまやま,資料では「やまやま」という表現が、場面の状態や程度を示す語として使われている。,자료에서는 'やまやま'라는 표현이 상황의 상태나 정도를 나타내는 말로 쓰이고 있다.,generated_n1_auto_complete_20260601
やり通す,状況によっては、早めにやり通す判断も必要になる。,상황에 따라서는 일찍 끝까지 해내다 판단도 필요해진다.,generated_n1_auto_complete_20260601
やり遂げる,状況によっては、早めにやり遂げる判断も必要になる。,상황에 따라서는 일찍 완수하다 해내다 판단도 필요해진다.,generated_n1_auto_complete_20260601
やんわり,資料では「やんわり」という表現が、場面の状態や程度を示す語として使われている。,자료에서는 'やんわり'라는 표현이 상황의 상태나 정도를 나타내는 말로 쓰이고 있다.,generated_n1_auto_complete_20260601
アクセス権,この問題を理解するには、アクセス権という観点から考えることが重要だ。,이 문제를 이해하려면 접근 권한이라는 관점에서 생각하는 것이 중요하다.,generated_n1_auto_complete_20260601
リズム感,この問題を理解するには、リズム感という観点から考えることが重要だ。,이 문제를 이해하려면 리듬감이라는 관점에서 생각하는 것이 중요하다.,generated_n1_auto_complete_20260601
一任,この問題を理解するには、一任という観点から考えることが重要だ。,이 문제를 이해하려면 일임이라는 관점에서 생각하는 것이 중요하다.,generated_n1_auto_complete_20260601
一帯,この問題を理解するには、一帯という観点から考えることが重要だ。,이 문제를 이해하려면 일대이라는 관점에서 생각하는 것이 중요하다.,generated_n1_auto_complete_20260601
一律に,彼は周囲の反応を確かめながら、一律に行動した。,그는 주변 반응을 확인하면서 일률적으로 행동했다.,generated_n1_auto_complete_20260601
一掃,この問題を理解するには、一掃という観点から考えることが重要だ。,이 문제를 이해하려면 일소이라는 관점에서 생각하는 것이 중요하다.,generated_n1_auto_complete_20260601
一環,この問題を理解するには、一環という観点から考えることが重要だ。,이 문제를 이해하려면 일환이라는 관점에서 생각하는 것이 중요하다.,generated_n1_auto_complete_20260601
万能,この問題を理解するには、万能という観点から考えることが重要だ。,이 문제를 이해하려면 만능이라는 관점에서 생각하는 것이 중요하다.,generated_n1_auto_complete_20260601
上位,この問題を理解するには、上位という観点から考えることが重要だ。,이 문제를 이해하려면 상위이라는 관점에서 생각하는 것이 중요하다.,generated_n1_auto_complete_20260601
上昇,この問題を理解するには、上昇という観点から考えることが重要だ。,이 문제를 이해하려면 상승이라는 관점에서 생각하는 것이 중요하다.,generated_n1_auto_complete_20260601
上演,この問題を理解するには、上演という観点から考えることが重要だ。,이 문제를 이해하려면 상연이라는 관점에서 생각하는 것이 중요하다.,generated_n1_auto_complete_20260601
上空,この問題を理解するには、上空という観点から考えることが重要だ。,이 문제를 이해하려면 상공이라는 관점에서 생각하는 것이 중요하다.,generated_n1_auto_complete_20260601
不備,この問題を理解するには、不備という観点から考えることが重要だ。,이 문제를 이해하려면 미비이라는 관점에서 생각하는 것이 중요하다.,generated_n1_auto_complete_20260601
不動産,この問題を理解するには、不動産という観点から考えることが重要だ。,이 문제를 이해하려면 부동산이라는 관점에서 생각하는 것이 중요하다.,generated_n1_auto_complete_20260601
不可欠,この問題を理解するには、不可欠という観点から考えることが重要だ。,이 문제를 이해하려면 불가결이라는 관점에서 생각하는 것이 중요하다.,generated_n1_auto_complete_20260601
不在,この問題を理解するには、不在という観点から考えることが重要だ。,이 문제를 이해하려면 부재이라는 관점에서 생각하는 것이 중요하다.,generated_n1_auto_complete_20260601
不審な,その説明は不審なものではなく、追加の根拠を示す必要があった。,그 설명은 수상한 것이 아니어서 추가 근거를 제시할 필요가 있었다.,generated_n1_auto_complete_20260601
不当な,その説明は不当なものではなく、追加の根拠を示す必要があった。,그 설명은 부당한 것이 아니어서 추가 근거를 제시할 필요가 있었다.,generated_n1_auto_complete_20260601
不景気,この問題を理解するには、不景気という観点から考えることが重要だ。,이 문제를 이해하려면 불경기이라는 관점에서 생각하는 것이 중요하다.,generated_n1_auto_complete_20260601
不服,この問題を理解するには、不服という観点から考えることが重要だ。,이 문제를 이해하려면 불복이라는 관점에서 생각하는 것이 중요하다.,generated_n1_auto_complete_20260601
不況,この問題を理解するには、不況という観点から考えることが重要だ。,이 문제를 이해하려면 불황이라는 관점에서 생각하는 것이 중요하다.,generated_n1_auto_complete_20260601
不興,この問題を理解するには、不興という観点から考えることが重要だ。,이 문제를 이해하려면 불쾌함 노여움이라는 관점에서 생각하는 것이 중요하다.,generated_n1_auto_complete_20260601
不良な,その説明は不良なものではなく、追加の根拠を示す必要があった。,그 설명은 불량한 것이 아니어서 추가 근거를 제시할 필요가 있었다.,generated_n1_auto_complete_20260601
不評な,その説明は不評なものではなく、追加の根拠を示す必要があった。,그 설명은 평판이 나쁜 것이 아니어서 추가 근거를 제시할 필요가 있었다.,generated_n1_auto_complete_20260601
不調な,その説明は不調なものではなく、追加の根拠を示す必要があった。,그 설명은 부진한 것이 아니어서 추가 근거를 제시할 필요가 있었다.,generated_n1_auto_complete_20260601
不順な,その説明は不順なものではなく、追加の根拠を示す必要があった。,그 설명은 순조롭지 못한 것이 아니어서 추가 근거를 제시할 필요가 있었다.,generated_n1_auto_complete_20260601
世代,この問題を理解するには、世代という観点から考えることが重要だ。,이 문제를 이해하려면 세대이라는 관점에서 생각하는 것이 중요하다.,generated_n1_auto_complete_20260601
世論,この問題を理解するには、世論という観点から考えることが重要だ。,이 문제를 이해하려면 여론이라는 관점에서 생각하는 것이 중요하다.,generated_n1_auto_complete_20260601
丘陵,この問題を理解するには、丘陵という観点から考えることが重要だ。,이 문제를 이해하려면 구릉이라는 관점에서 생각하는 것이 중요하다.,generated_n1_auto_complete_20260601
両極,この問題を理解するには、両極という観点から考えることが重要だ。,이 문제를 이해하려면 양극이라는 관점에서 생각하는 것이 중요하다.,generated_n1_auto_complete_20260601
並列,この問題を理解するには、並列という観点から考えることが重要だ。,이 문제를 이해하려면 병렬이라는 관점에서 생각하는 것이 중요하다.,generated_n1_auto_complete_20260601
並行,この問題を理解するには、並行という観点から考えることが重要だ。,이 문제를 이해하려면 병행이라는 관점에서 생각하는 것이 중요하다.,generated_n1_auto_complete_20260601
中傷,この問題を理解するには、中傷という観点から考えることが重要だ。,이 문제를 이해하려면 중상 비방이라는 관점에서 생각하는 것이 중요하다.,generated_n1_auto_complete_20260601
中和,この問題を理解するには、中和という観点から考えることが重要だ。,이 문제를 이해하려면 중화이라는 관점에서 생각하는 것이 중요하다.,generated_n1_auto_complete_20260601
中断,この問題を理解するには、中断という観点から考えることが重要だ。,이 문제를 이해하려면 중단이라는 관점에서 생각하는 것이 중요하다.,generated_n1_auto_complete_20260601
中枢,この問題を理解するには、中枢という観点から考えることが重要だ。,이 문제를 이해하려면 중추이라는 관점에서 생각하는 것이 중요하다.,generated_n1_auto_complete_20260601
中立,この問題を理解するには、中立という観点から考えることが重要だ。,이 문제를 이해하려면 중립이라는 관점에서 생각하는 것이 중요하다.,generated_n1_auto_complete_20260601
中継,この問題を理解するには、中継という観点から考えることが重要だ。,이 문제를 이해하려면 중계이라는 관점에서 생각하는 것이 중요하다.,generated_n1_auto_complete_20260601
主体,この問題を理解するには、主体という観点から考えることが重要だ。,이 문제를 이해하려면 주체이라는 관점에서 생각하는 것이 중요하다.,generated_n1_auto_complete_20260601
主催,この問題を理解するには、主催という観点から考えることが重要だ。,이 문제를 이해하려면 주최이라는 관점에서 생각하는 것이 중요하다.,generated_n1_auto_complete_20260601
主導,この問題を理解するには、主導という観点から考えることが重要だ。,이 문제를 이해하려면 주도이라는 관점에서 생각하는 것이 중요하다.,generated_n1_auto_complete_20260601
主導権,この問題を理解するには、主導権という観点から考えることが重要だ。,이 문제를 이해하려면 주도권이라는 관점에서 생각하는 것이 중요하다.,generated_n1_auto_complete_20260601
主権,この問題を理解するには、主権という観点から考えることが重要だ。,이 문제를 이해하려면 주권이라는 관점에서 생각하는 것이 중요하다.,generated_n1_auto_complete_20260601
主演,この問題を理解するには、主演という観点から考えることが重要だ。,이 문제를 이해하려면 주연이라는 관점에서 생각하는 것이 중요하다.,generated_n1_auto_complete_20260601
主題,この問題を理解するには、主題という観点から考えることが重要だ。,이 문제를 이해하려면 주제이라는 관점에서 생각하는 것이 중요하다.,generated_n1_auto_complete_20260601
主食,この問題を理解するには、主食という観点から考えることが重要だ。,이 문제를 이해하려면 주식이라는 관점에서 생각하는 것이 중요하다.,generated_n1_auto_complete_20260601
久しい,状況が久しい場合でも、感情に流されず冷静に判断しなければならない。,상황이 오래되다 오래간만이다 경우에도 감정에 휩쓸리지 말고 냉정하게 판단해야 한다.,generated_n1_auto_complete_20260601
乗り出す,状況によっては、早めに乗り出す判断も必要になる。,상황에 따라서는 일찍 나서다 착수하다 몸을 내밀다 판단도 필요해진다.,generated_n1_auto_complete_20260601
乗り過ごす,状況によっては、早めに乗り過ごす判断も必要になる。,상황에 따라서는 일찍 내릴 곳을 지나치다 판단도 필요해진다.,generated_n1_auto_complete_20260601
乱れる,状況によっては、早めに乱れる判断も必要になる。,상황에 따라서는 일찍 흐트러지다 판단도 필요해진다.,generated_n1_auto_complete_20260601
了承,この問題を理解するには、了承という観点から考えることが重要だ。,이 문제를 이해하려면 양해이라는 관점에서 생각하는 것이 중요하다.,generated_n1_auto_complete_20260601
予想外,この問題を理解するには、予想外という観点から考えることが重要だ。,이 문제를 이해하려면 예상 밖이라는 관점에서 생각하는 것이 중요하다.,generated_n1_auto_complete_20260601
予断,この問題を理解するには、予断という観点から考えることが重要だ。,이 문제를 이해하려면 예단이라는 관점에서 생각하는 것이 중요하다.,generated_n1_auto_complete_20260601
予算外,この問題を理解するには、予算外という観点から考えることが重要だ。,이 문제를 이해하려면 예산 외이라는 관점에서 생각하는 것이 중요하다.,generated_n1_auto_complete_20260601
事前,この問題を理解するには、事前という観点から考えることが重要だ。,이 문제를 이해하려면 사전이라는 관점에서 생각하는 것이 중요하다.,generated_n1_auto_complete_20260601
事業団,この問題を理解するには、事業団という観点から考えることが重要だ。,이 문제를 이해하려면 사업단이라는 관점에서 생각하는 것이 중요하다.,generated_n1_auto_complete_20260601
交わす,状況によっては、早めに交わす判断も必要になる。,상황에 따라서는 일찍 주고받다 판단도 필요해진다.,generated_n1_auto_complete_20260601
交易,この問題を理解するには、交易という観点から考えることが重要だ。,이 문제를 이해하려면 교역이라는 관점에서 생각하는 것이 중요하다.,generated_n1_auto_complete_20260601
交替,この問題を理解するには、交替という観点から考えることが重要だ。,이 문제를 이해하려면 교대이라는 관점에서 생각하는 것이 중요하다.,generated_n1_auto_complete_20260601
交通費,この問題を理解するには、交通費という観点から考えることが重要だ。,이 문제를 이해하려면 교통비이라는 관점에서 생각하는 것이 중요하다.,generated_n1_auto_complete_20260601
交錯,この問題を理解するには、交錯という観点から考えることが重要だ。,이 문제를 이해하려면 뒤얽힘이라는 관점에서 생각하는 것이 중요하다.,generated_n1_auto_complete_20260601
享受,この問題を理解するには、享受という観点から考えることが重要だ。,이 문제를 이해하려면 향유이라는 관점에서 생각하는 것이 중요하다.,generated_n1_auto_complete_20260601
人件費,この問題を理解するには、人件費という観点から考えることが重要だ。,이 문제를 이해하려면 인건비이라는 관점에서 생각하는 것이 중요하다.,generated_n1_auto_complete_20260601
人体,この問題を理解するには、人体という観点から考えることが重要だ。,이 문제를 이해하려면 인체이라는 관점에서 생각하는 것이 중요하다.,generated_n1_auto_complete_20260601
人材,この問題を理解するには、人材という観点から考えることが重要だ。,이 문제를 이해하려면 인재이라는 관점에서 생각하는 것이 중요하다.,generated_n1_auto_complete_20260601
人柄,この問題を理解するには、人柄という観点から考えることが重要だ。,이 문제를 이해하려면 인품이라는 관점에서 생각하는 것이 중요하다.,generated_n1_auto_complete_20260601
人民,この問題を理解するには、人民という観点から考えることが重要だ。,이 문제를 이해하려면 인민이라는 관점에서 생각하는 것이 중요하다.,generated_n1_auto_complete_20260601
人脈,この問題を理解するには、人脈という観点から考えることが重要だ。,이 문제를 이해하려면 인맥이라는 관점에서 생각하는 것이 중요하다.,generated_n1_auto_complete_20260601
介入,この問題を理解するには、介入という観点から考えることが重要だ。,이 문제를 이해하려면 개입이라는 관점에서 생각하는 것이 중요하다.,generated_n1_auto_complete_20260601
仕上がる、,この問題を理解するには、仕上がる、という観点から考えることが重要だ。,이 문제를 이해하려면 완성되다 마무리되다이라는 관점에서 생각하는 것이 중요하다.,generated_n1_auto_complete_20260601
仕業,この問題を理解するには、仕業という観点から考えることが重要だ。,이 문제를 이해하려면 소행이라는 관점에서 생각하는 것이 중요하다.,generated_n1_auto_complete_20260601
仕立てる,状況によっては、早めに仕立てる判断も必要になる。,상황에 따라서는 일찍 만들어 내다 재단하다 꾸미다 판단도 필요해진다.,generated_n1_auto_complete_20260601
他動詞,この問題を理解するには、他動詞という観点から考えることが重要だ。,이 문제를 이해하려면 타동사이라는 관점에서 생각하는 것이 중요하다.,generated_n1_auto_complete_20260601
他方,この問題を理解するには、他方という観点から考えることが重要だ。,이 문제를 이해하려면 다른 한편이라는 관점에서 생각하는 것이 중요하다.,generated_n1_auto_complete_20260601
代わる代わる,状況によっては、早めに代わる代わる判断も必要になる。,상황에 따라서는 일찍 번갈아 판단도 필요해진다.,generated_n1_auto_complete_20260601
代弁,この問題を理解するには、代弁という観点から考えることが重要だ。,이 문제를 이해하려면 대변이라는 관점에서 생각하는 것이 중요하다.,generated_n1_auto_complete_20260601
代用,この問題を理解するには、代用という観点から考えることが重要だ。,이 문제를 이해하려면 대용이라는 관점에서 생각하는 것이 중요하다.,generated_n1_auto_complete_20260601
仮免許,この問題を理解するには、仮免許という観点から考えることが重要だ。,이 문제를 이해하려면 임시 면허이라는 관점에서 생각하는 것이 중요하다.,generated_n1_auto_complete_20260601
仮契約,この問題を理解するには、仮契約という観点から考えることが重要だ。,이 문제를 이해하려면 가계약이라는 관점에서 생각하는 것이 중요하다.,generated_n1_auto_complete_20260601
仮採用,この問題を理解するには、仮採用という観点から考えることが重要だ。,이 문제를 이해하려면 임시 채용이라는 관점에서 생각하는 것이 중요하다.,generated_n1_auto_complete_20260601
任務,この問題を理解するには、任務という観点から考えることが重要だ。,이 문제를 이해하려면 임무이라는 관점에서 생각하는 것이 중요하다.,generated_n1_auto_complete_20260601
任命,この問題を理解するには、任命という観点から考えることが重要だ。,이 문제를 이해하려면 임명이라는 관점에서 생각하는 것이 중요하다.,generated_n1_auto_complete_20260601
企画,この問題を理解するには、企画という観点から考えることが重要だ。,이 문제를 이해하려면 기획이라는 관점에서 생각하는 것이 중요하다.,generated_n1_auto_complete_20260601
会心,この問題を理解するには、会心という観点から考えることが重要だ。,이 문제를 이해하려면 회심이라는 관점에서 생각하는 것이 중요하다.,generated_n1_auto_complete_20260601
伝来,この問題を理解するには、伝来という観点から考えることが重要だ。,이 문제를 이해하려면 전래이라는 관점에서 생각하는 것이 중요하다.,generated_n1_auto_complete_20260601
伝達,この問題を理解するには、伝達という観点から考えることが重要だ。,이 문제를 이해하려면 전달이라는 관점에서 생각하는 것이 중요하다.,generated_n1_auto_complete_20260601
伴奏,この問題を理解するには、伴奏という観点から考えることが重要だ。,이 문제를 이해하려면 반주이라는 관점에서 생각하는 것이 중요하다.,generated_n1_auto_complete_20260601
住み慣れる,状況によっては、早めに住み慣れる判断も必要になる。,상황에 따라서는 일찍 살아서 익숙해지다 판단도 필요해진다.,generated_n1_auto_complete_20260601
体格,この問題を理解するには、体格という観点から考えることが重要だ。,이 문제를 이해하려면 체격이라는 관점에서 생각하는 것이 중요하다.,generated_n1_auto_complete_20260601
体験,この問題を理解するには、体験という観点から考えることが重要だ。,이 문제를 이해하려면 체험이라는 관점에서 생각하는 것이 중요하다.,generated_n1_auto_complete_20260601
余暇,この問題を理解するには、余暇という観点から考えることが重要だ。,이 문제를 이해하려면 여가이라는 관점에서 생각하는 것이 중요하다.,generated_n1_auto_complete_20260601
作動,この問題を理解するには、作動という観点から考えることが重要だ。,이 문제를 이해하려면 작동이라는 관점에서 생각하는 것이 중요하다.,generated_n1_auto_complete_20260601
作戦,この問題を理解するには、作戦という観点から考えることが重要だ。,이 문제를 이해하려면 작전이라는 관점에서 생각하는 것이 중요하다.,generated_n1_auto_complete_20260601
作用,この問題を理解するには、作用という観点から考えることが重要だ。,이 문제를 이해하려면 작용이라는 관점에서 생각하는 것이 중요하다.,generated_n1_auto_complete_20260601
使い分ける,状況によっては、早めに使い分ける判断も必要になる。,상황에 따라서는 일찍 구분해서 쓰다 판단도 필요해진다.,generated_n1_auto_complete_20260601
使用人,この問題を理解するには、使用人という観点から考えることが重要だ。,이 문제를 이해하려면 사용인이라는 관점에서 생각하는 것이 중요하다.,generated_n1_auto_complete_20260601
依存,この問題を理解するには、依存という観点から考えることが重要だ。,이 문제를 이해하려면 의존이라는 관점에서 생각하는 것이 중요하다.,generated_n1_auto_complete_20260601
侵す,状況によっては、早めに侵す判断も必要になる。,상황에 따라서는 일찍 침범하다 판단도 필요해진다.,generated_n1_auto_complete_20260601
侵入,この問題を理解するには、侵入という観点から考えることが重要だ。,이 문제를 이해하려면 침입이라는 관점에서 생각하는 것이 중요하다.,generated_n1_auto_complete_20260601
侵略,この問題を理解するには、侵略という観点から考えることが重要だ。,이 문제를 이해하려면 침략이라는 관점에서 생각하는 것이 중요하다.,generated_n1_auto_complete_20260601
保温,この問題を理解するには、保温という観点から考えることが重要だ。,이 문제를 이해하려면 보온이라는 관점에서 생각하는 것이 중요하다.,generated_n1_auto_complete_20260601
保育,この問題を理解するには、保育という観点から考えることが重要だ。,이 문제를 이해하려면 보육이라는 관점에서 생각하는 것이 중요하다.,generated_n1_auto_complete_20260601
保険,この問題を理解するには、保険という観点から考えることが重要だ。,이 문제를 이해하려면 보험이라는 관점에서 생각하는 것이 중요하다.,generated_n1_auto_complete_20260601
保障,この問題を理解するには、保障という観点から考えることが重要だ。,이 문제를 이해하려면 보장이라는 관점에서 생각하는 것이 중요하다.,generated_n1_auto_complete_20260601
保養,この問題を理解するには、保養という観点から考えることが重要だ。,이 문제를 이해하려면 보양이라는 관점에서 생각하는 것이 중요하다.,generated_n1_auto_complete_20260601
信じ通す,状況によっては、早めに信じ通す判断も必要になる。,상황에 따라서는 일찍 끝까지 믿다 판단도 필요해진다.,generated_n1_auto_complete_20260601
信者,この問題を理解するには、信者という観点から考えることが重要だ。,이 문제를 이해하려면 신자이라는 관점에서 생각하는 것이 중요하다.,generated_n1_auto_complete_20260601
修士,この問題を理解するには、修士という観点から考えることが重要だ。,이 문제를 이해하려면 석사이라는 관점에서 생각하는 것이 중요하다.,generated_n1_auto_complete_20260601
修復,この問題を理解するには、修復という観点から考えることが重要だ。,이 문제를 이해하려면 수복이라는 관점에서 생각하는 것이 중요하다.,generated_n1_auto_complete_20260601
個々,この問題を理解するには、個々という観点から考えることが重要だ。,이 문제를 이해하려면 개개이라는 관점에서 생각하는 것이 중요하다.,generated_n1_auto_complete_20260601
個別,この問題を理解するには、個別という観点から考えることが重要だ。,이 문제를 이해하려면 개별이라는 관점에서 생각하는 것이 중요하다.,generated_n1_auto_complete_20260601
個性,この問題を理解するには、個性という観点から考えることが重要だ。,이 문제를 이해하려면 개성이라는 관점에서 생각하는 것이 중요하다.,generated_n1_auto_complete_20260601
倍率,この問題を理解するには、倍率という観点から考えることが重要だ。,이 문제를 이해하려면 배율이라는 관점에서 생각하는 것이 중요하다.,generated_n1_auto_complete_20260601
倒産,この問題を理解するには、倒産という観点から考えることが重要だ。,이 문제를 이해하려면 도산이라는 관점에서 생각하는 것이 중요하다.,generated_n1_auto_complete_20260601
偏る,状況によっては、早めに偏る判断も必要になる。,상황에 따라서는 일찍 치우치다 판단도 필요해진다.,generated_n1_auto_complete_20260601
偏在,この問題を理解するには、偏在という観点から考えることが重要だ。,이 문제를 이해하려면 편재 치우쳐 존재함이라는 관점에서 생각하는 것이 중요하다.,generated_n1_auto_complete_20260601
偏愛,この問題を理解するには、偏愛という観点から考えることが重要だ。,이 문제를 이해하려면 편애이라는 관점에서 생각하는 것이 중요하다.,generated_n1_auto_complete_20260601
偏見,この問題を理解するには、偏見という観点から考えることが重要だ。,이 문제를 이해하려면 편견이라는 관점에서 생각하는 것이 중요하다.,generated_n1_auto_complete_20260601
停滞,この問題を理解するには、停滞という観点から考えることが重要だ。,이 문제를 이해하려면 정체 침체이라는 관점에서 생각하는 것이 중요하다.,generated_n1_auto_complete_20260601
健やかな,その説明は健やかなものではなく、追加の根拠を示す必要があった。,그 설명은 건강한 것이 아니어서 추가 근거를 제시할 필요가 있었다.,generated_n1_auto_complete_20260601
健在,この問題を理解するには、健在という観点から考えることが重要だ。,이 문제를 이해하려면 건재이라는 관점에서 생각하는 것이 중요하다.,generated_n1_auto_complete_20260601
健闘,この問題を理解するには、健闘という観点から考えることが重要だ。,이 문제를 이해하려면 건투이라는 관점에서 생각하는 것이 중요하다.,generated_n1_auto_complete_20260601
偽る,状況によっては、早めに偽る判断も必要になる。,상황에 따라서는 일찍 속이다 판단도 필요해진다.,generated_n1_auto_complete_20260601
偽造,この問題を理解するには、偽造という観点から考えることが重要だ。,이 문제를 이해하려면 위조이라는 관점에서 생각하는 것이 중요하다.,generated_n1_auto_complete_20260601
催す,状況によっては、早めに催す判断も必要になる。,상황에 따라서는 일찍 개최하다 판단도 필요해진다.,generated_n1_auto_complete_20260601
働きかける,状況によっては、早めに働きかける判断も必要になる。,상황에 따라서는 일찍 작용하다 설득하다 판단도 필요해진다.,generated_n1_auto_complete_20260601
優位,この問題を理解するには、優位という観点から考えることが重要だ。,이 문제를 이해하려면 우위이라는 관점에서 생각하는 것이 중요하다.,generated_n1_auto_complete_20260601
優勢な,その説明は優勢なものではなく、追加の根拠を示す必要があった。,그 설명은 우세한 것이 아니어서 추가 근거를 제시할 필요가 있었다.,generated_n1_auto_complete_20260601
優美な,その説明は優美なものではなく、追加の根拠を示す必要があった。,그 설명은 우아한 것이 아니어서 추가 근거를 제시할 필요가 있었다.,generated_n1_auto_complete_20260601
優越,この問題を理解するには、優越という観点から考えることが重要だ。,이 문제를 이해하려면 우월이라는 관점에서 생각하는 것이 중요하다.,generated_n1_auto_complete_20260601
元年,この問題を理解するには、元年という観点から考えることが重要だ。,이 문제를 이해하려면 원년이라는 관점에서 생각하는 것이 중요하다.,generated_n1_auto_complete_20260601
元素,この問題を理解するには、元素という観点から考えることが重要だ。,이 문제를 이해하려면 원소이라는 관점에서 생각하는 것이 중요하다.,generated_n1_auto_complete_20260601
元首,この問題を理解するには、元首という観点から考えることが重要だ。,이 문제를 이해하려면 원수이라는 관점에서 생각하는 것이 중요하다.,generated_n1_auto_complete_20260601
兆し,この問題を理解するには、兆しという観点から考えることが重要だ。,이 문제를 이해하려면 조짐이라는 관점에서 생각하는 것이 중요하다.,generated_n1_auto_complete_20260601
先代,この問題を理解するには、先代という観点から考えることが重要だ。,이 문제를 이해하려면 선대이라는 관점에서 생각하는 것이 중요하다.,generated_n1_auto_complete_20260601
先天的,この問題を理解するには、先天的という観点から考えることが重要だ。,이 문제를 이해하려면 선천적이라는 관점에서 생각하는 것이 중요하다.,generated_n1_auto_complete_20260601
先着,この問題を理解するには、先着という観点から考えることが重要だ。,이 문제를 이해하려면 선착이라는 관점에서 생각하는 것이 중요하다.,generated_n1_auto_complete_20260601
先行,この問題を理解するには、先行という観点から考えることが重要だ。,이 문제를 이해하려면 선행이라는 관점에서 생각하는 것이 중요하다.,generated_n1_auto_complete_20260601
先行き,この問題を理解するには、先行きという観点から考えることが重要だ。,이 문제를 이해하려면 앞날이라는 관점에서 생각하는 것이 중요하다.,generated_n1_auto_complete_20260601
光沢,この問題を理解するには、光沢という観点から考えることが重要だ。,이 문제를 이해하려면 광택이라는 관점에서 생각하는 것이 중요하다.,generated_n1_auto_complete_20260601
光熱費,この問題を理解するには、光熱費という観点から考えることが重要だ。,이 문제를 이해하려면 광열비이라는 관점에서 생각하는 것이 중요하다.,generated_n1_auto_complete_20260601
克明な,その説明は克明なものではなく、追加の根拠を示す必要があった。,그 설명은 꼼꼼한 것이 아니어서 추가 근거를 제시할 필요가 있었다.,generated_n1_auto_complete_20260601
克服,この問題を理解するには、克服という観点から考えることが重要だ。,이 문제를 이해하려면 극복이라는 관점에서 생각하는 것이 중요하다.,generated_n1_auto_complete_20260601
免れる,状況によっては、早めに免れる判断も必要になる。,상황에 따라서는 일찍 면하다 판단도 필요해진다.,generated_n1_auto_complete_20260601
免除,この問題を理解するには、免除という観点から考えることが重要だ。,이 문제를 이해하려면 면제이라는 관점에서 생각하는 것이 중요하다.,generated_n1_auto_complete_20260601
入手,この問題を理解するには、入手という観点から考えることが重要だ。,이 문제를 이해하려면 입수이라는 관점에서 생각하는 것이 중요하다.,generated_n1_auto_complete_20260601
入浴,この問題を理解するには、入浴という観点から考えることが重要だ。,이 문제를 이해하려면 입욕이라는 관점에서 생각하는 것이 중요하다.,generated_n1_auto_complete_20260601
入賞,この問題を理解するには、入賞という観点から考えることが重要だ。,이 문제를 이해하려면 입상이라는 관점에서 생각하는 것이 중요하다.,generated_n1_auto_complete_20260601
全快,この問題を理解するには、全快という観点から考えることが重要だ。,이 문제를 이해하려면 완쾌이라는 관점에서 생각하는 것이 중요하다.,generated_n1_auto_complete_20260601
公共性,この問題を理解するには、公共性という観点から考えることが重要だ。,이 문제를 이해하려면 공공성이라는 관점에서 생각하는 것이 중요하다.,generated_n1_auto_complete_20260601
公募,この問題を理解するには、公募という観点から考えることが重要だ。,이 문제를 이해하려면 공모이라는 관점에서 생각하는 것이 중요하다.,generated_n1_auto_complete_20260601
公団,この問題を理解するには、公団という観点から考えることが重要だ。,이 문제를 이해하려면 공단이라는 관점에서 생각하는 것이 중요하다.,generated_n1_auto_complete_20260601
公演,この問題を理解するには、公演という観点から考えることが重要だ。,이 문제를 이해하려면 공연이라는 관점에서 생각하는 것이 중요하다.,generated_n1_auto_complete_20260601
公立,この問題を理解するには、公立という観点から考えることが重要だ。,이 문제를 이해하려면 공립이라는 관점에서 생각하는 것이 중요하다.,generated_n1_auto_complete_20260601
共和,この問題を理解するには、共和という観点から考えることが重要だ。,이 문제를 이해하려면 공화이라는 관점에서 생각하는 것이 중요하다.,generated_n1_auto_complete_20260601
共存,この問題を理解するには、共存という観点から考えることが重要だ。,이 문제를 이해하려면 공존이라는 관점에서 생각하는 것이 중요하다.,generated_n1_auto_complete_20260601
兵器,この問題を理解するには、兵器という観点から考えることが重要だ。,이 문제를 이해하려면 병기이라는 관점에서 생각하는 것이 중요하다.,generated_n1_auto_complete_20260601
兵士,この問題を理解するには、兵士という観点から考えることが重要だ。,이 문제를 이해하려면 병사이라는 관점에서 생각하는 것이 중요하다.,generated_n1_auto_complete_20260601
兼業,この問題を理解するには、兼業という観点から考えることが重要だ。,이 문제를 이해하려면 겸업이라는 관점에서 생각하는 것이 중요하다.,generated_n1_auto_complete_20260601
兼用,この問題を理解するには、兼用という観点から考えることが重要だ。,이 문제를 이해하려면 겸용이라는 관점에서 생각하는 것이 중요하다.,generated_n1_auto_complete_20260601
内乱,この問題を理解するには、内乱という観点から考えることが重要だ。,이 문제를 이해하려면 내란이라는 관점에서 생각하는 것이 중요하다.,generated_n1_auto_complete_20260601
内訳,この問題を理解するには、内訳という観点から考えることが重要だ。,이 문제를 이해하려면 내역이라는 관점에서 생각하는 것이 중요하다.,generated_n1_auto_complete_20260601
内閣,この問題を理解するには、内閣という観点から考えることが重要だ。,이 문제를 이해하려면 내각이라는 관점에서 생각하는 것이 중요하다.,generated_n1_auto_complete_20260601
内陸,この問題を理解するには、内陸という観点から考えることが重要だ。,이 문제를 이해하려면 내륙이라는 관점에서 생각하는 것이 중요하다.,generated_n1_auto_complete_20260601
円滑な,その説明は円滑なものではなく、追加の根拠を示す必要があった。,그 설명은 원활한 것이 아니어서 추가 근거를 제시할 필요가 있었다.,generated_n1_auto_complete_20260601
再会,この問題を理解するには、再会という観点から考えることが重要だ。,이 문제를 이해하려면 재회이라는 관점에서 생각하는 것이 중요하다.,generated_n1_auto_complete_20260601
再建,この問題を理解するには、再建という観点から考えることが重要だ。,이 문제를 이해하려면 재건이라는 관점에서 생각하는 것이 중요하다.,generated_n1_auto_complete_20260601
再現,この問題を理解するには、再現という観点から考えることが重要だ。,이 문제를 이해하려면 재현이라는 관점에서 생각하는 것이 중요하다.,generated_n1_auto_complete_20260601
再生,この問題を理解するには、再生という観点から考えることが重要だ。,이 문제를 이해하려면 재생이라는 관점에서 생각하는 것이 중요하다.,generated_n1_auto_complete_20260601
冬眠,この問題を理解するには、冬眠という観点から考えることが重要だ。,이 문제를 이해하려면 동면이라는 관점에서 생각하는 것이 중요하다.,generated_n1_auto_complete_20260601
冷気,この問題を理解するには、冷気という観点から考えることが重要だ。,이 문제를 이해하려면 찬 기운 냉기이라는 관점에서 생각하는 것이 중요하다.,generated_n1_auto_complete_20260601
冷淡な,その説明は冷淡なものではなく、追加の根拠を示す必要があった。,그 설명은 냉담한 것이 아니어서 추가 근거를 제시할 필요가 있었다.,generated_n1_auto_complete_20260601
冷蔵,この問題を理解するには、冷蔵という観点から考えることが重要だ。,이 문제를 이해하려면 냉장이라는 관점에서 생각하는 것이 중요하다.,generated_n1_auto_complete_20260601
冷遇,この問題を理解するには、冷遇という観点から考えることが重要だ。,이 문제를 이해하려면 냉대이라는 관점에서 생각하는 것이 중요하다.,generated_n1_auto_complete_20260601
冷酷な,その説明は冷酷なものではなく、追加の根拠を示す必要があった。,그 설명은 냉혹한 것이 아니어서 추가 근거를 제시할 필요가 있었다.,generated_n1_auto_complete_20260601
凝縮,この問題を理解するには、凝縮という観点から考えることが重要だ。,이 문제를 이해하려면 응축이라는 관점에서 생각하는 것이 중요하다.,generated_n1_auto_complete_20260601
凶作,この問題を理解するには、凶作という観点から考えることが重要だ。,이 문제를 이해하려면 흉작이라는 관점에서 생각하는 것이 중요하다.,generated_n1_auto_complete_20260601
出動,この問題を理解するには、出動という観点から考えることが重要だ。,이 문제를 이해하려면 출동이라는 관점에서 생각하는 것이 중요하다.,generated_n1_auto_complete_20260601
出品,この問題を理解するには、出品という観点から考えることが重要だ。,이 문제를 이해하려면 출품이라는 관점에서 생각하는 것이 중요하다.,generated_n1_auto_complete_20260601
出演,この問題を理解するには、出演という観点から考えることが重要だ。,이 문제를 이해하려면 출연이라는 관점에서 생각하는 것이 중요하다.,generated_n1_auto_complete_20260601
出現,この問題を理解するには、出現という観点から考えることが重要だ。,이 문제를 이해하려면 출현이라는 관점에서 생각하는 것이 중요하다.,generated_n1_auto_complete_20260601
出生,この問題を理解するには、出生という観点から考えることが重要だ。,이 문제를 이해하려면 출생이라는 관점에서 생각하는 것이 중요하다.,generated_n1_auto_complete_20260601
出産,この問題を理解するには、出産という観点から考えることが重要だ。,이 문제를 이해하려면 출산이라는 관점에서 생각하는 것이 중요하다.,generated_n1_auto_complete_20260601
出社,この問題を理解するには、出社という観点から考えることが重要だ。,이 문제를 이해하려면 출근이라는 관점에서 생각하는 것이 중요하다.,generated_n1_auto_complete_20260601
出費,この問題を理解するには、出費という観点から考えることが重要だ。,이 문제를 이해하려면 지출이라는 관점에서 생각하는 것이 중요하다.,generated_n1_auto_complete_20260601
出資,この問題を理解するには、出資という観点から考えることが重要だ。,이 문제를 이해하려면 출자 투자이라는 관점에서 생각하는 것이 중요하다.,generated_n1_auto_complete_20260601
出題,この問題を理解するには、出題という観点から考えることが重要だ。,이 문제를 이해하려면 출제이라는 관점에서 생각하는 것이 중요하다.,generated_n1_auto_complete_20260601
分子,この問題を理解するには、分子という観点から考えることが重要だ。,이 문제를 이해하려면 분자이라는 관점에서 생각하는 것이 중요하다.,generated_n1_auto_complete_20260601
分担,この問題を理解するには、分担という観点から考えることが重要だ。,이 문제를 이해하려면 분담이라는 관점에서 생각하는 것이 중요하다.,generated_n1_auto_complete_20260601
分散,この問題を理解するには、分散という観点から考えることが重要だ。,이 문제를 이해하려면 분산이라는 관점에서 생각하는 것이 중요하다.,generated_n1_auto_complete_20260601
分析,この問題を理解するには、分析という観点から考えることが重要だ。,이 문제를 이해하려면 분석이라는 관점에서 생각하는 것이 중요하다.,generated_n1_auto_complete_20260601
分業,この問題を理解するには、分業という観点から考えることが重要だ。,이 문제를 이해하려면 분업이라는 관점에서 생각하는 것이 중요하다.,generated_n1_auto_complete_20260601
分母,この問題を理解するには、分母という観点から考えることが重要だ。,이 문제를 이해하려면 분모이라는 관점에서 생각하는 것이 중요하다.,generated_n1_auto_complete_20260601
分裂,この問題を理解するには、分裂という観点から考えることが重要だ。,이 문제를 이해하려면 분열이라는 관점에서 생각하는 것이 중요하다.,generated_n1_auto_complete_20260601
分際,この問題を理解するには、分際という観点から考えることが重要だ。,이 문제를 이해하려면 분수 처지이라는 관점에서 생각하는 것이 중요하다.,generated_n1_auto_complete_20260601
切り抜ける,状況によっては、早めに切り抜ける判断も必要になる。,상황에 따라서는 일찍 헤쳐 나가다 빠져나가다 판단도 필요해진다.,generated_n1_auto_complete_20260601
切開,この問題を理解するには、切開という観点から考えることが重要だ。,이 문제를 이해하려면 절개이라는 관점에서 생각하는 것이 중요하다.,generated_n1_auto_complete_20260601
刊行,この問題を理解するには、刊行という観点から考えることが重要だ。,이 문제를 이해하려면 간행이라는 관점에서 생각하는 것이 중요하다.,generated_n1_auto_complete_20260601
初出勤,この問題を理解するには、初出勤という観点から考えることが重要だ。,이 문제를 이해하려면 첫 출근이라는 관점에서 생각하는 것이 중요하다.,generated_n1_auto_complete_20260601
初舞台,この問題を理解するには、初舞台という観点から考えることが重要だ。,이 문제를 이해하려면 첫 무대 데뷔이라는 관점에서 생각하는 것이 중요하다.,generated_n1_auto_complete_20260601
初雪,この問題を理解するには、初雪という観点から考えることが重要だ。,이 문제를 이해하려면 첫눈이라는 관점에서 생각하는 것이 중요하다.,generated_n1_auto_complete_20260601
判定,この問題を理解するには、判定という観点から考えることが重要だ。,이 문제를 이해하려면 판정이라는 관점에서 생각하는 것이 중요하다.,generated_n1_auto_complete_20260601
判決,この問題を理解するには、判決という観点から考えることが重要だ。,이 문제를 이해하려면 판결이라는 관점에서 생각하는 것이 중요하다.,generated_n1_auto_complete_20260601
利息,この問題を理解するには、利息という観点から考えることが重要だ。,이 문제를 이해하려면 이자이라는 관점에서 생각하는 것이 중요하다.,generated_n1_auto_complete_20260601
利潤,この問題を理解するには、利潤という観点から考えることが重要だ。,이 문제를 이해하려면 이윤이라는 관점에서 생각하는 것이 중요하다.,generated_n1_auto_complete_20260601
利点,この問題を理解するには、利点という観点から考えることが重要だ。,이 문제를 이해하려면 이점이라는 관점에서 생각하는 것이 중요하다.,generated_n1_auto_complete_20260601
制定,この問題を理解するには、制定という観点から考えることが重要だ。,이 문제를 이해하려면 제정이라는 관점에서 생각하는 것이 중요하다.,generated_n1_auto_complete_20260601
制約,この問題を理解するには、制約という観点から考えることが重要だ。,이 문제를 이해하려면 제약이라는 관점에서 생각하는 것이 중요하다.,generated_n1_auto_complete_20260601
刺繡,この問題を理解するには、刺繡という観点から考えることが重要だ。,이 문제를 이해하려면 자수이라는 관점에서 생각하는 것이 중요하다.,generated_n1_auto_complete_20260601
削減,この問題を理解するには、削減という観点から考えることが重要だ。,이 문제를 이해하려면 삭감이라는 관점에서 생각하는 것이 중요하다.,generated_n1_auto_complete_20260601
前提,この問題を理解するには、前提という観点から考えることが重要だ。,이 문제를 이해하려면 전제이라는 관점에서 생각하는 것이 중요하다.,generated_n1_auto_complete_20260601
創刊,この問題を理解するには、創刊という観点から考えることが重要だ。,이 문제를 이해하려면 창간이라는 관점에서 생각하는 것이 중요하다.,generated_n1_auto_complete_20260601
創立,この問題を理解するには、創立という観点から考えることが重要だ。,이 문제를 이해하려면 창립이라는 관점에서 생각하는 것이 중요하다.,generated_n1_auto_complete_20260601
劇団,この問題を理解するには、劇団という観点から考えることが重要だ。,이 문제를 이해하려면 극단이라는 관점에서 생각하는 것이 중요하다.,generated_n1_auto_complete_20260601
功績,この問題を理解するには、功績という観点から考えることが重要だ。,이 문제를 이해하려면 공적이라는 관점에서 생각하는 것이 중요하다.,generated_n1_auto_complete_20260601
加入,この問題を理解するには、加入という観点から考えることが重要だ。,이 문제를 이해하려면 가입이라는 관점에서 생각하는 것이 중요하다.,generated_n1_auto_complete_20260601
加味,この問題を理解するには、加味という観点から考えることが重要だ。,이 문제를 이해하려면 가미이라는 관점에서 생각하는 것이 중요하다.,generated_n1_auto_complete_20260601
加工,この問題を理解するには、加工という観点から考えることが重要だ。,이 문제를 이해하려면 가공이라는 관점에서 생각하는 것이 중요하다.,generated_n1_auto_complete_20260601
劣る,状況によっては、早めに劣る判断も必要になる。,상황에 따라서는 일찍 뒤떨어지다 판단도 필요해진다.,generated_n1_auto_complete_20260601
劣等感,この問題を理解するには、劣等感という観点から考えることが重要だ。,이 문제를 이해하려면 열등감이라는 관점에서 생각하는 것이 중요하다.,generated_n1_auto_complete_20260601
助動詞,この問題を理解するには、助動詞という観点から考えることが重要だ。,이 문제를 이해하려면 조동사이라는 관점에서 생각하는 것이 중요하다.,generated_n1_auto_complete_20260601
努める,状況によっては、早めに努める判断も必要になる。,상황에 따라서는 일찍 힘쓰다 판단도 필요해진다.,generated_n1_auto_complete_20260601
励ます,状況によっては、早めに励ます判断も必要になる。,상황에 따라서는 일찍 격려하다 판단도 필요해진다.,generated_n1_auto_complete_20260601
励む,状況によっては、早めに励む判断も必要になる。,상황에 따라서는 일찍 힘쓰다 판단도 필요해진다.,generated_n1_auto_complete_20260601
勇ましい,状況が勇ましい場合でも、感情に流されず冷静に判断しなければならない。,상황이 용감한 경우에도 감정에 휩쓸리지 말고 냉정하게 판단해야 한다.,generated_n1_auto_complete_20260601
勇敢な,その説明は勇敢なものではなく、追加の根拠を示す必要があった。,그 설명은 용감한 것이 아니어서 추가 근거를 제시할 필요가 있었다.,generated_n1_auto_complete_20260601
動力,この問題を理解するには、動力という観点から考えることが重要だ。,이 문제를 이해하려면 동력이라는 관점에서 생각하는 것이 중요하다.,generated_n1_auto_complete_20260601
動向,この問題を理解するには、動向という観点から考えることが重要だ。,이 문제를 이해하려면 동향이라는 관점에서 생각하는 것이 중요하다.,generated_n1_auto_complete_20260601
動員,この問題を理解するには、動員という観点から考えることが重要だ。,이 문제를 이해하려면 동원이라는 관점에서 생각하는 것이 중요하다.,generated_n1_auto_complete_20260601
動機,この問題を理解するには、動機という観点から考えることが重要だ。,이 문제를 이해하려면 동기이라는 관점에서 생각하는 것이 중요하다.,generated_n1_auto_complete_20260601
動的な,その説明は動的なものではなく、追加の根拠を示す必要があった。,그 설명은 동적인 것이 아니어서 추가 근거를 제시할 필요가 있었다.,generated_n1_auto_complete_20260601
募る,状況によっては、早めに募る判断も必要になる。,상황에 따라서는 일찍 모집하다 판단도 필요해진다.,generated_n1_auto_complete_20260601
募金,この問題を理解するには、募金という観点から考えることが重要だ。,이 문제를 이해하려면 모금이라는 관점에서 생각하는 것이 중요하다.,generated_n1_auto_complete_20260601
勤労,この問題を理解するには、勤労という観点から考えることが重要だ。,이 문제를 이해하려면 근로이라는 관점에서 생각하는 것이 중요하다.,generated_n1_auto_complete_20260601
勤勉な,その説明は勤勉なものではなく、追加の根拠を示す必要があった。,그 설명은 근면한 것이 아니어서 추가 근거를 제시할 필요가 있었다.,generated_n1_auto_complete_20260601
勤務,この問題を理解するには、勤務という観点から考えることが重要だ。,이 문제를 이해하려면 근무이라는 관점에서 생각하는 것이 중요하다.,generated_n1_auto_complete_20260601
勧告,この問題を理解するには、勧告という観点から考えることが重要だ。,이 문제를 이해하려면 권고이라는 관점에서 생각하는 것이 중요하다.,generated_n1_auto_complete_20260601
化合,この問題を理解するには、化合という観点から考えることが重要だ。,이 문제를 이해하려면 화합이라는 관점에서 생각하는 것이 중요하다.,generated_n1_auto_complete_20260601
匹敵,この問題を理解するには、匹敵という観点から考えることが重要だ。,이 문제를 이해하려면 필적이라는 관점에서 생각하는 것이 중요하다.,generated_n1_auto_complete_20260601
区画,この問題を理解するには、区画という観点から考えることが重要だ。,이 문제를 이해하려면 구획이라는 관점에서 생각하는 것이 중요하다.,generated_n1_auto_complete_20260601
区間,この問題を理解するには、区間という観点から考えることが重要だ。,이 문제를 이해하려면 구간이라는 관점에서 생각하는 것이 중요하다.,generated_n1_auto_complete_20260601
医院,この問題を理解するには、医院という観点から考えることが重要だ。,이 문제를 이해하려면 의원이라는 관점에서 생각하는 것이 중요하다.,generated_n1_auto_complete_20260601
十字路,この問題を理解するには、十字路という観点から考えることが重要だ。,이 문제를 이해하려면 십자로이라는 관점에서 생각하는 것이 중요하다.,generated_n1_auto_complete_20260601
半端な,その説明は半端なものではなく、追加の根拠を示す必要があった。,그 설명은 어중간한 불완전한 것이 아니어서 추가 근거를 제시할 필요가 있었다.,generated_n1_auto_complete_20260601
協会,この問題を理解するには、協会という観点から考えることが重要だ。,이 문제를 이해하려면 협회이라는 관점에서 생각하는 것이 중요하다.,generated_n1_auto_complete_20260601
協定,この問題を理解するには、協定という観点から考えることが重要だ。,이 문제를 이해하려면 협정이라는 관점에서 생각하는 것이 중요하다.,generated_n1_auto_complete_20260601
協調,この問題を理解するには、協調という観点から考えることが重要だ。,이 문제를 이해하려면 협조이라는 관점에서 생각하는 것이 중요하다.,generated_n1_auto_complete_20260601
協調性,この問題を理解するには、協調性という観点から考えることが重要だ。,이 문제를 이해하려면 협조성이라는 관점에서 생각하는 것이 중요하다.,generated_n1_auto_complete_20260601
協議,この問題を理解するには、協議という観点から考えることが重要だ。,이 문제를 이해하려면 협의이라는 관점에서 생각하는 것이 중요하다.,generated_n1_auto_complete_20260601
単価,この問題を理解するには、単価という観点から考えることが重要だ。,이 문제를 이해하려면 단가이라는 관점에서 생각하는 것이 중요하다.,generated_n1_auto_complete_20260601
単身,この問題を理解するには、単身という観点から考えることが重要だ。,이 문제를 이해하려면 단신 혼자이라는 관점에서 생각하는 것이 중요하다.,generated_n1_auto_complete_20260601
占める,状況によっては、早めに占める判断も必要になる。,상황에 따라서는 일찍 차지하다 판단도 필요해진다.,generated_n1_auto_complete_20260601
印鑑,この問題を理解するには、印鑑という観点から考えることが重要だ。,이 문제를 이해하려면 인감이라는 관점에서 생각하는 것이 중요하다.,generated_n1_auto_complete_20260601
却下,この問題を理解するには、却下という観点から考えることが重要だ。,이 문제를 이해하려면 각하 기각이라는 관점에서 생각하는 것이 중요하다.,generated_n1_auto_complete_20260601
原作,この問題を理解するには、原作という観点から考えることが重要だ。,이 문제를 이해하려면 원작이라는 관점에서 생각하는 것이 중요하다.,generated_n1_auto_complete_20260601
原則,この問題を理解するには、原則という観点から考えることが重要だ。,이 문제를 이해하려면 원칙이라는 관점에서 생각하는 것이 중요하다.,generated_n1_auto_complete_20260601
原型,この問題を理解するには、原型という観点から考えることが重要だ。,이 문제를 이해하려면 원형이라는 관점에서 생각하는 것이 중요하다.,generated_n1_auto_complete_20260601
原子,この問題を理解するには、原子という観点から考えることが重要だ。,이 문제를 이해하려면 원자이라는 관점에서 생각하는 것이 중요하다.,generated_n1_auto_complete_20260601
原形,この問題を理解するには、原形という観点から考えることが重要だ。,이 문제를 이해하려면 원형이라는 관점에서 생각하는 것이 중요하다.,generated_n1_auto_complete_20260601
原文,この問題を理解するには、原文という観点から考えることが重要だ。,이 문제를 이해하려면 원문이라는 관점에서 생각하는 것이 중요하다.,generated_n1_auto_complete_20260601
原書,この問題を理解するには、原書という観点から考えることが重要だ。,이 문제를 이해하려면 원서이라는 관점에서 생각하는 것이 중요하다.,generated_n1_auto_complete_20260601
原油,この問題を理解するには、原油という観点から考えることが重要だ。,이 문제를 이해하려면 원유이라는 관점에서 생각하는 것이 중요하다.,generated_n1_auto_complete_20260601
原点,この問題を理解するには、原点という観点から考えることが重要だ。,이 문제를 이해하려면 원점 출발점이라는 관점에서 생각하는 것이 중요하다.,generated_n1_auto_complete_20260601
原爆,この問題を理解するには、原爆という観点から考えることが重要だ。,이 문제를 이해하려면 원폭이라는 관점에서 생각하는 것이 중요하다.,generated_n1_auto_complete_20260601
厳かな,その説明は厳かなものではなく、追加の根拠を示す必要があった。,그 설명은 엄숙한 장엄한 것이 아니어서 추가 근거를 제시할 필요가 있었다.,generated_n1_auto_complete_20260601
参上,この問題を理解するには、参上という観点から考えることが重要だ。,이 문제를 이해하려면 찾아옴이라는 관점에서 생각하는 것이 중요하다.,generated_n1_auto_complete_20260601
参議院,この問題を理解するには、参議院という観点から考えることが重要だ。,이 문제를 이해하려면 참의원이라는 관점에서 생각하는 것이 중요하다.,generated_n1_auto_complete_20260601
反乱,この問題を理解するには、反乱という観点から考えることが重要だ。,이 문제를 이해하려면 반란이라는 관점에서 생각하는 것이 중요하다.,generated_n1_auto_complete_20260601
反撃,この問題を理解するには、反撃という観点から考えることが重要だ。,이 문제를 이해하려면 반격이라는 관점에서 생각하는 것이 중요하다.,generated_n1_auto_complete_20260601
反発,この問題を理解するには、反発という観点から考えることが重要だ。,이 문제를 이해하려면 반발이라는 관점에서 생각하는 것이 중요하다.,generated_n1_auto_complete_20260601
収支,この問題を理解するには、収支という観点から考えることが重要だ。,이 문제를 이해하려면 수지 수입과 지출이라는 관점에서 생각하는 것이 중요하다.,generated_n1_auto_complete_20260601
収益,この問題を理解するには、収益という観点から考えることが重要だ。,이 문제를 이해하려면 수익이라는 관점에서 생각하는 것이 중요하다.,generated_n1_auto_complete_20260601
収集,この問題を理解するには、収集という観点から考えることが重要だ。,이 문제를 이해하려면 수집이라는 관점에서 생각하는 것이 중요하다.,generated_n1_auto_complete_20260601
取り付ける,状況によっては、早めに取り付ける判断も必要になる。,상황에 따라서는 일찍 설치하다 달다 판단도 필요해진다.,generated_n1_auto_complete_20260601
取り寄せる,状況によっては、早めに取り寄せる判断も必要になる。,상황에 따라서는 일찍 주문해서 들여오다 판단도 필요해진다.,generated_n1_auto_complete_20260601
取り戻す,状況によっては、早めに取り戻す判断も必要になる。,상황에 따라서는 일찍 되찾다 회복하다 판단도 필요해진다.,generated_n1_auto_complete_20260601
取り扱い,状況が取り扱い場合でも、感情に流されず冷静に判断しなければならない。,상황이 취급 경우에도 감정에 휩쓸리지 말고 냉정하게 판단해야 한다.,generated_n1_auto_complete_20260601
取り次ぐ,状況によっては、早めに取り次ぐ判断も必要になる。,상황에 따라서는 일찍 전달하다 중개하다 판단도 필요해진다.,generated_n1_auto_complete_20260601
取り立てる,状況によっては、早めに取り立てる判断も必要になる。,상황에 따라서는 일찍 징수하다 특별히 다루다 판단도 필요해진다.,generated_n1_auto_complete_20260601
取り組む,状況によっては、早めに取り組む判断も必要になる。,상황에 따라서는 일찍 몰두하다 착수하다 판단도 필요해진다.,generated_n1_auto_complete_20260601
取り除く,状況によっては、早めに取り除く判断も必要になる。,상황에 따라서는 일찍 제거하다 판단도 필요해진다.,generated_n1_auto_complete_20260601
取材,この問題を理解するには、取材という観点から考えることが重要だ。,이 문제를 이해하려면 취재이라는 관점에서 생각하는 것이 중요하다.,generated_n1_auto_complete_20260601
受け持つ,状況によっては、早めに受け持つ判断も必要になる。,상황에 따라서는 일찍 맡다 담당하다 판단도 필요해진다.,generated_n1_auto_complete_20260601
受け止める,状況によっては、早めに受け止める判断も必要になる。,상황에 따라서는 일찍 받아들이다 받아내다 판단도 필요해진다.,generated_n1_auto_complete_20260601
受け流す,状況によっては、早めに受け流す判断も必要になる。,상황에 따라서는 일찍 받아넘기다 흘려듣다 판단도 필요해진다.,generated_n1_auto_complete_20260601
受け継ぐ,状況によっては、早めに受け継ぐ判断も必要になる。,상황에 따라서는 일찍 이어받다 계승하다 판단도 필요해진다.,generated_n1_auto_complete_20260601
口ずさむ,状況によっては、早めに口ずさむ判断も必要になる。,상황에 따라서는 일찍 흥얼거리다 판단도 필요해진다.,generated_n1_auto_complete_20260601
口出し,この問題を理解するには、口出しという観点から考えることが重要だ。,이 문제를 이해하려면 참견이라는 관점에서 생각하는 것이 중요하다.,generated_n1_auto_complete_20260601
口述,この問題を理解するには、口述という観点から考えることが重要だ。,이 문제를 이해하려면 구술이라는 관점에서 생각하는 것이 중요하다.,generated_n1_auto_complete_20260601
可決,この問題を理解するには、可決という観点から考えることが重要だ。,이 문제를 이해하려면 가결이라는 관점에서 생각하는 것이 중요하다.,generated_n1_auto_complete_20260601
台本,この問題を理解するには、台本という観点から考えることが重要だ。,이 문제를 이해하려면 대본이라는 관점에서 생각하는 것이 중요하다.,generated_n1_auto_complete_20260601
叶う,状況によっては、早めに叶う判断も必要になる。,상황에 따라서는 일찍 이루어지다 판단도 필요해진다.,generated_n1_auto_complete_20260601
司法,この問題を理解するには、司法という観点から考えることが重要だ。,이 문제를 이해하려면 사법이라는 관점에서 생각하는 것이 중요하다.,generated_n1_auto_complete_20260601
合意,この問題を理解するには、合意という観点から考えることが重要だ。,이 문제를 이해하려면 합의이라는 관점에서 생각하는 것이 중요하다.,generated_n1_auto_complete_20260601
合成,この問題を理解するには、合成という観点から考えることが重要だ。,이 문제를 이해하려면 합성이라는 관점에서 생각하는 것이 중요하다.,generated_n1_auto_complete_20260601
合致,この問題を理解するには、合致という観点から考えることが重要だ。,이 문제를 이해하려면 합치이라는 관점에서 생각하는 것이 중요하다.,generated_n1_auto_complete_20260601
合議,この問題を理解するには、合議という観点から考えることが重要だ。,이 문제를 이해하려면 합의이라는 관점에서 생각하는 것이 중요하다.,generated_n1_auto_complete_20260601
同士,この問題を理解するには、同士という観点から考えることが重要だ。,이 문제를 이해하려면 동료 같은 부류이라는 관점에서 생각하는 것이 중요하다.,generated_n1_auto_complete_20260601
同封,この問題を理解するには、同封という観点から考えることが重要だ。,이 문제를 이해하려면 동봉이라는 관점에서 생각하는 것이 중요하다.,generated_n1_auto_complete_20260601
同居,この問題を理解するには、同居という観点から考えることが重要だ。,이 문제를 이해하려면 동거이라는 관점에서 생각하는 것이 중요하다.,generated_n1_auto_complete_20260601
同盟,この問題を理解するには、同盟という観点から考えることが重要だ。,이 문제를 이해하려면 동맹이라는 관점에서 생각하는 것이 중요하다.,generated_n1_auto_complete_20260601
同等,この問題を理解するには、同等という観点から考えることが重要だ。,이 문제를 이해하려면 동등이라는 관점에서 생각하는 것이 중요하다.,generated_n1_auto_complete_20260601
同調,この問題を理解するには、同調という観点から考えることが重要だ。,이 문제를 이해하려면 동조이라는 관점에서 생각하는 것이 중요하다.,generated_n1_auto_complete_20260601
名実,この問題を理解するには、名実という観点から考えることが重要だ。,이 문제를 이해하려면 명실 실제와 이름이라는 관점에서 생각하는 것이 중요하다.,generated_n1_auto_complete_20260601
名手,この問題を理解するには、名手という観点から考えることが重要だ。,이 문제를 이해하려면 명수 뛰어난 사람이라는 관점에서 생각하는 것이 중요하다.,generated_n1_auto_complete_20260601
名残,この問題を理解するには、名残という観点から考えることが重要だ。,이 문제를 이해하려면 아쉬움이라는 관점에서 생각하는 것이 중요하다.,generated_n1_auto_complete_20260601
名産,この問題を理解するには、名産という観点から考えることが重要だ。,이 문제를 이해하려면 명산이라는 관점에서 생각하는 것이 중요하다.,generated_n1_auto_complete_20260601
名義,この問題を理解するには、名義という観点から考えることが重要だ。,이 문제를 이해하려면 명의이라는 관점에서 생각하는 것이 중요하다.,generated_n1_auto_complete_20260601
君主,この問題を理解するには、君主という観点から考えることが重要だ。,이 문제를 이해하려면 군주이라는 관점에서 생각하는 것이 중요하다.,generated_n1_auto_complete_20260601
吟味,この問題を理解するには、吟味という観点から考えることが重要だ。,이 문제를 이해하려면 음미이라는 관점에서 생각하는 것이 중요하다.,generated_n1_auto_complete_20260601
否む,状況によっては、早めに否む判断も必要になる。,상황에 따라서는 일찍 부정하다 판단도 필요해진다.,generated_n1_auto_complete_20260601
否決,この問題を理解するには、否決という観点から考えることが重要だ。,이 문제를 이해하려면 부결이라는 관점에서 생각하는 것이 중요하다.,generated_n1_auto_complete_20260601
周期,この問題を理解するには、周期という観点から考えることが重要だ。,이 문제를 이해하려면 주기이라는 관점에서 생각하는 것이 중요하다.,generated_n1_auto_complete_20260601
味覚,この問題を理解するには、味覚という観点から考えることが重要だ。,이 문제를 이해하려면 미각이라는 관점에서 생각하는 것이 중요하다.,generated_n1_auto_complete_20260601
呼びかける,状況によっては、早めに呼びかける判断も必要になる。,상황에 따라서는 일찍 호소하다 말을 걸다 판단도 필요해진다.,generated_n1_auto_complete_20260601
呼び起こす,状況によっては、早めに呼び起こす判断も必要になる。,상황에 따라서는 일찍 불러일으키다 환기하다 판단도 필요해진다.,generated_n1_auto_complete_20260601
命中,この問題を理解するには、命中という観点から考えることが重要だ。,이 문제를 이해하려면 명중이라는 관점에서 생각하는 것이 중요하다.,generated_n1_auto_complete_20260601
和やかな,その説明は和やかなものではなく、追加の根拠を示す必要があった。,그 설명은 온화한 화기애애한 것이 아니어서 추가 근거를 제시할 필요가 있었다.,generated_n1_auto_complete_20260601
和風,この問題を理解するには、和風という観点から考えることが重要だ。,이 문제를 이해하려면 일본풍이라는 관점에서 생각하는 것이 중요하다.,generated_n1_auto_complete_20260601
品種,この問題を理解するには、品種という観点から考えることが重要だ。,이 문제를 이해하려면 품종이라는 관점에서 생각하는 것이 중요하다.,generated_n1_auto_complete_20260601
品質,この問題を理解するには、品質という観点から考えることが重要だ。,이 문제를 이해하려면 품질이라는 관점에서 생각하는 것이 중요하다.,generated_n1_auto_complete_20260601
問い合わせる,状況によっては、早めに問い合わせる判断も必要になる。,상황에 따라서는 일찍 문의하다 판단도 필요해진다.,generated_n1_auto_complete_20260601
問題外,この問題を理解するには、問題外という観点から考えることが重要だ。,이 문제를 이해하려면 문제 밖 논외이라는 관점에서 생각하는 것이 중요하다.,generated_n1_auto_complete_20260601
営む,状況によっては、早めに営む判断も必要になる。,상황에 따라서는 일찍 영위하다 판단도 필요해진다.,generated_n1_auto_complete_20260601
嗜好,この問題を理解するには、嗜好という観点から考えることが重要だ。,이 문제를 이해하려면 기호이라는 관점에서 생각하는 것이 중요하다.,generated_n1_auto_complete_20260601
嘆く,状況によっては、早めに嘆く判断も必要になる。,상황에 따라서는 일찍 탄식하다 판단도 필요해진다.,generated_n1_auto_complete_20260601
器官,この問題を理解するには、器官という観点から考えることが重要だ。,이 문제를 이해하려면 기관이라는 관점에서 생각하는 것이 중요하다.,generated_n1_auto_complete_20260601
噴出,この問題を理解するには、噴出という観点から考えることが重要だ。,이 문제를 이해하려면 분출이라는 관점에서 생각하는 것이 중요하다.,generated_n1_auto_complete_20260601
回覧,この問題を理解するには、回覧という観点から考えることが重要だ。,이 문제를 이해하려면 회람이라는 관점에서 생각하는 것이 중요하다.,generated_n1_auto_complete_20260601
回路,この問題を理解するには、回路という観点から考えることが重要だ。,이 문제를 이해하려면 회로이라는 관점에서 생각하는 것이 중요하다.,generated_n1_auto_complete_20260601
回送,この問題を理解するには、回送という観点から考えることが重要だ。,이 문제를 이해하려면 회송이라는 관점에서 생각하는 것이 중요하다.,generated_n1_auto_complete_20260601
回顧,この問題を理解するには、回顧という観点から考えることが重要だ。,이 문제를 이해하려면 회고이라는 관점에서 생각하는 것이 중요하다.,generated_n1_auto_complete_20260601
団結,この問題を理解するには、団結という観点から考えることが重要だ。,이 문제를 이해하려면 단결이라는 관점에서 생각하는 것이 중요하다.,generated_n1_auto_complete_20260601
図る,状況によっては、早めに図る判断も必要になる。,상황에 따라서는 일찍 도모하다 판단도 필요해진다.,generated_n1_auto_complete_20260601
固定,この問題を理解するには、固定という観点から考えることが重要だ。,이 문제를 이해하려면 고정이라는 관점에서 생각하는 것이 중요하다.,generated_n1_auto_complete_20260601
固有な,その説明は固有なものではなく、追加の根拠を示す必要があった。,그 설명은 고유한 것이 아니어서 추가 근거를 제시할 필요가 있었다.,generated_n1_auto_complete_20260601
国交,この問題を理解するには、国交という観点から考えることが重要だ。,이 문제를 이해하려면 국교이라는 관점에서 생각하는 것이 중요하다.,generated_n1_auto_complete_20260601
国有,この問題を理解するには、国有という観点から考えることが重要だ。,이 문제를 이해하려면 국유이라는 관점에서 생각하는 것이 중요하다.,generated_n1_auto_complete_20260601
国連,この問題を理解するには、国連という観点から考えることが重要だ。,이 문제를 이해하려면 유엔이라는 관점에서 생각하는 것이 중요하다.,generated_n1_auto_complete_20260601
土俵,この問題を理解するには、土俵という観点から考えることが重要だ。,이 문제를 이해하려면 씨름판이라는 관점에서 생각하는 것이 중요하다.,generated_n1_auto_complete_20260601
土台,この問題を理解するには、土台という観点から考えることが重要だ。,이 문제를 이해하려면 토대이라는 관점에서 생각하는 것이 중요하다.,generated_n1_auto_complete_20260601
土木,この問題を理解するには、土木という観点から考えることが重要だ。,이 문제를 이해하려면 토목이라는 관점에서 생각하는 것이 중요하다.,generated_n1_auto_complete_20260601
圧倒,この問題を理解するには、圧倒という観点から考えることが重要だ。,이 문제를 이해하려면 압도이라는 관점에서 생각하는 것이 중요하다.,generated_n1_auto_complete_20260601
圧力,この問題を理解するには、圧力という観点から考えることが重要だ。,이 문제를 이해하려면 압력이라는 관점에서 생각하는 것이 중요하다.,generated_n1_auto_complete_20260601
圧迫,この問題を理解するには、圧迫という観点から考えることが重要だ。,이 문제를 이해하려면 압박이라는 관점에서 생각하는 것이 중요하다.,generated_n1_auto_complete_20260601
在庫,この問題を理解するには、在庫という観点から考えることが重要だ。,이 문제를 이해하려면 재고이라는 관점에서 생각하는 것이 중요하다.,generated_n1_auto_complete_20260601
地形,この問題を理解するには、地形という観点から考えることが重要だ。,이 문제를 이해하려면 지형이라는 관점에서 생각하는 것이 중요하다.,generated_n1_auto_complete_20260601
地獄,この問題を理解するには、地獄という観点から考えることが重要だ。,이 문제를 이해하려면 지옥이라는 관점에서 생각하는 것이 중요하다.,generated_n1_auto_complete_20260601
垣根,この問題を理解するには、垣根という観点から考えることが重要だ。,이 문제를 이해하려면 울타리이라는 관점에서 생각하는 것이 중요하다.,generated_n1_auto_complete_20260601
埋蔵,この問題を理解するには、埋蔵という観点から考えることが重要だ。,이 문제를 이해하려면 매장이라는 관점에서 생각하는 것이 중요하다.,generated_n1_auto_complete_20260601
城下,この問題を理解するには、城下という観点から考えることが重要だ。,이 문제를 이해하려면 성 아래이라는 관점에서 생각하는 것이 중요하다.,generated_n1_auto_complete_20260601
執着,この問題を理解するには、執着という観点から考えることが重要だ。,이 문제를 이해하려면 집착이라는 관점에서 생각하는 것이 중요하다.,generated_n1_auto_complete_20260601
執筆,この問題を理解するには、執筆という観点から考えることが重要だ。,이 문제를 이해하려면 집필이라는 관점에서 생각하는 것이 중요하다.,generated_n1_auto_complete_20260601
基盤,この問題を理解するには、基盤という観点から考えることが重要だ。,이 문제를 이해하려면 기반이라는 관점에서 생각하는 것이 중요하다.,generated_n1_auto_complete_20260601
基調,この問題を理解するには、基調という観点から考えることが重要だ。,이 문제를 이해하려면 기조이라는 관점에서 생각하는 것이 중요하다.,generated_n1_auto_complete_20260601
基金,この問題を理解するには、基金という観点から考えることが重要だ。,이 문제를 이해하려면 기금이라는 관점에서 생각하는 것이 중요하다.,generated_n1_auto_complete_20260601
堂々と,彼は周囲の反応を確かめながら、堂々と行動した。,그는 주변 반응을 확인하면서 당당하게 행동했다.,generated_n1_auto_complete_20260601
堅実な,その説明は堅実なものではなく、追加の根拠を示す必要があった。,그 설명은 견실한 착실한 것이 아니어서 추가 근거를 제시할 필요가 있었다.,generated_n1_auto_complete_20260601
堤防,この問題を理解するには、堤防という観点から考えることが重要だ。,이 문제를 이해하려면 제방이라는 관점에서 생각하는 것이 중요하다.,generated_n1_auto_complete_20260601
報酬,この問題を理解するには、報酬という観点から考えることが重要だ。,이 문제를 이해하려면 보수이라는 관점에서 생각하는 것이 중요하다.,generated_n1_auto_complete_20260601
増強,この問題を理解するには、増強という観点から考えることが重要だ。,이 문제를 이해하려면 증강이라는 관점에서 생각하는 것이 중요하다.,generated_n1_auto_complete_20260601
増進,この問題を理解するには、増進という観点から考えることが重要だ。,이 문제를 이해하려면 증진이라는 관점에서 생각하는 것이 중요하다.,generated_n1_auto_complete_20260601
墜落,この問題を理解するには、墜落という観点から考えることが重要だ。,이 문제를 이해하려면 추락이라는 관점에서 생각하는 것이 중요하다.,generated_n1_auto_complete_20260601
壊す,状況によっては、早めに壊す判断も必要になる。,상황에 따라서는 일찍 부수다 판단도 필요해진다.,generated_n1_auto_complete_20260601
壮大な,その説明は壮大なものではなく、追加の根拠を示す必要があった。,그 설명은 장대한 것이 아니어서 추가 근거를 제시할 필요가 있었다.,generated_n1_auto_complete_20260601
声明,この問題を理解するには、声明という観点から考えることが重要だ。,이 문제를 이해하려면 성명이라는 관점에서 생각하는 것이 중요하다.,generated_n1_auto_complete_20260601
売名,この問題を理解するには、売名という観点から考えることが重要だ。,이 문제를 이해하려면 매명 이름을 팔려 함이라는 관점에서 생각하는 것이 중요하다.,generated_n1_auto_complete_20260601
変動,この問題を理解するには、変動という観点から考えることが重要だ。,이 문제를 이해하려면 변동이라는 관점에서 생각하는 것이 중요하다.,generated_n1_auto_complete_20260601
変換,この問題を理解するには、変換という観点から考えることが重要だ。,이 문제를 이해하려면 변환이라는 관점에서 생각하는 것이 중요하다.,generated_n1_auto_complete_20260601
変遷,この問題を理解するには、変遷という観点から考えることが重要だ。,이 문제를 이해하려면 변천이라는 관점에서 생각하는 것이 중요하다.,generated_n1_auto_complete_20260601
変革,この問題を理解するには、変革という観点から考えることが重要だ。,이 문제를 이해하려면 변혁이라는 관점에서 생각하는 것이 중요하다.,generated_n1_auto_complete_20260601
夕闇,この問題を理解するには、夕闇という観点から考えることが重要だ。,이 문제를 이해하려면 땅거미이라는 관점에서 생각하는 것이 중요하다.,generated_n1_auto_complete_20260601
外す,状況によっては、早めに外す判断も必要になる。,상황에 따라서는 일찍 떼다 판단도 필요해진다.,generated_n1_auto_complete_20260601
外来,この問題を理解するには、外来という観点から考えることが重要だ。,이 문제를 이해하려면 외래이라는 관점에서 생각하는 것이 중요하다.,generated_n1_auto_complete_20260601
外相,この問題を理解するには、外相という観点から考えることが重要だ。,이 문제를 이해하려면 외무상이라는 관점에서 생각하는 것이 중요하다.,generated_n1_auto_complete_20260601
外観,この問題を理解するには、外観という観点から考えることが重要だ。,이 문제를 이해하려면 외관이라는 관점에서 생각하는 것이 중요하다.,generated_n1_auto_complete_20260601
外貨,この問題を理解するには、外貨という観点から考えることが重要だ。,이 문제를 이해하려면 외화이라는 관점에서 생각하는 것이 중요하다.,generated_n1_auto_complete_20260601
多忙な,その説明は多忙なものではなく、追加の根拠を示す必要があった。,그 설명은 매우 바쁜 것이 아니어서 추가 근거를 제시할 필요가 있었다.,generated_n1_auto_complete_20260601
多数決,この問題を理解するには、多数決という観点から考えることが重要だ。,이 문제를 이해하려면 다수결이라는 관점에서 생각하는 것이 중요하다.,generated_n1_auto_complete_20260601
多様な,その説明は多様なものではなく、追加の根拠を示す必要があった。,그 설명은 다양한 것이 아니어서 추가 근거를 제시할 필요가 있었다.,generated_n1_auto_complete_20260601
多気,この問題を理解するには、多気という観点から考えることが重要だ。,이 문제를 이해하려면 해당 표현이라는 관점에서 생각하는 것이 중요하다.,generated_n1_auto_complete_20260601
多角的な,その説明は多角的なものではなく、追加の根拠を示す必要があった。,그 설명은 다각적인 것이 아니어서 추가 근거를 제시할 필요가 있었다.,generated_n1_auto_complete_20260601
夥しい,状況が夥しい場合でも、感情に流されず冷静に判断しなければならない。,상황이 엄청나다 매우 많다 경우에도 감정에 휩쓸리지 말고 냉정하게 판단해야 한다.,generated_n1_auto_complete_20260601
大らかな,その説明は大らかなものではなく、追加の根拠を示す必要があった。,그 설명은 너그러운 대범한 것이 아니어서 추가 근거를 제시할 필요가 있었다.,generated_n1_auto_complete_20260601
大ヒット,この問題を理解するには、大ヒットという観点から考えることが重要だ。,이 문제를 이해하려면 대히트이라는 관점에서 생각하는 것이 중요하다.,generated_n1_auto_complete_20260601
大事件,この問題を理解するには、大事件という観点から考えることが重要だ。,이 문제를 이해하려면 대사건이라는 관점에서 생각하는 것이 중요하다.,generated_n1_auto_complete_20260601
大使,この問題を理解するには、大使という観点から考えることが重要だ。,이 문제를 이해하려면 대사이라는 관점에서 생각하는 것이 중요하다.,generated_n1_auto_complete_20260601
大家,この問題を理解するには、大家という観点から考えることが重要だ。,이 문제를 이해하려면 대가이라는 관점에서 생각하는 것이 중요하다.,generated_n1_auto_complete_20260601
大幅,この問題を理解するには、大幅という観点から考えることが重要だ。,이 문제를 이해하려면 대폭이라는 관점에서 생각하는 것이 중요하다.,generated_n1_auto_complete_20260601
大幅な,その説明は大幅なものではなく、追加の根拠を示す必要があった。,그 설명은 대폭의 큰 폭의 것이 아니어서 추가 근거를 제시할 필요가 있었다.,generated_n1_auto_complete_20260601
大当たり,この問題を理解するには、大当たりという観点から考えることが重要だ。,이 문제를 이해하려면 대성공 큰 당첨이라는 관점에서 생각하는 것이 중요하다.,generated_n1_auto_complete_20260601
大役,この問題を理解するには、大役という観点から考えることが重要だ。,이 문제를 이해하려면 큰 역할 중책이라는 관점에서 생각하는 것이 중요하다.,generated_n1_auto_complete_20260601
大急ぎ,この問題を理解するには、大急ぎという観点から考えることが重要だ。,이 문제를 이해하려면 매우 급함이라는 관점에서 생각하는 것이 중요하다.,generated_n1_auto_complete_20260601
大掃除,この問題を理解するには、大掃除という観点から考えることが重要だ。,이 문제를 이해하려면 대청소이라는 관점에서 생각하는 것이 중요하다.,generated_n1_auto_complete_20260601
大方,この問題を理解するには、大方という観点から考えることが重要だ。,이 문제를 이해하려면 대체로 대부분이라는 관점에서 생각하는 것이 중요하다.,generated_n1_auto_complete_20260601
大柄,この問題を理解するには、大柄という観点から考えることが重要だ。,이 문제를 이해하려면 큰 체격 큰 무늬이라는 관점에서 생각하는 것이 중요하다.,generated_n1_auto_complete_20260601
大柄な,その説明は大柄なものではなく、追加の根拠を示す必要があった。,그 설명은 큰 체격의 큰 무늬의 것이 아니어서 추가 근거를 제시할 필요가 있었다.,generated_n1_auto_complete_20260601
大概,この問題を理解するには、大概という観点から考えることが重要だ。,이 문제를 이해하려면 대개이라는 관점에서 생각하는 것이 중요하다.,generated_n1_auto_complete_20260601
大流行,この問題を理解するには、大流行という観点から考えることが重要だ。,이 문제를 이해하려면 대유행이라는 관점에서 생각하는 것이 중요하다.,generated_n1_auto_complete_20260601
大筋,この問題を理解するには、大筋という観点から考えることが重要だ。,이 문제를 이해하려면 대강 줄거리이라는 관점에서 생각하는 것이 중요하다.,generated_n1_auto_complete_20260601
大自然,この問題を理解するには、大自然という観点から考えることが重要だ。,이 문제를 이해하려면 대자연이라는 관점에서 생각하는 것이 중요하다.,generated_n1_auto_complete_20260601
大衆,この問題を理解するには、大衆という観点から考えることが重要だ。,이 문제를 이해하려면 대중이라는 관점에서 생각하는 것이 중요하다.,generated_n1_auto_complete_20260601
大躍進,この問題を理解するには、大躍進という観点から考えることが重要だ。,이 문제를 이해하려면 대약진이라는 관점에서 생각하는 것이 중요하다.,generated_n1_auto_complete_20260601
大金,この問題を理解するには、大金という観点から考えることが重要だ。,이 문제를 이해하려면 큰돈이라는 관점에서 생각하는 것이 중요하다.,generated_n1_auto_complete_20260601
大雨,この問題を理解するには、大雨という観点から考えることが重要だ。,이 문제를 이해하려면 큰비 폭우이라는 관점에서 생각하는 것이 중요하다.,generated_n1_auto_complete_20260601
天下,この問題を理解するには、天下という観点から考えることが重要だ。,이 문제를 이해하려면 천하이라는 관점에서 생각하는 것이 중요하다.,generated_n1_auto_complete_20260601
天体,この問題を理解するには、天体という観点から考えることが重要だ。,이 문제를 이해하려면 천체이라는 관점에서 생각하는 것이 중요하다.,generated_n1_auto_complete_20260601
天国,この問題を理解するには、天国という観点から考えることが重要だ。,이 문제를 이해하려면 천국이라는 관점에서 생각하는 것이 중요하다.,generated_n1_auto_complete_20260601
天地,この問題を理解するには、天地という観点から考えることが重要だ。,이 문제를 이해하려면 천지이라는 관점에서 생각하는 것이 중요하다.,generated_n1_auto_complete_20260601
天才,この問題を理解するには、天才という観点から考えることが重要だ。,이 문제를 이해하려면 천재이라는 관점에서 생각하는 것이 중요하다.,generated_n1_auto_complete_20260601
天災,この問題を理解するには、天災という観点から考えることが重要だ。,이 문제를 이해하려면 천재지변이라는 관점에서 생각하는 것이 중요하다.,generated_n1_auto_complete_20260601
失墜,この問題を理解するには、失墜という観点から考えることが重要だ。,이 문제를 이해하려면 실추이라는 관점에서 생각하는 것이 중요하다.,generated_n1_auto_complete_20260601
失格,この問題を理解するには、失格という観点から考えることが重要だ。,이 문제를 이해하려면 실격이라는 관점에서 생각하는 것이 중요하다.,generated_n1_auto_complete_20260601
失脚,この問題を理解するには、失脚という観点から考えることが重要だ。,이 문제를 이해하려면 실각이라는 관점에서 생각하는 것이 중요하다.,generated_n1_auto_complete_20260601
契機,この問題を理解するには、契機という観点から考えることが重要だ。,이 문제를 이해하려면 계기이라는 관점에서 생각하는 것이 중요하다.,generated_n1_auto_complete_20260601
契約,この問題を理解するには、契約という観点から考えることが重要だ。,이 문제를 이해하려면 계약이라는 관점에서 생각하는 것이 중요하다.,generated_n1_auto_complete_20260601
奪う,状況によっては、早めに奪う判断も必要になる。,상황에 따라서는 일찍 빼앗다 판단도 필요해진다.,generated_n1_auto_complete_20260601
奮闘,この問題を理解するには、奮闘という観点から考えることが重要だ。,이 문제를 이해하려면 분투이라는 관점에서 생각하는 것이 중요하다.,generated_n1_auto_complete_20260601
好ましい,状況が好ましい場合でも、感情に流されず冷静に判断しなければならない。,상황이 바람직한 경우에도 감정에 휩쓸리지 말고 냉정하게 판단해야 한다.,generated_n1_auto_complete_20260601
好悪,この問題を理解するには、好悪という観点から考えることが重要だ。,이 문제를 이해하려면 호오 좋고 싫음이라는 관점에서 생각하는 것이 중요하다.,generated_n1_auto_complete_20260601
好感,この問題を理解するには、好感という観点から考えることが重要だ。,이 문제를 이해하려면 호감이라는 관점에서 생각하는 것이 중요하다.,generated_n1_auto_complete_20260601
好機,この問題を理解するには、好機という観点から考えることが重要だ。,이 문제를 이해하려면 호기 좋은 기회이라는 관점에서 생각하는 것이 중요하다.,generated_n1_auto_complete_20260601
好況,この問題を理解するには、好況という観点から考えることが重要だ。,이 문제를 이해하려면 호황이라는 관점에서 생각하는 것이 중요하다.,generated_n1_auto_complete_20260601
好調な,その説明は好調なものではなく、追加の根拠を示す必要があった。,그 설명은 호조인 것이 아니어서 추가 근거를 제시할 필요가 있었다.,generated_n1_auto_complete_20260601
好転,この問題を理解するには、好転という観点から考えることが重要だ。,이 문제를 이해하려면 호전이라는 관점에서 생각하는 것이 중요하다.,generated_n1_auto_complete_20260601
妊娠,この問題を理解するには、妊娠という観点から考えることが重要だ。,이 문제를 이해하려면 임신이라는 관점에서 생각하는 것이 중요하다.,generated_n1_auto_complete_20260601
妥協,この問題を理解するには、妥協という観点から考えることが重要だ。,이 문제를 이해하려면 타협이라는 관점에서 생각하는 것이 중요하다.,generated_n1_auto_complete_20260601
妥当,この問題を理解するには、妥当という観点から考えることが重要だ。,이 문제를 이해하려면 타당이라는 관점에서 생각하는 것이 중요하다.,generated_n1_auto_complete_20260601
妥結,この問題を理解するには、妥結という観点から考えることが重要だ。,이 문제를 이해하려면 타결이라는 관점에서 생각하는 것이 중요하다.,generated_n1_auto_complete_20260601
妨害,この問題を理解するには、妨害という観点から考えることが重要だ。,이 문제를 이해하려면 방해이라는 관점에서 생각하는 것이 중요하다.,generated_n1_auto_complete_20260601
妬む,状況によっては、早めに妬む判断も必要になる。,상황에 따라서는 일찍 시기하다 판단도 필요해진다.,generated_n1_auto_complete_20260601
始末,この問題を理解するには、始末という観点から考えることが重要だ。,이 문제를 이해하려면 처리이라는 관점에서 생각하는 것이 중요하다.,generated_n1_auto_complete_20260601
始発,この問題を理解するには、始発という観点から考えることが重要だ。,이 문제를 이해하려면 첫차이라는 관점에서 생각하는 것이 중요하다.,generated_n1_auto_complete_20260601
威力,この問題を理解するには、威力という観点から考えることが重要だ。,이 문제를 이해하려면 위력이라는 관점에서 생각하는 것이 중요하다.,generated_n1_auto_complete_20260601
婉曲,この問題を理解するには、婉曲という観点から考えることが重要だ。,이 문제를 이해하려면 완곡이라는 관점에서 생각하는 것이 중요하다.,generated_n1_auto_complete_20260601
嫉妬,この問題を理解するには、嫉妬という観点から考えることが重要だ。,이 문제를 이해하려면 질투이라는 관점에서 생각하는 것이 중요하다.,generated_n1_auto_complete_20260601
嫌悪感,この問題を理解するには、嫌悪感という観点から考えることが重要だ。,이 문제를 이해하려면 혐오감이라는 관점에서 생각하는 것이 중요하다.,generated_n1_auto_complete_20260601
子息,この問題を理解するには、子息という観点から考えることが重要だ。,이 문제를 이해하려면 자식이라는 관점에서 생각하는 것이 중요하다.,generated_n1_auto_complete_20260601
字体,この問題を理解するには、字体という観点から考えることが重要だ。,이 문제를 이해하려면 자체이라는 관점에서 생각하는 것이 중요하다.,generated_n1_auto_complete_20260601
季刊,この問題を理解するには、季刊という観点から考えることが重要だ。,이 문제를 이해하려면 계간이라는 관점에서 생각하는 것이 중요하다.,generated_n1_auto_complete_20260601
孤独な,その説明は孤独なものではなく、追加の根拠を示す必要があった。,그 설명은 고독한 것이 아니어서 추가 근거를 제시할 필요가 있었다.,generated_n1_auto_complete_20260601
学歴,この問題を理解するには、学歴という観点から考えることが重要だ。,이 문제를 이해하려면 학력이라는 관점에서 생각하는 것이 중요하다.,generated_n1_auto_complete_20260601
学芸,この問題を理解するには、学芸という観点から考えることが重要だ。,이 문제를 이해하려면 학예이라는 관점에서 생각하는 것이 중요하다.,generated_n1_auto_complete_20260601
学説,この問題を理解するには、学説という観点から考えることが重要だ。,이 문제를 이해하려면 학설이라는 관점에서 생각하는 것이 중요하다.,generated_n1_auto_complete_20260601
守備,この問題を理解するには、守備という観点から考えることが重要だ。,이 문제를 이해하려면 수비이라는 관점에서 생각하는 것이 중요하다.,generated_n1_auto_complete_20260601
守衛,この問題を理解するには、守衛という観点から考えることが重要だ。,이 문제를 이해하려면 수위이라는 관점에서 생각하는 것이 중요하다.,generated_n1_auto_complete_20260601
安っぽい,状況が安っぽい場合でも、感情に流されず冷静に判断しなければならない。,상황이 싸구려 같은 경우에도 감정에 휩쓸리지 말고 냉정하게 판단해야 한다.,generated_n1_auto_complete_20260601
安堵,この問題を理解するには、安堵という観点から考えることが重要だ。,이 문제를 이해하려면 안도이라는 관점에서 생각하는 것이 중요하다.,generated_n1_auto_complete_20260601
安定感,この問題を理解するには、安定感という観点から考えることが重要だ。,이 문제를 이해하려면 안정감이라는 관점에서 생각하는 것이 중요하다.,generated_n1_auto_complete_20260601
安静,この問題を理解するには、安静という観点から考えることが重要だ。,이 문제를 이해하려면 안정이라는 관점에서 생각하는 것이 중요하다.,generated_n1_auto_complete_20260601
完結,この問題を理解するには、完結という観点から考えることが重要だ。,이 문제를 이해하려면 완결이라는 관점에서 생각하는 것이 중요하다.,generated_n1_auto_complete_20260601
官僚,この問題を理解するには、官僚という観点から考えることが重要だ。,이 문제를 이해하려면 관료이라는 관점에서 생각하는 것이 중요하다.,generated_n1_auto_complete_20260601
定まる,状況によっては、早めに定まる判断も必要になる。,상황에 따라서는 일찍 정해지다 판단도 필요해진다.,generated_n1_auto_complete_20260601
定年,この問題を理解するには、定年という観点から考えることが重要だ。,이 문제를 이해하려면 정년이라는 관점에서 생각하는 것이 중요하다.,generated_n1_auto_complete_20260601
定食,この問題を理解するには、定食という観点から考えることが重要だ。,이 문제를 이해하려면 정식이라는 관점에서 생각하는 것이 중요하다.,generated_n1_auto_complete_20260601
実家,この問題を理解するには、実家という観点から考えることが重要だ。,이 문제를 이해하려면 본가이라는 관점에서 생각하는 것이 중요하다.,generated_n1_auto_complete_20260601
実情,この問題を理解するには、実情という観点から考えることが重要だ。,이 문제를 이해하려면 실정이라는 관점에서 생각하는 것이 중요하다.,generated_n1_auto_complete_20260601
実態,この問題を理解するには、実態という観点から考えることが重要だ。,이 문제를 이해하려면 실태이라는 관점에서 생각하는 것이 중요하다.,generated_n1_auto_complete_20260601
実業家,この問題を理解するには、実業家という観点から考えることが重要だ。,이 문제를 이해하려면 실업가이라는 관점에서 생각하는 것이 중요하다.,generated_n1_auto_complete_20260601
実質,この問題を理解するには、実質という観点から考えることが重要だ。,이 문제를 이해하려면 실질이라는 관점에서 생각하는 것이 중요하다.,generated_n1_auto_complete_20260601
実践,この問題を理解するには、実践という観点から考えることが重要だ。,이 문제를 이해하려면 실천이라는 관점에서 생각하는 것이 중요하다.,generated_n1_auto_complete_20260601
客観,この問題を理解するには、客観という観点から考えることが重要だ。,이 문제를 이해하려면 객관이라는 관점에서 생각하는 것이 중요하다.,generated_n1_auto_complete_20260601
宣教,この問題を理解するには、宣教という観点から考えることが重要だ。,이 문제를 이해하려면 선교이라는 관점에서 생각하는 것이 중요하다.,generated_n1_auto_complete_20260601
宮殿,この問題を理解するには、宮殿という観点から考えることが重要だ。,이 문제를 이해하려면 궁전이라는 관점에서 생각하는 것이 중요하다.,generated_n1_auto_complete_20260601
家来,この問題を理解するには、家来という観点から考えることが重要だ。,이 문제를 이해하려면 가신이라는 관점에서 생각하는 것이 중요하다.,generated_n1_auto_complete_20260601
家畜,この問題を理解するには、家畜という観点から考えることが重要だ。,이 문제를 이해하려면 가축이라는 관점에서 생각하는 것이 중요하다.,generated_n1_auto_complete_20260601
家計,この問題を理解するには、家計という観点から考えることが重要だ。,이 문제를 이해하려면 가계이라는 관점에서 생각하는 것이 중요하다.,generated_n1_auto_complete_20260601
容認,この問題を理解するには、容認という観点から考えることが重要だ。,이 문제를 이해하려면 용인이라는 관점에서 생각하는 것이 중요하다.,generated_n1_auto_complete_20260601
宿命,この問題を理解するには、宿命という観点から考えることが重要だ。,이 문제를 이해하려면 숙명이라는 관점에서 생각하는 것이 중요하다.,generated_n1_auto_complete_20260601
寄与,この問題を理解するには、寄与という観点から考えることが重要だ。,이 문제를 이해하려면 기여이라는 관점에서 생각하는 것이 중요하다.,generated_n1_auto_complete_20260601
寄贈,この問題を理解するには、寄贈という観点から考えることが重要だ。,이 문제를 이해하려면 기증이라는 관점에서 생각하는 것이 중요하다.,generated_n1_auto_complete_20260601
密かな,その説明は密かなものではなく、追加の根拠を示す必要があった。,그 설명은 은밀한 조용한 것이 아니어서 추가 근거를 제시할 필요가 있었다.,generated_n1_auto_complete_20260601
密封,この問題を理解するには、密封という観点から考えることが重要だ。,이 문제를 이해하려면 밀봉이라는 관점에서 생각하는 것이 중요하다.,generated_n1_auto_complete_20260601
密度,この問題を理解するには、密度という観点から考えることが重要だ。,이 문제를 이해하려면 밀도이라는 관점에서 생각하는 것이 중요하다.,generated_n1_auto_complete_20260601
密輸,この問題を理解するには、密輸という観点から考えることが重要だ。,이 문제를 이해하려면 밀수이라는 관점에서 생각하는 것이 중요하다.,generated_n1_auto_complete_20260601
密集,この問題を理解するには、密集という観点から考えることが重要だ。,이 문제를 이해하려면 밀집이라는 관점에서 생각하는 것이 중요하다.,generated_n1_auto_complete_20260601
寛容な,その説明は寛容なものではなく、追加の根拠を示す必要があった。,그 설명은 관대한 것이 아니어서 추가 근거를 제시할 필요가 있었다.,generated_n1_auto_complete_20260601
察知,この問題を理解するには、察知という観点から考えることが重要だ。,이 문제를 이해하려면 감지이라는 관점에서 생각하는 것이 중요하다.,generated_n1_auto_complete_20260601
審査,この問題を理解するには、審査という観点から考えることが重要だ。,이 문제를 이해하려면 심사이라는 관점에서 생각하는 것이 중요하다.,generated_n1_auto_complete_20260601
対処,この問題を理解するには、対処という観点から考えることが重要だ。,이 문제를 이해하려면 대처이라는 관점에서 생각하는 것이 중요하다.,generated_n1_auto_complete_20260601
対応,この問題を理解するには、対応という観点から考えることが重要だ。,이 문제를 이해하려면 대응이라는 관점에서 생각하는 것이 중요하다.,generated_n1_auto_complete_20260601
対抗,この問題を理解するには、対抗という観点から考えることが重要だ。,이 문제를 이해하려면 대항이라는 관점에서 생각하는 것이 중요하다.,generated_n1_auto_complete_20260601
対比,この問題を理解するには、対比という観点から考えることが重要だ。,이 문제를 이해하려면 대비이라는 관점에서 생각하는 것이 중요하다.,generated_n1_auto_complete_20260601
対決,この問題を理解するには、対決という観点から考えることが重要だ。,이 문제를 이해하려면 대결이라는 관점에서 생각하는 것이 중요하다.,generated_n1_auto_complete_20260601
対等,この問題を理解するには、対等という観点から考えることが重要だ。,이 문제를 이해하려면 대등이라는 관점에서 생각하는 것이 중요하다.,generated_n1_auto_complete_20260601
対話,この問題を理解するには、対話という観点から考えることが重要だ。,이 문제를 이해하려면 대화이라는 관점에서 생각하는 것이 중요하다.,generated_n1_auto_complete_20260601
対談,この問題を理解するには、対談という観点から考えることが重要だ。,이 문제를 이해하려면 대담이라는 관점에서 생각하는 것이 중요하다.,generated_n1_auto_complete_20260601
対面,この問題を理解するには、対面という観点から考えることが重要だ。,이 문제를 이해하려면 대면이라는 관점에서 생각하는 것이 중요하다.,generated_n1_auto_complete_20260601
封建,この問題を理解するには、封建という観点から考えることが重要だ。,이 문제를 이해하려면 봉건이라는 관점에서 생각하는 것이 중요하다.,generated_n1_auto_complete_20260601
封鎖,この問題を理解するには、封鎖という観点から考えることが重要だ。,이 문제를 이해하려면 봉쇄이라는 관점에서 생각하는 것이 중요하다.,generated_n1_auto_complete_20260601
専修,この問題を理解するには、専修という観点から考えることが重要だ。,이 문제를 이해하려면 전공이라는 관점에서 생각하는 것이 중요하다.,generated_n1_auto_complete_20260601
専用,この問題を理解するには、専用という観点から考えることが重要だ。,이 문제를 이해하려면 전용이라는 관점에서 생각하는 것이 중요하다.,generated_n1_auto_complete_20260601
尊い・貴い,状況が尊い・貴い場合でも、感情に流されず冷静に判断しなければならない。,상황이 존귀하다 귀중하다 경우에도 감정에 휩쓸리지 말고 냉정하게 판단해야 한다.,generated_n1_auto_complete_20260601
導く,状況によっては、早めに導く判断も必要になる。,상황에 따라서는 일찍 이끌다 판단도 필요해진다.,generated_n1_auto_complete_20260601
導入,この問題を理解するには、導入という観点から考えることが重要だ。,이 문제를 이해하려면 도입이라는 관점에서 생각하는 것이 중요하다.,generated_n1_auto_complete_20260601
小児科,この問題を理解するには、小児科という観点から考えることが重要だ。,이 문제를 이해하려면 소아과이라는 관점에서 생각하는 것이 중요하다.,generated_n1_auto_complete_20260601
小銭,この問題を理解するには、小銭という観点から考えることが重要だ。,이 문제를 이해하려면 잔돈이라는 관점에서 생각하는 것이 중요하다.,generated_n1_auto_complete_20260601
就業,この問題を理解するには、就業という観点から考えることが重要だ。,이 문제를 이해하려면 취업이라는 관점에서 생각하는 것이 중요하다.,generated_n1_auto_complete_20260601
尽くす,状況によっては、早めに尽くす判断も必要になる。,상황에 따라서는 일찍 다하다 판단도 필요해진다.,generated_n1_auto_complete_20260601
局限,この問題を理解するには、局限という観点から考えることが重要だ。,이 문제를 이해하려면 국한이라는 관점에서 생각하는 것이 중요하다.,generated_n1_auto_complete_20260601
居住,この問題を理解するには、居住という観点から考えることが重要だ。,이 문제를 이해하려면 거주이라는 관점에서 생각하는 것이 중요하다.,generated_n1_auto_complete_20260601
屈折,この問題を理解するには、屈折という観点から考えることが重要だ。,이 문제를 이해하려면 굴절이라는 관점에서 생각하는 것이 중요하다.,generated_n1_auto_complete_20260601
展望,この問題を理解するには、展望という観点から考えることが重要だ。,이 문제를 이해하려면 전망이라는 관점에서 생각하는 것이 중요하다.,generated_n1_auto_complete_20260601
展開,この問題を理解するには、展開という観点から考えることが重要だ。,이 문제를 이해하려면 전개이라는 관점에서 생각하는 것이 중요하다.,generated_n1_auto_complete_20260601
履歴,この問題を理解するには、履歴という観点から考えることが重要だ。,이 문제를 이해하려면 이력이라는 관점에서 생각하는 것이 중요하다.,generated_n1_auto_complete_20260601
山脈,この問題を理解するには、山脈という観点から考えることが重要だ。,이 문제를 이해하려면 산맥이라는 관점에서 생각하는 것이 중요하다.,generated_n1_auto_complete_20260601
山腹,この問題を理解するには、山腹という観点から考えることが重要だ。,이 문제를 이해하려면 산허리이라는 관점에서 생각하는 것이 중요하다.,generated_n1_auto_complete_20260601
岩石,この問題を理解するには、岩石という観点から考えることが重要だ。,이 문제를 이해하려면 암석이라는 관점에서 생각하는 것이 중요하다.,generated_n1_auto_complete_20260601
崇拝,この問題を理解するには、崇拝という観点から考えることが重要だ。,이 문제를 이해하려면 숭배이라는 관점에서 생각하는 것이 중요하다.,generated_n1_auto_complete_20260601
崩れる,状況によっては、早めに崩れる判断も必要になる。,상황에 따라서는 일찍 무너지다 판단도 필요해진다.,generated_n1_auto_complete_20260601
崩壊,この問題を理解するには、崩壊という観点から考えることが重要だ。,이 문제를 이해하려면 붕괴이라는 관점에서 생각하는 것이 중요하다.,generated_n1_auto_complete_20260601
巡る,状況によっては、早めに巡る判断も必要になる。,상황에 따라서는 일찍 돌다 판단도 필요해진다.,generated_n1_auto_complete_20260601
巣,この問題を理解するには、巣という観点から考えることが重要だ。,이 문제를 이해하려면 둥지이라는 관점에서 생각하는 것이 중요하다.,generated_n1_auto_complete_20260601
工作,この問題を理解するには、工作という観点から考えることが重要だ。,이 문제를 이해하려면 공작이라는 관점에서 생각하는 것이 중요하다.,generated_n1_auto_complete_20260601
工夫,この問題を理解するには、工夫という観点から考えることが重要だ。,이 문제를 이해하려면 궁리이라는 관점에서 생각하는 것이 중요하다.,generated_n1_auto_complete_20260601
工学,この問題を理解するには、工学という観点から考えることが重要だ。,이 문제를 이해하려면 공학이라는 관점에서 생각하는 것이 중요하다.,generated_n1_auto_complete_20260601
工面,この問題を理解するには、工面という観点から考えることが重要だ。,이 문제를 이해하려면 돈 마련이라는 관점에서 생각하는 것이 중요하다.,generated_n1_auto_complete_20260601
巧みな,その説明は巧みなものではなく、追加の根拠を示す必要があった。,그 설명은 교묘한 능숙한 것이 아니어서 추가 근거를 제시할 필요가 있었다.,generated_n1_auto_complete_20260601
巧妙な,その説明は巧妙なものではなく、追加の根拠を示す必要があった。,그 설명은 교묘한 것이 아니어서 추가 근거를 제시할 필요가 있었다.,generated_n1_auto_complete_20260601
差し出す,状況によっては、早めに差し出す判断も必要になる。,상황에 따라서는 일찍 내밀다 제출하다 판단도 필요해진다.,generated_n1_auto_complete_20260601
差し支える,状況によっては、早めに差し支える判断も必要になる。,상황에 따라서는 일찍 지장이 있다 판단도 필요해진다.,generated_n1_auto_complete_20260601
差額,この問題を理解するには、差額という観点から考えることが重要だ。,이 문제를 이해하려면 차액이라는 관점에서 생각하는 것이 중요하다.,generated_n1_auto_complete_20260601
市場,この問題を理解するには、市場という観点から考えることが重要だ。,이 문제를 이해하려면 시장이라는 관점에서 생각하는 것이 중요하다.,generated_n1_auto_complete_20260601
市街,この問題を理解するには、市街という観点から考えることが重要だ。,이 문제를 이해하려면 시가지이라는 관점에서 생각하는 것이 중요하다.,generated_n1_auto_complete_20260601
布告,この問題を理解するには、布告という観点から考えることが重要だ。,이 문제를 이해하려면 포고이라는 관점에서 생각하는 것이 중요하다.,generated_n1_auto_complete_20260601
布巾,この問題を理解するには、布巾という観点から考えることが重要だ。,이 문제를 이해하려면 행주이라는 관점에서 생각하는 것이 중요하다.,generated_n1_auto_complete_20260601
帯びる,状況によっては、早めに帯びる判断も必要になる。,상황에 따라서는 일찍 띠다 판단도 필요해진다.,generated_n1_auto_complete_20260601
幅広い,状況が幅広い場合でも、感情に流されず冷静に判断しなければならない。,상황이 폭넓은 경우에도 감정에 휩쓸리지 말고 냉정하게 판단해야 한다.,generated_n1_auto_complete_20260601
平たい,状況が平たい場合でも、感情に流されず冷静に判断しなければならない。,상황이 평평하다 쉬운 표현이다 경우에도 감정에 휩쓸리지 말고 냉정하게 판단해야 한다.,generated_n1_auto_complete_20260601
平常,この問題を理解するには、平常という観点から考えることが重要だ。,이 문제를 이해하려면 평상이라는 관점에서 생각하는 것이 중요하다.,generated_n1_auto_complete_20260601
平方,この問題を理解するには、平方という観点から考えることが重要だ。,이 문제를 이해하려면 평방이라는 관점에서 생각하는 것이 중요하다.,generated_n1_auto_complete_20260601
平等な,その説明は平等なものではなく、追加の根拠を示す必要があった。,그 설명은 평등한 것이 아니어서 추가 근거를 제시할 필요가 있었다.,generated_n1_auto_complete_20260601
年号,この問題を理解するには、年号という観点から考えることが重要だ。,이 문제를 이해하려면 연호이라는 관점에서 생각하는 것이 중요하다.,generated_n1_auto_complete_20260601
年賀,この問題を理解するには、年賀という観点から考えることが重要だ。,이 문제를 이해하려면 연하이라는 관점에서 생각하는 것이 중요하다.,generated_n1_auto_complete_20260601
年輪,この問題を理解するには、年輪という観点から考えることが重要だ。,이 문제를 이해하려면 나이테이라는 관점에서 생각하는 것이 중요하다.,generated_n1_auto_complete_20260601
年鑑,この問題を理解するには、年鑑という観点から考えることが重要だ。,이 문제를 이해하려면 연감이라는 관점에서 생각하는 것이 중요하다.,generated_n1_auto_complete_20260601
年長,この問題を理解するには、年長という観点から考えることが重要だ。,이 문제를 이해하려면 연장이라는 관점에서 생각하는 것이 중요하다.,generated_n1_auto_complete_20260601
幾多,この問題を理解するには、幾多という観点から考えることが重要だ。,이 문제를 이해하려면 수많은이라는 관점에서 생각하는 것이 중요하다.,generated_n1_auto_complete_20260601
広大な,その説明は広大なものではなく、追加の根拠を示す必要があった。,그 설명은 광대한 것이 아니어서 추가 근거를 제시할 필요가 있었다.,generated_n1_auto_complete_20260601
座談会,この問題を理解するには、座談会という観点から考えることが重要だ。,이 문제를 이해하려면 좌담회이라는 관점에서 생각하는 것이 중요하다.,generated_n1_auto_complete_20260601
庶務,この問題を理解するには、庶務という観点から考えることが重要だ。,이 문제를 이해하려면 서무이라는 관점에서 생각하는 것이 중요하다.,generated_n1_auto_complete_20260601
庶民,この問題を理解するには、庶民という観点から考えることが重要だ。,이 문제를 이해하려면 서민이라는 관점에서 생각하는 것이 중요하다.,generated_n1_auto_complete_20260601
廃れる,状況によっては、早めに廃れる判断も必要になる。,상황에 따라서는 일찍 쇠퇴하다 판단도 필요해진다.,generated_n1_auto_complete_20260601
廃止,この問題を理解するには、廃止という観点から考えることが重要だ。,이 문제를 이해하려면 폐지이라는 관점에서 생각하는 것이 중요하다.,generated_n1_auto_complete_20260601
弁償,この問題を理解するには、弁償という観点から考えることが重要だ。,이 문제를 이해하려면 변상이라는 관점에서 생각하는 것이 중요하다.,generated_n1_auto_complete_20260601
弁解,この問題を理解するには、弁解という観点から考えることが重要だ。,이 문제를 이해하려면 변명이라는 관점에서 생각하는 것이 중요하다.,generated_n1_auto_complete_20260601
弁論,この問題を理解するには、弁論という観点から考えることが重要だ。,이 문제를 이해하려면 변론이라는 관점에서 생각하는 것이 중요하다.,generated_n1_auto_complete_20260601
弁護,この問題を理解するには、弁護という観点から考えることが重要だ。,이 문제를 이해하려면 변호이라는 관점에서 생각하는 것이 중요하다.,generated_n1_auto_complete_20260601
引きずる,状況によっては、早めに引きずる判断も必要になる。,상황에 따라서는 일찍 질질 끌다 판단도 필요해진다.,generated_n1_auto_complete_20260601
引き上げる,状況によっては、早めに引き上げる判断も必要になる。,상황에 따라서는 일찍 끌어올리다 인상하다 철수하다 판단도 필요해진다.,generated_n1_auto_complete_20260601
引き下げる,状況によっては、早めに引き下げる判断も必要になる。,상황에 따라서는 일찍 끌어내리다 인하하다 판단도 필요해진다.,generated_n1_auto_complete_20260601
引き取る,状況によっては、早めに引き取る判断も必要になる。,상황에 따라서는 일찍 인수하다 데려가다 물러나다 판단도 필요해진다.,generated_n1_auto_complete_20260601
引き止める,状況によっては、早めに引き止める判断も必要になる。,상황에 따라서는 일찍 만류하다 붙잡다 판단도 필요해진다.,generated_n1_auto_complete_20260601
引き継ぐ,状況によっては、早めに引き継ぐ判断も必要になる。,상황에 따라서는 일찍 이어받다 인계하다 판단도 필요해진다.,generated_n1_auto_complete_20260601
引き落とす,状況によっては、早めに引き落とす判断も必要になる。,상황에 따라서는 일찍 자동 이체하다 끌어내리다 판단도 필요해진다.,generated_n1_auto_complete_20260601
引き起こす,状況によっては、早めに引き起こす判断も必要になる。,상황에 따라서는 일찍 일으키다 초래하다 판단도 필요해진다.,generated_n1_auto_complete_20260601
強いる,状況によっては、早めに強いる判断も必要になる。,상황에 따라서는 일찍 강요하다 판단도 필요해진다.,generated_n1_auto_complete_20260601
強み,この問題を理解するには、強みという観点から考えることが重要だ。,이 문제를 이해하려면 강점이라는 관점에서 생각하는 것이 중요하다.,generated_n1_auto_complete_20260601
強制,この問題を理解するには、強制という観点から考えることが重要だ。,이 문제를 이해하려면 강제이라는 관점에서 생각하는 것이 중요하다.,generated_n1_auto_complete_20260601
強烈な,その説明は強烈なものではなく、追加の根拠を示す必要があった。,그 설명은 강렬한 것이 아니어서 추가 근거를 제시할 필요가 있었다.,generated_n1_auto_complete_20260601
強盗,この問題を理解するには、強盗という観点から考えることが重要だ。,이 문제를 이해하려면 강도이라는 관점에서 생각하는 것이 중요하다.,generated_n1_auto_complete_20260601
強硬な,その説明は強硬なものではなく、追加の根拠を示す必要があった。,그 설명은 강경한 것이 아니어서 추가 근거를 제시할 필요가 있었다.,generated_n1_auto_complete_20260601
強行,この問題を理解するには、強行という観点から考えることが重要だ。,이 문제를 이해하려면 강행이라는 관점에서 생각하는 것이 중요하다.,generated_n1_auto_complete_20260601
弾力,この問題を理解するには、弾力という観点から考えることが重要だ。,이 문제를 이해하려면 탄력이라는 관점에서 생각하는 것이 중요하다.,generated_n1_auto_complete_20260601
当てはめる,状況によっては、早めに当てはめる判断も必要になる。,상황에 따라서는 일찍 끼워 맞추다 판단도 필요해진다.,generated_n1_auto_complete_20260601
当人,この問題を理解するには、当人という観点から考えることが重要だ。,이 문제를 이해하려면 본인이라는 관점에서 생각하는 것이 중요하다.,generated_n1_auto_complete_20260601
当選,この問題を理解するには、当選という観点から考えることが重要だ。,이 문제를 이해하려면 당선이라는 관점에서 생각하는 것이 중요하다.,generated_n1_auto_complete_20260601
形勢,この問題を理解するには、形勢という観点から考えることが重要だ。,이 문제를 이해하려면 형세이라는 관점에서 생각하는 것이 중요하다.,generated_n1_auto_complete_20260601
形態,この問題を理解するには、形態という観点から考えることが重要だ。,이 문제를 이해하려면 형태이라는 관점에서 생각하는 것이 중요하다.,generated_n1_auto_complete_20260601
形成,この問題を理解するには、形成という観点から考えることが重要だ。,이 문제를 이해하려면 형성이라는 관점에서 생각하는 것이 중요하다.,generated_n1_auto_complete_20260601
征服,この問題を理解するには、征服という観点から考えることが重要だ。,이 문제를 이해하려면 정복이라는 관점에서 생각하는 것이 중요하다.,generated_n1_auto_complete_20260601
待ち遠しい,状況が待ち遠しい場合でも、感情に流されず冷静に判断しなければならない。,상황이 기다려지는 경우에도 감정에 휩쓸리지 말고 냉정하게 판단해야 한다.,generated_n1_auto_complete_20260601
待望,この問題を理解するには、待望という観点から考えることが重要だ。,이 문제를 이해하려면 대망이라는 관점에서 생각하는 것이 중요하다.,generated_n1_auto_complete_20260601
待遇,この問題を理解するには、待遇という観点から考えることが重要だ。,이 문제를 이해하려면 대우이라는 관점에서 생각하는 것이 중요하다.,generated_n1_auto_complete_20260601
後半,この問題を理解するには、後半という観点から考えることが重要だ。,이 문제를 이해하려면 후반이라는 관점에서 생각하는 것이 중요하다.,generated_n1_auto_complete_20260601
後退,この問題を理解するには、後退という観点から考えることが重要だ。,이 문제를 이해하려면 후퇴이라는 관점에서 생각하는 것이 중요하다.,generated_n1_auto_complete_20260601
徐行,この問題を理解するには、徐行という観点から考えることが重要だ。,이 문제를 이해하려면 서행이라는 관점에서 생각하는 것이 중요하다.,generated_n1_auto_complete_20260601
徒歩,この問題を理解するには、徒歩という観点から考えることが重要だ。,이 문제를 이해하려면 도보이라는 관점에서 생각하는 것이 중요하다.,generated_n1_auto_complete_20260601
従事,この問題を理解するには、従事という観点から考えることが重要だ。,이 문제를 이해하려면 종사이라는 관점에서 생각하는 것이 중요하다.,generated_n1_auto_complete_20260601
従業員,この問題を理解するには、従業員という観点から考えることが重要だ。,이 문제를 이해하려면 종업원이라는 관점에서 생각하는 것이 중요하다.,generated_n1_auto_complete_20260601
得点,この問題を理解するには、得点という観点から考えることが重要だ。,이 문제를 이해하려면 득점이라는 관점에서 생각하는 것이 중요하다.,generated_n1_auto_complete_20260601
復旧,この問題を理解するには、復旧という観点から考えることが重要だ。,이 문제를 이해하려면 복구이라는 관점에서 생각하는 것이 중요하다.,generated_n1_auto_complete_20260601
復活,この問題を理解するには、復活という観点から考えることが重要だ。,이 문제를 이해하려면 부활이라는 관점에서 생각하는 것이 중요하다.,generated_n1_auto_complete_20260601
復興,この問題を理解するには、復興という観点から考えることが重要だ。,이 문제를 이해하려면 부흥이라는 관점에서 생각하는 것이 중요하다.,generated_n1_auto_complete_20260601
微塵,この問題を理解するには、微塵という観点から考えることが重要だ。,이 문제를 이해하려면 미진이라는 관점에서 생각하는 것이 중요하다.,generated_n1_auto_complete_20260601
微妙,この問題を理解するには、微妙という観点から考えることが重要だ。,이 문제를 이해하려면 미묘이라는 관점에서 생각하는 것이 중요하다.,generated_n1_auto_complete_20260601
微妙な,その説明は微妙なものではなく、追加の根拠を示す必要があった。,그 설명은 미묘한 것이 아니어서 추가 근거를 제시할 필요가 있었다.,generated_n1_auto_complete_20260601
微小,この問題を理解するには、微小という観点から考えることが重要だ。,이 문제를 이해하려면 미소이라는 관점에서 생각하는 것이 중요하다.,generated_n1_auto_complete_20260601
微量,この問題を理解するには、微量という観点から考えることが重要だ。,이 문제를 이해하려면 미량이라는 관점에서 생각하는 것이 중요하다.,generated_n1_auto_complete_20260601
心中,この問題を理解するには、心中という観点から考えることが重要だ。,이 문제를 이해하려면 동반 자살이라는 관점에서 생각하는 것이 중요하다.,generated_n1_auto_complete_20260601
心地よい,状況が心地よい場合でも、感情に流されず冷静に判断しなければならない。,상황이 기분 좋은 경우에도 감정에 휩쓸리지 말고 냉정하게 판단해야 한다.,generated_n1_auto_complete_20260601
心強い,状況が心強い場合でも、感情に流されず冷静に判断しなければならない。,상황이 든든한 경우에도 감정에 휩쓸리지 말고 냉정하게 판단해야 한다.,generated_n1_auto_complete_20260601
心当たり,この問題を理解するには、心当たりという観点から考えることが重要だ。,이 문제를 이해하려면 짐작이라는 관점에서 생각하는 것이 중요하다.,generated_n1_auto_complete_20260601
心得,この問題を理解するには、心得という観点から考えることが重要だ。,이 문제를 이해하려면 소양이라는 관점에서 생각하는 것이 중요하다.,generated_n1_auto_complete_20260601
心情,この問題を理解するには、心情という観点から考えることが重要だ。,이 문제를 이해하려면 심정이라는 관점에서 생각하는 것이 중요하다.,generated_n1_auto_complete_20260601
心構え,この問題を理解するには、心構えという観点から考えることが重要だ。,이 문제를 이해하려면 마음가짐이라는 관점에서 생각하는 것이 중요하다.,generated_n1_auto_complete_20260601
心細い,状況が心細い場合でも、感情に流されず冷静に判断しなければならない。,상황이 불안한 경우에도 감정에 휩쓸리지 말고 냉정하게 판단해야 한다.,generated_n1_auto_complete_20260601
必修,この問題を理解するには、必修という観点から考えることが重要だ。,이 문제를 이해하려면 필수 이수이라는 관점에서 생각하는 것이 중요하다.,generated_n1_auto_complete_20260601
必然,この問題を理解するには、必然という観点から考えることが重要だ。,이 문제를 이해하려면 필연이라는 관점에서 생각하는 것이 중요하다.,generated_n1_auto_complete_20260601
忍耐,この問題を理解するには、忍耐という観点から考えることが重要だ。,이 문제를 이해하려면 인내이라는 관점에서 생각하는 것이 중요하다.,generated_n1_auto_complete_20260601
志す,状況によっては、早めに志す判断も必要になる。,상황에 따라서는 일찍 뜻하다 판단도 필요해진다.,generated_n1_auto_complete_20260601
志望,この問題を理解するには、志望という観点から考えることが重要だ。,이 문제를 이해하려면 지망이라는 관점에서 생각하는 것이 중요하다.,generated_n1_auto_complete_20260601
忘却,この問題を理解するには、忘却という観点から考えることが重要だ。,이 문제를 이해하려면 망각이라는 관점에서 생각하는 것이 중요하다.,generated_n1_auto_complete_20260601
応募,この問題を理解するには、応募という観点から考えることが重要だ。,이 문제를 이해하려면 응모 지원이라는 관점에서 생각하는 것이 중요하다.,generated_n1_auto_complete_20260601
応急,この問題を理解するには、応急という観点から考えることが重要だ。,이 문제를 이해하려면 응급이라는 관점에서 생각하는 것이 중요하다.,generated_n1_auto_complete_20260601
応援団,この問題を理解するには、応援団という観点から考えることが重要だ。,이 문제를 이해하려면 응원단이라는 관점에서 생각하는 것이 중요하다.,generated_n1_auto_complete_20260601
忠実な,その説明は忠実なものではなく、追加の根拠を示す必要があった。,그 설명은 충실한 것이 아니어서 추가 근거를 제시할 필요가 있었다.,generated_n1_auto_complete_20260601
快い,状況が快い場合でも、感情に流されず冷静に判断しなければならない。,상황이 쾌적한 경우에도 감정에 휩쓸리지 말고 냉정하게 판단해야 한다.,generated_n1_auto_complete_20260601
念頭,この問題を理解するには、念頭という観点から考えることが重要だ。,이 문제를 이해하려면 염두이라는 관점에서 생각하는 것이 중요하다.,generated_n1_auto_complete_20260601
念願,この問題を理解するには、念願という観点から考えることが重要だ。,이 문제를 이해하려면 염원이라는 관점에서 생각하는 것이 중요하다.,generated_n1_auto_complete_20260601
思い悩む,状況によっては、早めに思い悩む判断も必要になる。,상황에 따라서는 일찍 고민하다 괴로워하다 판단도 필요해진다.,generated_n1_auto_complete_20260601
思い立つ,状況によっては、早めに思い立つ判断も必要になる。,상황에 따라서는 일찍 마음먹다 결심하다 판단도 필요해진다.,generated_n1_auto_complete_20260601
思い詰める,状況によっては、早めに思い詰める判断も必要になる。,상황에 따라서는 일찍 골똘히 생각하다 몰아붙이다 판단도 필요해진다.,generated_n1_auto_complete_20260601
思い込む,状況によっては、早めに思い込む判断も必要になる。,상황에 따라서는 일찍 굳게 믿다 단정하다 판단도 필요해진다.,generated_n1_auto_complete_20260601
思い返す,状況によっては、早めに思い返す判断も必要になる。,상황에 따라서는 일찍 다시 생각하다 되돌아보다 판단도 필요해진다.,generated_n1_auto_complete_20260601
怠る,状況によっては、早めに怠る判断も必要になる。,상황에 따라서는 일찍 게을리하다 판단도 필요해진다.,generated_n1_auto_complete_20260601
怠慢な,その説明は怠慢なものではなく、追加の根拠を示す必要があった。,그 설명은 태만한 것이 아니어서 추가 근거를 제시할 필요가 있었다.,generated_n1_auto_complete_20260601
急カーブ,この問題を理解するには、急カーブという観点から考えることが重要だ。,이 문제를 이해하려면 급커브이라는 관점에서 생각하는 것이 중요하다.,generated_n1_auto_complete_20260601
急ブレーキ,この問題を理解するには、急ブレーキという観点から考えることが重要だ。,이 문제를 이해하려면 급브레이크이라는 관점에서 생각하는 것이 중요하다.,generated_n1_auto_complete_20260601
急増,この問題を理解するには、急増という観点から考えることが重要だ。,이 문제를 이해하려면 급증이라는 관점에서 생각하는 것이 중요하다.,generated_n1_auto_complete_20260601
急成長,この問題を理解するには、急成長という観点から考えることが重要だ。,이 문제를 이해하려면 급성장이라는 관점에서 생각하는 것이 중요하다.,generated_n1_auto_complete_20260601
急斜面,この問題を理解するには、急斜面という観点から考えることが重要だ。,이 문제를 이해하려면 급경사면이라는 관점에서 생각하는 것이 중요하다.,generated_n1_auto_complete_20260601
急降下,この問題を理解するには、急降下という観点から考えることが重要だ。,이 문제를 이해하려면 급강하이라는 관점에서 생각하는 것이 중요하다.,generated_n1_auto_complete_20260601
恋愛,この問題を理解するには、恋愛という観点から考えることが重要だ。,이 문제를 이해하려면 연애이라는 관점에서 생각하는 것이 중요하다.,generated_n1_auto_complete_20260601
悩ましい,状況が悩ましい場合でも、感情に流されず冷静に判断しなければならない。,상황이 고민스러운 경우에도 감정에 휩쓸리지 말고 냉정하게 판단해야 한다.,generated_n1_auto_complete_20260601
悪化,この問題を理解するには、悪化という観点から考えることが重要だ。,이 문제를 이해하려면 악화이라는 관점에서 생각하는 것이 중요하다.,generated_n1_auto_complete_20260601
悲観,この問題を理解するには、悲観という観点から考えることが重要だ。,이 문제를 이해하려면 비관이라는 관점에서 생각하는 것이 중요하다.,generated_n1_auto_complete_20260601
悲鳴,この問題を理解するには、悲鳴という観点から考えることが重要だ。,이 문제를 이해하려면 비명이라는 관점에서 생각하는 것이 중요하다.,generated_n1_auto_complete_20260601
情けない,状況が情けない場合でも、感情に流されず冷静に判断しなければならない。,상황이 한심한 경우에도 감정에 휩쓸리지 말고 냉정하게 판단해야 한다.,generated_n1_auto_complete_20260601
情け深い,状況が情け深い場合でも、感情に流されず冷静に判断しなければならない。,상황이 인정이 많다 자비롭다 경우에도 감정에 휩쓸리지 말고 냉정하게 판단해야 한다.,generated_n1_auto_complete_20260601
情勢,この問題を理解するには、情勢という観点から考えることが重要だ。,이 문제를 이해하려면 정세이라는 관점에서 생각하는 것이 중요하다.,generated_n1_auto_complete_20260601
情報誌,この問題を理解するには、情報誌という観点から考えることが重要だ。,이 문제를 이해하려면 정보지이라는 관점에서 생각하는 것이 중요하다.,generated_n1_auto_complete_20260601
情熱,この問題を理解するには、情熱という観点から考えることが重要だ。,이 문제를 이해하려면 정열이라는 관점에서 생각하는 것이 중요하다.,generated_n1_auto_complete_20260601
情緒,この問題を理解するには、情緒という観点から考えることが重要だ。,이 문제를 이해하려면 정서이라는 관점에서 생각하는 것이 중요하다.,generated_n1_auto_complete_20260601
惑星,この問題を理解するには、惑星という観点から考えることが重要だ。,이 문제를 이해하려면 행성이라는 관점에서 생각하는 것이 중요하다.,generated_n1_auto_complete_20260601
惜しむ,状況によっては、早めに惜しむ判断も必要になる。,상황에 따라서는 일찍 아까워하다 판단도 필요해진다.,generated_n1_auto_complete_20260601
想像上,この問題を理解するには、想像上という観点から考えることが重要だ。,이 문제를 이해하려면 상상상 상상 속이라는 관점에서 생각하는 것이 중요하다.,generated_n1_auto_complete_20260601
意向,この問題を理解するには、意向という観点から考えることが重要だ。,이 문제를 이해하려면 의향이라는 관점에서 생각하는 것이 중요하다.,generated_n1_auto_complete_20260601
意図,この問題を理解するには、意図という観点から考えることが重要だ。,이 문제를 이해하려면 의도이라는 관점에서 생각하는 것이 중요하다.,generated_n1_auto_complete_20260601
意地,この問題を理解するには、意地という観点から考えることが重要だ。,이 문제를 이해하려면 고집 심술이라는 관점에서 생각하는 것이 중요하다.,generated_n1_auto_complete_20260601
意欲,この問題を理解するには、意欲という観点から考えることが重要だ。,이 문제를 이해하려면 의욕이라는 관점에서 생각하는 것이 중요하다.,generated_n1_auto_complete_20260601
意気込み,この問題を理解するには、意気込みという観点から考えることが重要だ。,이 문제를 이해하려면 의욕이라는 관점에서 생각하는 것이 중요하다.,generated_n1_auto_complete_20260601
意義,この問題を理解するには、意義という観点から考えることが重要だ。,이 문제를 이해하려면 의의 의미이라는 관점에서 생각하는 것이 중요하다.,generated_n1_auto_complete_20260601
愚かな,その説明は愚かなものではなく、追加の根拠を示す必要があった。,그 설명은 어리석은 것이 아니어서 추가 근거를 제시할 필요가 있었다.,generated_n1_auto_complete_20260601
愛好,この問題を理解するには、愛好という観点から考えることが重要だ。,이 문제를 이해하려면 애호이라는 관점에서 생각하는 것이 중요하다.,generated_n1_auto_complete_20260601
愛着,この問題を理解するには、愛着という観点から考えることが重要だ。,이 문제를 이해하려면 애착이라는 관점에서 생각하는 것이 중요하다.,generated_n1_auto_complete_20260601
愛顧,この問題を理解するには、愛顧という観点から考えることが重要だ。,이 문제를 이해하려면 애고 단골로 아껴 줌이라는 관점에서 생각하는 것이 중요하다.,generated_n1_auto_complete_20260601
感度,この問題を理解するには、感度という観点から考えることが重要だ。,이 문제를 이해하려면 감도이라는 관점에서 생각하는 것이 중요하다.,generated_n1_auto_complete_20260601
感慨,この問題を理解するには、感慨という観点から考えることが重要だ。,이 문제를 이해하려면 감개이라는 관점에서 생각하는 것이 중요하다.,generated_n1_auto_complete_20260601
感染,この問題を理解するには、感染という観点から考えることが重要だ。,이 문제를 이해하려면 감염이라는 관점에서 생각하는 것이 중요하다.,generated_n1_auto_complete_20260601
感無量,この問題を理解するには、感無量という観点から考えることが重要だ。,이 문제를 이해하려면 감개무량이라는 관점에서 생각하는 것이 중요하다.,generated_n1_auto_complete_20260601
感触,この問題を理解するには、感触という観点から考えることが重要だ。,이 문제를 이해하려면 감촉이라는 관점에서 생각하는 것이 중요하다.,generated_n1_auto_complete_20260601
慎む,状況によっては、早めに慎む判断も必要になる。,상황에 따라서는 일찍 삼가다 판단도 필요해진다.,generated_n1_auto_complete_20260601
慎重な,その説明は慎重なものではなく、追加の根拠を示す必要があった。,그 설명은 신중한 것이 아니어서 추가 근거를 제시할 필요가 있었다.,generated_n1_auto_complete_20260601
慕う,状況によっては、早めに慕う判断も必要になる。,상황에 따라서는 일찍 사모하다 판단도 필요해진다.,generated_n1_auto_complete_20260601
慣例,この問題を理解するには、慣例という観点から考えることが重要だ。,이 문제를 이해하려면 관례이라는 관점에서 생각하는 것이 중요하다.,generated_n1_auto_complete_20260601
慣用,この問題を理解するには、慣用という観点から考えることが重要だ。,이 문제를 이해하려면 관용이라는 관점에서 생각하는 것이 중요하다.,generated_n1_auto_complete_20260601
慣習,この問題を理解するには、慣習という観点から考えることが重要だ。,이 문제를 이해하려면 관습이라는 관점에서 생각하는 것이 중요하다.,generated_n1_auto_complete_20260601
慣行,この問題を理解するには、慣行という観点から考えることが重要だ。,이 문제를 이해하려면 관행이라는 관점에서 생각하는 것이 중요하다.,generated_n1_auto_complete_20260601
憂鬱な,その説明は憂鬱なものではなく、追加の根拠を示す必要があった。,그 설명은 우울한 것이 아니어서 추가 근거를 제시할 필요가 있었다.,generated_n1_auto_complete_20260601
憤る,状況によっては、早めに憤る判断も必要になる。,상황에 따라서는 일찍 분개하다 판단도 필요해진다.,generated_n1_auto_complete_20260601
憤慨,この問題を理解するには、憤慨という観点から考えることが重要だ。,이 문제를 이해하려면 분개이라는 관점에서 생각하는 것이 중요하다.,generated_n1_auto_complete_20260601
憩い,状況が憩い場合でも、感情に流されず冷静に判断しなければならない。,상황이 휴식 경우에도 감정에 휩쓸리지 말고 냉정하게 판단해야 한다.,generated_n1_auto_complete_20260601
懸賞,この問題を理解するには、懸賞という観点から考えることが重要だ。,이 문제를 이해하려면 현상이라는 관점에서 생각하는 것이 중요하다.,generated_n1_auto_complete_20260601
成り立つ,状況によっては、早めに成り立つ判断も必要になる。,상황에 따라서는 일찍 성립되다 이루어지다 판단도 필요해진다.,generated_n1_auto_complete_20260601
成就,この問題を理解するには、成就という観点から考えることが重要だ。,이 문제를 이해하려면 성취이라는 관점에서 생각하는 것이 중요하다.,generated_n1_auto_complete_20260601
成年,この問題を理解するには、成年という観点から考えることが重要だ。,이 문제를 이해하려면 성년이라는 관점에서 생각하는 것이 중요하다.,generated_n1_auto_complete_20260601
成果,この問題を理解するには、成果という観点から考えることが重要だ。,이 문제를 이해하려면 성과이라는 관점에서 생각하는 것이 중요하다.,generated_n1_auto_complete_20260601
成熟,この問題を理解するには、成熟という観点から考えることが重要だ。,이 문제를 이해하려면 성숙이라는 관점에서 생각하는 것이 중요하다.,generated_n1_auto_complete_20260601
成育,この問題を理解するには、成育という観点から考えることが重要だ。,이 문제를 이해하려면 성장이라는 관점에서 생각하는 것이 중요하다.,generated_n1_auto_complete_20260601
成長,この問題を理解するには、成長という観点から考えることが重要だ。,이 문제를 이해하려면 성장이라는 관점에서 생각하는 것이 중요하다.,generated_n1_auto_complete_20260601
戒める,状況によっては、早めに戒める判断も必要になる。,상황에 따라서는 일찍 훈계하다 판단도 필요해진다.,generated_n1_auto_complete_20260601
戦力,この問題を理解するには、戦力という観点から考えることが重要だ。,이 문제를 이해하려면 전력이라는 관점에서 생각하는 것이 중요하다.,generated_n1_auto_complete_20260601
戦災,この問題を理解するには、戦災という観点から考えることが重要だ。,이 문제를 이해하려면 전재이라는 관점에서 생각하는 것이 중요하다.,generated_n1_auto_complete_20260601
戦術,この問題を理解するには、戦術という観点から考えることが重要だ。,이 문제를 이해하려면 전술이라는 관점에서 생각하는 것이 중요하다.,generated_n1_auto_complete_20260601
戦闘,この問題を理解するには、戦闘という観点から考えることが重要だ。,이 문제를 이해하려면 전투이라는 관점에서 생각하는 것이 중요하다.,generated_n1_auto_complete_20260601
戸籍,この問題を理解するには、戸籍という観点から考えることが重要だ。,이 문제를 이해하려면 호적이라는 관점에서 생각하는 것이 중요하다.,generated_n1_auto_complete_20260601
所在,この問題を理解するには、所在という観点から考えることが重要だ。,이 문제를 이해하려면 소재이라는 관점에서 생각하는 것이 중요하다.,generated_n1_auto_complete_20260601
所定,この問題を理解するには、所定という観点から考えることが重要だ。,이 문제를 이해하려면 소정이라는 관점에서 생각하는 것이 중요하다.,generated_n1_auto_complete_20260601
所属,この問題を理解するには、所属という観点から考えることが重要だ。,이 문제를 이해하려면 소속이라는 관점에서 생각하는 것이 중요하다.,generated_n1_auto_complete_20260601
所得,この問題を理解するには、所得という観点から考えることが重要だ。,이 문제를 이해하려면 소득이라는 관점에서 생각하는 것이 중요하다.,generated_n1_auto_complete_20260601
所持,この問題を理解するには、所持という観点から考えることが重要だ。,이 문제를 이해하려면 소지이라는 관점에서 생각하는 것이 중요하다.,generated_n1_auto_complete_20260601
所有,この問題を理解するには、所有という観点から考えることが重要だ。,이 문제를 이해하려면 소유이라는 관점에서 생각하는 것이 중요하다.,generated_n1_auto_complete_20260601
手がける,状況によっては、早めに手がける判断も必要になる。,상황에 따라서는 일찍 손수 다루다 맡다 판단도 필요해진다.,generated_n1_auto_complete_20260601
手当,この問題を理解するには、手当という観点から考えることが重要だ。,이 문제를 이해하려면 수당이라는 관점에서 생각하는 것이 중요하다.,generated_n1_auto_complete_20260601
手法,この問題を理解するには、手法という観点から考えることが重要だ。,이 문제를 이해하려면 수법이라는 관점에서 생각하는 것이 중요하다.,generated_n1_auto_complete_20260601
手立て,この問題を理解するには、手立てという観点から考えることが重要だ。,이 문제를 이해하려면 방도이라는 관점에서 생각하는 것이 중요하다.,generated_n1_auto_complete_20260601
手腕,この問題を理解するには、手腕という観点から考えることが重要だ。,이 문제를 이해하려면 수완이라는 관점에서 생각하는 것이 중요하다.,generated_n1_auto_complete_20260601
手芸,この問題を理解するには、手芸という観点から考えることが重要だ。,이 문제를 이해하려면 수예이라는 관점에서 생각하는 것이 중요하다.,generated_n1_auto_complete_20260601
手薄な,その説明は手薄なものではなく、追加の根拠を示す必要があった。,그 설명은 허술한 것이 아니어서 추가 근거를 제시할 필요가 있었다.,generated_n1_auto_complete_20260601
手軽な,その説明は手軽なものではなく、追加の根拠を示す必要があった。,그 설명은 간편한 것이 아니어서 추가 근거를 제시할 필요가 있었다.,generated_n1_auto_complete_20260601
手近な,その説明は手近なものではなく、追加の根拠を示す必要があった。,그 설명은 가까운 손쉬운 것이 아니어서 추가 근거를 제시할 필요가 있었다.,generated_n1_auto_complete_20260601
手配,この問題を理解するには、手配という観点から考えることが重要だ。,이 문제를 이해하려면 수배이라는 관점에서 생각하는 것이 중요하다.,generated_n1_auto_complete_20260601
手際,この問題を理解するには、手際という観点から考えることが重要だ。,이 문제를 이해하려면 솜씨 처리 능력이라는 관점에서 생각하는 것이 중요하다.,generated_n1_auto_complete_20260601
手順,この問題を理解するには、手順という観点から考えることが重要だ。,이 문제를 이해하려면 순서이라는 관점에서 생각하는 것이 중요하다.,generated_n1_auto_complete_20260601
打ち切る,状況によっては、早めに打ち切る判断も必要になる。,상황에 따라서는 일찍 중지하다 끝내다 판단도 필요해진다.,generated_n1_auto_complete_20260601
打ち明ける,状況によっては、早めに打ち明ける判断も必要になる。,상황에 따라서는 일찍 털어놓다 고백하다 판단도 필요해진다.,generated_n1_auto_complete_20260601
打ち込む,状況によっては、早めに打ち込む判断も必要になる。,상황에 따라서는 일찍 몰두하다 박아 넣다 판단도 필요해진다.,generated_n1_auto_complete_20260601
打撃,この問題を理解するには、打撃という観点から考えることが重要だ。,이 문제를 이해하려면 타격이라는 관점에서 생각하는 것이 중요하다.,generated_n1_auto_complete_20260601
打診,この問題を理解するには、打診という観点から考えることが重要だ。,이 문제를 이해하려면 타진이라는 관점에서 생각하는 것이 중요하다.,generated_n1_auto_complete_20260601
打開,この問題を理解するには、打開という観点から考えることが重要だ。,이 문제를 이해하려면 타개이라는 관점에서 생각하는 것이 중요하다.,generated_n1_auto_complete_20260601
承認,この問題を理解するには、承認という観点から考えることが重要だ。,이 문제를 이해하려면 승인이라는 관점에서 생각하는 것이 중요하다.,generated_n1_auto_complete_20260601
承諾,この問題を理解するには、承諾という観点から考えることが重要だ。,이 문제를 이해하려면 승낙이라는 관점에서 생각하는 것이 중요하다.,generated_n1_auto_complete_20260601
技能,この問題を理解するには、技能という観点から考えることが重要だ。,이 문제를 이해하려면 기능이라는 관점에서 생각하는 것이 중요하다.,generated_n1_auto_complete_20260601
把握,この問題を理解するには、把握という観点から考えることが重要だ。,이 문제를 이해하려면 파악이라는 관점에서 생각하는 것이 중요하다.,generated_n1_auto_complete_20260601
抑制,この問題を理解するには、抑制という観点から考えることが重要だ。,이 문제를 이해하려면 억제이라는 관점에서 생각하는 것이 중요하다.,generated_n1_auto_complete_20260601
抑圧,この問題を理解するには、抑圧という観点から考えることが重要だ。,이 문제를 이해하려면 억압이라는 관점에서 생각하는 것이 중요하다.,generated_n1_auto_complete_20260601
投入,この問題を理解するには、投入という観点から考えることが重要だ。,이 문제를 이해하려면 투입이라는 관점에서 생각하는 것이 중요하다.,generated_n1_auto_complete_20260601
抗争,この問題を理解するには、抗争という観点から考えることが重要だ。,이 문제를 이해하려면 항쟁이라는 관점에서 생각하는 것이 중요하다.,generated_n1_auto_complete_20260601
抗議,この問題を理解するには、抗議という観点から考えることが重要だ。,이 문제를 이해하려면 항의이라는 관점에서 생각하는 것이 중요하다.,generated_n1_auto_complete_20260601
折衷,この問題を理解するには、折衷という観点から考えることが重要だ。,이 문제를 이해하려면 절충이라는 관점에서 생각하는 것이 중요하다.,generated_n1_auto_complete_20260601
抜かす,状況によっては、早めに抜かす判断も必要になる。,상황에 따라서는 일찍 빠뜨리다 판단도 필요해진다.,generated_n1_auto_complete_20260601
抜粋,この問題を理解するには、抜粋という観点から考えることが重要だ。,이 문제를 이해하려면 발췌이라는 관점에서 생각하는 것이 중요하다.,generated_n1_auto_complete_20260601
抱える,状況によっては、早めに抱える判断も必要になる。,상황에 따라서는 일찍 끌어안다 판단도 필요해진다.,generated_n1_auto_complete_20260601
抱え込む,状況によっては、早めに抱え込む判断も必要になる。,상황에 따라서는 일찍 떠안다 끌어안다 판단도 필요해진다.,generated_n1_auto_complete_20260601
抱負,この問題を理解するには、抱負という観点から考えることが重要だ。,이 문제를 이해하려면 포부이라는 관점에서 생각하는 것이 중요하다.,generated_n1_auto_complete_20260601
抵抗,この問題を理解するには、抵抗という観点から考えることが重要だ。,이 문제를 이해하려면 저항이라는 관점에서 생각하는 것이 중요하다.,generated_n1_auto_complete_20260601
押し寄せる,状況によっては、早めに押し寄せる判断も必要になる。,상황에 따라서는 일찍 밀려오다 몰려오다 판단도 필요해진다.,generated_n1_auto_complete_20260601
押し込む,状況によっては、早めに押し込む判断も必要になる。,상황에 따라서는 일찍 밀어 넣다 강제로 들어가다 판단도 필요해진다.,generated_n1_auto_complete_20260601
抽象,この問題を理解するには、抽象という観点から考えることが重要だ。,이 문제를 이해하려면 추상이라는 관점에서 생각하는 것이 중요하다.,generated_n1_auto_complete_20260601
抽選,この問題を理解するには、抽選という観点から考えることが重要だ。,이 문제를 이해하려면 추첨이라는 관점에서 생각하는 것이 중요하다.,generated_n1_auto_complete_20260601
担う,状況によっては、早めに担う判断も必要になる。,상황에 따라서는 일찍 짊어지다 판단도 필요해진다.,generated_n1_auto_complete_20260601
担架,この問題を理解するには、担架という観点から考えることが重要だ。,이 문제를 이해하려면 들것이라는 관점에서 생각하는 것이 중요하다.,generated_n1_auto_complete_20260601
拒絶,この問題を理解するには、拒絶という観点から考えることが重要だ。,이 문제를 이해하려면 거절이라는 관점에서 생각하는 것이 중요하다.,generated_n1_auto_complete_20260601
拘束,この問題を理解するには、拘束という観点から考えることが重要だ。,이 문제를 이해하려면 구속이라는 관점에서 생각하는 것이 중요하다.,generated_n1_auto_complete_20260601
拝借,この問題を理解するには、拝借という観点から考えることが重要だ。,이 문제를 이해하려면 차용이라는 관점에서 생각하는 것이 중요하다.,generated_n1_auto_complete_20260601
拠点,この問題を理解するには、拠点という観点から考えることが重要だ。,이 문제를 이해하려면 거점이라는 관점에서 생각하는 것이 중요하다.,generated_n1_auto_complete_20260601
拡張,この問題を理解するには、拡張という観点から考えることが重要だ。,이 문제를 이해하려면 확장이라는 관점에서 생각하는 것이 중요하다.,generated_n1_auto_complete_20260601
拡散,この問題を理解するには、拡散という観点から考えることが重要だ。,이 문제를 이해하려면 확산이라는 관점에서 생각하는 것이 중요하다.,generated_n1_auto_complete_20260601
持続,この問題を理解するには、持続という観点から考えることが重要だ。,이 문제를 이해하려면 지속이라는 관점에서 생각하는 것이 중요하다.,generated_n1_auto_complete_20260601
指令,この問題を理解するには、指令という観点から考えることが重要だ。,이 문제를 이해하려면 지령이라는 관점에서 생각하는 것이 중요하다.,generated_n1_auto_complete_20260601
指図,この問題を理解するには、指図という観点から考えることが重要だ。,이 문제를 이해하려면 지시이라는 관점에서 생각하는 것이 중요하다.,generated_n1_auto_complete_20260601
指揮,この問題を理解するには、指揮という観点から考えることが重要だ。,이 문제를 이해하려면 지휘이라는 관점에서 생각하는 것이 중요하다.,generated_n1_auto_complete_20260601
指摘,この問題を理解するには、指摘という観点から考えることが重要だ。,이 문제를 이해하려면 지적이라는 관점에서 생각하는 것이 중요하다.,generated_n1_auto_complete_20260601
挑む,状況によっては、早めに挑む判断も必要になる。,상황에 따라서는 일찍 도전하다 판단도 필요해진다.,generated_n1_auto_complete_20260601
挑戦,この問題を理解するには、挑戦という観点から考えることが重要だ。,이 문제를 이해하려면 도전이라는 관점에서 생각하는 것이 중요하다.,generated_n1_auto_complete_20260601
振動,この問題を理解するには、振動という観点から考えることが重要だ。,이 문제를 이해하려면 진동이라는 관점에서 생각하는 것이 중요하다.,generated_n1_auto_complete_20260601
捕獲,この問題を理解するには、捕獲という観点から考えることが重要だ。,이 문제를 이해하려면 포획이라는 관점에서 생각하는 것이 중요하다.,generated_n1_auto_complete_20260601
捕虜,この問題を理解するには、捕虜という観点から考えることが重要だ。,이 문제를 이해하려면 포로이라는 관점에서 생각하는 것이 중요하다.,generated_n1_auto_complete_20260601
捕鯨,この問題を理解するには、捕鯨という観点から考えることが重要だ。,이 문제를 이해하려면 포경이라는 관점에서 생각하는 것이 중요하다.,generated_n1_auto_complete_20260601
授ける,状況によっては、早めに授ける判断も必要になる。,상황에 따라서는 일찍 수여하다 판단도 필요해진다.,generated_n1_auto_complete_20260601
排水,この問題を理解するには、排水という観点から考えることが重要だ。,이 문제를 이해하려면 배수이라는 관점에서 생각하는 것이 중요하다.,generated_n1_auto_complete_20260601
排除,この問題を理解するには、排除という観点から考えることが重要だ。,이 문제를 이해하려면 배제이라는 관점에서 생각하는 것이 중요하다.,generated_n1_auto_complete_20260601
採択,この問題を理解するには、採択という観点から考えることが重要だ。,이 문제를 이해하려면 채택이라는 관점에서 생각하는 것이 중요하다.,generated_n1_auto_complete_20260601
採掘,この問題を理解するには、採掘という観点から考えることが重要だ。,이 문제를 이해하려면 채굴이라는 관점에서 생각하는 것이 중요하다.,generated_n1_auto_complete_20260601
採決,この問題を理解するには、採決という観点から考えることが重要だ。,이 문제를 이해하려면 채결이라는 관점에서 생각하는 것이 중요하다.,generated_n1_auto_complete_20260601
採用,この問題を理解するには、採用という観点から考えることが重要だ。,이 문제를 이해하려면 채용이라는 관점에서 생각하는 것이 중요하다.,generated_n1_auto_complete_20260601
採集,この問題を理解するには、採集という観点から考えることが重要だ。,이 문제를 이해하려면 채집이라는 관점에서 생각하는 것이 중요하다.,generated_n1_auto_complete_20260601
接続詞,この問題を理解するには、接続詞という観点から考えることが重要だ。,이 문제를 이해하려면 접속사이라는 관점에서 생각하는 것이 중요하다.,generated_n1_auto_complete_20260601
接触,この問題を理解するには、接触という観点から考えることが重要だ。,이 문제를 이해하려면 접촉이라는 관점에서 생각하는 것이 중요하다.,generated_n1_auto_complete_20260601
控除,この問題を理解するには、控除という観点から考えることが重要だ。,이 문제를 이해하려면 공제이라는 관점에서 생각하는 것이 중요하다.,generated_n1_auto_complete_20260601
推測,この問題を理解するには、推測という観点から考えることが重要だ。,이 문제를 이해하려면 추측이라는 관점에서 생각하는 것이 중요하다.,generated_n1_auto_complete_20260601
推理,この問題を理解するには、推理という観点から考えることが重要だ。,이 문제를 이해하려면 추리이라는 관점에서 생각하는 것이 중요하다.,generated_n1_auto_complete_20260601
推進,この問題を理解するには、推進という観点から考えることが重要だ。,이 문제를 이해하려면 추진이라는 관점에서 생각하는 것이 중요하다.,generated_n1_auto_complete_20260601
掲載,この問題を理解するには、掲載という観点から考えることが重要だ。,이 문제를 이해하려면 게재이라는 관점에서 생각하는 것이 중요하다.,generated_n1_auto_complete_20260601
描写,この問題を理解するには、描写という観点から考えることが重要だ。,이 문제를 이해하려면 묘사이라는 관점에서 생각하는 것이 중요하다.,generated_n1_auto_complete_20260601
提供,この問題を理解するには、提供という観点から考えることが重要だ。,이 문제를 이해하려면 제공이라는 관점에서 생각하는 것이 중요하다.,generated_n1_auto_complete_20260601
提携,この問題を理解するには、提携という観点から考えることが重要だ。,이 문제를 이해하려면 제휴 제휴하다이라는 관점에서 생각하는 것이 중요하다.,generated_n1_auto_complete_20260601
提示,この問題を理解するには、提示という観点から考えることが重要だ。,이 문제를 이해하려면 제시이라는 관점에서 생각하는 것이 중요하다.,generated_n1_auto_complete_20260601
提起,この問題を理解するには、提起という観点から考えることが重要だ。,이 문제를 이해하려면 제기이라는 관점에서 생각하는 것이 중요하다.,generated_n1_auto_complete_20260601
換算,この問題を理解するには、換算という観点から考えることが重要だ。,이 문제를 이해하려면 환산이라는 관점에서 생각하는 것이 중요하다.,generated_n1_auto_complete_20260601
揺らぐ,状況によっては、早めに揺らぐ判断も必要になる。,상황에 따라서는 일찍 흔들리다 판단도 필요해진다.,generated_n1_auto_complete_20260601
損なう,状況によっては、早めに損なう判断も必要になる。,상황에 따라서는 일찍 해치다 판단도 필요해진다.,generated_n1_auto_complete_20260601
損失,この問題を理解するには、損失という観点から考えることが重要だ。,이 문제를 이해하려면 손실이라는 관점에서 생각하는 것이 중요하다.,generated_n1_auto_complete_20260601
搭載,この問題を理解するには、搭載という観点から考えることが重要だ。,이 문제를 이해하려면 탑재이라는 관점에서 생각하는 것이 중요하다.,generated_n1_auto_complete_20260601
携わる,状況によっては、早めに携わる判断も必要になる。,상황에 따라서는 일찍 종사하다 판단도 필요해진다.,generated_n1_auto_complete_20260601
摘出,この問題を理解するには、摘出という観点から考えることが重要だ。,이 문제를 이해하려면 적출이라는 관점에서 생각하는 것이 중요하다.,generated_n1_auto_complete_20260601
撤回,この問題を理解するには、撤回という観点から考えることが重要だ。,이 문제를 이해하려면 철회이라는 관점에서 생각하는 것이 중요하다.,generated_n1_auto_complete_20260601
操る,状況によっては、早めに操る判断も必要になる。,상황에 따라서는 일찍 조종하다 판단도 필요해진다.,generated_n1_auto_complete_20260601
操縦,この問題を理解するには、操縦という観点から考えることが重要だ。,이 문제를 이해하려면 조종이라는 관점에서 생각하는 것이 중요하다.,generated_n1_auto_complete_20260601
支持,この問題を理解するには、支持という観点から考えることが重要だ。,이 문제를 이해하려면 지지이라는 관점에서 생각하는 것이 중요하다.,generated_n1_auto_complete_20260601
支障,この問題を理解するには、支障という観点から考えることが重要だ。,이 문제를 이해하려면 지장이라는 관점에서 생각하는 것이 중요하다.,generated_n1_auto_complete_20260601
改まる,状況によっては、早めに改まる判断も必要になる。,상황에 따라서는 일찍 바뀌다 판단도 필요해진다.,generated_n1_auto_complete_20260601
改修,この問題を理解するには、改修という観点から考えることが重要だ。,이 문제를 이해하려면 개수이라는 관점에서 생각하는 것이 중요하다.,generated_n1_auto_complete_20260601
改定,この問題を理解するには、改定という観点から考えることが重要だ。,이 문제를 이해하려면 개정이라는 관점에서 생각하는 것이 중요하다.,generated_n1_auto_complete_20260601
改悪,この問題を理解するには、改悪という観点から考えることが重要だ。,이 문제를 이해하려면 개악이라는 관점에서 생각하는 것이 중요하다.,generated_n1_auto_complete_20260601
改良,この問題を理解するには、改良という観点から考えることが重要だ。,이 문제를 이해하려면 개량이라는 관점에서 생각하는 것이 중요하다.,generated_n1_auto_complete_20260601
改訂,この問題を理解するには、改訂という観点から考えることが重要だ。,이 문제를 이해하려면 개정이라는 관점에서 생각하는 것이 중요하다.,generated_n1_auto_complete_20260601
改革,この問題を理解するには、改革という観点から考えることが重要だ。,이 문제를 이해하려면 개혁이라는 관점에서 생각하는 것이 중요하다.,generated_n1_auto_complete_20260601
改革派,この問題を理解するには、改革派という観点から考えることが重要だ。,이 문제를 이해하려면 개혁파이라는 관점에서 생각하는 것이 중요하다.,generated_n1_auto_complete_20260601
放り込む,状況によっては、早めに放り込む判断も必要になる。,상황에 따라서는 일찍 던져 넣다 판단도 필요해진다.,generated_n1_auto_complete_20260601
放任,この問題を理解するには、放任という観点から考えることが重要だ。,이 문제를 이해하려면 방임이라는 관점에서 생각하는 것이 중요하다.,generated_n1_auto_complete_20260601
放出,この問題を理解するには、放出という観点から考えることが重要だ。,이 문제를 이해하려면 방출이라는 관점에서 생각하는 것이 중요하다.,generated_n1_auto_complete_20260601
放射,この問題を理解するには、放射という観点から考えることが重要だ。,이 문제를 이해하려면 방사이라는 관점에서 생각하는 것이 중요하다.,generated_n1_auto_complete_20260601
放射能,この問題を理解するには、放射能という観点から考えることが重要だ。,이 문제를 이해하려면 방사능이라는 관점에서 생각하는 것이 중요하다.,generated_n1_auto_complete_20260601
放棄,この問題を理解するには、放棄という観点から考えることが重要だ。,이 문제를 이해하려면 포기이라는 관점에서 생각하는 것이 중요하다.,generated_n1_auto_complete_20260601
放置,この問題を理解するには、放置という観点から考えることが重要だ。,이 문제를 이해하려면 방치이라는 관점에서 생각하는 것이 중요하다.,generated_n1_auto_complete_20260601
政府筋,この問題を理解するには、政府筋という観点から考えることが重要だ。,이 문제를 이해하려면 정부 소식통이라는 관점에서 생각하는 것이 중요하다.,generated_n1_auto_complete_20260601
政権,この問題を理解するには、政権という観点から考えることが重要だ。,이 문제를 이해하려면 정권이라는 관점에서 생각하는 것이 중요하다.,generated_n1_auto_complete_20260601
故人,この問題を理解するには、故人という観点から考えることが重要だ。,이 문제를 이해하려면 고인이라는 관점에서 생각하는 것이 중요하다.,generated_n1_auto_complete_20260601
故意に,彼は周囲の反応を確かめながら、故意に行動した。,그는 주변 반응을 확인하면서 고의로 행동했다.,generated_n1_auto_complete_20260601
救援,この問題を理解するには、救援という観点から考えることが重要だ。,이 문제를 이해하려면 구원이라는 관점에서 생각하는 것이 중요하다.,generated_n1_auto_complete_20260601
敗北,この問題を理解するには、敗北という観点から考えることが重要だ。,이 문제를 이해하려면 패배이라는 관점에서 생각하는 것이 중요하다.,generated_n1_auto_complete_20260601
敗戦,この問題を理解するには、敗戦という観点から考えることが重要だ。,이 문제를 이해하려면 패전이라는 관점에서 생각하는 것이 중요하다.,generated_n1_auto_complete_20260601
教材,この問題を理解するには、教材という観点から考えることが重要だ。,이 문제를 이해하려면 교재이라는 관점에서 생각하는 것이 중요하다.,generated_n1_auto_complete_20260601
教習,この問題を理解するには、教習という観点から考えることが重要だ。,이 문제를 이해하려면 교습이라는 관점에서 생각하는 것이 중요하다.,generated_n1_auto_complete_20260601
教職,この問題を理解するには、教職という観点から考えることが重要だ。,이 문제를 이해하려면 교직이라는 관점에서 생각하는 것이 중요하다.,generated_n1_auto_complete_20260601
教訓,この問題を理解するには、教訓という観点から考えることが重要だ。,이 문제를 이해하려면 교훈이라는 관점에서 생각하는 것이 중요하다.,generated_n1_auto_complete_20260601
敬具,この問題を理解するには、敬具という観点から考えることが重要だ。,이 문제를 이해하려면 경구이라는 관점에서 생각하는 것이 중요하다.,generated_n1_auto_complete_20260601
数詞,この問題を理解するには、数詞という観点から考えることが重要だ。,이 문제를 이해하려면 수사이라는 관점에서 생각하는 것이 중요하다.,generated_n1_auto_complete_20260601
整える,状況によっては、早めに整える判断も必要になる。,상황에 따라서는 일찍 정돈하다 판단도 필요해진다.,generated_n1_auto_complete_20260601
整列,この問題を理解するには、整列という観点から考えることが重要だ。,이 문제를 이해하려면 정렬이라는 관점에서 생각하는 것이 중요하다.,generated_n1_auto_complete_20260601
整然と,彼は周囲の反応を確かめながら、整然と行動した。,그는 주변 반응을 확인하면서 정연하게 행동했다.,generated_n1_auto_complete_20260601
文化財,この問題を理解するには、文化財という観点から考えることが重要だ。,이 문제를 이해하려면 문화재이라는 관점에서 생각하는 것이 중요하다.,generated_n1_auto_complete_20260601
文書,この問題を理解するには、文書という観点から考えることが重要だ。,이 문제를 이해하려면 문서이라는 관점에서 생각하는 것이 중요하다.,generated_n1_auto_complete_20260601
斡旋,この問題を理解するには、斡旋という観点から考えることが重要だ。,이 문제를 이해하려면 알선이라는 관점에서 생각하는 것이 중요하다.,generated_n1_auto_complete_20260601
断然,この問題を理解するには、断然という観点から考えることが重要だ。,이 문제를 이해하려면 단연이라는 관점에서 생각하는 것이 중요하다.,generated_n1_auto_complete_20260601
断言,この問題を理解するには、断言という観点から考えることが重要だ。,이 문제를 이해하려면 단언이라는 관점에서 생각하는 것이 중요하다.,generated_n1_auto_complete_20260601
新人,この問題を理解するには、新人という観点から考えることが重要だ。,이 문제를 이해하려면 신인이라는 관점에서 생각하는 것이 중요하다.,generated_n1_auto_complete_20260601
新入生,この問題を理解するには、新入生という観点から考えることが重要だ。,이 문제를 이해하려면 신입생이라는 관점에서 생각하는 것이 중요하다.,generated_n1_auto_complete_20260601
新婚,この問題を理解するには、新婚という観点から考えることが重要だ。,이 문제를 이해하려면 신혼이라는 관점에서 생각하는 것이 중요하다.,generated_n1_auto_complete_20260601
新築,この問題を理解するには、新築という観点から考えることが重要だ。,이 문제를 이해하려면 신축이라는 관점에서 생각하는 것이 중요하다.,generated_n1_auto_complete_20260601
新興,この問題を理解するには、新興という観点から考えることが重要だ。,이 문제를 이해하려면 신흥이라는 관점에서 생각하는 것이 중요하다.,generated_n1_auto_complete_20260601
方式,この問題を理解するには、方式という観点から考えることが重要だ。,이 문제를 이해하려면 방식이라는 관점에서 생각하는 것이 중요하다.,generated_n1_auto_complete_20260601
方策,この問題を理解するには、方策という観点から考えることが重要だ。,이 문제를 이해하려면 방책이라는 관점에서 생각하는 것이 중요하다.,generated_n1_auto_complete_20260601
施す,状況によっては、早めに施す判断も必要になる。,상황에 따라서는 일찍 베풀다 판단도 필요해진다.,generated_n1_auto_complete_20260601
施設,この問題を理解するには、施設という観点から考えることが重要だ。,이 문제를 이해하려면 시설이라는 관점에서 생각하는 것이 중요하다.,generated_n1_auto_complete_20260601
旅券,この問題を理解するには、旅券という観点から考えることが重要だ。,이 문제를 이해하려면 여권이라는 관점에서 생각하는 것이 중요하다.,generated_n1_auto_complete_20260601
旅客,この問題を理解するには、旅客という観点から考えることが重要だ。,이 문제를 이해하려면 여객이라는 관점에서 생각하는 것이 중요하다.,generated_n1_auto_complete_20260601
日夜,この問題を理解するには、日夜という観点から考えることが重要だ。,이 문제를 이해하려면 밤낮으로이라는 관점에서 생각하는 것이 중요하다.,generated_n1_auto_complete_20260601
旦那,この問題を理解するには、旦那という観点から考えることが重要だ。,이 문제를 이해하려면 남편이라는 관점에서 생각하는 것이 중요하다.,generated_n1_auto_complete_20260601
早急な,その説明は早急なものではなく、追加の根拠を示す必要があった。,그 설명은 시급한 것이 아니어서 추가 근거를 제시할 필요가 있었다.,generated_n1_auto_complete_20260601
昂奮,この問題を理解するには、昂奮という観点から考えることが重要だ。,이 문제를 이해하려면 흥분이라는 관점에서 생각하는 것이 중요하다.,generated_n1_auto_complete_20260601
昇進,この問題を理解するには、昇進という観点から考えることが重要だ。,이 문제를 이해하려면 승진이라는 관점에서 생각하는 것이 중요하다.,generated_n1_auto_complete_20260601
明白な,その説明は明白なものではなく、追加の根拠を示す必要があった。,그 설명은 명백한 것이 아니어서 추가 근거를 제시할 필요가 있었다.,generated_n1_auto_complete_20260601
明瞭な,その説明は明瞭なものではなく、追加の根拠を示す必要があった。,그 설명은 명료한 것이 아니어서 추가 근거를 제시할 필요가 있었다.,generated_n1_auto_complete_20260601
星座,この問題を理解するには、星座という観点から考えることが重要だ。,이 문제를 이해하려면 별자리이라는 관점에서 생각하는 것이 중요하다.,generated_n1_auto_complete_20260601
映像,この問題を理解するには、映像という観点から考えることが重要だ。,이 문제를 이해하려면 영상이라는 관점에서 생각하는 것이 중요하다.,generated_n1_auto_complete_20260601
是正,この問題を理解するには、是正という観点から考えることが重要だ。,이 문제를 이해하려면 시정이라는 관점에서 생각하는 것이 중요하다.,generated_n1_auto_complete_20260601
時刻表,この問題を理解するには、時刻表という観点から考えることが重要だ。,이 문제를 이해하려면 시간표이라는 관점에서 생각하는 것이 중요하다.,generated_n1_auto_complete_20260601
時差,この問題を理解するには、時差という観点から考えることが重要だ。,이 문제를 이해하려면 시차이라는 관점에서 생각하는 것이 중요하다.,generated_n1_auto_complete_20260601
晩年,この問題を理解するには、晩年という観点から考えることが重要だ。,이 문제를 이해하려면 만년이라는 관점에서 생각하는 것이 중요하다.,generated_n1_auto_complete_20260601
普遍,この問題を理解するには、普遍という観点から考えることが重要だ。,이 문제를 이해하려면 보편이라는 관점에서 생각하는 것이 중요하다.,generated_n1_auto_complete_20260601
晴天,この問題を理解するには、晴天という観点から考えることが重要だ。,이 문제를 이해하려면 맑은 날씨이라는 관점에서 생각하는 것이 중요하다.,generated_n1_auto_complete_20260601
暗殺,この問題を理解するには、暗殺という観点から考えることが重要だ。,이 문제를 이해하려면 암살이라는 관점에서 생각하는 것이 중요하다.,generated_n1_auto_complete_20260601
暗示,この問題を理解するには、暗示という観点から考えることが重要だ。,이 문제를 이해하려면 암시이라는 관점에서 생각하는 것이 중요하다.,generated_n1_auto_complete_20260601
暴力,この問題を理解するには、暴力という観点から考えることが重要だ。,이 문제를 이해하려면 폭력이라는 관점에서 생각하는 것이 중요하다.,generated_n1_auto_complete_20260601
暴動,この問題を理解するには、暴動という観点から考えることが重要だ。,이 문제를 이해하려면 폭동이라는 관점에서 생각하는 것이 중요하다.,generated_n1_auto_complete_20260601
暴風,この問題を理解するには、暴風という観点から考えることが重要だ。,이 문제를 이해하려면 폭풍이라는 관점에서 생각하는 것이 중요하다.,generated_n1_auto_complete_20260601
書評,この問題を理解するには、書評という観点から考えることが重要だ。,이 문제를 이해하려면 서평이라는 관점에서 생각하는 것이 중요하다.,generated_n1_auto_complete_20260601
最先端,この問題を理解するには、最先端という観点から考えることが重要だ。,이 문제를 이해하려면 최첨단이라는 관점에서 생각하는 것이 중요하다.,generated_n1_auto_complete_20260601
最善,この問題を理解するには、最善という観点から考えることが重要だ。,이 문제를 이해하려면 최선이라는 관점에서 생각하는 것이 중요하다.,generated_n1_auto_complete_20260601
最大級,この問題を理解するには、最大級という観点から考えることが重要だ。,이 문제를 이해하려면 최대급이라는 관점에서 생각하는 것이 중요하다.,generated_n1_auto_complete_20260601
最年少,この問題を理解するには、最年少という観点から考えることが重要だ。,이 문제를 이해하려면 최연소이라는 관점에서 생각하는 것이 중요하다.,generated_n1_auto_complete_20260601
最年長,この問題を理解するには、最年長という観点から考えることが重要だ。,이 문제를 이해하려면 최연장이라는 관점에서 생각하는 것이 중요하다.,generated_n1_auto_complete_20260601
最高値,この問題を理解するには、最高値という観点から考えることが重要だ。,이 문제를 이해하려면 최고가이라는 관점에서 생각하는 것이 중요하다.,generated_n1_auto_complete_20260601
最高潮,この問題を理解するには、最高潮という観点から考えることが重要だ。,이 문제를 이해하려면 최고조이라는 관점에서 생각하는 것이 중요하다.,generated_n1_auto_complete_20260601
有数,この問題を理解するには、有数という観点から考えることが重要だ。,이 문제를 이해하려면 유수이라는 관점에서 생각하는 것이 중요하다.,generated_n1_auto_complete_20260601
有機,この問題を理解するには、有機という観点から考えることが重要だ。,이 문제를 이해하려면 유기이라는 관점에서 생각하는 것이 중요하다.,generated_n1_auto_complete_20260601
有益な,その説明は有益なものではなく、追加の根拠を示す必要があった。,그 설명은 유익한 것이 아니어서 추가 근거를 제시할 필요가 있었다.,generated_n1_auto_complete_20260601
有識者,この問題を理解するには、有識者という観点から考えることが重要だ。,이 문제를 이해하려면 유식자 전문가이라는 관점에서 생각하는 것이 중요하다.,generated_n1_auto_complete_20260601
望ましい,状況が望ましい場合でも、感情に流されず冷静に判断しなければならない。,상황이 바람직한 경우에도 감정에 휩쓸리지 말고 냉정하게 판단해야 한다.,generated_n1_auto_complete_20260601
望む,状況によっては、早めに望む判断も必要になる。,상황에 따라서는 일찍 바라다 판단도 필요해진다.,generated_n1_auto_complete_20260601
期日,この問題を理解するには、期日という観点から考えることが重要だ。,이 문제를 이해하려면 기일이라는 관점에서 생각하는 것이 중요하다.,generated_n1_auto_complete_20260601
期末,この問題を理解するには、期末という観点から考えることが重要だ。,이 문제를 이해하려면 기말이라는 관점에서 생각하는 것이 중요하다.,generated_n1_auto_complete_20260601
期間内,この問題を理解するには、期間内という観点から考えることが重要だ。,이 문제를 이해하려면 기간 내이라는 관점에서 생각하는 것이 중요하다.,generated_n1_auto_complete_20260601
未婚,この問題を理解するには、未婚という観点から考えることが重要だ。,이 문제를 이해하려면 미혼이라는 관점에서 생각하는 것이 중요하다.,generated_n1_auto_complete_20260601
未定,この問題を理解するには、未定という観点から考えることが重要だ。,이 문제를 이해하려면 미정이라는 관점에서 생각하는 것이 중요하다.,generated_n1_auto_complete_20260601
未熟な,その説明は未熟なものではなく、追加の根拠を示す必要があった。,그 설명은 미숙한 것이 아니어서 추가 근거를 제시할 필요가 있었다.,generated_n1_auto_complete_20260601
未知,この問題を理解するには、未知という観点から考えることが重要だ。,이 문제를 이해하려면 미지이라는 관점에서 생각하는 것이 중요하다.,generated_n1_auto_complete_20260601
未練,この問題を理解するには、未練という観点から考えることが重要だ。,이 문제를 이해하려면 미련이라는 관점에서 생각하는 것이 중요하다.,generated_n1_auto_complete_20260601
未開,この問題を理解するには、未開という観点から考えることが重要だ。,이 문제를 이해하려면 미개이라는 관점에서 생각하는 것이 중요하다.,generated_n1_auto_complete_20260601
末期,この問題を理解するには、末期という観点から考えることが重要だ。,이 문제를 이해하려면 말기이라는 관점에서 생각하는 것이 중요하다.,generated_n1_auto_complete_20260601
本体,この問題を理解するには、本体という観点から考えることが重要だ。,이 문제를 이해하려면 본체이라는 관점에서 생각하는 것이 중요하다.,generated_n1_auto_complete_20260601
本分,この問題を理解するには、本分という観点から考えることが重要だ。,이 문제를 이해하려면 본분이라는 관점에서 생각하는 것이 중요하다.,generated_n1_auto_complete_20260601
本名,この問題を理解するには、本名という観点から考えることが重要だ。,이 문제를 이해하려면 본명이라는 관점에서 생각하는 것이 중요하다.,generated_n1_auto_complete_20260601
本国,この問題を理解するには、本国という観点から考えることが重要だ。,이 문제를 이해하려면 본국이라는 관점에서 생각하는 것이 중요하다.,generated_n1_auto_complete_20260601
本場,この問題を理解するには、本場という観点から考えることが重要だ。,이 문제를 이해하려면 본고장 본장이라는 관점에서 생각하는 것이 중요하다.,generated_n1_auto_complete_20260601
本性,この問題を理解するには、本性という観点から考えることが重要だ。,이 문제를 이해하려면 본성이라는 관점에서 생각하는 것이 중요하다.,generated_n1_auto_complete_20260601
本文,この問題を理解するには、本文という観点から考えることが重要だ。,이 문제를 이해하려면 본문이라는 관점에서 생각하는 것이 중요하다.,generated_n1_auto_complete_20260601
本格,この問題を理解するには、本格という観点から考えることが重要だ。,이 문제를 이해하려면 본격이라는 관점에서 생각하는 것이 중요하다.,generated_n1_auto_complete_20260601
本気,この問題を理解するには、本気という観点から考えることが重要だ。,이 문제를 이해하려면 진심이라는 관점에서 생각하는 것이 중요하다.,generated_n1_auto_complete_20260601
本能,この問題を理解するには、本能という観点から考えることが重要だ。,이 문제를 이해하려면 본능이라는 관점에서 생각하는 것이 중요하다.,generated_n1_auto_complete_20260601
本質,この問題を理解するには、本質という観点から考えることが重要だ。,이 문제를 이해하려면 본질이라는 관점에서 생각하는 것이 중요하다.,generated_n1_auto_complete_20260601
本音,この問題を理解するには、本音という観点から考えることが重要だ。,이 문제를 이해하려면 본심 속마음이라는 관점에서 생각하는 것이 중요하다.,generated_n1_auto_complete_20260601
本領,この問題を理解するには、本領という観点から考えることが重要だ。,이 문제를 이해하려면 본령 진가이라는 관점에서 생각하는 것이 중요하다.,generated_n1_auto_complete_20260601
本館,この問題を理解するには、本館という観点から考えることが重要だ。,이 문제를 이해하려면 본관이라는 관점에서 생각하는 것이 중요하다.,generated_n1_auto_complete_20260601
条約,この問題を理解するには、条約という観点から考えることが重要だ。,이 문제를 이해하려면 조약이라는 관점에서 생각하는 것이 중요하다.,generated_n1_auto_complete_20260601
来場,この問題を理解するには、来場という観点から考えることが重要だ。,이 문제를 이해하려면 입장이라는 관점에서 생각하는 것이 중요하다.,generated_n1_auto_complete_20260601
林業,この問題を理解するには、林業という観点から考えることが重要だ。,이 문제를 이해하려면 임업이라는 관점에서 생각하는 것이 중요하다.,generated_n1_auto_complete_20260601
果たす,状況によっては、早めに果たす判断も必要になる。,상황에 따라서는 일찍 완수하다 판단도 필요해진다.,generated_n1_auto_complete_20260601
枝,この問題を理解するには、枝という観点から考えることが重要だ。,이 문제를 이해하려면 가지이라는 관점에서 생각하는 것이 중요하다.,generated_n1_auto_complete_20260601
枠内,この問題を理解するには、枠内という観点から考えることが重要だ。,이 문제를 이해하려면 테두리 안이라는 관점에서 생각하는 것이 중요하다.,generated_n1_auto_complete_20260601
枯渇,この問題を理解するには、枯渇という観点から考えることが重要だ。,이 문제를 이해하려면 고갈이라는 관점에서 생각하는 것이 중요하다.,generated_n1_auto_complete_20260601
架空,この問題を理解するには、架空という観点から考えることが重要だ。,이 문제를 이해하려면 가공이라는 관점에서 생각하는 것이 중요하다.,generated_n1_auto_complete_20260601
柔軟な,その説明は柔軟なものではなく、追加の根拠を示す必要があった。,그 설명은 유연한 것이 아니어서 추가 근거를 제시할 필요가 있었다.,generated_n1_auto_complete_20260601
柔軟性,この問題を理解するには、柔軟性という観点から考えることが重要だ。,이 문제를 이해하려면 유연성이라는 관점에서 생각하는 것이 중요하다.,generated_n1_auto_complete_20260601
根底,この問題を理解するには、根底という観点から考えることが重要だ。,이 문제를 이해하려면 근저이라는 관점에서 생각하는 것이 중요하다.,generated_n1_auto_complete_20260601
根拠,この問題を理解するには、根拠という観点から考えることが重要だ。,이 문제를 이해하려면 근거이라는 관점에서 생각하는 것이 중요하다.,generated_n1_auto_complete_20260601
根本,この問題を理解するには、根本という観点から考えることが重要だ。,이 문제를 이해하려면 근본이라는 관점에서 생각하는 것이 중요하다.,generated_n1_auto_complete_20260601
根気,この問題を理解するには、根気という観点から考えることが重要だ。,이 문제를 이해하려면 끈기이라는 관점에서 생각하는 것이 중요하다.,generated_n1_auto_complete_20260601
格差,この問題を理解するには、格差という観点から考えることが重要だ。,이 문제를 이해하려면 격차이라는 관점에서 생각하는 것이 중요하다.,generated_n1_auto_complete_20260601
栽培,この問題を理解するには、栽培という観点から考えることが重要だ。,이 문제를 이해하려면 재배이라는 관점에서 생각하는 것이 중요하다.,generated_n1_auto_complete_20260601
棄権,この問題を理解するには、棄権という観点から考えることが重要だ。,이 문제를 이해하려면 기권이라는 관점에서 생각하는 것이 중요하다.,generated_n1_auto_complete_20260601
植民地,この問題を理解するには、植民地という観点から考えることが重要だ。,이 문제를 이해하려면 식민지이라는 관점에서 생각하는 것이 중요하다.,generated_n1_auto_complete_20260601
検事,この問題を理解するには、検事という観点から考えることが重要だ。,이 문제를 이해하려면 검사이라는 관점에서 생각하는 것이 중요하다.,generated_n1_auto_complete_20260601
業務,この問題を理解するには、業務という観点から考えることが重要だ。,이 문제를 이해하려면 업무이라는 관점에서 생각하는 것이 중요하다.,generated_n1_auto_complete_20260601
業者,この問題を理解するには、業者という観点から考えることが重要だ。,이 문제를 이해하려면 업자이라는 관점에서 생각하는 것이 중요하다.,generated_n1_auto_complete_20260601
極める,状況によっては、早めに極める判断も必要になる。,상황에 따라서는 일찍 극에 달하다 판단도 필요해진다.,generated_n1_auto_complete_20260601
極楽,この問題を理解するには、極楽という観点から考えることが重要だ。,이 문제를 이해하려면 극락이라는 관점에서 생각하는 것이 중요하다.,generated_n1_auto_complete_20260601
極限,この問題を理解するには、極限という観点から考えることが重要だ。,이 문제를 이해하려면 극한이라는 관점에서 생각하는 것이 중요하다.,generated_n1_auto_complete_20260601
楽譜,この問題を理解するには、楽譜という観点から考えることが重要だ。,이 문제를 이해하려면 악보이라는 관점에서 생각하는 것이 중요하다.,generated_n1_auto_complete_20260601
概略,この問題を理解するには、概略という観点から考えることが重要だ。,이 문제를 이해하려면 개략이라는 관점에서 생각하는 것이 중요하다.,generated_n1_auto_complete_20260601
構想,この問題を理解するには、構想という観点から考えることが重要だ。,이 문제를 이해하려면 구상이라는 관점에서 생각하는 것이 중요하다.,generated_n1_auto_complete_20260601
様式,この問題を理解するには、様式という観点から考えることが重要だ。,이 문제를 이해하려면 양식이라는 관점에서 생각하는 것이 중요하다.,generated_n1_auto_complete_20260601
様相,この問題を理解するには、様相という観点から考えることが重要だ。,이 문제를 이해하려면 양상이라는 관점에서 생각하는 것이 중요하다.,generated_n1_auto_complete_20260601
模倣,この問題を理解するには、模倣という観点から考えることが重要だ。,이 문제를 이해하려면 모방이라는 관점에서 생각하는 것이 중요하다.,generated_n1_auto_complete_20260601
模型,この問題を理解するには、模型という観点から考えることが重要だ。,이 문제를 이해하려면 모형이라는 관점에서 생각하는 것이 중요하다.,generated_n1_auto_complete_20260601
模範,この問題を理解するには、模範という観点から考えることが重要だ。,이 문제를 이해하려면 모범이라는 관점에서 생각하는 것이 중요하다.,generated_n1_auto_complete_20260601
模索,この問題を理解するには、模索という観点から考えることが重要だ。,이 문제를 이해하려면 모색이라는 관점에서 생각하는 것이 중요하다.,generated_n1_auto_complete_20260601
権力,この問題を理解するには、権力という観点から考えることが重要だ。,이 문제를 이해하려면 권력이라는 관점에서 생각하는 것이 중요하다.,generated_n1_auto_complete_20260601
権威,この問題を理解するには、権威という観点から考えることが重要だ。,이 문제를 이해하려면 권위이라는 관점에서 생각하는 것이 중요하다.,generated_n1_auto_complete_20260601
権限,この問題を理解するには、権限という観点から考えることが重要だ。,이 문제를 이해하려면 권한이라는 관점에서 생각하는 것이 중요하다.,generated_n1_auto_complete_20260601
樹木,この問題を理解するには、樹木という観点から考えることが重要だ。,이 문제를 이해하려면 수목이라는 관점에서 생각하는 것이 중요하다.,generated_n1_auto_complete_20260601
機構,この問題を理解するには、機構という観点から考えることが重要だ。,이 문제를 이해하려면 기구이라는 관점에서 생각하는 것이 중요하다.,generated_n1_auto_complete_20260601
機能,この問題を理解するには、機能という観点から考えることが重要だ。,이 문제를 이해하려면 기능이라는 관점에서 생각하는 것이 중요하다.,generated_n1_auto_complete_20260601
機関誌,この問題を理解するには、機関誌という観点から考えることが重要だ。,이 문제를 이해하려면 기관지이라는 관점에서 생각하는 것이 중요하다.,generated_n1_auto_complete_20260601
欠く,状況によっては、早めに欠く判断も必要になる。,상황에 따라서는 일찍 결여되다 판단도 필요해진다.,generated_n1_auto_complete_20260601
欲望,この問題を理解するには、欲望という観点から考えることが重要だ。,이 문제를 이해하려면 욕망이라는 관점에서 생각하는 것이 중요하다.,generated_n1_auto_complete_20260601
欲深い,状況が欲深い場合でも、感情に流されず冷静に判断しなければならない。,상황이 욕심이 많다 경우에도 감정에 휩쓸리지 말고 냉정하게 판단해야 한다.,generated_n1_auto_complete_20260601
欺く,状況によっては、早めに欺く判断も必要になる。,상황에 따라서는 일찍 속이다 판단도 필요해진다.,generated_n1_auto_complete_20260601
正体,この問題を理解するには、正体という観点から考えることが重要だ。,이 문제를 이해하려면 정체이라는 관점에서 생각하는 것이 중요하다.,generated_n1_auto_complete_20260601
正夢,この問題を理解するには、正夢という観点から考えることが重要だ。,이 문제를 이해하려면 현실이 된 꿈이라는 관점에서 생각하는 것이 중요하다.,generated_n1_auto_complete_20260601
正常な,その説明は正常なものではなく、追加の根拠を示す必要があった。,그 설명은 정상적인 것이 아니어서 추가 근거를 제시할 필요가 있었다.,generated_n1_auto_complete_20260601
正義,この問題を理解するには、正義という観点から考えることが重要だ。,이 문제를 이해하려면 정의이라는 관점에서 생각하는 것이 중요하다.,generated_n1_auto_complete_20260601
正解,この問題を理解するには、正解という観点から考えることが重要だ。,이 문제를 이해하려면 정답이라는 관점에서 생각하는 것이 중요하다.,generated_n1_auto_complete_20260601
武力,この問題を理解するには、武力という観点から考えることが重要だ。,이 문제를 이해하려면 무력이라는 관점에서 생각하는 것이 중요하다.,generated_n1_auto_complete_20260601
武装,この問題を理解するには、武装という観点から考えることが重要だ。,이 문제를 이해하려면 무장이라는 관점에서 생각하는 것이 중요하다.,generated_n1_auto_complete_20260601
歯科,この問題を理解するには、歯科という観点から考えることが重要だ。,이 문제를 이해하려면 치과이라는 관점에서 생각하는 것이 중요하다.,generated_n1_auto_complete_20260601
歴史上,この問題を理解するには、歴史上という観点から考えることが重要だ。,이 문제를 이해하려면 역사상이라는 관점에서 생각하는 것이 중요하다.,generated_n1_auto_complete_20260601
死刑,この問題を理解するには、死刑という観点から考えることが重要だ。,이 문제를 이해하려면 사형이라는 관점에서 생각하는 것이 중요하다.,generated_n1_auto_complete_20260601
残酷な,その説明は残酷なものではなく、追加の根拠を示す必要があった。,그 설명은 잔혹한 것이 아니어서 추가 근거를 제시할 필요가 있었다.,generated_n1_auto_complete_20260601
殺人,この問題を理解するには、殺人という観点から考えることが重要だ。,이 문제를 이해하려면 살인이라는 관점에서 생각하는 것이 중요하다.,generated_n1_auto_complete_20260601
殺菌,この問題を理解するには、殺菌という観点から考えることが重要だ。,이 문제를 이해하려면 살균이라는 관점에서 생각하는 것이 중요하다.,generated_n1_auto_complete_20260601
母国,この問題を理解するには、母国という観点から考えることが重要だ。,이 문제를 이해하려면 모국이라는 관점에서 생각하는 것이 중요하다.,generated_n1_auto_complete_20260601
母校,この問題を理解するには、母校という観点から考えることが重要だ。,이 문제를 이해하려면 모교이라는 관점에서 생각하는 것이 중요하다.,generated_n1_auto_complete_20260601
比例,この問題を理解するには、比例という観点から考えることが重要だ。,이 문제를 이해하려면 비례이라는 관점에서 생각하는 것이 중요하다.,generated_n1_auto_complete_20260601
比率,この問題を理解するには、比率という観点から考えることが重要だ。,이 문제를 이해하려면 비율이라는 관점에서 생각하는 것이 중요하다.,generated_n1_auto_complete_20260601
比重,この問題を理解するには、比重という観点から考えることが重要だ。,이 문제를 이해하려면 비중이라는 관점에서 생각하는 것이 중요하다.,generated_n1_auto_complete_20260601
民俗,この問題を理解するには、民俗という観点から考えることが重要だ。,이 문제를 이해하려면 민속이라는 관점에서 생각하는 것이 중요하다.,generated_n1_auto_complete_20260601
民宿,この問題を理解するには、民宿という観点から考えることが重要だ。,이 문제를 이해하려면 민박이라는 관점에서 생각하는 것이 중요하다.,generated_n1_auto_complete_20260601
民族,この問題を理解するには、民族という観点から考えることが重要だ。,이 문제를 이해하려면 민족이라는 관점에서 생각하는 것이 중요하다.,generated_n1_auto_complete_20260601
気まぐれな,その説明は気まぐれなものではなく、追加の根拠を示す必要があった。,그 설명은 변덕스러운 것이 아니어서 추가 근거를 제시할 필요가 있었다.,generated_n1_auto_complete_20260601
気品,この問題を理解するには、気品という観点から考えることが重要だ。,이 문제를 이해하려면 기품이라는 관점에서 생각하는 것이 중요하다.,generated_n1_auto_complete_20260601
気流,この問題を理解するには、気流という観点から考えることが重要だ。,이 문제를 이해하려면 기류이라는 관점에서 생각하는 것이 중요하다.,generated_n1_auto_complete_20260601
気象,この問題を理解するには、気象という観点から考えることが重要だ。,이 문제를 이해하려면 기상이라는 관점에서 생각하는 것이 중요하다.,generated_n1_auto_complete_20260601
気質,この問題を理解するには、気質という観点から考えることが重要だ。,이 문제를 이해하려면 기질이라는 관점에서 생각하는 것이 중요하다.,generated_n1_auto_complete_20260601
気風,この問題を理解するには、気風という観点から考えることが重要だ。,이 문제를 이해하려면 기풍이라는 관점에서 생각하는 것이 중요하다.,generated_n1_auto_complete_20260601
水源,この問題を理解するには、水源という観点から考えることが重要だ。,이 문제를 이해하려면 수원이라는 관점에서 생각하는 것이 중요하다.,generated_n1_auto_complete_20260601
水田,この問題を理解するには、水田という観点から考えることが重要だ。,이 문제를 이해하려면 논이라는 관점에서 생각하는 것이 중요하다.,generated_n1_auto_complete_20260601
氾濫,この問題を理解するには、氾濫という観点から考えることが重要だ。,이 문제를 이해하려면 범람이라는 관점에서 생각하는 것이 중요하다.,generated_n1_auto_complete_20260601
求める,状況によっては、早めに求める判断も必要になる。,상황에 따라서는 일찍 구하다 판단도 필요해진다.,generated_n1_auto_complete_20260601
汚らわしい,状況が汚らわしい場合でも、感情に流されず冷静に判断しなければならない。,상황이 더럽다 불결하다 경우에도 감정에 휩쓸리지 말고 냉정하게 판단해야 한다.,generated_n1_auto_complete_20260601
決勝,この問題を理解するには、決勝という観点から考えることが重要だ。,이 문제를 이해하려면 결승이라는 관점에서 생각하는 것이 중요하다.,generated_n1_auto_complete_20260601
決意,この問題を理解するには、決意という観点から考えることが重要だ。,이 문제를 이해하려면 결심이라는 관점에서 생각하는 것이 중요하다.,generated_n1_auto_complete_20260601
決断,この問題を理解するには、決断という観点から考えることが重要だ。,이 문제를 이해하려면 결단이라는 관점에서 생각하는 것이 중요하다.,generated_n1_auto_complete_20260601
決算,この問題を理解するには、決算という観点から考えることが重要だ。,이 문제를 이해하려면 결산이라는 관점에서 생각하는 것이 중요하다.,generated_n1_auto_complete_20260601
決行,この問題を理解するには、決行という観点から考えることが重要だ。,이 문제를 이해하려면 결행이라는 관점에서 생각하는 것이 중요하다.,generated_n1_auto_complete_20260601
決議,この問題を理解するには、決議という観点から考えることが重要だ。,이 문제를 이해하려면 결의이라는 관점에서 생각하는 것이 중요하다.,generated_n1_auto_complete_20260601
汽船,この問題を理解するには、汽船という観点から考えることが重要だ。,이 문제를 이해하려면 기선이라는 관점에서 생각하는 것이 중요하다.,generated_n1_auto_complete_20260601
沈殿,この問題を理解するには、沈殿という観点から考えることが重要だ。,이 문제를 이해하려면 침전이라는 관점에서 생각하는 것이 중요하다.,generated_n1_auto_complete_20260601
沈没,この問題を理解するには、沈没という観点から考えることが重要だ。,이 문제를 이해하려면 침몰이라는 관점에서 생각하는 것이 중요하다.,generated_n1_auto_complete_20260601
沈黙,この問題を理解するには、沈黙という観点から考えることが重要だ。,이 문제를 이해하려면 침묵이라는 관점에서 생각하는 것이 중요하다.,generated_n1_auto_complete_20260601
沖,この問題を理解するには、沖という観点から考えることが重要だ。,이 문제를 이해하려면 먼바다이라는 관점에서 생각하는 것이 중요하다.,generated_n1_auto_complete_20260601
没収,この問題を理解するには、没収という観点から考えることが重要だ。,이 문제를 이해하려면 몰수이라는 관점에서 생각하는 것이 중요하다.,generated_n1_auto_complete_20260601
没落,この問題を理解するには、没落という観点から考えることが重要だ。,이 문제를 이해하려면 몰락이라는 관점에서 생각하는 것이 중요하다.,generated_n1_auto_complete_20260601
没頭,この問題を理解するには、没頭という観点から考えることが重要だ。,이 문제를 이해하려면 몰두이라는 관점에서 생각하는 것이 중요하다.,generated_n1_auto_complete_20260601
沸騰,この問題を理解するには、沸騰という観点から考えることが重要だ。,이 문제를 이해하려면 비등이라는 관점에서 생각하는 것이 중요하다.,generated_n1_auto_complete_20260601
治安,この問題を理解するには、治安という観点から考えることが重要だ。,이 문제를 이해하려면 치안이라는 관점에서 생각하는 것이 중요하다.,generated_n1_auto_complete_20260601
治療,この問題を理解するには、治療という観点から考えることが重要だ。,이 문제를 이해하려면 치료이라는 관점에서 생각하는 것이 중요하다.,generated_n1_auto_complete_20260601
沿岸,この問題を理解するには、沿岸という観点から考えることが重要だ。,이 문제를 이해하려면 연안이라는 관점에서 생각하는 것이 중요하다.,generated_n1_auto_complete_20260601
沿線,この問題を理解するには、沿線という観点から考えることが重要だ。,이 문제를 이해하려면 노선 주변이라는 관점에서 생각하는 것이 중요하다.,generated_n1_auto_complete_20260601
法学,この問題を理解するには、法学という観点から考えることが重要だ。,이 문제를 이해하려면 법학이라는 관점에서 생각하는 것이 중요하다.,generated_n1_auto_complete_20260601
法廷,この問題を理解するには、法廷という観点から考えることが重要だ。,이 문제를 이해하려면 법정이라는 관점에서 생각하는 것이 중요하다.,generated_n1_auto_complete_20260601
法案,この問題を理解するには、法案という観点から考えることが重要だ。,이 문제를 이해하려면 법안이라는 관점에서 생각하는 것이 중요하다.,generated_n1_auto_complete_20260601
泥沼,この問題を理解するには、泥沼という観点から考えることが重要だ。,이 문제를 이해하려면 수렁이라는 관점에서 생각하는 것이 중요하다.,generated_n1_auto_complete_20260601
洋風,この問題を理解するには、洋風という観点から考えることが重要だ。,이 문제를 이해하려면 양풍이라는 관점에서 생각하는 것이 중요하다.,generated_n1_auto_complete_20260601
洪水,この問題を理解するには、洪水という観点から考えることが重要だ。,이 문제를 이해하려면 홍수이라는 관점에서 생각하는 것이 중요하다.,generated_n1_auto_complete_20260601
活発な,その説明は活発なものではなく、追加の根拠を示す必要があった。,그 설명은 활발한 것이 아니어서 추가 근거를 제시할 필요가 있었다.,generated_n1_auto_complete_20260601
流出,この問題を理解するには、流出という観点から考えることが重要だ。,이 문제를 이해하려면 유출이라는 관점에서 생각하는 것이 중요하다.,generated_n1_auto_complete_20260601
流通,この問題を理解するには、流通という観点から考えることが重要だ。,이 문제를 이해하려면 유통이라는 관점에서 생각하는 것이 중요하다.,generated_n1_auto_complete_20260601
浅ましい,状況が浅ましい場合でも、感情に流されず冷静に判断しなければならない。,상황이 비열하다 한심하다 경우에도 감정에 휩쓸리지 말고 냉정하게 판단해야 한다.,generated_n1_auto_complete_20260601
浜辺,この問題を理解するには、浜辺という観点から考えることが重要だ。,이 문제를 이해하려면 해변이라는 관점에서 생각하는 것이 중요하다.,generated_n1_auto_complete_20260601
浮力,この問題を理解するには、浮力という観点から考えることが重要だ。,이 문제를 이해하려면 부력이라는 관점에서 생각하는 것이 중요하다.,generated_n1_auto_complete_20260601
浴室,この問題を理解するには、浴室という観点から考えることが重要だ。,이 문제를 이해하려면 욕실이라는 관점에서 생각하는 것이 중요하다.,generated_n1_auto_complete_20260601
海抜,この問題を理解するには、海抜という観点から考えることが重要だ。,이 문제를 이해하려면 해발이라는 관점에서 생각하는 것이 중요하다.,generated_n1_auto_complete_20260601
海流,この問題を理解するには、海流という観点から考えることが重要だ。,이 문제를 이해하려면 해류이라는 관점에서 생각하는 것이 중요하다.,generated_n1_auto_complete_20260601
海路,この問題を理解するには、海路という観点から考えることが重要だ。,이 문제를 이해하려면 해로이라는 관점에서 생각하는 것이 중요하다.,generated_n1_auto_complete_20260601
海運,この問題を理解するには、海運という観点から考えることが重要だ。,이 문제를 이해하려면 해운이라는 관점에서 생각하는 것이 중요하다.,generated_n1_auto_complete_20260601
消去,この問題を理解するには、消去という観点から考えることが重要だ。,이 문제를 이해하려면 소거이라는 관점에서 생각하는 것이 중요하다.,generated_n1_auto_complete_20260601
消息,この問題を理解するには、消息という観点から考えることが重要だ。,이 문제를 이해하려면 소식이라는 관점에서 생각하는 것이 중요하다.,generated_n1_auto_complete_20260601
淡い,状況が淡い場合でも、感情に流されず冷静に判断しなければならない。,상황이 옅은 경우에도 감정에 휩쓸리지 말고 냉정하게 판단해야 한다.,generated_n1_auto_complete_20260601
混乱,この問題を理解するには、混乱という観点から考えることが重要だ。,이 문제를 이해하려면 혼란이라는 관점에서 생각하는 것이 중요하다.,generated_n1_auto_complete_20260601
混同,この問題を理解するには、混同という観点から考えることが重要だ。,이 문제를 이해하려면 혼동이라는 관점에서 생각하는 것이 중요하다.,generated_n1_auto_complete_20260601
混血,この問題を理解するには、混血という観点から考えることが重要だ。,이 문제를 이해하려면 혼혈이라는 관점에서 생각하는 것이 중요하다.,generated_n1_auto_complete_20260601
添付,この問題を理解するには、添付という観点から考えることが重要だ。,이 문제를 이해하려면 첨부이라는 관점에서 생각하는 것이 중요하다.,generated_n1_auto_complete_20260601
清らかな,その説明は清らかなものではなく、追加の根拠を示す必要があった。,그 설명은 맑고 깨끗한 것이 아니어서 추가 근거를 제시할 필요가 있었다.,generated_n1_auto_complete_20260601
清濁,この問題を理解するには、清濁という観点から考えることが重要だ。,이 문제를 이해하려면 청탁이라는 관점에서 생각하는 것이 중요하다.,generated_n1_auto_complete_20260601
清純な,その説明は清純なものではなく、追加の根拠を示す必要があった。,그 설명은 청순한 것이 아니어서 추가 근거를 제시할 필요가 있었다.,generated_n1_auto_complete_20260601
済ます,状況によっては、早めに済ます判断も必要になる。,상황에 따라서는 일찍 끝내다 판단도 필요해진다.,generated_n1_auto_complete_20260601
渋い,状況が渋い場合でも、感情に流されず冷静に判断しなければならない。,상황이 떫다 수수하다 경우에도 감정에 휩쓸리지 말고 냉정하게 판단해야 한다.,generated_n1_auto_complete_20260601
渋滞,この問題を理解するには、渋滞という観点から考えることが重要だ。,이 문제를 이해하려면 정체이라는 관점에서 생각하는 것이 중요하다.,generated_n1_auto_complete_20260601
減少,この問題を理解するには、減少という観点から考えることが重要だ。,이 문제를 이해하려면 감소이라는 관점에서 생각하는 것이 중요하다.,generated_n1_auto_complete_20260601
減点,この問題を理解するには、減点という観点から考えることが重要だ。,이 문제를 이해하려면 감점이라는 관점에서 생각하는 것이 중요하다.,generated_n1_auto_complete_20260601
温和な,その説明は温和なものではなく、追加の根拠を示す必要があった。,그 설명은 온화한 것이 아니어서 추가 근거를 제시할 필요가 있었다.,generated_n1_auto_complete_20260601
満たす,状況によっては、早めに満たす判断も必要になる。,상황에 따라서는 일찍 채우다 판단도 필요해진다.,generated_n1_auto_complete_20260601
満喫,この問題を理解するには、満喫という観点から考えることが重要だ。,이 문제를 이해하려면 만끽이라는 관점에서 생각하는 것이 중요하다.,generated_n1_auto_complete_20260601
満月,この問題を理解するには、満月という観点から考えることが重要だ。,이 문제를 이해하려면 보름달이라는 관점에서 생각하는 것이 중요하다.,generated_n1_auto_complete_20260601
満足感,この問題を理解するには、満足感という観点から考えることが重要だ。,이 문제를 이해하려면 만족감이라는 관점에서 생각하는 것이 중요하다.,generated_n1_auto_complete_20260601
源,この問題を理解するには、源という観点から考えることが重要だ。,이 문제를 이해하려면 근원이라는 관점에서 생각하는 것이 중요하다.,generated_n1_auto_complete_20260601
溶液,この問題を理解するには、溶液という観点から考えることが重要だ。,이 문제를 이해하려면 용액이라는 관점에서 생각하는 것이 중요하다.,generated_n1_auto_complete_20260601
滅亡,この問題を理解するには、滅亡という観点から考えることが重要だ。,이 문제를 이해하려면 멸망이라는 관점에서 생각하는 것이 중요하다.,generated_n1_auto_complete_20260601
滑らかな,その説明は滑らかなものではなく、追加の根拠を示す必要があった。,그 설명은 매끄러운 것이 아니어서 추가 근거를 제시할 필요가 있었다.,generated_n1_auto_complete_20260601
滑稽な,その説明は滑稽なものではなく、追加の根拠を示す必要があった。,그 설명은 우스꽝스러운 것이 아니어서 추가 근거를 제시할 필요가 있었다.,generated_n1_auto_complete_20260601
滞る,状況によっては、早めに滞る判断も必要になる。,상황에 따라서는 일찍 밀리다 판단도 필요해진다.,generated_n1_auto_complete_20260601
滞納,この問題を理解するには、滞納という観点から考えることが重要だ。,이 문제를 이해하려면 체납이라는 관점에서 생각하는 것이 중요하다.,generated_n1_auto_complete_20260601
漁村,この問題を理解するには、漁村という観点から考えることが重要だ。,이 문제를 이해하려면 어촌이라는 관점에서 생각하는 것이 중요하다.,generated_n1_auto_complete_20260601
演出,この問題を理解するには、演出という観点から考えることが重要だ。,이 문제를 이해하려면 연출이라는 관점에서 생각하는 것이 중요하다.,generated_n1_auto_complete_20260601
演出家,この問題を理解するには、演出家という観点から考えることが重要だ。,이 문제를 이해하려면 연출가이라는 관점에서 생각하는 것이 중요하다.,generated_n1_auto_complete_20260601
演技派,この問題を理解するには、演技派という観点から考えることが重要だ。,이 문제를 이해하려면 연기파이라는 관점에서 생각하는 것이 중요하다.,generated_n1_auto_complete_20260601
漠然と,彼は周囲の反応を確かめながら、漠然と行動した。,그는 주변 반응을 확인하면서 막연히 행동했다.,generated_n1_auto_complete_20260601
漢語,この問題を理解するには、漢語という観点から考えることが重要だ。,이 문제를 이해하려면 한어이라는 관점에서 생각하는 것이 중요하다.,generated_n1_auto_complete_20260601
潔い,状況が潔い場合でも、感情に流されず冷静に判断しなければならない。,상황이 깨끗한 경우에도 감정에 휩쓸리지 말고 냉정하게 판단해야 한다.,generated_n1_auto_complete_20260601
潜入,この問題を理解するには、潜入という観点から考えることが重要だ。,이 문제를 이해하려면 잠입이라는 관점에서 생각하는 것이 중요하다.,generated_n1_auto_complete_20260601
潜水,この問題を理解するには、潜水という観点から考えることが重要だ。,이 문제를 이해하려면 잠수이라는 관점에서 생각하는 것이 중요하다.,generated_n1_auto_complete_20260601
潤う,状況によっては、早めに潤う判断も必要になる。,상황에 따라서는 일찍 윤택해지다 판단도 필요해진다.,generated_n1_auto_complete_20260601
激励,この問題を理解するには、激励という観点から考えることが重要だ。,이 문제를 이해하려면 격려이라는 관점에서 생각하는 것이 중요하다.,generated_n1_auto_complete_20260601
火星,この問題を理解するには、火星という観点から考えることが重要だ。,이 문제를 이해하려면 화성이라는 관점에서 생각하는 것이 중요하다.,generated_n1_auto_complete_20260601
炭素,この問題を理解するには、炭素という観点から考えることが重要だ。,이 문제를 이해하려면 탄소이라는 관점에서 생각하는 것이 중요하다.,generated_n1_auto_complete_20260601
点検,この問題を理解するには、点検という観点から考えることが重要だ。,이 문제를 이해하려면 점검이라는 관점에서 생각하는 것이 중요하다.,generated_n1_auto_complete_20260601
点火,この問題を理解するには、点火という観点から考えることが重要だ。,이 문제를 이해하려면 점화이라는 관점에서 생각하는 것이 중요하다.,generated_n1_auto_complete_20260601
点線,この問題を理解するには、点線という観点から考えることが重要だ。,이 문제를 이해하려면 점선이라는 관점에서 생각하는 것이 중요하다.,generated_n1_auto_complete_20260601
無免許,この問題を理解するには、無免許という観点から考えることが重要だ。,이 문제를 이해하려면 무면허이라는 관점에서 생각하는 것이 중요하다.,generated_n1_auto_complete_20260601
無制限,この問題を理解するには、無制限という観点から考えることが重要だ。,이 문제를 이해하려면 무제한이라는 관점에서 생각하는 것이 중요하다.,generated_n1_auto_complete_20260601
無念な,その説明は無念なものではなく、追加の根拠を示す必要があった。,그 설명은 분한 것이 아니어서 추가 근거를 제시할 필요가 있었다.,generated_n1_auto_complete_20260601
無性に,彼は周囲の反応を確かめながら、無性に行動した。,그는 주변 반응을 확인하면서 몹시 행동했다.,generated_n1_auto_complete_20260601
無意味,この問題を理解するには、無意味という観点から考えることが重要だ。,이 문제를 이해하려면 무의미이라는 관점에서 생각하는 것이 중요하다.,generated_n1_auto_complete_20260601
無断,この問題を理解するには、無断という観点から考えることが重要だ。,이 문제를 이해하려면 무단이라는 관점에서 생각하는 것이 중요하다.,generated_n1_auto_complete_20260601
無条件,この問題を理解するには、無条件という観点から考えることが重要だ。,이 문제를 이해하려면 무조건이라는 관점에서 생각하는 것이 중요하다.,generated_n1_auto_complete_20260601
無添加,この問題を理解するには、無添加という観点から考えることが重要だ。,이 문제를 이해하려면 무첨가이라는 관점에서 생각하는 것이 중요하다.,generated_n1_auto_complete_20260601
無用な,その説明は無用なものではなく、追加の根拠を示す必要があった。,그 설명은 쓸모없는 것이 아니어서 추가 근거를 제시할 필요가 있었다.,generated_n1_auto_complete_20260601
無知な,その説明は無知なものではなく、追加の根拠を示す必要があった。,그 설명은 무지한 것이 아니어서 추가 근거를 제시할 필요가 있었다.,generated_n1_auto_complete_20260601
無礼な,その説明は無礼なものではなく、追加の根拠を示す必要があった。,그 설명은 무례한 것이 아니어서 추가 근거를 제시할 필요가 있었다.,generated_n1_auto_complete_20260601
無神経,この問題を理解するには、無神経という観点から考えることが重要だ。,이 문제를 이해하려면 무신경이라는 관점에서 생각하는 것이 중요하다.,generated_n1_auto_complete_20260601
無線,この問題を理解するには、無線という観点から考えることが重要だ。,이 문제를 이해하려면 무선이라는 관점에서 생각하는 것이 중요하다.,generated_n1_auto_complete_20260601
無茶苦茶,この問題を理解するには、無茶苦茶という観点から考えることが重要だ。,이 문제를 이해하려면 엉망진창이라는 관점에서 생각하는 것이 중요하다.,generated_n1_auto_complete_20260601
無言,この問題を理解するには、無言という観点から考えることが重要だ。,이 문제를 이해하려면 무언이라는 관점에서 생각하는 것이 중요하다.,generated_n1_auto_complete_20260601
無記名,この問題を理解するには、無記名という観点から考えることが重要だ。,이 문제를 이해하려면 무기명이라는 관점에서 생각하는 것이 중요하다.,generated_n1_auto_complete_20260601
無論,この問題を理解するには、無論という観点から考えることが重要だ。,이 문제를 이해하려면 물론이라는 관점에서 생각하는 것이 중요하다.,generated_n1_auto_complete_20260601
無責任,この問題を理解するには、無責任という観点から考えることが重要だ。,이 문제를 이해하려면 무책임이라는 관점에서 생각하는 것이 중요하다.,generated_n1_auto_complete_20260601
無造作な,その説明は無造作なものではなく、追加の根拠を示す必要があった。,그 설명은 무심한 것이 아니어서 추가 근거를 제시할 필요가 있었다.,generated_n1_auto_complete_20260601
無邪気,この問題を理解するには、無邪気という観点から考えることが重要だ。,이 문제를 이해하려면 천진난만이라는 관점에서 생각하는 것이 중요하다.,generated_n1_auto_complete_20260601
無関心,この問題を理解するには、無関心という観点から考えることが重要だ。,이 문제를 이해하려면 무관심이라는 관점에서 생각하는 것이 중요하다.,generated_n1_auto_complete_20260601
照合,この問題を理解するには、照合という観点から考えることが重要だ。,이 문제를 이해하려면 대조이라는 관점에서 생각하는 것이 중요하다.,generated_n1_auto_complete_20260601
照明,この問題を理解するには、照明という観点から考えることが重要だ。,이 문제를 이해하려면 조명이라는 관점에서 생각하는 것이 중요하다.,generated_n1_auto_complete_20260601
煩雑な,その説明は煩雑なものではなく、追加の根拠を示す必要があった。,그 설명은 번잡한 것이 아니어서 추가 근거를 제시할 필요가 있었다.,generated_n1_auto_complete_20260601
熱意,この問題を理解するには、熱意という観点から考えることが重要だ。,이 문제를 이해하려면 열의이라는 관점에서 생각하는 것이 중요하다.,generated_n1_auto_complete_20260601
熱湯,この問題を理解するには、熱湯という観点から考えることが重要だ。,이 문제를 이해하려면 끓는 물이라는 관점에서 생각하는 것이 중요하다.,generated_n1_auto_complete_20260601
熱量,この問題を理解するには、熱量という観点から考えることが重要だ。,이 문제를 이해하려면 열량이라는 관점에서 생각하는 것이 중요하다.,generated_n1_auto_complete_20260601
燃料,この問題を理解するには、燃料という観点から考えることが重要だ。,이 문제를 이해하려면 연료이라는 관점에서 생각하는 것이 중요하다.,generated_n1_auto_complete_20260601
燃焼,この問題を理解するには、燃焼という観点から考えることが重要だ。,이 문제를 이해하려면 연소이라는 관점에서 생각하는 것이 중요하다.,generated_n1_auto_complete_20260601
爆弾,この問題を理解するには、爆弾という観点から考えることが重要だ。,이 문제를 이해하려면 폭탄이라는 관점에서 생각하는 것이 중요하다.,generated_n1_auto_complete_20260601
版画,この問題を理解するには、版画という観点から考えることが重要だ。,이 문제를 이해하려면 판화이라는 관점에서 생각하는 것이 중요하다.,generated_n1_auto_complete_20260601
牧師,この問題を理解するには、牧師という観点から考えることが重要だ。,이 문제를 이해하려면 목사이라는 관점에서 생각하는 것이 중요하다.,generated_n1_auto_complete_20260601
物事,この問題を理解するには、物事という観点から考えることが重要だ。,이 문제를 이해하려면 사물이라는 관점에서 생각하는 것이 중요하다.,generated_n1_auto_complete_20260601
物体,この問題を理解するには、物体という観点から考えることが重要だ。,이 문제를 이해하려면 물체이라는 관점에서 생각하는 것이 중요하다.,generated_n1_auto_complete_20260601
物好きな,その説明は物好きなものではなく、追加の根拠を示す必要があった。,그 설명은 호기심 많은 별난 것이 아니어서 추가 근거를 제시할 필요가 있었다.,generated_n1_auto_complete_20260601
物議,この問題を理解するには、物議という観点から考えることが重要だ。,이 문제를 이해하려면 물의이라는 관점에서 생각하는 것이 중요하다.,generated_n1_auto_complete_20260601
物資,この問題を理解するには、物資という観点から考えることが重要だ。,이 문제를 이해하려면 물자이라는 관점에서 생각하는 것이 중요하다.,generated_n1_auto_complete_20260601
物足りない,状況が物足りない場合でも、感情に流されず冷静に判断しなければならない。,상황이 부족하다 아쉽다 경우에도 감정에 휩쓸리지 말고 냉정하게 판단해야 한다.,generated_n1_auto_complete_20260601
特性,この問題を理解するには、特性という観点から考えることが重要だ。,이 문제를 이해하려면 특성이라는 관점에서 생각하는 것이 중요하다.,generated_n1_auto_complete_20260601
特技,この問題を理解するには、特技という観点から考えることが重要だ。,이 문제를 이해하려면 특기이라는 관점에서 생각하는 것이 중요하다.,generated_n1_auto_complete_20260601
特有,この問題を理解するには、特有という観点から考えることが重要だ。,이 문제를 이해하려면 특유이라는 관점에서 생각하는 것이 중요하다.,generated_n1_auto_complete_20260601
特権,この問題を理解するには、特権という観点から考えることが重要だ。,이 문제를 이해하려면 특권이라는 관점에서 생각하는 것이 중요하다.,generated_n1_auto_complete_20260601
特産,この問題を理解するには、特産という観点から考えることが重要だ。,이 문제를 이해하려면 특산이라는 관점에서 생각하는 것이 중요하다.,generated_n1_auto_complete_20260601
特設,この問題を理解するには、特設という観点から考えることが重要だ。,이 문제를 이해하려면 특설이라는 관점에서 생각하는 것이 중요하다.,generated_n1_auto_complete_20260601
特許,この問題を理解するには、特許という観点から考えることが重要だ。,이 문제를 이해하려면 특허이라는 관점에서 생각하는 것이 중요하다.,generated_n1_auto_complete_20260601
特許権,この問題を理解するには、特許権という観点から考えることが重要だ。,이 문제를 이해하려면 특허권이라는 관점에서 생각하는 것이 중요하다.,generated_n1_auto_complete_20260601
犠牲,この問題を理解するには、犠牲という観点から考えることが重要だ。,이 문제를 이해하려면 희생이라는 관점에서 생각하는 것이 중요하다.,generated_n1_auto_complete_20260601
犯す,状況によっては、早めに犯す判断も必要になる。,상황에 따라서는 일찍 범하다 판단도 필요해진다.,generated_n1_auto_complete_20260601
狙い,状況が狙い場合でも、感情に流されず冷静に判断しなければならない。,상황이 노림 경우에도 감정에 휩쓸리지 말고 냉정하게 판단해야 한다.,generated_n1_auto_complete_20260601
独創,この問題を理解するには、独創という観点から考えることが重要だ。,이 문제를 이해하려면 독창이라는 관점에서 생각하는 것이 중요하다.,generated_n1_auto_complete_20260601
独占,この問題を理解するには、独占という観点から考えることが重要だ。,이 문제를 이해하려면 독점이라는 관점에서 생각하는 것이 중요하다.,generated_n1_auto_complete_20260601
独自,この問題を理解するには、独自という観点から考えることが重要だ。,이 문제를 이해하려면 독자이라는 관점에서 생각하는 것이 중요하다.,generated_n1_auto_complete_20260601
独裁,この問題を理解するには、独裁という観点から考えることが重要だ。,이 문제를 이해하려면 독재이라는 관점에서 생각하는 것이 중요하다.,generated_n1_auto_complete_20260601
猛反対,この問題を理解するには、猛反対という観点から考えることが重要だ。,이 문제를 이해하려면 맹반대이라는 관점에서 생각하는 것이 중요하다.,generated_n1_auto_complete_20260601
猛烈な,その説明は猛烈なものではなく、追加の根拠を示す必要があった。,그 설명은 맹렬한 것이 아니어서 추가 근거를 제시할 필요가 있었다.,generated_n1_auto_complete_20260601
献立,この問題を理解するには、献立という観点から考えることが重要だ。,이 문제를 이해하려면 식단이라는 관점에서 생각하는 것이 중요하다.,generated_n1_auto_complete_20260601
獲得,この問題を理解するには、獲得という観点から考えることが重要だ。,이 문제를 이해하려면 획득이라는 관점에서 생각하는 것이 중요하다.,generated_n1_auto_complete_20260601
率いる,状況によっては、早めに率いる判断も必要になる。,상황에 따라서는 일찍 거느리다 판단도 필요해진다.,generated_n1_auto_complete_20260601
率先,この問題を理解するには、率先という観点から考えることが重要だ。,이 문제를 이해하려면 솔선이라는 관점에서 생각하는 것이 중요하다.,generated_n1_auto_complete_20260601
玩具,この問題を理解するには、玩具という観点から考えることが重要だ。,이 문제를 이해하려면 완구이라는 관점에서 생각하는 것이 중요하다.,generated_n1_auto_complete_20260601
現地,この問題を理解するには、現地という観点から考えることが重要だ。,이 문제를 이해하려면 현지이라는 관점에서 생각하는 것이 중요하다.,generated_n1_auto_complete_20260601
現行,この問題を理解するには、現行という観点から考えることが重要だ。,이 문제를 이해하려면 현행이라는 관점에서 생각하는 것이 중요하다.,generated_n1_auto_complete_20260601
球根,この問題を理解するには、球根という観点から考えることが重要だ。,이 문제를 이해하려면 구근이라는 관점에서 생각하는 것이 중요하다.,generated_n1_auto_complete_20260601
理屈,この問題を理解するには、理屈という観点から考えることが重要だ。,이 문제를 이해하려면 이치이라는 관점에서 생각하는 것이 중요하다.,generated_n1_auto_complete_20260601
理論,この問題を理解するには、理論という観点から考えることが重要だ。,이 문제를 이해하려면 이론이라는 관점에서 생각하는 것이 중요하다.,generated_n1_auto_complete_20260601
生中継,この問題を理解するには、生中継という観点から考えることが重要だ。,이 문제를 이해하려면 생중계이라는 관점에서 생각하는 것이 중요하다.,generated_n1_auto_complete_20260601
生態系,この問題を理解するには、生態系という観点から考えることが重要だ。,이 문제를 이해하려면 생태계이라는 관점에서 생각하는 것이 중요하다.,generated_n1_auto_complete_20260601
生易しい,状況が生易しい場合でも、感情に流されず冷静に判断しなければならない。,상황이 쉬운 안이한 경우에도 감정에 휩쓸리지 말고 냉정하게 판단해야 한다.,generated_n1_auto_complete_20260601
生死,この問題を理解するには、生死という観点から考えることが重要だ。,이 문제를 이해하려면 생사이라는 관점에서 생각하는 것이 중요하다.,generated_n1_auto_complete_20260601
生活費,この問題を理解するには、生活費という観点から考えることが重要だ。,이 문제를 이해하려면 생활비이라는 관점에서 생각하는 것이 중요하다.,generated_n1_auto_complete_20260601
生温い,状況が生温い場合でも、感情に流されず冷静に判断しなければならない。,상황이 미지근하다 어중간하다 경우에도 감정에 휩쓸리지 말고 냉정하게 판단해야 한다.,generated_n1_auto_complete_20260601
生理,この問題を理解するには、生理という観点から考えることが重要だ。,이 문제를 이해하려면 생리이라는 관점에서 생각하는 것이 중요하다.,generated_n1_auto_complete_20260601
生真面目な,その説明は生真面目なものではなく、追加の根拠を示す必要があった。,그 설명은 고지식한 지나치게 성실한 것이 아니어서 추가 근거를 제시할 필요가 있었다.,generated_n1_auto_complete_20260601
生育,この問題を理解するには、生育という観点から考えることが重要だ。,이 문제를 이해하려면 생육이라는 관점에서 생각하는 것이 중요하다.,generated_n1_auto_complete_20260601
生臭い,状況が生臭い場合でも、感情に流されず冷静に判断しなければならない。,상황이 비린내가 나다 속세적이다 경우에도 감정에 휩쓸리지 말고 냉정하게 판단해야 한다.,generated_n1_auto_complete_20260601
生計,この問題を理解するには、生計という観点から考えることが重要だ。,이 문제를 이해하려면 생계이라는 관점에서 생각하는 것이 중요하다.,generated_n1_auto_complete_20260601
産婦人科,この問題を理解するには、産婦人科という観点から考えることが重要だ。,이 문제를 이해하려면 산부인과이라는 관점에서 생각하는 것이 중요하다.,generated_n1_auto_complete_20260601
産物,この問題を理解するには、産物という観点から考えることが重要だ。,이 문제를 이해하려면 산물이라는 관점에서 생각하는 것이 중요하다.,generated_n1_auto_complete_20260601
用件,この問題を理解するには、用件という観点から考えることが重要だ。,이 문제를 이해하려면 용건이라는 관점에서 생각하는 것이 중요하다.,generated_n1_auto_complete_20260601
用品,この問題を理解するには、用品という観点から考えることが重要だ。,이 문제를 이해하려면 용품이라는 관점에서 생각하는 것이 중요하다.,generated_n1_auto_complete_20260601
用法,この問題を理解するには、用法という観点から考えることが重要だ。,이 문제를 이해하려면 용법이라는 관점에서 생각하는 것이 중요하다.,generated_n1_auto_complete_20260601
用紙,この問題を理解するには、用紙という観点から考えることが重要だ。,이 문제를 이해하려면 용지이라는 관점에서 생각하는 것이 중요하다.,generated_n1_auto_complete_20260601
田園,この問題を理解するには、田園という観点から考えることが重要だ。,이 문제를 이해하려면 전원이라는 관점에서 생각하는 것이 중요하다.,generated_n1_auto_complete_20260601
田舎,この問題を理解するには、田舎という観点から考えることが重要だ。,이 문제를 이해하려면 시골이라는 관점에서 생각하는 것이 중요하다.,generated_n1_auto_complete_20260601
由緒,この問題を理解するには、由緒という観点から考えることが重要だ。,이 문제를 이해하려면 유서이라는 관점에서 생각하는 것이 중요하다.,generated_n1_auto_complete_20260601
畜生,この問題を理解するには、畜生という観点から考えることが重要だ。,이 문제를 이해하려면 짐승이라는 관점에서 생각하는 것이 중요하다.,generated_n1_auto_complete_20260601
畜産,この問題を理解するには、畜産という観点から考えることが重要だ。,이 문제를 이해하려면 축산이라는 관점에서 생각하는 것이 중요하다.,generated_n1_auto_complete_20260601
略奪,この問題を理解するには、略奪という観点から考えることが重要だ。,이 문제를 이해하려면 약탈이라는 관점에서 생각하는 것이 중요하다.,generated_n1_auto_complete_20260601
略語,この問題を理解するには、略語という観点から考えることが重要だ。,이 문제를 이해하려면 약어이라는 관점에서 생각하는 것이 중요하다.,generated_n1_auto_complete_20260601
異動,この問題を理解するには、異動という観点から考えることが重要だ。,이 문제를 이해하려면 인사 이동이라는 관점에서 생각하는 것이 중요하다.,generated_n1_auto_complete_20260601
異性,この問題を理解するには、異性という観点から考えることが重要だ。,이 문제를 이해하려면 이성이라는 관점에서 생각하는 것이 중요하다.,generated_n1_auto_complete_20260601
異色,この問題を理解するには、異色という観点から考えることが重要だ。,이 문제를 이해하려면 이색이라는 관점에서 생각하는 것이 중요하다.,generated_n1_auto_complete_20260601
異見,この問題を理解するには、異見という観点から考えることが重要だ。,이 문제를 이해하려면 이견이라는 관점에서 생각하는 것이 중요하다.,generated_n1_auto_complete_20260601
異論,この問題を理解するには、異論という観点から考えることが重要だ。,이 문제를 이해하려면 이의이라는 관점에서 생각하는 것이 중요하다.,generated_n1_auto_complete_20260601
疎い,状況が疎い場合でも、感情に流されず冷静に判断しなければならない。,상황이 어두운 경우에도 감정에 휩쓸리지 말고 냉정하게 판단해야 한다.,generated_n1_auto_complete_20260601
疑惑,この問題を理解するには、疑惑という観点から考えることが重要だ。,이 문제를 이해하려면 의혹이라는 관점에서 생각하는 것이 중요하다.,generated_n1_auto_complete_20260601
疲れ果てる,状況によっては、早めに疲れ果てる判断も必要になる。,상황에 따라서는 일찍 완전히 지치다 판단도 필요해진다.,generated_n1_auto_complete_20260601
痛切な,その説明は痛切なものではなく、追加の根拠を示す必要があった。,그 설명은 절실한 것이 아니어서 추가 근거를 제시할 필요가 있었다.,generated_n1_auto_complete_20260601
発作,この問題を理解するには、発作という観点から考えることが重要だ。,이 문제를 이해하려면 발작이라는 관점에서 생각하는 것이 중요하다.,generated_n1_auto_complete_20260601
発掘,この問題を理解するには、発掘という観点から考えることが重要だ。,이 문제를 이해하려면 발굴이라는 관점에서 생각하는 것이 중요하다.,generated_n1_auto_complete_20260601
発揮,この問題を理解するには、発揮という観点から考えることが重要だ。,이 문제를 이해하려면 발휘이라는 관점에서 생각하는 것이 중요하다.,generated_n1_auto_complete_20260601
発生,この問題を理解するには、発生という観点から考えることが重要だ。,이 문제를 이해하려면 발생이라는 관점에서 생각하는 것이 중요하다.,generated_n1_auto_complete_20260601
発病,この問題を理解するには、発病という観点から考えることが重要だ。,이 문제를 이해하려면 발병이라는 관점에서 생각하는 것이 중요하다.,generated_n1_auto_complete_20260601
発育,この問題を理解するには、発育という観点から考えることが重要だ。,이 문제를 이해하려면 발육이라는 관점에서 생각하는 것이 중요하다.,generated_n1_auto_complete_20260601
発芽,この問題を理解するには、発芽という観点から考えることが重要だ。,이 문제를 이해하려면 발아이라는 관점에서 생각하는 것이 중요하다.,generated_n1_auto_complete_20260601
発言,この問題を理解するには、発言という観点から考えることが重要だ。,이 문제를 이해하려면 발언이라는 관점에서 생각하는 것이 중요하다.,generated_n1_auto_complete_20260601
発足,この問題を理解するには、発足という観点から考えることが重要だ。,이 문제를 이해하려면 발족이라는 관점에서 생각하는 것이 중요하다.,generated_n1_auto_complete_20260601
登校,この問題を理解するには、登校という観点から考えることが重要だ。,이 문제를 이해하려면 등교이라는 관점에서 생각하는 것이 중요하다.,generated_n1_auto_complete_20260601
皇居,この問題を理解するには、皇居という観点から考えることが重要だ。,이 문제를 이해하려면 황거이라는 관점에서 생각하는 것이 중요하다.,generated_n1_auto_complete_20260601
盛り上がる,状況によっては、早めに盛り上がる判断も必要になる。,상황에 따라서는 일찍 고조되다 부풀어 오르다 판단도 필요해진다.,generated_n1_auto_complete_20260601
盛大な,その説明は盛大なものではなく、追加の根拠を示す必要があった。,그 설명은 성대한 것이 아니어서 추가 근거를 제시할 필요가 있었다.,generated_n1_auto_complete_20260601
監視,この問題を理解するには、監視という観点から考えることが重要だ。,이 문제를 이해하려면 감시이라는 관점에서 생각하는 것이 중요하다.,generated_n1_auto_complete_20260601
目先,この問題を理解するには、目先という観点から考えることが重要だ。,이 문제를 이해하려면 눈앞이라는 관점에서 생각하는 것이 중요하다.,generated_n1_auto_complete_20260601
目安,この問題を理解するには、目安という観点から考えることが重要だ。,이 문제를 이해하려면 기준이라는 관점에서 생각하는 것이 중요하다.,generated_n1_auto_complete_20260601
目覚ましい,状況が目覚ましい場合でも、感情に流されず冷静に判断しなければならない。,상황이 눈부신 경우에도 감정에 휩쓸리지 말고 냉정하게 판단해야 한다.,generated_n1_auto_complete_20260601
目録,この問題を理解するには、目録という観点から考えることが重要だ。,이 문제를 이해하려면 목록이라는 관점에서 생각하는 것이 중요하다.,generated_n1_auto_complete_20260601
盲点,この問題を理解するには、盲点という観点から考えることが重要だ。,이 문제를 이해하려면 맹점이라는 관점에서 생각하는 것이 중요하다.,generated_n1_auto_complete_20260601
直感,この問題を理解するには、直感という観点から考えることが重要だ。,이 문제를 이해하려면 직감이라는 관점에서 생각하는 것이 중요하다.,generated_n1_auto_complete_20260601
直面,この問題を理解するには、直面という観点から考えることが重要だ。,이 문제를 이해하려면 직면이라는 관점에서 생각하는 것이 중요하다.,generated_n1_auto_complete_20260601
相互,この問題を理解するには、相互という観点から考えることが重要だ。,이 문제를 이해하려면 상호이라는 관점에서 생각하는 것이 중요하다.,generated_n1_auto_complete_20260601
相場,この問題を理解するには、相場という観点から考えることが重要だ。,이 문제를 이해하려면 시세이라는 관점에서 생각하는 것이 중요하다.,generated_n1_auto_complete_20260601
相応,この問題を理解するには、相応という観点から考えることが重要だ。,이 문제를 이해하려면 상응이라는 관점에서 생각하는 것이 중요하다.,generated_n1_auto_complete_20260601
省く,状況によっては、早めに省く判断も必要になる。,상황에 따라서는 일찍 생략하다 판단도 필요해진다.,generated_n1_auto_complete_20260601
看護師,この問題を理解するには、看護師という観点から考えることが重要だ。,이 문제를 이해하려면 간호사이라는 관점에서 생각하는 것이 중요하다.,generated_n1_auto_complete_20260601
真実,この問題を理解するには、真実という観点から考えることが重要だ。,이 문제를 이해하려면 진실이라는 관점에서 생각하는 것이 중요하다.,generated_n1_auto_complete_20260601
真犯人,この問題を理解するには、真犯人という観点から考えることが重要だ。,이 문제를 이해하려면 진범이라는 관점에서 생각하는 것이 중요하다.,generated_n1_auto_complete_20260601
真理,この問題を理解するには、真理という観点から考えることが重要だ。,이 문제를 이해하려면 진리이라는 관점에서 생각하는 것이 중요하다.,generated_n1_auto_complete_20260601
真相,この問題を理解するには、真相という観点から考えることが重要だ。,이 문제를 이해하려면 진상이라는 관점에서 생각하는 것이 중요하다.,generated_n1_auto_complete_20260601
眠たい,状況が眠たい場合でも、感情に流されず冷静に判断しなければならない。,상황이 졸리다 경우에도 감정에 휩쓸리지 말고 냉정하게 판단해야 한다.,generated_n1_auto_complete_20260601
眼球,この問題を理解するには、眼球という観点から考えることが重要だ。,이 문제를 이해하려면 안구이라는 관점에서 생각하는 것이 중요하다.,generated_n1_auto_complete_20260601
眼科,この問題を理解するには、眼科という観点から考えることが重要だ。,이 문제를 이해하려면 안과이라는 관점에서 생각하는 것이 중요하다.,generated_n1_auto_complete_20260601
着工,この問題を理解するには、着工という観点から考えることが重要だ。,이 문제를 이해하려면 착공이라는 관점에서 생각하는 것이 중요하다.,generated_n1_auto_complete_20260601
着席,この問題を理解するには、着席という観点から考えることが重要だ。,이 문제를 이해하려면 착석이라는 관점에서 생각하는 것이 중요하다.,generated_n1_auto_complete_20260601
着手,この問題を理解するには、着手という観点から考えることが重要だ。,이 문제를 이해하려면 착수이라는 관점에서 생각하는 것이 중요하다.,generated_n1_auto_complete_20260601
着目,この問題を理解するには、着目という観点から考えることが重要だ。,이 문제를 이해하려면 착목이라는 관점에서 생각하는 것이 중요하다.,generated_n1_auto_complete_20260601
着色,この問題を理解するには、着色という観点から考えることが重要だ。,이 문제를 이해하려면 착색이라는 관점에서 생각하는 것이 중요하다.,generated_n1_auto_complete_20260601
着陸,この問題を理解するには、着陸という観点から考えることが重要だ。,이 문제를 이해하려면 착륙이라는 관점에서 생각하는 것이 중요하다.,generated_n1_auto_complete_20260601
督促,この問題を理解するには、督促という観点から考えることが重要だ。,이 문제를 이해하려면 독촉이라는 관점에서 생각하는 것이 중요하다.,generated_n1_auto_complete_20260601
矛盾,この問題を理解するには、矛盾という観点から考えることが重要だ。,이 문제를 이해하려면 모순이라는 관점에서 생각하는 것이 중요하다.,generated_n1_auto_complete_20260601
知性,この問題を理解するには、知性という観点から考えることが重要だ。,이 문제를 이해하려면 지성이라는 관점에서 생각하는 것이 중요하다.,generated_n1_auto_complete_20260601
短大,この問題を理解するには、短大という観点から考えることが重要だ。,이 문제를 이해하려면 단기 대학이라는 관점에서 생각하는 것이 중요하다.,generated_n1_auto_complete_20260601
短歌,この問題を理解するには、短歌という観点から考えることが重要だ。,이 문제를 이해하려면 단가이라는 관점에서 생각하는 것이 중요하다.,generated_n1_auto_complete_20260601
短気な,その説明は短気なものではなく、追加の根拠を示す必要があった。,그 설명은 성급한 것이 아니어서 추가 근거를 제시할 필요가 있었다.,generated_n1_auto_complete_20260601
短波,この問題を理解するには、短波という観点から考えることが重要だ。,이 문제를 이해하려면 단파이라는 관점에서 생각하는 것이 중요하다.,generated_n1_auto_complete_20260601
砂利,この問題を理解するには、砂利という観点から考えることが重要だ。,이 문제를 이해하려면 자갈이라는 관점에서 생각하는 것이 중요하다.,generated_n1_auto_complete_20260601
研ぐ,状況によっては、早めに研ぐ判断も必要になる。,상황에 따라서는 일찍 갈다 판단도 필요해진다.,generated_n1_auto_complete_20260601
破壊,この問題を理解するには、破壊という観点から考えることが重要だ。,이 문제를 이해하려면 파괴이라는 관점에서 생각하는 것이 중요하다.,generated_n1_auto_complete_20260601
破棄,この問題を理解するには、破棄という観点から考えることが重要だ。,이 문제를 이해하려면 파기이라는 관점에서 생각하는 것이 중요하다.,generated_n1_auto_complete_20260601
破産,この問題を理解するには、破産という観点から考えることが重要だ。,이 문제를 이해하려면 파산이라는 관점에서 생각하는 것이 중요하다.,generated_n1_auto_complete_20260601
破裂,この問題を理解するには、破裂という観点から考えることが重要だ。,이 문제를 이해하려면 파열이라는 관점에서 생각하는 것이 중요하다.,generated_n1_auto_complete_20260601
碁盤,この問題を理解するには、碁盤という観点から考えることが重要だ。,이 문제를 이해하려면 바둑판이라는 관점에서 생각하는 것이 중요하다.,generated_n1_auto_complete_20260601
確保,この問題を理解するには、確保という観点から考えることが重要だ。,이 문제를 이해하려면 확보이라는 관점에서 생각하는 것이 중요하다.,generated_n1_auto_complete_20260601
確信,この問題を理解するには、確信という観点から考えることが重要だ。,이 문제를 이해하려면 확신이라는 관점에서 생각하는 것이 중요하다.,generated_n1_auto_complete_20260601
確定,この問題を理解するには、確定という観点から考えることが重要だ。,이 문제를 이해하려면 확정이라는 관점에서 생각하는 것이 중요하다.,generated_n1_auto_complete_20260601
確立,この問題を理解するには、確立という観点から考えることが重要だ。,이 문제를 이해하려면 확립이라는 관점에서 생각하는 것이 중요하다.,generated_n1_auto_complete_20260601
磁気,この問題を理解するには、磁気という観点から考えることが重要だ。,이 문제를 이해하려면 자기이라는 관점에서 생각하는 것이 중요하다.,generated_n1_auto_complete_20260601
社交,この問題を理解するには、社交という観点から考えることが重要だ。,이 문제를 이해하려면 사교이라는 관점에서 생각하는 것이 중요하다.,generated_n1_auto_complete_20260601
社宅,この問題を理解するには、社宅という観点から考えることが重要だ。,이 문제를 이해하려면 사택이라는 관점에서 생각하는 것이 중요하다.,generated_n1_auto_complete_20260601
神殿,この問題を理解するには、神殿という観点から考えることが重要だ。,이 문제를 이해하려면 신전이라는 관점에서 생각하는 것이 중요하다.,generated_n1_auto_complete_20260601
神秘,この問題を理解するには、神秘という観点から考えることが重要だ。,이 문제를 이해하려면 신비이라는 관점에서 생각하는 것이 중요하다.,generated_n1_auto_complete_20260601
神経系,この問題を理解するには、神経系という観点から考えることが重要だ。,이 문제를 이해하려면 신경계이라는 관점에서 생각하는 것이 중요하다.,generated_n1_auto_complete_20260601
禁物,この問題を理解するには、禁物という観点から考えることが重要だ。,이 문제를 이해하려면 금물이라는 관점에서 생각하는 것이 중요하다.,generated_n1_auto_complete_20260601
私用,この問題を理解するには、私用という観点から考えることが重要だ。,이 문제를 이해하려면 사적인 용무이라는 관점에서 생각하는 것이 중요하다.,generated_n1_auto_complete_20260601
秘密裏,この問題を理解するには、秘密裏という観点から考えることが重要だ。,이 문제를 이해하려면 비밀리에이라는 관점에서 생각하는 것이 중요하다.,generated_n1_auto_complete_20260601
秘書,この問題を理解するには、秘書という観点から考えることが重要だ。,이 문제를 이해하려면 비서이라는 관점에서 생각하는 것이 중요하다.,generated_n1_auto_complete_20260601
移住,この問題を理解するには、移住という観点から考えることが重要だ。,이 문제를 이해하려면 이주이라는 관점에서 생각하는 것이 중요하다.,generated_n1_auto_complete_20260601
税務署,この問題を理解するには、税務署という観点から考えることが重要だ。,이 문제를 이해하려면 세무서이라는 관점에서 생각하는 것이 중요하다.,generated_n1_auto_complete_20260601
種々,この問題を理解するには、種々という観点から考えることが重要だ。,이 문제를 이해하려면 여러 가지이라는 관점에서 생각하는 것이 중요하다.,generated_n1_auto_complete_20260601
稼働,この問題を理解するには、稼働という観点から考えることが重要だ。,이 문제를 이해하려면 가동이라는 관점에서 생각하는 것이 중요하다.,generated_n1_auto_complete_20260601
積む,状況によっては、早めに積む判断も必要になる。,상황에 따라서는 일찍 쌓다 판단도 필요해진다.,generated_n1_auto_complete_20260601
穏やかな,その説明は穏やかなものではなく、追加の根拠を示す必要があった。,그 설명은 온화한 평온한 것이 아니어서 추가 근거를 제시할 필요가 있었다.,generated_n1_auto_complete_20260601
究明,この問題を理解するには、究明という観点から考えることが重要だ。,이 문제를 이해하려면 규명이라는 관점에서 생각하는 것이 중요하다.,generated_n1_auto_complete_20260601
究極,この問題を理解するには、究極という観点から考えることが重要だ。,이 문제를 이해하려면 궁극이라는 관점에서 생각하는 것이 중요하다.,generated_n1_auto_complete_20260601
空腹,この問題を理解するには、空腹という観点から考えることが重要だ。,이 문제를 이해하려면 공복이라는 관점에서 생각하는 것이 중요하다.,generated_n1_auto_complete_20260601
空間,この問題を理解するには、空間という観点から考えることが重要だ。,이 문제를 이해하려면 공간이라는 관점에서 생각하는 것이 중요하다.,generated_n1_auto_complete_20260601
突破,この問題を理解するには、突破という観点から考えることが重要だ。,이 문제를 이해하려면 돌파이라는 관점에서 생각하는 것이 중요하다.,generated_n1_auto_complete_20260601
窒息,この問題を理解するには、窒息という観点から考えることが重要だ。,이 문제를 이해하려면 질식이라는 관점에서 생각하는 것이 중요하다.,generated_n1_auto_complete_20260601
窮乏,この問題を理解するには、窮乏という観点から考えることが重要だ。,이 문제를 이해하려면 궁핍이라는 관점에서 생각하는 것이 중요하다.,generated_n1_auto_complete_20260601
立ち去る,状況によっては、早めに立ち去る判断も必要になる。,상황에 따라서는 일찍 떠나다 판단도 필요해진다.,generated_n1_auto_complete_20260601
立ち寄る,状況によっては、早めに立ち寄る判断も必要になる。,상황에 따라서는 일찍 들르다 판단도 필요해진다.,generated_n1_auto_complete_20260601
立て替える,状況によっては、早めに立て替える判断も必要になる。,상황에 따라서는 일찍 대신 지불하다 판단도 필요해진다.,generated_n1_auto_complete_20260601
立体,この問題を理解するには、立体という観点から考えることが重要だ。,이 문제를 이해하려면 입체이라는 관점에서 생각하는 것이 중요하다.,generated_n1_auto_complete_20260601
立場,この問題を理解するには、立場という観点から考えることが重要だ。,이 문제를 이해하려면 입장이라는 관점에서 생각하는 것이 중요하다.,generated_n1_auto_complete_20260601
立方,この問題を理解するには、立方という観点から考えることが重要だ。,이 문제를 이해하려면 입방이라는 관점에서 생각하는 것이 중요하다.,generated_n1_auto_complete_20260601
立案,この問題を理解するには、立案という観点から考えることが重要だ。,이 문제를 이해하려면 입안이라는 관점에서 생각하는 것이 중요하다.,generated_n1_auto_complete_20260601
立法,この問題を理解するには、立法という観点から考えることが重要だ。,이 문제를 이해하려면 입법이라는 관점에서 생각하는 것이 중요하다.,generated_n1_auto_complete_20260601
立腹,この問題を理解するには、立腹という観点から考えることが重要だ。,이 문제를 이해하려면 화남이라는 관점에서 생각하는 것이 중요하다.,generated_n1_auto_complete_20260601
端,この問題を理解するには、端という観点から考えることが重要だ。,이 문제를 이해하려면 끝이라는 관점에서 생각하는 것이 중요하다.,generated_n1_auto_complete_20260601
端的な,その説明は端的なものではなく、追加の根拠を示す必要があった。,그 설명은 단적인 것이 아니어서 추가 근거를 제시할 필요가 있었다.,generated_n1_auto_complete_20260601
等級,この問題を理解するには、等級という観点から考えることが重要だ。,이 문제를 이해하려면 등급이라는 관점에서 생각하는 것이 중요하다.,generated_n1_auto_complete_20260601
箇条書き,この問題を理解するには、箇条書きという観点から考えることが重要だ。,이 문제를 이해하려면 항목별로 씀이라는 관점에서 생각하는 것이 중요하다.,generated_n1_auto_complete_20260601
算出,この問題を理解するには、算出という観点から考えることが重要だ。,이 문제를 이해하려면 산출이라는 관점에서 생각하는 것이 중요하다.,generated_n1_auto_complete_20260601
管理費,この問題を理解するには、管理費という観点から考えることが重要だ。,이 문제를 이해하려면 관리비이라는 관점에서 생각하는 것이 중요하다.,generated_n1_auto_complete_20260601
築く,状況によっては、早めに築く判断も必要になる。,상황에 따라서는 일찍 쌓다 판단도 필요해진다.,generated_n1_auto_complete_20260601
簡易な,その説明は簡易なものではなく、追加の根拠を示す必要があった。,그 설명은 간이한 것이 아니어서 추가 근거를 제시할 필요가 있었다.,generated_n1_auto_complete_20260601
簡素な,その説明は簡素なものではなく、追加の根拠を示す必要があった。,그 설명은 간소한 것이 아니어서 추가 근거를 제시할 필요가 있었다.,generated_n1_auto_complete_20260601
粉末,この問題を理解するには、粉末という観点から考えることが重要だ。,이 문제를 이해하려면 분말이라는 관점에서 생각하는 것이 중요하다.,generated_n1_auto_complete_20260601
粋な,その説明は粋なものではなく、追加の根拠を示す必要があった。,그 설명은 세련된 멋진 것이 아니어서 추가 근거를 제시할 필요가 있었다.,generated_n1_auto_complete_20260601
精密な,その説明は精密なものではなく、追加の根拠を示す必要があった。,그 설명은 정밀한 것이 아니어서 추가 근거를 제시할 필요가 있었다.,generated_n1_auto_complete_20260601
精巧な,その説明は精巧なものではなく、追加の根拠を示す必要があった。,그 설명은 정교한 것이 아니어서 추가 근거를 제시할 필요가 있었다.,generated_n1_auto_complete_20260601
精算,この問題を理解するには、精算という観点から考えることが重要だ。,이 문제를 이해하려면 정산이라는 관점에서 생각하는 것이 중요하다.,generated_n1_auto_complete_20260601
精鋭,この問題を理解するには、精鋭という観点から考えることが重要だ。,이 문제를 이해하려면 정예이라는 관점에서 생각하는 것이 중요하다.,generated_n1_auto_complete_20260601
納入,この問題を理解するには、納入という観点から考えることが重要だ。,이 문제를 이해하려면 납입이라는 관점에서 생각하는 것이 중요하다.,generated_n1_auto_complete_20260601
納得,この問題を理解するには、納得という観点から考えることが重要だ。,이 문제를 이해하려면 납득이라는 관점에서 생각하는 것이 중요하다.,generated_n1_auto_complete_20260601
紛らわしい,状況が紛らわしい場合でも、感情に流されず冷静に判断しなければならない。,상황이 헷갈리는 경우에도 감정에 휩쓸리지 말고 냉정하게 판단해야 한다.,generated_n1_auto_complete_20260601
紛れる,状況によっては、早めに紛れる判断も必要になる。,상황에 따라서는 일찍 뒤섞이다 판단도 필요해진다.,generated_n1_auto_complete_20260601
紛失,この問題を理解するには、紛失という観点から考えることが重要だ。,이 문제를 이해하려면 분실이라는 관점에서 생각하는 것이 중요하다.,generated_n1_auto_complete_20260601
素早い,状況が素早い場合でも、感情に流されず冷静に判断しなければならない。,상황이 재빠른 경우에도 감정에 휩쓸리지 말고 냉정하게 판단해야 한다.,generated_n1_auto_complete_20260601
素朴な,その説明は素朴なものではなく、追加の根拠を示す必要があった。,그 설명은 소박한 것이 아니어서 추가 근거를 제시할 필요가 있었다.,generated_n1_auto_complete_20260601
紡績,この問題を理解するには、紡績という観点から考えることが重要だ。,이 문제를 이해하려면 방적이라는 관점에서 생각하는 것이 중요하다.,generated_n1_auto_complete_20260601
紫,この問題を理解するには、紫という観点から考えることが重要だ。,이 문제를 이해하려면 보라색이라는 관점에서 생각하는 것이 중요하다.,generated_n1_auto_complete_20260601
細心,この問題を理解するには、細心という観点から考えることが重要だ。,이 문제를 이해하려면 세심이라는 관점에서 생각하는 것이 중요하다.,generated_n1_auto_complete_20260601
細胞,この問題を理解するには、細胞という観点から考えることが重要だ。,이 문제를 이해하려면 세포이라는 관점에서 생각하는 것이 중요하다.,generated_n1_auto_complete_20260601
細菌,この問題を理解するには、細菌という観点から考えることが重要だ。,이 문제를 이해하려면 세균이라는 관점에서 생각하는 것이 중요하다.,generated_n1_auto_complete_20260601
紳士,この問題を理解するには、紳士という観点から考えることが重要だ。,이 문제를 이해하려면 신사이라는 관점에서 생각하는 것이 중요하다.,generated_n1_auto_complete_20260601
終了,この問題を理解するには、終了という観点から考えることが重要だ。,이 문제를 이해하려면 종료이라는 관점에서 생각하는 것이 중요하다.,generated_n1_auto_complete_20260601
終始,この問題を理解するには、終始という観点から考えることが重要だ。,이 문제를 이해하려면 시종이라는 관점에서 생각하는 것이 중요하다.,generated_n1_auto_complete_20260601
組み合わせる,状況によっては、早めに組み合わせる判断も必要になる。,상황에 따라서는 일찍 조합하다 맞추다 판단도 필요해진다.,generated_n1_auto_complete_20260601
組み込む,状況によっては、早めに組み込む判断も必要になる。,상황에 따라서는 일찍 짜 넣다 포함시키다 판단도 필요해진다.,generated_n1_auto_complete_20260601
経営権,この問題を理解するには、経営権という観点から考えることが重要だ。,이 문제를 이해하려면 경영권이라는 관점에서 생각하는 것이 중요하다.,generated_n1_auto_complete_20260601
経歴,この問題を理解するには、経歴という観点から考えることが重要だ。,이 문제를 이해하려면 경력이라는 관점에서 생각하는 것이 중요하다.,generated_n1_auto_complete_20260601
経済上,この問題を理解するには、経済上という観点から考えることが重要だ。,이 문제를 이해하려면 경제상이라는 관점에서 생각하는 것이 중요하다.,generated_n1_auto_complete_20260601
経済性,この問題を理解するには、経済性という観点から考えることが重要だ。,이 문제를 이해하려면 경제성이라는 관점에서 생각하는 것이 중요하다.,generated_n1_auto_complete_20260601
経緯,この問題を理解するには、経緯という観点から考えることが重要だ。,이 문제를 이해하려면 경위이라는 관점에서 생각하는 것이 중요하다.,generated_n1_auto_complete_20260601
経費,この問題を理解するには、経費という観点から考えることが重要だ。,이 문제를 이해하려면 경비이라는 관점에서 생각하는 것이 중요하다.,generated_n1_auto_complete_20260601
経路,この問題を理解するには、経路という観点から考えることが重要だ。,이 문제를 이해하려면 경로이라는 관점에서 생각하는 것이 중요하다.,generated_n1_auto_complete_20260601
経過,この問題を理解するには、経過という観点から考えることが重要だ。,이 문제를 이해하려면 경과이라는 관점에서 생각하는 것이 중요하다.,generated_n1_auto_complete_20260601
結合,この問題を理解するには、結合という観点から考えることが重要だ。,이 문제를 이해하려면 결합이라는 관점에서 생각하는 것이 중요하다.,generated_n1_auto_complete_20260601
結成,この問題を理解するには、結成という観点から考えることが重要だ。,이 문제를 이해하려면 결성이라는 관점에서 생각하는 것이 중요하다.,generated_n1_auto_complete_20260601
結晶,この問題を理解するには、結晶という観点から考えることが重要だ。,이 문제를 이해하려면 결정이라는 관점에서 생각하는 것이 중요하다.,generated_n1_auto_complete_20260601
結束,この問題を理解するには、結束という観点から考えることが重要だ。,이 문제를 이해하려면 결속이라는 관점에서 생각하는 것이 중요하다.,generated_n1_auto_complete_20260601
結核,この問題を理解するには、結核という観点から考えることが重要だ。,이 문제를 이해하려면 결핵이라는 관점에서 생각하는 것이 중요하다.,generated_n1_auto_complete_20260601
絡む,状況によっては、早めに絡む判断も必要になる。,상황에 따라서는 일찍 얽히다 판단도 필요해진다.,generated_n1_auto_complete_20260601
給食,この問題を理解するには、給食という観点から考えることが重要だ。,이 문제를 이해하려면 급식이라는 관점에서 생각하는 것이 중요하다.,generated_n1_auto_complete_20260601
統制,この問題を理解するには、統制という観点から考えることが重要だ。,이 문제를 이해하려면 통제이라는 관점에서 생각하는 것이 중요하다.,generated_n1_auto_complete_20260601
統治,この問題を理解するには、統治という観点から考えることが重要だ。,이 문제를 이해하려면 통치이라는 관점에서 생각하는 것이 중요하다.,generated_n1_auto_complete_20260601
統率,この問題を理解するには、統率という観点から考えることが重要だ。,이 문제를 이해하려면 통솔이라는 관점에서 생각하는 것이 중요하다.,generated_n1_auto_complete_20260601
絶える,状況によっては、早めに絶える判断も必要になる。,상황에 따라서는 일찍 끊기다 판단도 필요해진다.,generated_n1_auto_complete_20260601
絶大な,その説明は絶大なものではなく、追加の根拠を示す必要があった。,그 설명은 절대한 것이 아니어서 추가 근거를 제시할 필요가 있었다.,generated_n1_auto_complete_20260601
絶好調,この問題を理解するには、絶好調という観点から考えることが重要だ。,이 문제를 이해하려면 최고조 절호조이라는 관점에서 생각하는 것이 중요하다.,generated_n1_auto_complete_20260601
絶望,この問題を理解するには、絶望という観点から考えることが重要だ。,이 문제를 이해하려면 절망이라는 관점에서 생각하는 것이 중요하다.,generated_n1_auto_complete_20260601
絶版,この問題を理解するには、絶版という観点から考えることが重要だ。,이 문제를 이해하려면 절판이라는 관점에서 생각하는 것이 중요하다.,generated_n1_auto_complete_20260601
維持,この問題を理解するには、維持という観点から考えることが重要だ。,이 문제를 이해하려면 유지이라는 관점에서 생각하는 것이 중요하다.,generated_n1_auto_complete_20260601
網羅,この問題を理解するには、網羅という観点から考えることが重要だ。,이 문제를 이해하려면 망라이라는 관점에서 생각하는 것이 중요하다.,generated_n1_auto_complete_20260601
綿密な,その説明は綿密なものではなく、追加の根拠を示す必要があった。,그 설명은 면밀한 것이 아니어서 추가 근거를 제시할 필요가 있었다.,generated_n1_auto_complete_20260601
緊密,この問題を理解するには、緊密という観点から考えることが重要だ。,이 문제를 이해하려면 긴밀이라는 관점에서 생각하는 것이 중요하다.,generated_n1_auto_complete_20260601
緊迫,この問題を理解するには、緊迫という観点から考えることが重要だ。,이 문제를 이해하려면 긴박이라는 관점에서 생각하는 것이 중요하다.,generated_n1_auto_complete_20260601
総会,この問題を理解するには、総会という観点から考えることが重要だ。,이 문제를 이해하려면 총회이라는 관점에서 생각하는 것이 중요하다.,generated_n1_auto_complete_20260601
総合,この問題を理解するには、総合という観点から考えることが重要だ。,이 문제를 이해하려면 종합이라는 관점에서 생각하는 것이 중요하다.,generated_n1_auto_complete_20260601
締める,状況によっては、早めに締める判断も必要になる。,상황에 따라서는 일찍 조이다 판단도 필요해진다.,generated_n1_auto_complete_20260601
緩やかな,その説明は緩やかなものではなく、追加の根拠を示す必要があった。,그 설명은 완만한 느슨한 것이 아니어서 추가 근거를 제시할 필요가 있었다.,generated_n1_auto_complete_20260601
緩和,この問題を理解するには、緩和という観点から考えることが重要だ。,이 문제를 이해하려면 완화이라는 관점에서 생각하는 것이 중요하다.,generated_n1_auto_complete_20260601
練る,状況によっては、早めに練る判断も必要になる。,상황에 따라서는 일찍 다듬다 판단도 필요해진다.,generated_n1_auto_complete_20260601
縁談,この問題を理解するには、縁談という観点から考えることが重要だ。,이 문제를 이해하려면 혼담이라는 관점에서 생각하는 것이 중요하다.,generated_n1_auto_complete_20260601
繁殖,この問題を理解するには、繁殖という観点から考えることが重要だ。,이 문제를 이해하려면 번식이라는 관점에서 생각하는 것이 중요하다.,generated_n1_auto_complete_20260601
繁盛,この問題を理解するには、繁盛という観点から考えることが重要だ。,이 문제를 이해하려면 번성이라는 관점에서 생각하는 것이 중요하다.,generated_n1_auto_complete_20260601
繕う,状況によっては、早めに繕う判断も必要になる。,상황에 따라서는 일찍 수선하다 판단도 필요해진다.,generated_n1_auto_complete_20260601
美容室,この問題を理解するには、美容室という観点から考えることが重要だ。,이 문제를 이해하려면 미용실이라는 관점에서 생각하는 것이 중요하다.,generated_n1_auto_complete_20260601
美術,この問題を理解するには、美術という観点から考えることが重要だ。,이 문제를 이해하려면 미술이라는 관점에서 생각하는 것이 중요하다.,generated_n1_auto_complete_20260601
群衆,この問題を理解するには、群衆という観点から考えることが重要だ。,이 문제를 이해하려면 군중이라는 관점에서 생각하는 것이 중요하다.,generated_n1_auto_complete_20260601
群集,この問題を理解するには、群集という観点から考えることが重要だ。,이 문제를 이해하려면 군집이라는 관점에서 생각하는 것이 중요하다.,generated_n1_auto_complete_20260601
義理,この問題を理解するには、義理という観点から考えることが重要だ。,이 문제를 이해하려면 의리이라는 관점에서 생각하는 것이 중요하다.,generated_n1_auto_complete_20260601
習得,この問題を理解するには、習得という観点から考えることが重要だ。,이 문제를 이해하려면 습득이라는 관점에서 생각하는 것이 중요하다.,generated_n1_auto_complete_20260601
翼,この問題を理解するには、翼という観点から考えることが重要だ。,이 문제를 이해하려면 날개이라는 관점에서 생각하는 것이 중요하다.,generated_n1_auto_complete_20260601
老いる,状況によっては、早めに老いる判断も必要になる。,상황에 따라서는 일찍 늙다 판단도 필요해진다.,generated_n1_auto_complete_20260601
考古学,この問題を理解するには、考古学という観点から考えることが重要だ。,이 문제를 이해하려면 고고학이라는 관점에서 생각하는 것이 중요하다.,generated_n1_auto_complete_20260601
考慮,この問題を理解するには、考慮という観点から考えることが重要だ。,이 문제를 이해하려면 고려이라는 관점에서 생각하는 것이 중요하다.,generated_n1_auto_complete_20260601
耐える,状況によっては、早めに耐える判断も必要になる。,상황에 따라서는 일찍 견디다 판단도 필요해진다.,generated_n1_auto_complete_20260601
耕作,この問題を理解するには、耕作という観点から考えることが重要だ。,이 문제를 이해하려면 경작이라는 관점에서 생각하는 것이 중요하다.,generated_n1_auto_complete_20260601
耳鼻科,この問題を理解するには、耳鼻科という観点から考えることが重要だ。,이 문제를 이해하려면 이비인후과이라는 관점에서 생각하는 것이 중요하다.,generated_n1_auto_complete_20260601
聖書,この問題を理解するには、聖書という観点から考えることが重要だ。,이 문제를 이해하려면 성서이라는 관점에서 생각하는 것이 중요하다.,generated_n1_auto_complete_20260601
聴覚,この問題を理解するには、聴覚という観点から考えることが重要だ。,이 문제를 이해하려면 청각이라는 관점에서 생각하는 것이 중요하다.,generated_n1_auto_complete_20260601
聴診器,この問題を理解するには、聴診器という観点から考えることが重要だ。,이 문제를 이해하려면 청진기이라는 관점에서 생각하는 것이 중요하다.,generated_n1_auto_complete_20260601
聴講,この問題を理解するには、聴講という観点から考えることが重要だ。,이 문제를 이해하려면 청강이라는 관점에서 생각하는 것이 중요하다.,generated_n1_auto_complete_20260601
職務,この問題を理解するには、職務という観点から考えることが重要だ。,이 문제를 이해하려면 직무이라는 관점에서 생각하는 것이 중요하다.,generated_n1_auto_complete_20260601
職員,この問題を理解するには、職員という観点から考えることが重要だ。,이 문제를 이해하려면 직원이라는 관점에서 생각하는 것이 중요하다.,generated_n1_auto_complete_20260601
肉体,この問題を理解するには、肉体という観点から考えることが重要だ。,이 문제를 이해하려면 육체이라는 관점에서 생각하는 것이 중요하다.,generated_n1_auto_complete_20260601
肉親,この問題を理解するには、肉親という観点から考えることが重要だ。,이 문제를 이해하려면 육친이라는 관점에서 생각하는 것이 중요하다.,generated_n1_auto_complete_20260601
肝心な,その説明は肝心なものではなく、追加の根拠を示す必要があった。,그 설명은 중요한 것이 아니어서 추가 근거를 제시할 필요가 있었다.,generated_n1_auto_complete_20260601
育成,この問題を理解するには、育成という観点から考えることが重要だ。,이 문제를 이해하려면 육성이라는 관점에서 생각하는 것이 중요하다.,generated_n1_auto_complete_20260601
背く,状況によっては、早めに背く判断も必要になる。,상황에 따라서는 일찍 거스르다 판단도 필요해진다.,generated_n1_auto_complete_20260601
脅迫,この問題を理解するには、脅迫という観点から考えることが重要だ。,이 문제를 이해하려면 협박이라는 관점에서 생각하는 것이 중요하다.,generated_n1_auto_complete_20260601
脚本,この問題を理解するには、脚本という観点から考えることが重要だ。,이 문제를 이해하려면 각본이라는 관점에서 생각하는 것이 중요하다.,generated_n1_auto_complete_20260601
脚色,この問題を理解するには、脚色という観点から考えることが重要だ。,이 문제를 이해하려면 각색이라는 관점에서 생각하는 것이 중요하다.,generated_n1_auto_complete_20260601
脱出,この問題を理解するには、脱出という観点から考えることが重要だ。,이 문제를 이해하려면 탈출이라는 관점에서 생각하는 것이 중요하다.,generated_n1_auto_complete_20260601
脱退,この問題を理解するには、脱退という観点から考えることが重要だ。,이 문제를 이해하려면 탈퇴이라는 관점에서 생각하는 것이 중요하다.,generated_n1_auto_complete_20260601
腐敗,この問題を理解するには、腐敗という観点から考えることが重要だ。,이 문제를 이해하려면 부패이라는 관점에서 생각하는 것이 중요하다.,generated_n1_auto_complete_20260601
腕前,この問題を理解するには、腕前という観点から考えることが重要だ。,이 문제를 이해하려면 솜씨이라는 관점에서 생각하는 것이 중요하다.,generated_n1_auto_complete_20260601
膨れる,状況によっては、早めに膨れる判断も必要になる。,상황에 따라서는 일찍 부풀다 판단도 필요해진다.,generated_n1_auto_complete_20260601
膨大,この問題を理解するには、膨大という観点から考えることが重要だ。,이 문제를 이해하려면 방대이라는 관점에서 생각하는 것이 중요하다.,generated_n1_auto_complete_20260601
膨大な,その説明は膨大なものではなく、追加の根拠を示す必要があった。,그 설명은 방대한 것이 아니어서 추가 근거를 제시할 필요가 있었다.,generated_n1_auto_complete_20260601
膨張,この問題を理解するには、膨張という観点から考えることが重要だ。,이 문제를 이해하려면 팽창이라는 관점에서 생각하는 것이 중요하다.,generated_n1_auto_complete_20260601
臆病な,その説明は臆病なものではなく、追加の根拠を示す必要があった。,그 설명은 겁이 많은 것이 아니어서 추가 근거를 제시할 필요가 있었다.,generated_n1_auto_complete_20260601
自ら,この問題を理解するには、自らという観点から考えることが重要だ。,이 문제를 이해하려면 스스로이라는 관점에서 생각하는 것이 중요하다.,generated_n1_auto_complete_20260601
自主,この問題を理解するには、自主という観点から考えることが重要だ。,이 문제를 이해하려면 자주이라는 관점에서 생각하는 것이 중요하다.,generated_n1_auto_complete_20260601
自動詞,この問題を理解するには、自動詞という観点から考えることが重要だ。,이 문제를 이해하려면 자동사이라는 관점에서 생각하는 것이 중요하다.,generated_n1_auto_complete_20260601
自尊心,この問題を理解するには、自尊心という観点から考えることが重要だ。,이 문제를 이해하려면 자존심이라는 관점에서 생각하는 것이 중요하다.,generated_n1_auto_complete_20260601
自己,この問題を理解するには、自己という観点から考えることが重要だ。,이 문제를 이해하려면 자기 자신이라는 관점에서 생각하는 것이 중요하다.,generated_n1_auto_complete_20260601
自己流,この問題を理解するには、自己流という観点から考えることが重要だ。,이 문제를 이해하려면 자기 방식이라는 관점에서 생각하는 것이 중요하다.,generated_n1_auto_complete_20260601
自我,この問題を理解するには、自我という観点から考えることが重要だ。,이 문제를 이해하려면 자아이라는 관점에서 생각하는 것이 중요하다.,generated_n1_auto_complete_20260601
自然浄化,この問題を理解するには、自然浄化という観点から考えることが重要だ。,이 문제를 이해하려면 자연 정화이라는 관점에서 생각하는 것이 중요하다.,generated_n1_auto_complete_20260601
自立,この問題を理解するには、自立という観点から考えることが重要だ。,이 문제를 이해하려면 자립이라는 관점에서 생각하는 것이 중요하다.,generated_n1_auto_complete_20260601
自粛,この問題を理解するには、自粛という観点から考えることが重要だ。,이 문제를 이해하려면 자숙이라는 관점에서 생각하는 것이 중요하다.,generated_n1_auto_complete_20260601
自転,この問題を理解するには、自転という観点から考えることが重要だ。,이 문제를 이해하려면 자전이라는 관점에서 생각하는 것이 중요하다.,generated_n1_auto_complete_20260601
興業,この問題を理解するには、興業という観点から考えることが重要だ。,이 문제를 이해하려면 흥행업이라는 관점에서 생각하는 것이 중요하다.,generated_n1_auto_complete_20260601
舗装,この問題を理解するには、舗装という観点から考えることが重要だ。,이 문제를 이해하려면 포장이라는 관점에서 생각하는 것이 중요하다.,generated_n1_auto_complete_20260601
船舶,この問題を理解するには、船舶という観点から考えることが重要だ。,이 문제를 이해하려면 선박이라는 관점에서 생각하는 것이 중요하다.,generated_n1_auto_complete_20260601
良い・よし,この問題を理解するには、良い・よしという観点から考えることが重要だ。,이 문제를 이해하려면 좋다이라는 관점에서 생각하는 것이 중요하다.,generated_n1_auto_complete_20260601
良好な,その説明は良好なものではなく、追加の根拠を示す必要があった。,그 설명은 양호한 것이 아니어서 추가 근거를 제시할 필요가 있었다.,generated_n1_auto_complete_20260601
良心,この問題を理解するには、良心という観点から考えることが重要だ。,이 문제를 이해하려면 양심이라는 관점에서 생각하는 것이 중요하다.,generated_n1_auto_complete_20260601
良質な,その説明は良質なものではなく、追加の根拠を示す必要があった。,그 설명은 양질의 것이 아니어서 추가 근거를 제시할 필요가 있었다.,generated_n1_auto_complete_20260601
色彩,この問題を理解するには、色彩という観点から考えることが重要だ。,이 문제를 이해하려면 색채이라는 관점에서 생각하는 것이 중요하다.,generated_n1_auto_complete_20260601
芝居,この問題を理解するには、芝居という観点から考えることが重要だ。,이 문제를 이해하려면 연극이라는 관점에서 생각하는 것이 중요하다.,generated_n1_auto_complete_20260601
花粉,この問題を理解するには、花粉という観点から考えることが重要だ。,이 문제를 이해하려면 꽃가루이라는 관점에서 생각하는 것이 중요하다.,generated_n1_auto_complete_20260601
芽,この問題を理解するには、芽という観点から考えることが重要だ。,이 문제를 이해하려면 싹이라는 관점에서 생각하는 것이 중요하다.,generated_n1_auto_complete_20260601
苗,この問題を理解するには、苗という観点から考えることが重要だ。,이 문제를 이해하려면 모종이라는 관점에서 생각하는 것이 중요하다.,generated_n1_auto_complete_20260601
若干,この問題を理解するには、若干という観点から考えることが重要だ。,이 문제를 이해하려면 약간이라는 관점에서 생각하는 것이 중요하다.,generated_n1_auto_complete_20260601
英雄,この問題を理解するには、英雄という観点から考えることが重要だ。,이 문제를 이해하려면 영웅이라는 관점에서 생각하는 것이 중요하다.,generated_n1_auto_complete_20260601
草花,この問題を理解するには、草花という観点から考えることが重要だ。,이 문제를 이해하려면 풀꽃이라는 관점에서 생각하는 것이 중요하다.,generated_n1_auto_complete_20260601
荒っぽい,状況が荒っぽい場合でも、感情に流されず冷静に判断しなければならない。,상황이 거칠다 난폭하다 경우에도 감정에 휩쓸리지 말고 냉정하게 판단해야 한다.,generated_n1_auto_complete_20260601
荒廃,この問題を理解するには、荒廃という観点から考えることが重要だ。,이 문제를 이해하려면 황폐이라는 관점에서 생각하는 것이 중요하다.,generated_n1_auto_complete_20260601
華々しい,状況が華々しい場合でも、感情に流されず冷静に判断しなければならない。,상황이 화려한 경우에도 감정에 휩쓸리지 말고 냉정하게 판단해야 한다.,generated_n1_auto_complete_20260601
華やかな,その説明は華やかなものではなく、追加の根拠を示す必要があった。,그 설명은 화려한 것이 아니어서 추가 근거를 제시할 필요가 있었다.,generated_n1_auto_complete_20260601
華奢な,その説明は華奢なものではなく、追加の根拠を示す必要があった。,그 설명은 화사하고 가냘픈 것이 아니어서 추가 근거를 제시할 필요가 있었다.,generated_n1_auto_complete_20260601
落ち合う,状況によっては、早めに落ち合う判断も必要になる。,상황에 따라서는 일찍 만나다 합류하다 판단도 필요해진다.,generated_n1_auto_complete_20260601
落ち込む,状況によっては、早めに落ち込む判断も必要になる。,상황에 따라서는 일찍 풀이 죽다 빠지다 판단도 필요해진다.,generated_n1_auto_complete_20260601
落下,この問題を理解するには、落下という観点から考えることが重要だ。,이 문제를 이해하려면 낙하이라는 관점에서 생각하는 것이 중요하다.,generated_n1_auto_complete_20260601
著しい,状況が著しい場合でも、感情に流されず冷静に判断しなければならない。,상황이 현저하다 두드러지다 경우에도 감정에 휩쓸리지 말고 냉정하게 판단해야 한다.,generated_n1_auto_complete_20260601
著作権,この問題を理解するには、著作権という観点から考えることが重要だ。,이 문제를 이해하려면 저작권이라는 관점에서 생각하는 것이 중요하다.,generated_n1_auto_complete_20260601
著名な,その説明は著名なものではなく、追加の根拠を示す必要があった。,그 설명은 저명한 것이 아니어서 추가 근거를 제시할 필요가 있었다.,generated_n1_auto_complete_20260601
著書,この問題を理解するには、著書という観点から考えることが重要だ。,이 문제를 이해하려면 저서이라는 관점에서 생각하는 것이 중요하다.,generated_n1_auto_complete_20260601
葛藤,この問題を理解するには、葛藤という観点から考えることが重要だ。,이 문제를 이해하려면 갈등이라는 관점에서 생각하는 것이 중요하다.,generated_n1_auto_complete_20260601
蓄積,この問題を理解するには、蓄積という観点から考えることが重要だ。,이 문제를 이해하려면 축적이라는 관점에서 생각하는 것이 중요하다.,generated_n1_auto_complete_20260601
薄弱な,その説明は薄弱なものではなく、追加の根拠を示す必要があった。,그 설명은 박약한 것이 아니어서 추가 근거를 제시할 필요가 있었다.,generated_n1_auto_complete_20260601
薬剤師,この問題を理解するには、薬剤師という観点から考えることが重要だ。,이 문제를 이해하려면 약사이라는 관점에서 생각하는 것이 중요하다.,generated_n1_auto_complete_20260601
虚ろな,その説明は虚ろなものではなく、追加の根拠を示す必要があった。,그 설명은 공허한 멍한 것이 아니어서 추가 근거를 제시할 필요가 있었다.,generated_n1_auto_complete_20260601
蛋白質,この問題を理解するには、蛋白質という観点から考えることが重要だ。,이 문제를 이해하려면 단백질이라는 관점에서 생각하는 것이 중요하다.,generated_n1_auto_complete_20260601
融資,この問題を理解するには、融資という観点から考えることが重要だ。,이 문제를 이해하려면 융자이라는 관점에서 생각하는 것이 중요하다.,generated_n1_auto_complete_20260601
融通,この問題を理解するには、融通という観点から考えることが重要だ。,이 문제를 이해하려면 융통이라는 관점에서 생각하는 것이 중요하다.,generated_n1_auto_complete_20260601
衆議院,この問題を理解するには、衆議院という観点から考えることが重要だ。,이 문제를 이해하려면 중의원이라는 관점에서 생각하는 것이 중요하다.,generated_n1_auto_complete_20260601
行きそびれる,状況によっては、早めに行きそびれる判断も必要になる。,상황에 따라서는 일찍 갈 기회를 놓치다 판단도 필요해진다.,generated_n1_auto_complete_20260601
行動派,この問題を理解するには、行動派という観点から考えることが重要だ。,이 문제를 이해하려면 행동파이라는 관점에서 생각하는 것이 중요하다.,generated_n1_auto_complete_20260601
行政,この問題を理解するには、行政という観点から考えることが重要だ。,이 문제를 이해하려면 행정이라는 관점에서 생각하는 것이 중요하다.,generated_n1_auto_complete_20260601
行進,この問題を理解するには、行進という観点から考えることが重要だ。,이 문제를 이해하려면 행진이라는 관점에서 생각하는 것이 중요하다.,generated_n1_auto_complete_20260601
街道,この問題を理解するには、街道という観点から考えることが重要だ。,이 문제를 이해하려면 가도이라는 관점에서 생각하는 것이 중요하다.,generated_n1_auto_complete_20260601
衛生,この問題を理解するには、衛生という観点から考えることが重要だ。,이 문제를 이해하려면 위생이라는 관점에서 생각하는 것이 중요하다.,generated_n1_auto_complete_20260601
衝撃,この問題を理解するには、衝撃という観点から考えることが重要だ。,이 문제를 이해하려면 충격이라는 관점에서 생각하는 것이 중요하다.,generated_n1_auto_complete_20260601
衣料,この問題を理解するには、衣料という観点から考えることが重要だ。,이 문제를 이해하려면 의류이라는 관점에서 생각하는 것이 중요하다.,generated_n1_auto_complete_20260601
衣類,この問題を理解するには、衣類という観点から考えることが重要だ。,이 문제를 이해하려면 의류이라는 관점에서 생각하는 것이 중요하다.,generated_n1_auto_complete_20260601
表向き,この問題を理解するには、表向きという観点から考えることが重要だ。,이 문제를 이해하려면 표면상이라는 관점에서 생각하는 것이 중요하다.,generated_n1_auto_complete_20260601
衰える,状況によっては、早めに衰える判断も必要になる。,상황에 따라서는 일찍 쇠약해지다 판단도 필요해진다.,generated_n1_auto_complete_20260601
衰退,この問題を理解するには、衰退という観点から考えることが重要だ。,이 문제를 이해하려면 쇠퇴이라는 관점에서 생각하는 것이 중요하다.,generated_n1_auto_complete_20260601
装備,この問題を理解するには、装備という観点から考えることが重要だ。,이 문제를 이해하려면 장비이라는 관점에서 생각하는 것이 중요하다.,generated_n1_auto_complete_20260601
装飾,この問題を理解するには、装飾という観点から考えることが重要だ。,이 문제를 이해하려면 장식이라는 관점에서 생각하는 것이 중요하다.,generated_n1_auto_complete_20260601
裏腹,この問題を理解するには、裏腹という観点から考えることが重要だ。,이 문제를 이해하려면 정반대이라는 관점에서 생각하는 것이 중요하다.,generated_n1_auto_complete_20260601
補償,この問題を理解するには、補償という観点から考えることが重要だ。,이 문제를 이해하려면 보상이라는 관점에서 생각하는 것이 중요하다.,generated_n1_auto_complete_20260601
補充,この問題を理解するには、補充という観点から考えることが重要だ。,이 문제를 이해하려면 보충이라는 관점에서 생각하는 것이 중요하다.,generated_n1_auto_complete_20260601
補助,この問題を理解するには、補助という観点から考えることが重要だ。,이 문제를 이해하려면 보조이라는 관점에서 생각하는 것이 중요하다.,generated_n1_auto_complete_20260601
補強,この問題を理解するには、補強という観点から考えることが重要だ。,이 문제를 이해하려면 보강이라는 관점에서 생각하는 것이 중요하다.,generated_n1_auto_complete_20260601
補給,この問題を理解するには、補給という観点から考えることが重要だ。,이 문제를 이해하려면 보급이라는 관점에서 생각하는 것이 중요하다.,generated_n1_auto_complete_20260601
補足,この問題を理解するには、補足という観点から考えることが重要だ。,이 문제를 이해하려면 보충이라는 관점에서 생각하는 것이 중요하다.,generated_n1_auto_complete_20260601
裸,この問題を理解するには、裸という観点から考えることが重要だ。,이 문제를 이해하려면 알몸이라는 관점에서 생각하는 것이 중요하다.,generated_n1_auto_complete_20260601
製法,この問題を理解するには、製法という観点から考えることが重要だ。,이 문제를 이해하려면 제법이라는 관점에서 생각하는 것이 중요하다.,generated_n1_auto_complete_20260601
製鉄,この問題を理解するには、製鉄という観点から考えることが重要だ。,이 문제를 이해하려면 제철이라는 관점에서 생각하는 것이 중요하다.,generated_n1_auto_complete_20260601
複合,この問題を理解するには、複合という観点から考えることが重要だ。,이 문제를 이해하려면 복합이라는 관점에서 생각하는 것이 중요하다.,generated_n1_auto_complete_20260601
褒美,この問題を理解するには、褒美という観点から考えることが重要だ。,이 문제를 이해하려면 상이라는 관점에서 생각하는 것이 중요하다.,generated_n1_auto_complete_20260601
襲う,状況によっては、早めに襲う判断も必要になる。,상황에 따라서는 일찍 습격하다 판단도 필요해진다.,generated_n1_auto_complete_20260601
襲撃,この問題を理解するには、襲撃という観点から考えることが重要だ。,이 문제를 이해하려면 습격이라는 관점에서 생각하는 것이 중요하다.,generated_n1_auto_complete_20260601
要因,この問題を理解するには、要因という観点から考えることが重要だ。,이 문제를 이해하려면 요인이라는 관점에서 생각하는 것이 중요하다.,generated_n1_auto_complete_20260601
要旨,この問題を理解するには、要旨という観点から考えることが重要だ。,이 문제를 이해하려면 요지이라는 관점에서 생각하는 것이 중요하다.,generated_n1_auto_complete_20260601
要望,この問題を理解するには、要望という観点から考えることが重要だ。,이 문제를 이해하려면 요망이라는 관점에서 생각하는 것이 중요하다.,generated_n1_auto_complete_20260601
要請,この問題を理解するには、要請という観点から考えることが重要だ。,이 문제를 이해하려면 요청이라는 관점에서 생각하는 것이 중요하다.,generated_n1_auto_complete_20260601
要領,この問題を理解するには、要領という観点から考えることが重要だ。,이 문제를 이해하려면 요령이라는 관점에서 생각하는 것이 중요하다.,generated_n1_auto_complete_20260601
覆す,状況によっては、早めに覆す判断も必要になる。,상황에 따라서는 일찍 뒤집다 판단도 필요해진다.,generated_n1_auto_complete_20260601
覆面,この問題を理解するには、覆面という観点から考えることが重要だ。,이 문제를 이해하려면 복면이라는 관점에서 생각하는 것이 중요하다.,generated_n1_auto_complete_20260601
見かける,状況によっては、早めに見かける判断も必要になる。,상황에 따라서는 일찍 눈에 띄다 보게 되다 판단도 필요해진다.,generated_n1_auto_complete_20260601
見合わせる,状況によっては、早めに見合わせる判断も必要になる。,상황에 따라서는 일찍 보류하다 서로 마주 보다 판단도 필요해진다.,generated_n1_auto_complete_20260601
見地,この問題を理解するには、見地という観点から考えることが重要だ。,이 문제를 이해하려면 견지이라는 관점에서 생각하는 것이 중요하다.,generated_n1_auto_complete_20260601
見失う,状況によっては、早めに見失う判断も必要になる。,상황에 따라서는 일찍 놓치다 잃어버리다 판단도 필요해진다.,generated_n1_auto_complete_20260601
見当たる,状況によっては、早めに見当たる判断も必要になる。,상황에 따라서는 일찍 발견되다 눈에 띄다 판단도 필요해진다.,generated_n1_auto_complete_20260601
見慣れる,状況によっては、早めに見慣れる判断も必要になる。,상황에 따라서는 일찍 눈에 익다 판단도 필요해진다.,generated_n1_auto_complete_20260601
見渡す,状況によっては、早めに見渡す判断も必要になる。,상황에 따라서는 일찍 멀리 바라보다 판단도 필요해진다.,generated_n1_auto_complete_20260601
見直す,状況によっては、早めに見直す判断も必要になる。,상황에 따라서는 일찍 다시 보다 재검토하다 판단도 필요해진다.,generated_n1_auto_complete_20260601
見習う,状況によっては、早めに見習う判断も必要になる。,상황에 따라서는 일찍 본받다 배우다 판단도 필요해진다.,generated_n1_auto_complete_20260601
見落とす,状況によっては、早めに見落とす判断も必要になる。,상황에 따라서는 일찍 못 보고 지나치다 판단도 필요해진다.,generated_n1_auto_complete_20260601
見込み,この問題を理解するには、見込みという観点から考えることが重要だ。,이 문제를 이해하려면 가망이라는 관점에서 생각하는 것이 중요하다.,generated_n1_auto_complete_20260601
見送る,状況によっては、早めに見送る判断も必要になる。,상황에 따라서는 일찍 배웅하다 보류하다 판단도 필요해진다.,generated_n1_auto_complete_20260601
見逃す,状況によっては、早めに見逃す判断も必要になる。,상황에 따라서는 일찍 못 보고 넘기다 놓치다 판단도 필요해진다.,generated_n1_auto_complete_20260601
見違える,状況によっては、早めに見違える判断も必要になる。,상황에 따라서는 일찍 몰라볼 정도로 달라지다 판단도 필요해진다.,generated_n1_auto_complete_20260601
規制,この問題を理解するには、規制という観点から考えることが重要だ。,이 문제를 이해하려면 규제이라는 관점에서 생각하는 것이 중요하다.,generated_n1_auto_complete_20260601
規定,この問題を理解するには、規定という観点から考えることが重要だ。,이 문제를 이해하려면 규정이라는 관점에서 생각하는 것이 중요하다.,generated_n1_auto_complete_20260601
規格,この問題を理解するには、規格という観点から考えることが重要だ。,이 문제를 이해하려면 규격이라는 관점에서 생각하는 것이 중요하다.,generated_n1_auto_complete_20260601
規模,この問題を理解するには、規模という観点から考えることが重要だ。,이 문제를 이해하려면 규모이라는 관점에서 생각하는 것이 중요하다.,generated_n1_auto_complete_20260601
規範,この問題を理解するには、規範という観点から考えることが重要だ。,이 문제를 이해하려면 규범이라는 관점에서 생각하는 것이 중요하다.,generated_n1_auto_complete_20260601
規約,この問題を理解するには、規約という観点から考えることが重要だ。,이 문제를 이해하려면 규약이라는 관점에서 생각하는 것이 중요하다.,generated_n1_auto_complete_20260601
視察,この問題を理解するには、視察という観点から考えることが重要だ。,이 문제를 이해하려면 시찰이라는 관점에서 생각하는 것이 중요하다.,generated_n1_auto_complete_20260601
視点,この問題を理解するには、視点という観点から考えることが重要だ。,이 문제를 이해하려면 시점 관점이라는 관점에서 생각하는 것이 중요하다.,generated_n1_auto_complete_20260601
視覚,この問題を理解するには、視覚という観点から考えることが重要だ。,이 문제를 이해하려면 시각이라는 관점에서 생각하는 것이 중요하다.,generated_n1_auto_complete_20260601
視野,この問題を理解するには、視野という観点から考えることが重要だ。,이 문제를 이해하려면 시야이라는 관점에서 생각하는 것이 중요하다.,generated_n1_auto_complete_20260601
観点,この問題を理解するには、観点という観点から考えることが重要だ。,이 문제를 이해하려면 관점이라는 관점에서 생각하는 것이 중요하다.,generated_n1_auto_complete_20260601
観衆,この問題を理解するには、観衆という観点から考えることが重要だ。,이 문제를 이해하려면 관중이라는 관점에서 생각하는 것이 중요하다.,generated_n1_auto_complete_20260601
観覧,この問題を理解するには、観覧という観点から考えることが重要だ。,이 문제를 이해하려면 관람이라는 관점에서 생각하는 것이 중요하다.,generated_n1_auto_complete_20260601
解剖,この問題を理解するには、解剖という観点から考えることが重要だ。,이 문제를 이해하려면 해부이라는 관점에서 생각하는 것이 중요하다.,generated_n1_auto_complete_20260601
解明,この問題を理解するには、解明という観点から考えることが重要だ。,이 문제를 이해하려면 규명이라는 관점에서 생각하는 것이 중요하다.,generated_n1_auto_complete_20260601
解除,この問題を理解するには、解除という観点から考えることが重要だ。,이 문제를 이해하려면 해제이라는 관점에서 생각하는 것이 중요하다.,generated_n1_auto_complete_20260601
言い張る,状況によっては、早めに言い張る判断も必要になる。,상황에 따라서는 일찍 우겨 말하다 주장하다 판단도 필요해진다.,generated_n1_auto_complete_20260601
言い渡す,状況によっては、早めに言い渡す判断も必要になる。,상황에 따라서는 일찍 선고하다 통고하다 판단도 필요해진다.,generated_n1_auto_complete_20260601
言い通す,状況によっては、早めに言い通す判断も必要になる。,상황에 따라서는 일찍 끝까지 주장하다 판단도 필요해진다.,generated_n1_auto_complete_20260601
言及,この問題を理解するには、言及という観点から考えることが重要だ。,이 문제를 이해하려면 언급이라는 관점에서 생각하는 것이 중요하다.,generated_n1_auto_complete_20260601
言論,この問題を理解するには、言論という観点から考えることが重要だ。,이 문제를 이해하려면 언론이라는 관점에서 생각하는 것이 중요하다.,generated_n1_auto_complete_20260601
訂正,この問題を理解するには、訂正という観点から考えることが重要だ。,이 문제를 이해하려면 정정이라는 관점에서 생각하는 것이 중요하다.,generated_n1_auto_complete_20260601
計器,この問題を理解するには、計器という観点から考えることが重要だ。,이 문제를 이해하려면 계기이라는 관점에서 생각하는 것이 중요하다.,generated_n1_auto_complete_20260601
討論,この問題を理解するには、討論という観点から考えることが重要だ。,이 문제를 이해하려면 토론이라는 관점에서 생각하는 것이 중요하다.,generated_n1_auto_complete_20260601
討議,この問題を理解するには、討議という観点から考えることが重要だ。,이 문제를 이해하려면 토의이라는 관점에서 생각하는 것이 중요하다.,generated_n1_auto_complete_20260601
記載,この問題を理解するには、記載という観点から考えることが重要だ。,이 문제를 이해하려면 기재이라는 관점에서 생각하는 것이 중요하다.,generated_n1_auto_complete_20260601
記述,この問題を理解するには、記述という観点から考えることが重要だ。,이 문제를 이해하려면 기술이라는 관점에서 생각하는 것이 중요하다.,generated_n1_auto_complete_20260601
訪れる,状況によっては、早めに訪れる判断も必要になる。,상황에 따라서는 일찍 방문하다 판단도 필요해진다.,generated_n1_auto_complete_20260601
設定,この問題を理解するには、設定という観点から考えることが重要だ。,이 문제를 이해하려면 설정이라는 관점에서 생각하는 것이 중요하다.,generated_n1_auto_complete_20260601
設立,この問題を理解するには、設立という観点から考えることが重要だ。,이 문제를 이해하려면 설립이라는 관점에서 생각하는 것이 중요하다.,generated_n1_auto_complete_20260601
許容,この問題を理解するには、許容という観点から考えることが重要だ。,이 문제를 이해하려면 허용이라는 관점에서 생각하는 것이 중요하다.,generated_n1_auto_complete_20260601
訴訟,この問題を理解するには、訴訟という観点から考えることが重要だ。,이 문제를 이해하려면 소송이라는 관점에서 생각하는 것이 중요하다.,generated_n1_auto_complete_20260601
診療,この問題を理解するには、診療という観点から考えることが重要だ。,이 문제를 이해하려면 진료이라는 관점에서 생각하는 것이 중요하다.,generated_n1_auto_complete_20260601
証拠,この問題を理解するには、証拠という観点から考えることが重要だ。,이 문제를 이해하려면 증거이라는 관점에서 생각하는 것이 중요하다.,generated_n1_auto_complete_20260601
証言,この問題を理解するには、証言という観点から考えることが重要だ。,이 문제를 이해하려면 증언이라는 관점에서 생각하는 것이 중요하다.,generated_n1_auto_complete_20260601
詐欺,この問題を理解するには、詐欺という観点から考えることが重要だ。,이 문제를 이해하려면 사기이라는 관점에서 생각하는 것이 중요하다.,generated_n1_auto_complete_20260601
試み,この問題を理解するには、試みという観点から考えることが重要だ。,이 문제를 이해하려면 시도이라는 관점에서 생각하는 것이 중요하다.,generated_n1_auto_complete_20260601
試みる,状況によっては、早めに試みる判断も必要になる。,상황에 따라서는 일찍 시도하다 판단도 필요해진다.,generated_n1_auto_complete_20260601
該当,この問題を理解するには、該当という観点から考えることが重要だ。,이 문제를 이해하려면 해당이라는 관점에서 생각하는 것이 중요하다.,generated_n1_auto_complete_20260601
詳細な,その説明は詳細なものではなく、追加の根拠を示す必要があった。,그 설명은 상세한 것이 아니어서 추가 근거를 제시할 필요가 있었다.,generated_n1_auto_complete_20260601
誇る,状況によっては、早めに誇る判断も必要になる。,상황에 따라서는 일찍 자랑하다 판단도 필요해진다.,generated_n1_auto_complete_20260601
認める,状況によっては、早めに認める判断も必要になる。,상황에 따라서는 일찍 인정하다 판단도 필요해진다.,generated_n1_auto_complete_20260601
認識,この問題を理解するには、認識という観点から考えることが重要だ。,이 문제를 이해하려면 인식이라는 관점에서 생각하는 것이 중요하다.,generated_n1_auto_complete_20260601
語る,状況によっては、早めに語る判断も必要になる。,상황에 따라서는 일찍 말하다 판단도 필요해진다.,generated_n1_auto_complete_20260601
語句,この問題を理解するには、語句という観点から考えることが重要だ。,이 문제를 이해하려면 어구이라는 관점에서 생각하는 것이 중요하다.,generated_n1_auto_complete_20260601
語彙,この問題を理解するには、語彙という観点から考えることが重要だ。,이 문제를 이해하려면 어휘이라는 관점에서 생각하는 것이 중요하다.,generated_n1_auto_complete_20260601
語源,この問題を理解するには、語源という観点から考えることが重要だ。,이 문제를 이해하려면 어원이라는 관점에서 생각하는 것이 중요하다.,generated_n1_auto_complete_20260601
誠実な,その説明は誠実なものではなく、追加の根拠を示す必要があった。,그 설명은 성실한 것이 아니어서 추가 근거를 제시할 필요가 있었다.,generated_n1_auto_complete_20260601
誤る,状況によっては、早めに誤る判断も必要になる。,상황에 따라서는 일찍 잘못하다 판단도 필요해진다.,generated_n1_auto_complete_20260601
誤作動,この問題を理解するには、誤作動という観点から考えることが重要だ。,이 문제를 이해하려면 오작동이라는 관점에서 생각하는 것이 중요하다.,generated_n1_auto_complete_20260601
誤差,この問題を理解するには、誤差という観点から考えることが重要だ。,이 문제를 이해하려면 오차이라는 관점에서 생각하는 것이 중요하다.,generated_n1_auto_complete_20260601
説く,状況によっては、早めに説く判断も必要になる。,상황에 따라서는 일찍 설명하다 판단도 필요해진다.,generated_n1_auto_complete_20260601
説得,この問題を理解するには、説得という観点から考えることが重要だ。,이 문제를 이해하려면 설득이라는 관점에서 생각하는 것이 중요하다.,generated_n1_auto_complete_20260601
読み上げる,状況によっては、早めに読み上げる判断も必要になる。,상황에 따라서는 일찍 소리 내어 읽다 낭독하다 판단도 필요해진다.,generated_n1_auto_complete_20260601
読者,この問題を理解するには、読者という観点から考えることが重要だ。,이 문제를 이해하려면 독자이라는 관점에서 생각하는 것이 중요하다.,generated_n1_auto_complete_20260601
課外,この問題を理解するには、課外という観点から考えることが重要だ。,이 문제를 이해하려면 과외이라는 관점에서 생각하는 것이 중요하다.,generated_n1_auto_complete_20260601
調停,この問題を理解するには、調停という観点から考えることが重要だ。,이 문제를 이해하려면 조정이라는 관점에서 생각하는 것이 중요하다.,generated_n1_auto_complete_20260601
調印,この問題を理解するには、調印という観点から考えることが重要だ。,이 문제를 이해하려면 조인이라는 관점에서 생각하는 것이 중요하다.,generated_n1_auto_complete_20260601
調和,この問題を理解するには、調和という観点から考えることが重要だ。,이 문제를 이해하려면 조화이라는 관점에서 생각하는 것이 중요하다.,generated_n1_auto_complete_20260601
調理,この問題を理解するには、調理という観点から考えることが重要だ。,이 문제를 이해하려면 조리이라는 관점에서 생각하는 것이 중요하다.,generated_n1_auto_complete_20260601
調達,この問題を理解するには、調達という観点から考えることが重要だ。,이 문제를 이해하려면 조달이라는 관점에서 생각하는 것이 중요하다.,generated_n1_auto_complete_20260601
論議,この問題を理解するには、論議という観点から考えることが重要だ。,이 문제를 이해하려면 논의이라는 관점에서 생각하는 것이 중요하다.,generated_n1_auto_complete_20260601
諸君,この問題を理解するには、諸君という観点から考えることが重要だ。,이 문제를 이해하려면 제군이라는 관점에서 생각하는 것이 중요하다.,generated_n1_auto_complete_20260601
謙虚,この問題を理解するには、謙虚という観点から考えることが重要だ。,이 문제를 이해하려면 겸허이라는 관점에서 생각하는 것이 중요하다.,generated_n1_auto_complete_20260601
講習,この問題を理解するには、講習という観点から考えることが重要だ。,이 문제를 이해하려면 강습이라는 관점에서 생각하는 것이 중요하다.,generated_n1_auto_complete_20260601
講読,この問題を理解するには、講読という観点から考えることが重要だ。,이 문제를 이해하려면 강독이라는 관점에서 생각하는 것이 중요하다.,generated_n1_auto_complete_20260601
識別,この問題を理解するには、識別という観点から考えることが重要だ。,이 문제를 이해하려면 식별이라는 관점에서 생각하는 것이 중요하다.,generated_n1_auto_complete_20260601
警戒,この問題を理解するには、警戒という観点から考えることが重要だ。,이 문제를 이해하려면 경계이라는 관점에서 생각하는 것이 중요하다.,generated_n1_auto_complete_20260601
警部,この問題を理解するには、警部という観点から考えることが重要だ。,이 문제를 이해하려면 경부이라는 관점에서 생각하는 것이 중요하다.,generated_n1_auto_complete_20260601
議事堂,この問題を理解するには、議事堂という観点から考えることが重要だ。,이 문제를 이해하려면 의사당이라는 관점에서 생각하는 것이 중요하다.,generated_n1_auto_complete_20260601
議案,この問題を理解するには、議案という観点から考えることが重要だ。,이 문제를 이해하려면 의안이라는 관점에서 생각하는 것이 중요하다.,generated_n1_auto_complete_20260601
議決,この問題を理解するには、議決という観点から考えることが重要だ。,이 문제를 이해하려면 의결이라는 관점에서 생각하는 것이 중요하다.,generated_n1_auto_complete_20260601
議題,この問題を理解するには、議題という観点から考えることが重要だ。,이 문제를 이해하려면 의제이라는 관점에서 생각하는 것이 중요하다.,generated_n1_auto_complete_20260601
護衛,この問題を理解するには、護衛という観点から考えることが重要だ。,이 문제를 이해하려면 호위이라는 관점에서 생각하는 것이 중요하다.,generated_n1_auto_complete_20260601
豊作,この問題を理解するには、豊作という観点から考えることが重要だ。,이 문제를 이해하려면 풍작이라는 관점에서 생각하는 것이 중요하다.,generated_n1_auto_complete_20260601
象徴,この問題を理解するには、象徴という観点から考えることが重要だ。,이 문제를 이해하려면 상징이라는 관점에서 생각하는 것이 중요하다.,generated_n1_auto_complete_20260601
豪快な,その説明は豪快なものではなく、追加の根拠を示す必要があった。,그 설명은 호쾌한 것이 아니어서 추가 근거를 제시할 필요가 있었다.,generated_n1_auto_complete_20260601
貝殻,この問題を理解するには、貝殻という観点から考えることが重要だ。,이 문제를 이해하려면 조개껍데기이라는 관점에서 생각하는 것이 중요하다.,generated_n1_auto_complete_20260601
負かす,状況によっては、早めに負かす判断も必要になる。,상황에 따라서는 일찍 이기다 판단도 필요해진다.,generated_n1_auto_complete_20260601
財政,この問題を理解するには、財政という観点から考えることが重要だ。,이 문제를 이해하려면 재정이라는 관점에서 생각하는 것이 중요하다.,generated_n1_auto_complete_20260601
財源,この問題を理解するには、財源という観点から考えることが重要だ。,이 문제를 이해하려면 재원이라는 관점에서 생각하는 것이 중요하다.,generated_n1_auto_complete_20260601
貢献,この問題を理解するには、貢献という観点から考えることが重要だ。,이 문제를 이해하려면 공헌이라는 관점에서 생각하는 것이 중요하다.,generated_n1_auto_complete_20260601
貧乏な,その説明は貧乏なものではなく、追加の根拠を示す必要があった。,그 설명은 가난한 것이 아니어서 추가 근거를 제시할 필요가 있었다.,generated_n1_auto_complete_20260601
貧困な,その説明は貧困なものではなく、追加の根拠を示す必要があった。,그 설명은 빈곤한 것이 아니어서 추가 근거를 제시할 필요가 있었다.,generated_n1_auto_complete_20260601
貧富,この問題を理解するには、貧富という観点から考えることが重要だ。,이 문제를 이해하려면 빈부이라는 관점에서 생각하는 것이 중요하다.,generated_n1_auto_complete_20260601
貧弱な,その説明は貧弱なものではなく、追加の根拠を示す必要があった。,그 설명은 빈약한 것이 아니어서 추가 근거를 제시할 필요가 있었다.,generated_n1_auto_complete_20260601
貨幣,この問題を理解するには、貨幣という観点から考えることが重要だ。,이 문제를 이해하려면 화폐이라는 관점에서 생각하는 것이 중요하다.,generated_n1_auto_complete_20260601
貫く,状況によっては、早めに貫く判断も必要になる。,상황에 따라서는 일찍 관철하다 판단도 필요해진다.,generated_n1_auto_complete_20260601
貫禄,この問題を理解するには、貫禄という観点から考えることが重要だ。,이 문제를 이해하려면 관록이라는 관점에서 생각하는 것이 중요하다.,generated_n1_auto_complete_20260601
責任感,この問題を理解するには、責任感という観点から考えることが重要だ。,이 문제를 이해하려면 책임감이라는 관점에서 생각하는 것이 중요하다.,generated_n1_auto_complete_20260601
責務,この問題を理解するには、責務という観点から考えることが重要だ。,이 문제를 이해하려면 책무이라는 관점에서 생각하는 것이 중요하다.,generated_n1_auto_complete_20260601
貯蓄,この問題を理解するには、貯蓄という観点から考えることが重要だ。,이 문제를 이해하려면 저축이라는 관점에서 생각하는 것이 중요하다.,generated_n1_auto_complete_20260601
貴族,この問題を理解するには、貴族という観点から考えることが重要だ。,이 문제를 이해하려면 귀족이라는 관점에서 생각하는 것이 중요하다.,generated_n1_auto_complete_20260601
貴重な,その説明は貴重なものではなく、追加の根拠を示す必要があった。,그 설명은 귀중한 것이 아니어서 추가 근거를 제시할 필요가 있었다.,generated_n1_auto_complete_20260601
賃金,この問題を理解するには、賃金という観点から考えることが重要だ。,이 문제를 이해하려면 임금이라는 관점에서 생각하는 것이 중요하다.,generated_n1_auto_complete_20260601
賄う,状況によっては、早めに賄う判断も必要になる。,상황에 따라서는 일찍 충당하다 판단도 필요해진다.,generated_n1_auto_complete_20260601
資格,この問題を理解するには、資格という観点から考えることが重要だ。,이 문제를 이해하려면 자격이라는 관점에서 생각하는 것이 중요하다.,generated_n1_auto_complete_20260601
資産,この問題を理解するには、資産という観点から考えることが重要だ。,이 문제를 이해하려면 자산이라는 관점에서 생각하는 것이 중요하다.,generated_n1_auto_complete_20260601
資金,この問題を理解するには、資金という観点から考えることが重要だ。,이 문제를 이해하려면 자금이라는 관점에서 생각하는 것이 중요하다.,generated_n1_auto_complete_20260601
賛美,この問題を理解するには、賛美という観点から考えることが重要だ。,이 문제를 이해하려면 찬미이라는 관점에서 생각하는 것이 중요하다.,generated_n1_auto_complete_20260601
賜る,状況によっては、早めに賜る判断も必要になる。,상황에 따라서는 일찍 받다 판단도 필요해진다.,generated_n1_auto_complete_20260601
賠償,この問題を理解するには、賠償という観点から考えることが重要だ。,이 문제를 이해하려면 배상이라는 관점에서 생각하는 것이 중요하다.,generated_n1_auto_complete_20260601
賢い,状況が賢い場合でも、感情に流されず冷静に判断しなければならない。,상황이 영리한 경우에도 감정에 휩쓸리지 말고 냉정하게 판단해야 한다.,generated_n1_auto_complete_20260601
賢明な,その説明は賢明なものではなく、追加の根拠を示す必要があった。,그 설명은 현명한 것이 아니어서 추가 근거를 제시할 필요가 있었다.,generated_n1_auto_complete_20260601
質疑,この問題を理解するには、質疑という観点から考えることが重要だ。,이 문제를 이해하려면 질의이라는 관점에서 생각하는 것이 중요하다.,generated_n1_auto_complete_20260601
質素な,その説明は質素なものではなく、追加の根拠を示す必要があった。,그 설명은 검소한 것이 아니어서 추가 근거를 제시할 필요가 있었다.,generated_n1_auto_complete_20260601
購入,この問題を理解するには、購入という観点から考えることが重要だ。,이 문제를 이해하려면 구입이라는 관점에서 생각하는 것이 중요하다.,generated_n1_auto_complete_20260601
走行,この問題を理解するには、走行という観点から考えることが重要だ。,이 문제를 이해하려면 주행이라는 관점에서 생각하는 것이 중요하다.,generated_n1_auto_complete_20260601
赴任,この問題を理解するには、赴任という観点から考えることが重要だ。,이 문제를 이해하려면 부임이라는 관점에서 생각하는 것이 중요하다.,generated_n1_auto_complete_20260601
起伏,この問題を理解するには、起伏という観点から考えることが重要だ。,이 문제를 이해하려면 기복이라는 관점에서 생각하는 것이 중요하다.,generated_n1_auto_complete_20260601
起点,この問題を理解するには、起点という観点から考えることが重要だ。,이 문제를 이해하려면 기점이라는 관점에서 생각하는 것이 중요하다.,generated_n1_auto_complete_20260601
起用,この問題を理解するには、起用という観点から考えることが重要だ。,이 문제를 이해하려면 기용이라는 관점에서 생각하는 것이 중요하다.,generated_n1_auto_complete_20260601
超大作,この問題を理解するには、超大作という観点から考えることが重要だ。,이 문제를 이해하려면 초대작이라는 관점에서 생각하는 것이 중요하다.,generated_n1_auto_complete_20260601
超満員,この問題を理解するには、超満員という観点から考えることが重要だ。,이 문제를 이해하려면 초만원이라는 관점에서 생각하는 것이 중요하다.,generated_n1_auto_complete_20260601
超能力,この問題を理解するには、超能力という観点から考えることが重要だ。,이 문제를 이해하려면 초능력이라는 관점에서 생각하는 것이 중요하다.,generated_n1_auto_complete_20260601
超音波,この問題を理解するには、超音波という観点から考えることが重要だ。,이 문제를 이해하려면 초음파이라는 관점에서 생각하는 것이 중요하다.,generated_n1_auto_complete_20260601
超高層,この問題を理解するには、超高層という観点から考えることが重要だ。,이 문제를 이해하려면 초고층이라는 관점에서 생각하는 것이 중요하다.,generated_n1_auto_complete_20260601
趣旨,この問題を理解するには、趣旨という観点から考えることが重要だ。,이 문제를 이해하려면 취지이라는 관점에서 생각하는 것이 중요하다.,generated_n1_auto_complete_20260601
跡地,この問題を理解するには、跡地という観点から考えることが重要だ。,이 문제를 이해하려면 터이라는 관점에서 생각하는 것이 중요하다.,generated_n1_auto_complete_20260601
踏み切る,状況によっては、早めに踏み切る判断も必要になる。,상황에 따라서는 일찍 결단하다 과감히 실행하다 판단도 필요해진다.,generated_n1_auto_complete_20260601
踏み場,この問題を理解するには、踏み場という観点から考えることが重要だ。,이 문제를 이해하려면 디딜 곳이라는 관점에서 생각하는 것이 중요하다.,generated_n1_auto_complete_20260601
踏み込む,状況によっては、早めに踏み込む判断も必要になる。,상황에 따라서는 일찍 발을 들이다 깊이 들어가다 판단도 필요해진다.,generated_n1_auto_complete_20260601
踏襲,この問題を理解するには、踏襲という観点から考えることが重要だ。,이 문제를 이해하려면 답습이라는 관점에서 생각하는 것이 중요하다.,generated_n1_auto_complete_20260601
躍進,この問題を理解するには、躍進という観点から考えることが重要だ。,이 문제를 이해하려면 약진이라는 관점에서 생각하는 것이 중요하다.,generated_n1_auto_complete_20260601
身近な,その説明は身近なものではなく、追加の根拠を示す必要があった。,그 설명은 가까운 친근한 것이 아니어서 추가 근거를 제시할 필요가 있었다.,generated_n1_auto_complete_20260601
軌道,この問題を理解するには、軌道という観点から考えることが重要だ。,이 문제를 이해하려면 궤도이라는 관점에서 생각하는 것이 중요하다.,generated_n1_auto_complete_20260601
軍事,この問題を理解するには、軍事という観点から考えることが重要だ。,이 문제를 이해하려면 군사이라는 관점에서 생각하는 것이 중요하다.,generated_n1_auto_complete_20260601
軍備,この問題を理解するには、軍備という観点から考えることが重要だ。,이 문제를 이해하려면 군비이라는 관점에서 생각하는 것이 중요하다.,generated_n1_auto_complete_20260601
軍艦,この問題を理解するには、軍艦という観点から考えることが重要だ。,이 문제를 이해하려면 군함이라는 관점에서 생각하는 것이 중요하다.,generated_n1_auto_complete_20260601
転任,この問題を理解するには、転任という観点から考えることが重要だ。,이 문제를 이해하려면 전임이라는 관점에서 생각하는 것이 중요하다.,generated_n1_auto_complete_20260601
転勤,この問題を理解するには、転勤という観点から考えることが重要だ。,이 문제를 이해하려면 전근이라는 관점에서 생각하는 것이 중요하다.,generated_n1_auto_complete_20260601
転回,この問題を理解するには、転回という観点から考えることが重要だ。,이 문제를 이해하려면 전회이라는 관점에서 생각하는 것이 중요하다.,generated_n1_auto_complete_20260601
転居,この問題を理解するには、転居という観点から考えることが重要だ。,이 문제를 이해하려면 전거이라는 관점에서 생각하는 것이 중요하다.,generated_n1_auto_complete_20260601
転換,この問題を理解するには、転換という観点から考えることが重要だ。,이 문제를 이해하려면 전환이라는 관점에서 생각하는 것이 중요하다.,generated_n1_auto_complete_20260601
転校,この問題を理解するには、転校という観点から考えることが重要だ。,이 문제를 이해하려면 전학이라는 관점에서 생각하는 것이 중요하다.,generated_n1_auto_complete_20260601
転落,この問題を理解するには、転落という観点から考えることが重要だ。,이 문제를 이해하려면 전락이라는 관점에서 생각하는 것이 중요하다.,generated_n1_auto_complete_20260601
軽工業,この問題を理解するには、軽工業という観点から考えることが重要だ。,이 문제를 이해하려면 경공업이라는 관점에서 생각하는 것이 중요하다.,generated_n1_auto_complete_20260601
軽快な,その説明は軽快なものではなく、追加の根拠を示す必要があった。,그 설명은 경쾌한 것이 아니어서 추가 근거를 제시할 필요가 있었다.,generated_n1_auto_complete_20260601
軽減,この問題を理解するには、軽減という観点から考えることが重要だ。,이 문제를 이해하려면 경감이라는 관점에서 생각하는 것이 중요하다.,generated_n1_auto_complete_20260601
軽犯罪,この問題を理解するには、軽犯罪という観点から考えることが重要だ。,이 문제를 이해하려면 경범죄이라는 관점에서 생각하는 것이 중요하다.,generated_n1_auto_complete_20260601
軽症,この問題を理解するには、軽症という観点から考えることが重要だ。,이 문제를 이해하려면 경상 가벼운 증상이라는 관점에서 생각하는 것이 중요하다.,generated_n1_auto_complete_20260601
軽自動車,この問題を理解するには、軽自動車という観点から考えることが重要だ。,이 문제를 이해하려면 경자동차이라는 관점에서 생각하는 것이 중요하다.,generated_n1_auto_complete_20260601
軽蔑,この問題を理解するには、軽蔑という観点から考えることが重要だ。,이 문제를 이해하려면 경멸이라는 관점에서 생각하는 것이 중요하다.,generated_n1_auto_complete_20260601
軽視,この問題を理解するには、軽視という観点から考えることが重要だ。,이 문제를 이해하려면 경시이라는 관점에서 생각하는 것이 중요하다.,generated_n1_auto_complete_20260601
輝く,状況によっては、早めに輝く判断も必要になる。,상황에 따라서는 일찍 빛나다 판단도 필요해진다.,generated_n1_auto_complete_20260601
辞任,この問題を理解するには、辞任という観点から考えることが重要だ。,이 문제를 이해하려면 사임이라는 관점에서 생각하는 것이 중요하다.,generated_n1_auto_complete_20260601
辞職,この問題を理解するには、辞職という観点から考えることが重要だ。,이 문제를 이해하려면 사직이라는 관점에서 생각하는 것이 중요하다.,generated_n1_auto_complete_20260601
農地,この問題を理解するには、農地という観点から考えることが重要だ。,이 문제를 이해하려면 농지이라는 관점에서 생각하는 것이 중요하다.,generated_n1_auto_complete_20260601
農場,この問題を理解するには、農場という観点から考えることが重要だ。,이 문제를 이해하려면 농장이라는 관점에서 생각하는 것이 중요하다.,generated_n1_auto_complete_20260601
農耕,この問題を理解するには、農耕という観点から考えることが重要だ。,이 문제를 이해하려면 농경이라는 관점에서 생각하는 것이 중요하다.,generated_n1_auto_complete_20260601
辿り着く,状況によっては、早めに辿り着く判断も必要になる。,상황에 따라서는 일찍 간신히 도착하다 판단도 필요해진다.,generated_n1_auto_complete_20260601
迅速な,その説明は迅速なものではなく、追加の根拠を示す必要があった。,그 설명은 신속한 것이 아니어서 추가 근거를 제시할 필요가 있었다.,generated_n1_auto_complete_20260601
近眼,この問題を理解するには、近眼という観点から考えることが重要だ。,이 문제를 이해하려면 근시안이라는 관점에서 생각하는 것이 중요하다.,generated_n1_auto_complete_20260601
近視,この問題を理解するには、近視という観点から考えることが重要だ。,이 문제를 이해하려면 근시이라는 관점에서 생각하는 것이 중요하다.,generated_n1_auto_complete_20260601
返済,この問題を理解するには、返済という観点から考えることが重要だ。,이 문제를 이해하려면 반제이라는 관점에서 생각하는 것이 중요하다.,generated_n1_auto_complete_20260601
返答,この問題を理解するには、返答という観点から考えることが重要だ。,이 문제를 이해하려면 답변이라는 관점에서 생각하는 것이 중요하다.,generated_n1_auto_complete_20260601
返金,この問題を理解するには、返金という観点から考えることが重要だ。,이 문제를 이해하려면 환불이라는 관점에서 생각하는 것이 중요하다.,generated_n1_auto_complete_20260601
迫る,状況によっては、早めに迫る判断も必要になる。,상황에 따라서는 일찍 다가오다 판단도 필요해진다.,generated_n1_auto_complete_20260601
迫害,この問題を理解するには、迫害という観点から考えることが重要だ。,이 문제를 이해하려면 박해이라는 관점에서 생각하는 것이 중요하다.,generated_n1_auto_complete_20260601
追い出す,状況によっては、早めに追い出す判断も必要になる。,상황에 따라서는 일찍 쫓아내다 판단도 필요해진다.,generated_n1_auto_complete_20260601
追い返す,状況によっては、早めに追い返す判断も必要になる。,상황에 따라서는 일찍 돌려보내다 쫓아 돌려보내다 판단도 필요해진다.,generated_n1_auto_complete_20260601
追及,この問題を理解するには、追及という観点から考えることが重要だ。,이 문제를 이해하려면 추궁이라는 관점에서 생각하는 것이 중요하다.,generated_n1_auto_complete_20260601
追放,この問題を理解するには、追放という観点から考えることが重要だ。,이 문제를 이해하려면 추방이라는 관점에서 생각하는 것이 중요하다.,generated_n1_auto_complete_20260601
追跡,この問題を理解するには、追跡という観点から考えることが重要だ。,이 문제를 이해하려면 추적이라는 관점에서 생각하는 것이 중요하다.,generated_n1_auto_complete_20260601
退化,この問題を理解するには、退化という観点から考えることが重要だ。,이 문제를 이해하려면 퇴화이라는 관점에서 생각하는 것이 중요하다.,generated_n1_auto_complete_20260601
退学,この問題を理解するには、退学という観点から考えることが重要だ。,이 문제를 이해하려면 퇴학이라는 관점에서 생각하는 것이 중요하다.,generated_n1_auto_complete_20260601
退治,この問題を理解するには、退治という観点から考えることが重要だ。,이 문제를 이해하려면 퇴치이라는 관점에서 생각하는 것이 중요하다.,generated_n1_auto_complete_20260601
退職,この問題を理解するには、退職という観点から考えることが重要だ。,이 문제를 이해하려면 퇴직이라는 관점에서 생각하는 것이 중요하다.,generated_n1_auto_complete_20260601
送金,この問題を理解するには、送金という観点から考えることが重要だ。,이 문제를 이해하려면 송금이라는 관점에서 생각하는 것이 중요하다.,generated_n1_auto_complete_20260601
逃げ出す,状況によっては、早めに逃げ出す判断も必要になる。,상황에 따라서는 일찍 도망치다 판단도 필요해진다.,generated_n1_auto_complete_20260601
逃す,状況によっては、早めに逃す判断も必要になる。,상황에 따라서는 일찍 놓치다 판단도 필요해진다.,generated_n1_auto_complete_20260601
逃亡,この問題を理解するには、逃亡という観点から考えることが重要だ。,이 문제를 이해하려면 도망이라는 관점에서 생각하는 것이 중요하다.,generated_n1_auto_complete_20260601
逃走,この問題を理解するには、逃走という観点から考えることが重要だ。,이 문제를 이해하려면 도주이라는 관점에서 생각하는 것이 중요하다.,generated_n1_auto_complete_20260601
逆転,この問題を理解するには、逆転という観点から考えることが重要だ。,이 문제를 이해하려면 역전이라는 관점에서 생각하는 것이 중요하다.,generated_n1_auto_complete_20260601
途上,この問題を理解するには、途上という観点から考えることが重要だ。,이 문제를 이해하려면 도상이라는 관점에서 생각하는 것이 중요하다.,generated_n1_auto_complete_20260601
速やかな,その説明は速やかなものではなく、追加の根拠を示す必要があった。,그 설명은 신속한 것이 아니어서 추가 근거를 제시할 필요가 있었다.,generated_n1_auto_complete_20260601
連中,この問題を理解するには、連中という観点から考えることが重要だ。,이 문제를 이해하려면 패거리이라는 관점에서 생각하는 것이 중요하다.,generated_n1_auto_complete_20260601
連休,この問題を理解するには、連休という観点から考えることが重要だ。,이 문제를 이해하려면 연휴이라는 관점에서 생각하는 것이 중요하다.,generated_n1_auto_complete_20260601
連携,この問題を理解するには、連携という観点から考えることが重要だ。,이 문제를 이해하려면 연계이라는 관점에서 생각하는 것이 중요하다.,generated_n1_auto_complete_20260601
連盟,この問題を理解するには、連盟という観点から考えることが重要だ。,이 문제를 이해하려면 연맹이라는 관점에서 생각하는 것이 중요하다.,generated_n1_auto_complete_20260601
連邦,この問題を理解するには、連邦という観点から考えることが重要だ。,이 문제를 이해하려면 연방이라는 관점에서 생각하는 것이 중요하다.,generated_n1_auto_complete_20260601
週刊誌,この問題を理解するには、週刊誌という観点から考えることが重要だ。,이 문제를 이해하려면 주간지이라는 관점에서 생각하는 것이 중요하다.,generated_n1_auto_complete_20260601
進出,この問題を理解するには、進出という観点から考えることが重要だ。,이 문제를 이해하려면 진출이라는 관점에서 생각하는 것이 중요하다.,generated_n1_auto_complete_20260601
進呈,この問題を理解するには、進呈という観点から考えることが重要だ。,이 문제를 이해하려면 증정이라는 관점에서 생각하는 것이 중요하다.,generated_n1_auto_complete_20260601
進展,この問題を理解するには、進展という観点から考えることが重要だ。,이 문제를 이해하려면 진전이라는 관점에서 생각하는 것이 중요하다.,generated_n1_auto_complete_20260601
進度,この問題を理解するには、進度という観点から考えることが重要だ。,이 문제를 이해하려면 진도이라는 관점에서 생각하는 것이 중요하다.,generated_n1_auto_complete_20260601
進行,この問題を理解するには、進行という観点から考えることが重要だ。,이 문제를 이해하려면 진행이라는 관점에서 생각하는 것이 중요하다.,generated_n1_auto_complete_20260601
逸材,この問題を理解するには、逸材という観点から考えることが重要だ。,이 문제를 이해하려면 뛰어난 인재이라는 관점에서 생각하는 것이 중요하다.,generated_n1_auto_complete_20260601
逸脱,この問題を理解するには、逸脱という観点から考えることが重要だ。,이 문제를 이해하려면 일탈이라는 관점에서 생각하는 것이 중요하다.,generated_n1_auto_complete_20260601
遂げる,状況によっては、早めに遂げる判断も必要になる。,상황에 따라서는 일찍 이루다 판단도 필요해진다.,generated_n1_auto_complete_20260601
遂行,この問題を理解するには、遂行という観点から考えることが重要だ。,이 문제를 이해하려면 수행이라는 관점에서 생각하는 것이 중요하다.,generated_n1_auto_complete_20260601
遊牧,この問題を理解するには、遊牧という観点から考えることが重要だ。,이 문제를 이해하려면 유목이라는 관점에서 생각하는 것이 중요하다.,generated_n1_auto_complete_20260601
運命,この問題を理解するには、運命という観点から考えることが重要だ。,이 문제를 이해하려면 운명이라는 관점에서 생각하는 것이 중요하다.,generated_n1_auto_complete_20260601
運搬,この問題を理解するには、運搬という観点から考えることが重要だ。,이 문제를 이해하려면 운반이라는 관점에서 생각하는 것이 중요하다.,generated_n1_auto_complete_20260601
運用,この問題を理解するには、運用という観点から考えることが重要だ。,이 문제를 이해하려면 운용이라는 관점에서 생각하는 것이 중요하다.,generated_n1_auto_complete_20260601
運賃,この問題を理解するには、運賃という観点から考えることが重要だ。,이 문제를 이해하려면 운임이라는 관점에서 생각하는 것이 중요하다.,generated_n1_auto_complete_20260601
運輸,この問題を理解するには、運輸という観点から考えることが重要だ。,이 문제를 이해하려면 운수이라는 관점에서 생각하는 것이 중요하다.,generated_n1_auto_complete_20260601
運送,この問題を理解するには、運送という観点から考えることが重要だ。,이 문제를 이해하려면 운송이라는 관점에서 생각하는 것이 중요하다.,generated_n1_auto_complete_20260601
過労,この問題を理解するには、過労という観点から考えることが重要だ。,이 문제를 이해하려면 과로이라는 관점에서 생각하는 것이 중요하다.,generated_n1_auto_complete_20260601
過密,この問題を理解するには、過密という観点から考えることが重要だ。,이 문제를 이해하려면 과밀이라는 관점에서 생각하는 것이 중요하다.,generated_n1_auto_complete_20260601
過疎,この問題を理解するには、過疎という観点から考えることが重要だ。,이 문제를 이해하려면 과소이라는 관점에서 생각하는 것이 중요하다.,generated_n1_auto_complete_20260601
道場,この問題を理解するには、道場という観点から考えることが重要だ。,이 문제를 이해하려면 도장이라는 관점에서 생각하는 것이 중요하다.,generated_n1_auto_complete_20260601
達成,この問題を理解するには、達成という観点から考えることが重要だ。,이 문제를 이해하려면 달성이라는 관점에서 생각하는 것이 중요하다.,generated_n1_auto_complete_20260601
達者な,その説明は達者なものではなく、追加の根拠を示す必要があった。,그 설명은 능숙한 것이 아니어서 추가 근거를 제시할 필요가 있었다.,generated_n1_auto_complete_20260601
違和感,この問題を理解するには、違和感という観点から考えることが重要だ。,이 문제를 이해하려면 위화감이라는 관점에서 생각하는 것이 중요하다.,generated_n1_auto_complete_20260601
遠方,この問題を理解するには、遠方という観点から考えることが重要だ。,이 문제를 이해하려면 먼 곳이라는 관점에서 생각하는 것이 중요하다.,generated_n1_auto_complete_20260601
遥かな,その説明は遥かなものではなく、追加の根拠を示す必要があった。,그 설명은 아득한 먼 것이 아니어서 추가 근거를 제시할 필요가 있었다.,generated_n1_auto_complete_20260601
適宜,この問題を理解するには、適宜という観点から考えることが重要だ。,이 문제를 이해하려면 적절히이라는 관점에서 생각하는 것이 중요하다.,generated_n1_auto_complete_20260601
適性,この問題を理解するには、適性という観点から考えることが重要だ。,이 문제를 이해하려면 적성이라는 관점에서 생각하는 것이 중요하다.,generated_n1_auto_complete_20260601
適正,この問題を理解するには、適正という観点から考えることが重要だ。,이 문제를 이해하려면 적정이라는 관점에서 생각하는 것이 중요하다.,generated_n1_auto_complete_20260601
遮断,この問題を理解するには、遮断という観点から考えることが重要だ。,이 문제를 이해하려면 차단이라는 관점에서 생각하는 것이 중요하다.,generated_n1_auto_complete_20260601
選手団,この問題を理解するには、選手団という観点から考えることが重要だ。,이 문제를 이해하려면 선수단이라는 관점에서 생각하는 것이 중요하다.,generated_n1_auto_complete_20260601
選挙,この問題を理解するには、選挙という観点から考えることが重要だ。,이 문제를 이해하려면 선거이라는 관점에서 생각하는 것이 중요하다.,generated_n1_auto_complete_20260601
選挙権,この問題を理解するには、選挙権という観点から考えることが重要だ。,이 문제를 이해하려면 선거권이라는 관점에서 생각하는 것이 중요하다.,generated_n1_auto_complete_20260601
遺跡,この問題を理解するには、遺跡という観点から考えることが重要だ。,이 문제를 이해하려면 유적이라는 관점에서 생각하는 것이 중요하다.,generated_n1_auto_complete_20260601
還元,この問題を理解するには、還元という観点から考えることが重要だ。,이 문제를 이해하려면 환원이라는 관점에서 생각하는 것이 중요하다.,generated_n1_auto_complete_20260601
邸宅,この問題を理解するには、邸宅という観点から考えることが重要だ。,이 문제를 이해하려면 저택이라는 관점에서 생각하는 것이 중요하다.,generated_n1_auto_complete_20260601
部下,この問題を理解するには、部下という観点から考えることが重要だ。,이 문제를 이해하려면 부하이라는 관점에서 생각하는 것이 중요하다.,generated_n1_auto_complete_20260601
部門,この問題を理解するには、部門という観点から考えることが重要だ。,이 문제를 이해하려면 부문이라는 관점에서 생각하는 것이 중요하다.,generated_n1_auto_complete_20260601
郷土,この問題を理解するには、郷土という観点から考えることが重要だ。,이 문제를 이해하려면 향토이라는 관점에서 생각하는 것이 중요하다.,generated_n1_auto_complete_20260601
郷愁,この問題を理解するには、郷愁という観点から考えることが重要だ。,이 문제를 이해하려면 향수이라는 관점에서 생각하는 것이 중요하다.,generated_n1_auto_complete_20260601
配偶者,この問題を理解するには、配偶者という観点から考えることが重要だ。,이 문제를 이해하려면 배우자이라는 관점에서 생각하는 것이 중요하다.,generated_n1_auto_complete_20260601
配分,この問題を理解するには、配分という観点から考えることが重要だ。,이 문제를 이해하려면 배분이라는 관점에서 생각하는 것이 중요하다.,generated_n1_auto_complete_20260601
配列,この問題を理解するには、配列という観点から考えることが重要だ。,이 문제를 이해하려면 배열이라는 관점에서 생각하는 것이 중요하다.,generated_n1_auto_complete_20260601
配布,この問題を理解するには、配布という観点から考えることが重要だ。,이 문제를 이해하려면 배포이라는 관점에서 생각하는 것이 중요하다.,generated_n1_auto_complete_20260601
配当,この問題を理解するには、配当という観点から考えることが重要だ。,이 문제를 이해하려면 배당이라는 관점에서 생각하는 것이 중요하다.,generated_n1_auto_complete_20260601
配慮,この問題を理解するには、配慮という観点から考えることが重要だ。,이 문제를 이해하려면 배려이라는 관점에서 생각하는 것이 중요하다.,generated_n1_auto_complete_20260601
配給,この問題を理解するには、配給という観点から考えることが重要だ。,이 문제를 이해하려면 배급이라는 관점에서 생각하는 것이 중요하다.,generated_n1_auto_complete_20260601
配線,この問題を理解するには、配線という観点から考えることが重要だ。,이 문제를 이해하려면 배선이라는 관점에서 생각하는 것이 중요하다.,generated_n1_auto_complete_20260601
配置,この問題を理解するには、配置という観点から考えることが重要だ。,이 문제를 이해하려면 배치이라는 관점에서 생각하는 것이 중요하다.,generated_n1_auto_complete_20260601
酪農,この問題を理解するには、酪農という観点から考えることが重要だ。,이 문제를 이해하려면 낙농이라는 관점에서 생각하는 것이 중요하다.,generated_n1_auto_complete_20260601
釈明,この問題を理解するには、釈明という観点から考えることが重要だ。,이 문제를 이해하려면 해명이라는 관점에서 생각하는 것이 중요하다.,generated_n1_auto_complete_20260601
重宝な,その説明は重宝なものではなく、追加の根拠を示す必要があった。,그 설명은 편리한 것이 아니어서 추가 근거를 제시할 필요가 있었다.,generated_n1_auto_complete_20260601
重複,この問題を理解するには、重複という観点から考えることが重要だ。,이 문제를 이해하려면 중복이라는 관점에서 생각하는 것이 중요하다.,generated_n1_auto_complete_20260601
重量級,この問題を理解するには、重量級という観点から考えることが重要だ。,이 문제를 이해하려면 중량급이라는 관점에서 생각하는 것이 중요하다.,generated_n1_auto_complete_20260601
野党,この問題を理解するには、野党という観点から考えることが重要だ。,이 문제를 이해하려면 야당이라는 관점에서 생각하는 것이 중요하다.,generated_n1_auto_complete_20260601
野外,この問題を理解するには、野外という観点から考えることが重要だ。,이 문제를 이해하려면 야외이라는 관점에서 생각하는 것이 중요하다.,generated_n1_auto_complete_20260601
野生,この問題を理解するには、野生という観点から考えることが重要だ。,이 문제를 이해하려면 야생이라는 관점에서 생각하는 것이 중요하다.,generated_n1_auto_complete_20260601
鈍感な,その説明は鈍感なものではなく、追加の根拠を示す必要があった。,그 설명은 둔감한 것이 아니어서 추가 근거를 제시할 필요가 있었다.,generated_n1_auto_complete_20260601
鉄棒,この問題を理解するには、鉄棒という観点から考えることが重要だ。,이 문제를 이해하려면 철봉이라는 관점에서 생각하는 것이 중요하다.,generated_n1_auto_complete_20260601
鉄鋼,この問題を理解するには、鉄鋼という観点から考えることが重要だ。,이 문제를 이해하려면 철강이라는 관점에서 생각하는 것이 중요하다.,generated_n1_auto_complete_20260601
鉢,この問題を理解するには、鉢という観点から考えることが重要だ。,이 문제를 이해하려면 화분이라는 관점에서 생각하는 것이 중요하다.,generated_n1_auto_complete_20260601
鉱山,この問題を理解するには、鉱山という観点から考えることが重要だ。,이 문제를 이해하려면 광산이라는 관점에서 생각하는 것이 중요하다.,generated_n1_auto_complete_20260601
鉱業,この問題を理解するには、鉱業という観点から考えることが重要だ。,이 문제를 이해하려면 광업이라는 관점에서 생각하는 것이 중요하다.,generated_n1_auto_complete_20260601
錯覚,この問題を理解するには、錯覚という観点から考えることが重要だ。,이 문제를 이해하려면 착각이라는 관점에서 생각하는 것이 중요하다.,generated_n1_auto_complete_20260601
錯誤,この問題を理解するには、錯誤という観点から考えることが重要だ。,이 문제를 이해하려면 착오이라는 관점에서 생각하는 것이 중요하다.,generated_n1_auto_complete_20260601
鍛える,状況によっては、早めに鍛える判断も必要になる。,상황에 따라서는 일찍 단련하다 판단도 필요해진다.,generated_n1_auto_complete_20260601
鑑定,この問題を理解するには、鑑定という観点から考えることが重要だ。,이 문제를 이해하려면 감정 평가이라는 관점에서 생각하는 것이 중요하다.,generated_n1_auto_complete_20260601
鑑賞,この問題を理解するには、鑑賞という観点から考えることが重要だ。,이 문제를 이해하려면 감상이라는 관점에서 생각하는 것이 중요하다.,generated_n1_auto_complete_20260601
長官,この問題を理解するには、長官という観点から考えることが重要だ。,이 문제를 이해하려면 장관이라는 관점에서 생각하는 것이 중요하다.,generated_n1_auto_complete_20260601
長編,この問題を理解するには、長編という観点から考えることが重要だ。,이 문제를 이해하려면 장편이라는 관점에서 생각하는 것이 중요하다.,generated_n1_auto_complete_20260601
閉口,この問題を理解するには、閉口という観点から考えることが重要だ。,이 문제를 이해하려면 말문이 막힘이라는 관점에서 생각하는 것이 중요하다.,generated_n1_auto_complete_20260601
閉鎖,この問題を理解するには、閉鎖という観点から考えることが重要だ。,이 문제를 이해하려면 폐쇄이라는 관점에서 생각하는 것이 중요하다.,generated_n1_auto_complete_20260601
開催,この問題を理解するには、開催という観点から考えることが重要だ。,이 문제를 이해하려면 개최이라는 관점에서 생각하는 것이 중요하다.,generated_n1_auto_complete_20260601
開場,この問題を理解するには、開場という観点から考えることが重要だ。,이 문제를 이해하려면 개장이라는 관점에서 생각하는 것이 중요하다.,generated_n1_auto_complete_20260601
開幕,この問題を理解するには、開幕という観点から考えることが重要だ。,이 문제를 이해하려면 개막이라는 관점에서 생각하는 것이 중요하다.,generated_n1_auto_complete_20260601
開拓,この問題を理解するには、開拓という観点から考えることが重要だ。,이 문제를 이해하려면 개척이라는 관점에서 생각하는 것이 중요하다.,generated_n1_auto_complete_20260601
開発,この問題を理解するには、開発という観点から考えることが重要だ。,이 문제를 이해하려면 개발이라는 관점에서 생각하는 것이 중요하다.,generated_n1_auto_complete_20260601
閑静な,その説明は閑静なものではなく、追加の根拠を示す必要があった。,그 설명은 한적한 것이 아니어서 추가 근거를 제시할 필요가 있었다.,generated_n1_auto_complete_20260601
関税,この問題を理解するには、関税という観点から考えることが重要だ。,이 문제를 이해하려면 관세이라는 관점에서 생각하는 것이 중요하다.,generated_n1_auto_complete_20260601
閲覧,この問題を理解するには、閲覧という観点から考えることが重要だ。,이 문제를 이해하려면 열람이라는 관점에서 생각하는 것이 중요하다.,generated_n1_auto_complete_20260601
防火,この問題を理解するには、防火という観点から考えることが重要だ。,이 문제를 이해하려면 방화이라는 관점에서 생각하는 것이 중요하다.,generated_n1_auto_complete_20260601
防衛,この問題を理解するには、防衛という観点から考えることが重要だ。,이 문제를 이해하려면 방위이라는 관점에서 생각하는 것이 중요하다.,generated_n1_auto_complete_20260601
阻止,この問題を理解するには、阻止という観点から考えることが重要だ。,이 문제를 이해하려면 저지이라는 관점에서 생각하는 것이 중요하다.,generated_n1_auto_complete_20260601
降水,この問題を理解するには、降水という観点から考えることが重要だ。,이 문제를 이해하려면 강수이라는 관점에서 생각하는 것이 중요하다.,generated_n1_auto_complete_20260601
限定,この問題を理解するには、限定という観点から考えることが重要だ。,이 문제를 이해하려면 한정이라는 관점에서 생각하는 것이 중요하다.,generated_n1_auto_complete_20260601
除外,この問題を理解するには、除外という観点から考えることが重要だ。,이 문제를 이해하려면 제외이라는 관점에서 생각하는 것이 중요하다.,generated_n1_auto_complete_20260601
陰気な,その説明は陰気なものではなく、追加の根拠を示す必要があった。,그 설명은 음침한 것이 아니어서 추가 근거를 제시할 필요가 있었다.,generated_n1_auto_complete_20260601
陳列,この問題を理解するには、陳列という観点から考えることが重要だ。,이 문제를 이해하려면 진열이라는 관점에서 생각하는 것이 중요하다.,generated_n1_auto_complete_20260601
階層,この問題を理解するには、階層という観点から考えることが重要だ。,이 문제를 이해하려면 계층이라는 관점에서 생각하는 것이 중요하다.,generated_n1_auto_complete_20260601
階級,この問題を理解するには、階級という観点から考えることが重要だ。,이 문제를 이해하려면 계급이라는 관점에서 생각하는 것이 중요하다.,generated_n1_auto_complete_20260601
随時,この問題を理解するには、随時という観点から考えることが重要だ。,이 문제를 이해하려면 수시로이라는 관점에서 생각하는 것이 중요하다.,generated_n1_auto_complete_20260601
隔週,この問題を理解するには、隔週という観点から考えることが重要だ。,이 문제를 이해하려면 격주이라는 관점에서 생각하는 것이 중요하다.,generated_n1_auto_complete_20260601
隣,この問題を理解するには、隣という観点から考えることが重要だ。,이 문제를 이해하려면 옆이라는 관점에서 생각하는 것이 중요하다.,generated_n1_auto_complete_20260601
集計,この問題を理解するには、集計という観点から考えることが重要だ。,이 문제를 이해하려면 집계이라는 관점에서 생각하는 것이 중요하다.,generated_n1_auto_complete_20260601
雑談,この問題を理解するには、雑談という観点から考えることが重要だ。,이 문제를 이해하려면 잡담이라는 관점에서 생각하는 것이 중요하다.,generated_n1_auto_complete_20260601
雑貨,この問題を理解するには、雑貨という観点から考えることが重要だ。,이 문제를 이해하려면 잡화이라는 관점에서 생각하는 것이 중요하다.,generated_n1_auto_complete_20260601
雨天,この問題を理解するには、雨天という観点から考えることが重要だ。,이 문제를 이해하려면 우천이라는 관점에서 생각하는 것이 중요하다.,generated_n1_auto_complete_20260601
電源,この問題を理解するには、電源という観点から考えることが重要だ。,이 문제를 이해하려면 전원이라는 관점에서 생각하는 것이 중요하다.,generated_n1_auto_complete_20260601
需要,この問題を理解するには、需要という観点から考えることが重要だ。,이 문제를 이해하려면 수요이라는 관점에서 생각하는 것이 중요하다.,generated_n1_auto_complete_20260601
霜,この問題を理解するには、霜という観点から考えることが重要だ。,이 문제를 이해하려면 서리이라는 관점에서 생각하는 것이 중요하다.,generated_n1_auto_complete_20260601
青春,この問題を理解するには、青春という観点から考えることが重要だ。,이 문제를 이해하려면 청춘이라는 관점에서 생각하는 것이 중요하다.,generated_n1_auto_complete_20260601
静止,この問題を理解するには、静止という観点から考えることが重要だ。,이 문제를 이해하려면 정지이라는 관점에서 생각하는 것이 중요하다.,generated_n1_auto_complete_20260601
静的な,その説明は静的なものではなく、追加の根拠を示す必要があった。,그 설명은 정적인 것이 아니어서 추가 근거를 제시할 필요가 있었다.,generated_n1_auto_complete_20260601
非行,この問題を理解するには、非行という観点から考えることが重要だ。,이 문제를 이해하려면 비행이라는 관점에서 생각하는 것이 중요하다.,generated_n1_auto_complete_20260601
面会,この問題を理解するには、面会という観点から考えることが重要だ。,이 문제를 이해하려면 면회이라는 관점에서 생각하는 것이 중요하다.,generated_n1_auto_complete_20260601
面目,この問題を理解するには、面目という観点から考えることが重要だ。,이 문제를 이해하려면 면목이라는 관점에서 생각하는 것이 중요하다.,generated_n1_auto_complete_20260601
革命,この問題を理解するには、革命という観点から考えることが重要だ。,이 문제를 이해하려면 혁명이라는 관점에서 생각하는 것이 중요하다.,generated_n1_auto_complete_20260601
革新,この問題を理解するには、革新という観点から考えることが重要だ。,이 문제를 이해하려면 혁신이라는 관점에서 생각하는 것이 중요하다.,generated_n1_auto_complete_20260601
音楽家,この問題を理解するには、音楽家という観点から考えることが重要だ。,이 문제를 이해하려면 음악가이라는 관점에서 생각하는 것이 중요하다.,generated_n1_auto_complete_20260601
預金,この問題を理解するには、預金という観点から考えることが重要だ。,이 문제를 이해하려면 예금이라는 관점에서 생각하는 것이 중요하다.,generated_n1_auto_complete_20260601
領土,この問題を理解するには、領土という観点から考えることが重要だ。,이 문제를 이해하려면 영토이라는 관점에서 생각하는 것이 중요하다.,generated_n1_auto_complete_20260601
領地,この問題を理解するには、領地という観点から考えることが重要だ。,이 문제를 이해하려면 영지이라는 관점에서 생각하는 것이 중요하다.,generated_n1_auto_complete_20260601
領海,この問題を理解するには、領海という観点から考えることが重要だ。,이 문제를 이해하려면 영해이라는 관점에서 생각하는 것이 중요하다.,generated_n1_auto_complete_20260601
頻繁,この問題を理解するには、頻繁という観点から考えることが重要だ。,이 문제를 이해하려면 빈번함이라는 관점에서 생각하는 것이 중요하다.,generated_n1_auto_complete_20260601
頻繁な,その説明は頻繁なものではなく、追加の根拠を示す必要があった。,그 설명은 빈번한 것이 아니어서 추가 근거를 제시할 필요가 있었다.,generated_n1_auto_complete_20260601
顕著な,その説明は顕著なものではなく、追加の根拠を示す必要があった。,그 설명은 현저한 것이 아니어서 추가 근거를 제시할 필요가 있었다.,generated_n1_auto_complete_20260601
願書,この問題を理解するには、願書という観点から考えることが重要だ。,이 문제를 이해하려면 원서이라는 관점에서 생각하는 것이 중요하다.,generated_n1_auto_complete_20260601
類似性,この問題を理解するには、類似性という観点から考えることが重要だ。,이 문제를 이해하려면 유사성이라는 관점에서 생각하는 것이 중요하다.,generated_n1_auto_complete_20260601
顧客,この問題を理解するには、顧客という観点から考えることが重要だ。,이 문제를 이해하려면 고객이라는 관점에서 생각하는 것이 중요하다.,generated_n1_auto_complete_20260601
風俗,この問題を理解するには、風俗という観点から考えることが重要だ。,이 문제를 이해하려면 풍속이라는 관점에서 생각하는 것이 중요하다.,generated_n1_auto_complete_20260601
風土,この問題を理解するには、風土という観点から考えることが重要だ。,이 문제를 이해하려면 풍토이라는 관점에서 생각하는 것이 중요하다.,generated_n1_auto_complete_20260601
風習,この問題を理解するには、風習という観点から考えることが重要だ。,이 문제를 이해하려면 풍습이라는 관점에서 생각하는 것이 중요하다.,generated_n1_auto_complete_20260601
風車,この問題を理解するには、風車という観点から考えることが重要だ。,이 문제를 이해하려면 풍차이라는 관점에서 생각하는 것이 중요하다.,generated_n1_auto_complete_20260601
食い止める,状況によっては、早めに食い止める判断も必要になる。,상황에 따라서는 일찍 저지하다 막다 판단도 필요해진다.,generated_n1_auto_complete_20260601
食い違う,状況によっては、早めに食い違う判断も必要になる。,상황에 따라서는 일찍 엇갈리다 맞지 않다 판단도 필요해진다.,generated_n1_auto_complete_20260601
食べそびれる,状況によっては、早めに食べそびれる判断も必要になる。,상황에 따라서는 일찍 먹을 기회를 놓치다 판단도 필요해진다.,generated_n1_auto_complete_20260601
飲み込む,状況によっては、早めに飲み込む判断も必要になる。,상황에 따라서는 일찍 삼키다 이해하다 판단도 필요해진다.,generated_n1_auto_complete_20260601
飼育,この問題を理解するには、飼育という観点から考えることが重要だ。,이 문제를 이해하려면 사육이라는 관점에서 생각하는 것이 중요하다.,generated_n1_auto_complete_20260601
養う,状況によっては、早めに養う判断も必要になる。,상황에 따라서는 일찍 기르다 판단도 필요해진다.,generated_n1_auto_complete_20260601
養護,この問題を理解するには、養護という観点から考えることが重要だ。,이 문제를 이해하려면 양호이라는 관점에서 생각하는 것이 중요하다.,generated_n1_auto_complete_20260601
首脳,この問題を理解するには、首脳という観点から考えることが重要だ。,이 문제를 이해하려면 수뇌이라는 관점에서 생각하는 것이 중요하다.,generated_n1_auto_complete_20260601
香辛料,この問題を理解するには、香辛料という観点から考えることが重要だ。,이 문제를 이해하려면 향신료이라는 관점에서 생각하는 것이 중요하다.,generated_n1_auto_complete_20260601
馬鹿馬鹿しい,状況が馬鹿馬鹿しい場合でも、感情に流されず冷静に判断しなければならない。,상황이 어리석다 터무니없다 경우에도 감정에 휩쓸리지 말고 냉정하게 판단해야 한다.,generated_n1_auto_complete_20260601
馴れ馴れしい,状況が馴れ馴れしい場合でも、感情に流されず冷静に判断しなければならない。,상황이 스스럼없다 지나치게 친한 척하다 경우에도 감정에 휩쓸리지 말고 냉정하게 판단해야 한다.,generated_n1_auto_complete_20260601
駄作,この問題を理解するには、駄作という観点から考えることが重要だ。,이 문제를 이해하려면 졸작이라는 관점에서 생각하는 것이 중요하다.,generated_n1_auto_complete_20260601
駆け付ける,状況によっては、早めに駆け付ける判断も必要になる。,상황에 따라서는 일찍 급히 달려가다 판단도 필요해진다.,generated_n1_auto_complete_20260601
駆使,この問題を理解するには、駆使という観点から考えることが重要だ。,이 문제를 이해하려면 구사이라는 관점에서 생각하는 것이 중요하다.,generated_n1_auto_complete_20260601
騒動,この問題を理解するには、騒動という観点から考えることが重要だ。,이 문제를 이해하려면 소동이라는 관점에서 생각하는 것이 중요하다.,generated_n1_auto_complete_20260601
驚嘆,この問題を理解するには、驚嘆という観点から考えることが重要だ。,이 문제를 이해하려면 경탄이라는 관점에서 생각하는 것이 중요하다.,generated_n1_auto_complete_20260601
驚異,この問題を理解するには、驚異という観点から考えることが重要だ。,이 문제를 이해하려면 경이이라는 관점에서 생각하는 것이 중요하다.,generated_n1_auto_complete_20260601
骨董品,この問題を理解するには、骨董品という観点から考えることが重要だ。,이 문제를 이해하려면 골동품이라는 관점에서 생각하는 것이 중요하다.,generated_n1_auto_complete_20260601
高原,この問題を理解するには、高原という観点から考えることが重要だ。,이 문제를 이해하려면 고원이라는 관점에서 생각하는 것이 중요하다.,generated_n1_auto_complete_20260601
魂,この問題を理解するには、魂という観点から考えることが重要だ。,이 문제를 이해하려면 영혼이라는 관점에서 생각하는 것이 중요하다.,generated_n1_auto_complete_20260601
鮮やかな,その説明は鮮やかなものではなく、追加の根拠を示す必要があった。,그 설명은 선명한 훌륭한 것이 아니어서 추가 근거를 제시할 필요가 있었다.,generated_n1_auto_complete_20260601
麻痺,この問題を理解するには、麻痺という観点から考えることが重要だ。,이 문제를 이해하려면 마비이라는 관점에서 생각하는 것이 중요하다.,generated_n1_auto_complete_20260601
麻酔,この問題を理解するには、麻酔という観点から考えることが重要だ。,이 문제를 이해하려면 마취이라는 관점에서 생각하는 것이 중요하다.,generated_n1_auto_complete_20260601
～がたい,この文章では「～がたい」という表現が、前後の関係を整理するために使われている。,이 문장에서는 '～がたい'라는 표현이 앞뒤 관계를 정리하기 위해 쓰이고 있다.,generated_n1_auto_complete_20260601
～人目,この文章では「～人目」という表現が、前後の関係を整理するために使われている。,이 문장에서는 '～人目'라는 표현이 앞뒤 관계를 정리하기 위해 쓰이고 있다.,generated_n1_auto_complete_20260601
～番目,この文章では「～番目」という表現が、前後の関係を整理するために使われている。,이 문장에서는 '～番目'라는 표현이 앞뒤 관계를 정리하기 위해 쓰이고 있다.,generated_n1_auto_complete_20260601
